W,K,p,gamma,n,n_over_W,x_norm,method,power,abstain
64,2,0.9,0.05,472,7.375,0.049981302531959995,exc_bet,0.0,1.0
64,2,0.9,0.05,472,7.375,0.049981302531959995,exc,0.0,1.0
64,2,0.9,0.05,472,7.375,0.049981302531959995,naive,0.0,1.0
64,2,0.9,0.05,472,7.375,0.049981302531959995,cdf,0.0,1.0
64,2,0.9,0.05,472,7.375,0.049981302531959995,cdf_eb,0.0,1.0
64,2,0.9,0.05,472,7.375,0.049981302531959995,exc_eb,0.0,1.0
64,2,0.9,0.05,472,7.375,0.049981302531959995,binom,0.0,1.0
64,2,0.9,0.05,472,7.375,0.049981302531959995,split,0.0,1.0
64,2,0.9,0.05,472,7.375,0.049981302531959995,ceiling,0.08914138268294754,
64,2,0.9,0.05,659,10.296875,0.06978321688254584,exc_bet,0.0,1.0
64,2,0.9,0.05,659,10.296875,0.06978321688254584,exc,0.0,1.0
64,2,0.9,0.05,659,10.296875,0.06978321688254584,naive,0.0,1.0
64,2,0.9,0.05,659,10.296875,0.06978321688254584,cdf,0.0003333333333333333,0.9996666666666667
64,2,0.9,0.05,659,10.296875,0.06978321688254584,cdf_eb,0.0,1.0
64,2,0.9,0.05,659,10.296875,0.06978321688254584,exc_eb,0.0,1.0
64,2,0.9,0.05,659,10.296875,0.06978321688254584,binom,0.0,1.0
64,2,0.9,0.05,659,10.296875,0.06978321688254584,split,0.0,1.0
64,2,0.9,0.05,659,10.296875,0.06978321688254584,ceiling,0.10909327847867695,
64,2,0.9,0.05,919,14.359375,0.09731529031116787,exc_bet,0.0,1.0
64,2,0.9,0.05,919,14.359375,0.09731529031116787,exc,0.0,1.0
64,2,0.9,0.05,919,14.359375,0.09731529031116787,naive,0.0,1.0
64,2,0.9,0.05,919,14.359375,0.09731529031116787,cdf,0.0,1.0
64,2,0.9,0.05,919,14.359375,0.09731529031116787,cdf_eb,0.0,1.0
64,2,0.9,0.05,919,14.359375,0.09731529031116787,exc_eb,0.0,1.0
64,2,0.9,0.05,919,14.359375,0.09731529031116787,binom,0.0,1.0
64,2,0.9,0.05,919,14.359375,0.09731529031116787,split,0.0,1.0
64,2,0.9,0.05,919,14.359375,0.09731529031116787,ceiling,0.13306355591170996,
64,2,0.9,0.05,1283,20.046875,0.1358601931112387,exc_bet,0.0,1.0
64,2,0.9,0.05,1283,20.046875,0.1358601931112387,exc,0.0,1.0
64,2,0.9,0.05,1283,20.046875,0.1358601931112387,naive,0.0,1.0
64,2,0.9,0.05,1283,20.046875,0.1358601931112387,cdf,0.0,1.0
64,2,0.9,0.05,1283,20.046875,0.1358601931112387,cdf_eb,0.0,1.0
64,2,0.9,0.05,1283,20.046875,0.1358601931112387,exc_eb,0.0,1.0
64,2,0.9,0.05,1283,20.046875,0.1358601931112387,binom,0.0,1.0
64,2,0.9,0.05,1283,20.046875,0.1358601931112387,split,0.0,1.0
64,2,0.9,0.05,1283,20.046875,0.1358601931112387,ceiling,0.16969253175848367,
64,2,0.9,0.05,1791,27.984375,0.18965362888716175,exc_bet,0.0,1.0
64,2,0.9,0.05,1791,27.984375,0.18965362888716175,exc,0.0,1.0
64,2,0.9,0.05,1791,27.984375,0.18965362888716175,naive,0.0,1.0
64,2,0.9,0.05,1791,27.984375,0.18965362888716175,cdf,0.0,1.0
64,2,0.9,0.05,1791,27.984375,0.18965362888716175,cdf_eb,0.0,1.0
64,2,0.9,0.05,1791,27.984375,0.18965362888716175,exc_eb,0.0,1.0
64,2,0.9,0.05,1791,27.984375,0.18965362888716175,binom,0.009333333333333334,0.9906666666666667
64,2,0.9,0.05,1791,27.984375,0.18965362888716175,split,0.0,1.0
64,2,0.9,0.05,1791,27.984375,0.18965362888716175,ceiling,0.2207538583754301,
64,2,0.9,0.05,2500,39.0625,0.26473147527521185,exc_bet,0.0,1.0
64,2,0.9,0.05,2500,39.0625,0.26473147527521185,exc,0.0,1.0
64,2,0.9,0.05,2500,39.0625,0.26473147527521185,naive,0.0,1.0
64,2,0.9,0.05,2500,39.0625,0.26473147527521185,cdf,0.0,1.0
64,2,0.9,0.05,2500,39.0625,0.26473147527521185,cdf_eb,0.0,1.0
64,2,0.9,0.05,2500,39.0625,0.26473147527521185,exc_eb,0.0,1.0
64,2,0.9,0.05,2500,39.0625,0.26473147527521185,binom,0.09033333333333333,0.9096666666666666
64,2,0.9,0.05,2500,39.0625,0.26473147527521185,split,0.0,1.0
64,2,0.9,0.05,2500,39.0625,0.26473147527521185,ceiling,0.2835596599121399,
64,2,0.9,0.05,3490,54.53125,0.3695651394841957,exc_bet,0.0,1.0
64,2,0.9,0.05,3490,54.53125,0.3695651394841957,exc,0.0,1.0
64,2,0.9,0.05,3490,54.53125,0.3695651394841957,naive,0.0,1.0
64,2,0.9,0.05,3490,54.53125,0.3695651394841957,cdf,0.0,1.0
64,2,0.9,0.05,3490,54.53125,0.3695651394841957,cdf_eb,0.0,1.0
64,2,0.9,0.05,3490,54.53125,0.3695651394841957,exc_eb,0.0,1.0
64,2,0.9,0.05,3490,54.53125,0.3695651394841957,binom,0.14233333333333334,0.8573333333333333
64,2,0.9,0.05,3490,54.53125,0.3695651394841957,split,0.0,1.0
64,2,0.9,0.05,3490,54.53125,0.3695651394841957,ceiling,0.36811199727423155,
64,2,0.9,0.05,4871,76.109375,0.5158028064262227,exc_bet,0.024333333333333332,0.9756666666666667
64,2,0.9,0.05,4871,76.109375,0.5158028064262227,exc,0.0,1.0
64,2,0.9,0.05,4871,76.109375,0.5158028064262227,naive,0.024333333333333332,0.9756666666666667
64,2,0.9,0.05,4871,76.109375,0.5158028064262227,cdf,0.0,1.0
64,2,0.9,0.05,4871,76.109375,0.5158028064262227,cdf_eb,0.0,1.0
64,2,0.9,0.05,4871,76.109375,0.5158028064262227,exc_eb,0.0,1.0
64,2,0.9,0.05,4871,76.109375,0.5158028064262227,binom,0.25233333333333335,0.7473333333333333
64,2,0.9,0.05,4871,76.109375,0.5158028064262227,split,0.0,1.0
64,2,0.9,0.05,4871,76.109375,0.5158028064262227,ceiling,0.47552968385231725,
64,2,0.9,0.05,6798,106.21875,0.719857827568356,exc_bet,0.10166666666666667,0.8983333333333333
64,2,0.9,0.05,6798,106.21875,0.719857827568356,exc,0.0,1.0
64,2,0.9,0.05,6798,106.21875,0.719857827568356,naive,0.09633333333333334,0.9036666666666666
64,2,0.9,0.05,6798,106.21875,0.719857827568356,cdf,0.0,1.0
64,2,0.9,0.05,6798,106.21875,0.719857827568356,cdf_eb,0.0,1.0
64,2,0.9,0.05,6798,106.21875,0.719857827568356,exc_eb,0.006666666666666667,0.9933333333333333
64,2,0.9,0.05,6798,106.21875,0.719857827568356,binom,0.38433333333333336,0.6153333333333333
64,2,0.9,0.05,6798,106.21875,0.719857827568356,split,0.0,1.0
64,2,0.9,0.05,6798,106.21875,0.719857827568356,ceiling,0.6035379026539208,
64,2,0.9,0.05,9489,148.265625,1.004814787554594,exc_bet,0.24666666666666667,0.7533333333333333
64,2,0.9,0.05,9489,148.265625,1.004814787554594,exc,0.0,1.0
64,2,0.9,0.05,9489,148.265625,1.004814787554594,naive,0.23933333333333334,0.7606666666666667
64,2,0.9,0.05,9489,148.265625,1.004814787554594,cdf,0.0,1.0
64,2,0.9,0.05,9489,148.265625,1.004814787554594,cdf_eb,0.0,1.0
64,2,0.9,0.05,9489,148.265625,1.004814787554594,exc_eb,0.005,0.995
64,2,0.9,0.05,9489,148.265625,1.004814787554594,binom,0.549,0.451
64,2,0.9,0.05,9489,148.265625,1.004814787554594,split,0.0,1.0
64,2,0.9,0.05,9489,148.265625,1.004814787554594,ceiling,0.7403674170799958,
64,2,0.9,0.05,13244,206.9375,1.402441463417962,exc_bet,0.4156666666666667,0.5843333333333334
64,2,0.9,0.05,13244,206.9375,1.402441463417962,exc,0.0013333333333333333,0.9986666666666667
64,2,0.9,0.05,13244,206.9375,1.402441463417962,naive,0.41,0.59
64,2,0.9,0.05,13244,206.9375,1.402441463417962,cdf,0.0003333333333333333,0.9996666666666667
64,2,0.9,0.05,13244,206.9375,1.402441463417962,cdf_eb,0.0003333333333333333,0.9996666666666667
64,2,0.9,0.05,13244,206.9375,1.402441463417962,exc_eb,0.021666666666666667,0.9783333333333334
64,2,0.9,0.05,13244,206.9375,1.402441463417962,binom,0.7066666666666667,0.29333333333333333
64,2,0.9,0.05,13244,206.9375,1.402441463417962,split,0.0,1.0
64,2,0.9,0.05,13244,206.9375,1.402441463417962,ceiling,0.8632222840620943,
64,2,0.9,0.05,18485,288.828125,1.9574245281849163,exc_bet,0.6336666666666667,0.36633333333333334
64,2,0.9,0.05,18485,288.828125,1.9574245281849163,exc,0.025666666666666667,0.9743333333333334
64,2,0.9,0.05,18485,288.828125,1.9574245281849163,naive,0.6266666666666667,0.37333333333333335
64,2,0.9,0.05,18485,288.828125,1.9574245281849163,cdf,0.0003333333333333333,0.9996666666666667
64,2,0.9,0.05,18485,288.828125,1.9574245281849163,cdf_eb,0.0006666666666666666,0.9993333333333333
64,2,0.9,0.05,18485,288.828125,1.9574245281849163,exc_eb,0.089,0.911
64,2,0.9,0.05,18485,288.828125,1.9574245281849163,binom,0.8803333333333333,0.11966666666666667
64,2,0.9,0.05,18485,288.828125,1.9574245281849163,split,0.0006666666666666666,0.9993333333333333
64,2,0.9,0.05,18485,288.828125,1.9574245281849163,ceiling,0.9480751860037901,
64,2,0.9,0.05,25799,403.109375,2.7319229322500758,exc_bet,0.7916666666666666,0.20833333333333334
64,2,0.9,0.05,25799,403.109375,2.7319229322500758,exc,0.152,0.848
64,2,0.9,0.05,25799,403.109375,2.7319229322500758,naive,0.8393333333333334,0.16066666666666668
64,2,0.9,0.05,25799,403.109375,2.7319229322500758,cdf,0.001,0.999
64,2,0.9,0.05,25799,403.109375,2.7319229322500758,cdf_eb,0.005,0.995
64,2,0.9,0.05,25799,403.109375,2.7319229322500758,exc_eb,0.2876666666666667,0.7123333333333334
64,2,0.9,0.05,25799,403.109375,2.7319229322500758,binom,0.9616666666666667,0.03833333333333333
64,2,0.9,0.05,25799,403.109375,2.7319229322500758,split,0.009666666666666667,0.9903333333333333
64,2,0.9,0.05,25799,403.109375,2.7319229322500758,ceiling,0.9879023038815694,
64,2,0.9,0.05,36008,562.625,3.812980384683931,exc_bet,0.9036666666666666,0.09633333333333334
64,2,0.9,0.05,36008,562.625,3.812980384683931,exc,0.39166666666666666,0.6083333333333333
64,2,0.9,0.05,36008,562.625,3.812980384683931,naive,0.9553333333333334,0.04466666666666667
64,2,0.9,0.05,36008,562.625,3.812980384683931,cdf,0.002,0.998
64,2,0.9,0.05,36008,562.625,3.812980384683931,cdf_eb,0.012,0.988
64,2,0.9,0.05,36008,562.625,3.812980384683931,exc_eb,0.6126666666666667,0.3873333333333333
64,2,0.9,0.05,36008,562.625,3.812980384683931,binom,0.9926666666666667,0.007333333333333333
64,2,0.9,0.05,36008,562.625,3.812980384683931,split,0.07233333333333333,0.9276666666666666
64,2,0.9,0.05,36008,562.625,3.812980384683931,ceiling,0.9986280183506812,
64,2,0.9,0.05,50257,785.265625,5.321843901162528,exc_bet,0.9803333333333333,0.019666666666666666
64,2,0.9,0.05,50257,785.265625,5.321843901162528,exc,0.7633333333333333,0.23666666666666666
64,2,0.9,0.05,50257,785.265625,5.321843901162528,naive,0.9966666666666667,0.0033333333333333335
64,2,0.9,0.05,50257,785.265625,5.321843901162528,cdf,0.003,0.997
64,2,0.9,0.05,50257,785.265625,5.321843901162528,cdf_eb,0.018666666666666668,0.9813333333333333
64,2,0.9,0.05,50257,785.265625,5.321843901162528,exc_eb,0.9003333333333333,0.09966666666666667
64,2,0.9,0.05,50257,785.265625,5.321843901162528,binom,0.9993333333333333,0.0006666666666666666
64,2,0.9,0.05,50257,785.265625,5.321843901162528,split,0.17066666666666666,0.8293333333333334
64,2,0.9,0.05,50257,785.265625,5.321843901162528,ceiling,0.999945641127085,
64,2,0.9,0.05,70144,1096.0,7.427729840681783,exc_bet,0.9973333333333333,0.0026666666666666666
64,2,0.9,0.05,70144,1096.0,7.427729840681783,exc,0.963,0.037
64,2,0.9,0.05,70144,1096.0,7.427729840681783,naive,0.9996666666666667,0.0003333333333333333
64,2,0.9,0.05,70144,1096.0,7.427729840681783,cdf,0.011,0.989
64,2,0.9,0.05,70144,1096.0,7.427729840681783,cdf_eb,0.051666666666666666,0.9483333333333334
64,2,0.9,0.05,70144,1096.0,7.427729840681783,exc_eb,0.99,0.01
64,2,0.9,0.05,70144,1096.0,7.427729840681783,binom,1.0,0.0
64,2,0.9,0.05,70144,1096.0,7.427729840681783,split,0.436,0.564
64,2,0.9,0.05,70144,1096.0,7.427729840681783,ceiling,0.9999995304163115,
64,2,0.9,0.05,97900,1529.6875,10.366884571777295,exc_bet,1.0,0.0
64,2,0.9,0.05,97900,1529.6875,10.366884571777295,exc,0.9986666666666667,0.0013333333333333333
64,2,0.9,0.05,97900,1529.6875,10.366884571777295,naive,1.0,0.0
64,2,0.9,0.05,97900,1529.6875,10.366884571777295,cdf,0.016666666666666666,0.9833333333333333
64,2,0.9,0.05,97900,1529.6875,10.366884571777295,cdf_eb,0.10633333333333334,0.8936666666666667
64,2,0.9,0.05,97900,1529.6875,10.366884571777295,exc_eb,1.0,0.0
64,2,0.9,0.05,97900,1529.6875,10.366884571777295,binom,1.0,0.0
64,2,0.9,0.05,97900,1529.6875,10.366884571777295,split,0.8143333333333334,0.18566666666666667
64,2,0.9,0.05,97900,1529.6875,10.366884571777295,ceiling,0.9999999995465245,
64,2,0.9,0.05,136639,2134.984375,14.469057620051867,exc_bet,1.0,0.0
64,2,0.9,0.05,136639,2134.984375,14.469057620051867,exc,1.0,0.0
64,2,0.9,0.05,136639,2134.984375,14.469057620051867,naive,1.0,0.0
64,2,0.9,0.05,136639,2134.984375,14.469057620051867,cdf,0.03966666666666667,0.9603333333333334
64,2,0.9,0.05,136639,2134.984375,14.469057620051867,cdf_eb,0.20133333333333334,0.7986666666666666
64,2,0.9,0.05,136639,2134.984375,14.469057620051867,exc_eb,1.0,0.0
64,2,0.9,0.05,136639,2134.984375,14.469057620051867,binom,1.0,0.0
64,2,0.9,0.05,136639,2134.984375,14.469057620051867,split,0.9723333333333334,0.027666666666666666
64,2,0.9,0.05,136639,2134.984375,14.469057620051867,ceiling,0.9999999999999152,
64,2,0.9,0.05,190707,2979.796875,20.194458182123928,exc_bet,1.0,0.0
64,2,0.9,0.05,190707,2979.796875,20.194458182123928,exc,1.0,0.0
64,2,0.9,0.05,190707,2979.796875,20.194458182123928,naive,1.0,0.0
64,2,0.9,0.05,190707,2979.796875,20.194458182123928,cdf,0.09366666666666666,0.9063333333333333
64,2,0.9,0.05,190707,2979.796875,20.194458182123928,cdf_eb,0.37133333333333335,0.6286666666666667
64,2,0.9,0.05,190707,2979.796875,20.194458182123928,exc_eb,1.0,0.0
64,2,0.9,0.05,190707,2979.796875,20.194458182123928,binom,1.0,0.0
64,2,0.9,0.05,190707,2979.796875,20.194458182123928,split,0.999,0.001
64,2,0.9,0.05,190707,2979.796875,20.194458182123928,ceiling,0.999999999999922,
64,2,0.9,0.05,266171,4158.921875,28.185536602191362,exc_bet,1.0,0.0
64,2,0.9,0.05,266171,4158.921875,28.185536602191362,exc,1.0,0.0
64,2,0.9,0.05,266171,4158.921875,28.185536602191362,naive,1.0,0.0
64,2,0.9,0.05,266171,4158.921875,28.185536602191362,cdf,0.214,0.786
64,2,0.9,0.05,266171,4158.921875,28.185536602191362,cdf_eb,0.583,0.417
64,2,0.9,0.05,266171,4158.921875,28.185536602191362,exc_eb,1.0,0.0
64,2,0.9,0.05,266171,4158.921875,28.185536602191362,binom,1.0,0.0
64,2,0.9,0.05,266171,4158.921875,28.185536602191362,split,1.0,0.0
64,2,0.9,0.05,266171,4158.921875,28.185536602191362,ceiling,0.9999999999998738,
64,2,0.9,0.05,371495,5804.609375,39.33856776294593,exc_bet,1.0,0.0
64,2,0.9,0.05,371495,5804.609375,39.33856776294593,exc,1.0,0.0
64,2,0.9,0.05,371495,5804.609375,39.33856776294593,naive,1.0,0.0
64,2,0.9,0.05,371495,5804.609375,39.33856776294593,cdf,0.43233333333333335,0.5676666666666667
64,2,0.9,0.05,371495,5804.609375,39.33856776294593,cdf_eb,0.8186666666666667,0.18133333333333335
64,2,0.9,0.05,371495,5804.609375,39.33856776294593,exc_eb,1.0,0.0
64,2,0.9,0.05,371495,5804.609375,39.33856776294593,binom,1.0,0.0
64,2,0.9,0.05,371495,5804.609375,39.33856776294593,split,1.0,0.0
64,2,0.9,0.05,371495,5804.609375,39.33856776294593,ceiling,0.999999999999839,
64,2,0.9,0.05,518496,8101.5,54.90488440171849,exc_bet,1.0,0.0
64,2,0.9,0.05,518496,8101.5,54.90488440171849,exc,1.0,0.0
64,2,0.9,0.05,518496,8101.5,54.90488440171849,naive,1.0,0.0
64,2,0.9,0.05,518496,8101.5,54.90488440171849,cdf,0.6953333333333334,0.30466666666666664
64,2,0.9,0.05,518496,8101.5,54.90488440171849,cdf_eb,0.943,0.057
64,2,0.9,0.05,518496,8101.5,54.90488440171849,exc_eb,1.0,0.0
64,2,0.9,0.05,518496,8101.5,54.90488440171849,binom,1.0,0.0
64,2,0.9,0.05,518496,8101.5,54.90488440171849,split,1.0,0.0
64,2,0.9,0.05,518496,8101.5,54.90488440171849,ceiling,0.9999999999997682,
64,2,0.9,0.05,723666,11307.28125,76.63086711460457,exc_bet,1.0,0.0
64,2,0.9,0.05,723666,11307.28125,76.63086711460457,exc,1.0,0.0
64,2,0.9,0.05,723666,11307.28125,76.63086711460457,naive,1.0,0.0
64,2,0.9,0.05,723666,11307.28125,76.63086711460457,cdf,0.9156666666666666,0.08433333333333333
64,2,0.9,0.05,723666,11307.28125,76.63086711460457,cdf_eb,0.992,0.008
64,2,0.9,0.05,723666,11307.28125,76.63086711460457,exc_eb,1.0,0.0
64,2,0.9,0.05,723666,11307.28125,76.63086711460457,binom,1.0,0.0
64,2,0.9,0.05,723666,11307.28125,76.63086711460457,split,1.0,0.0
64,2,0.9,0.05,723666,11307.28125,76.63086711460457,ceiling,,
64,2,0.9,0.05,1010022,15781.59375,106.953845648168,exc_bet,1.0,0.0
64,2,0.9,0.05,1010022,15781.59375,106.953845648168,exc,1.0,0.0
64,2,0.9,0.05,1010022,15781.59375,106.953845648168,naive,1.0,0.0
64,2,0.9,0.05,1010022,15781.59375,106.953845648168,cdf,0.993,0.007
64,2,0.9,0.05,1010022,15781.59375,106.953845648168,cdf_eb,0.9993333333333333,0.0006666666666666666
64,2,0.9,0.05,1010022,15781.59375,106.953845648168,exc_eb,1.0,0.0
64,2,0.9,0.05,1010022,15781.59375,106.953845648168,binom,1.0,0.0
64,2,0.9,0.05,1010022,15781.59375,106.953845648168,split,1.0,0.0
64,2,0.9,0.05,1010022,15781.59375,106.953845648168,ceiling,,
64,2,0.9,0.05,1409689,22026.390625,149.27561945969524,exc_bet,1.0,0.0
64,2,0.9,0.05,1409689,22026.390625,149.27561945969524,exc,1.0,0.0
64,2,0.9,0.05,1409689,22026.390625,149.27561945969524,naive,1.0,0.0
64,2,0.9,0.05,1409689,22026.390625,149.27561945969524,cdf,1.0,0.0
64,2,0.9,0.05,1409689,22026.390625,149.27561945969524,cdf_eb,1.0,0.0
64,2,0.9,0.05,1409689,22026.390625,149.27561945969524,exc_eb,1.0,0.0
64,2,0.9,0.05,1409689,22026.390625,149.27561945969524,binom,1.0,0.0
64,2,0.9,0.05,1409689,22026.390625,149.27561945969524,split,1.0,0.0
64,2,0.9,0.05,1409689,22026.390625,149.27561945969524,ceiling,,
64,2,0.9,0.05,1967505,30742.265625,208.34420050454224,exc_bet,1.0,0.0
64,2,0.9,0.05,1967505,30742.265625,208.34420050454224,exc,1.0,0.0
64,2,0.9,0.05,1967505,30742.265625,208.34420050454224,naive,1.0,0.0
64,2,0.9,0.05,1967505,30742.265625,208.34420050454224,cdf,1.0,0.0
64,2,0.9,0.05,1967505,30742.265625,208.34420050454224,cdf_eb,1.0,0.0
64,2,0.9,0.05,1967505,30742.265625,208.34420050454224,exc_eb,1.0,0.0
64,2,0.9,0.05,1967505,30742.265625,208.34420050454224,binom,1.0,0.0
64,2,0.9,0.05,1967505,30742.265625,208.34420050454224,split,1.0,0.0
64,2,0.9,0.05,1967505,30742.265625,208.34420050454224,ceiling,,
64,2,0.9,0.05,2746050,42907.03125,290.78634707179816,exc_bet,1.0,0.0
64,2,0.9,0.05,2746050,42907.03125,290.78634707179816,exc,1.0,0.0
64,2,0.9,0.05,2746050,42907.03125,290.78634707179816,naive,1.0,0.0
64,2,0.9,0.05,2746050,42907.03125,290.78634707179816,cdf,1.0,0.0
64,2,0.9,0.05,2746050,42907.03125,290.78634707179816,cdf_eb,1.0,0.0
64,2,0.9,0.05,2746050,42907.03125,290.78634707179816,exc_eb,1.0,0.0
64,2,0.9,0.05,2746050,42907.03125,290.78634707179816,binom,1.0,0.0
64,2,0.9,0.05,2746050,42907.03125,290.78634707179816,split,1.0,0.0
64,2,0.9,0.05,2746050,42907.03125,290.78634707179816,ceiling,,
64,2,0.9,0.05,3832665,59885.390625,405.85082387426786,exc_bet,1.0,0.0
64,2,0.9,0.05,3832665,59885.390625,405.85082387426786,exc,1.0,0.0
64,2,0.9,0.05,3832665,59885.390625,405.85082387426786,naive,1.0,0.0
64,2,0.9,0.05,3832665,59885.390625,405.85082387426786,cdf,1.0,0.0
64,2,0.9,0.05,3832665,59885.390625,405.85082387426786,cdf_eb,1.0,0.0
64,2,0.9,0.05,3832665,59885.390625,405.85082387426786,exc_eb,1.0,0.0
64,2,0.9,0.05,3832665,59885.390625,405.85082387426786,binom,1.0,0.0
64,2,0.9,0.05,3832665,59885.390625,405.85082387426786,split,1.0,0.0
64,2,0.9,0.05,3832665,59885.390625,405.85082387426786,ceiling,,
64,2,0.9,0.05,5349255,83582.109375,566.4464671093212,exc_bet,1.0,0.0
64,2,0.9,0.05,5349255,83582.109375,566.4464671093212,exc,1.0,0.0
64,2,0.9,0.05,5349255,83582.109375,566.4464671093212,naive,1.0,0.0
64,2,0.9,0.05,5349255,83582.109375,566.4464671093212,cdf,1.0,0.0
64,2,0.9,0.05,5349255,83582.109375,566.4464671093212,cdf_eb,1.0,0.0
64,2,0.9,0.05,5349255,83582.109375,566.4464671093212,exc_eb,1.0,0.0
64,2,0.9,0.05,5349255,83582.109375,566.4464671093212,binom,1.0,0.0
64,2,0.9,0.05,5349255,83582.109375,566.4464671093212,split,1.0,0.0
64,2,0.9,0.05,5349255,83582.109375,566.4464671093212,ceiling,,
64,2,0.9,0.05,7465963,116655.671875,790.5901597360585,exc_bet,1.0,0.0
64,2,0.9,0.05,7465963,116655.671875,790.5901597360585,exc,1.0,0.0
64,2,0.9,0.05,7465963,116655.671875,790.5901597360585,naive,1.0,0.0
64,2,0.9,0.05,7465963,116655.671875,790.5901597360585,cdf,1.0,0.0
64,2,0.9,0.05,7465963,116655.671875,790.5901597360585,cdf_eb,1.0,0.0
64,2,0.9,0.05,7465963,116655.671875,790.5901597360585,exc_eb,1.0,0.0
64,2,0.9,0.05,7465963,116655.671875,790.5901597360585,binom,1.0,0.0
64,2,0.9,0.05,7465963,116655.671875,790.5901597360585,split,1.0,0.0
64,2,0.9,0.05,7465963,116655.671875,790.5901597360585,ceiling,,
64,2,0.9,0.05,10420253,162816.453125,1103.4275797723808,exc_bet,1.0,0.0
64,2,0.9,0.05,10420253,162816.453125,1103.4275797723808,exc,1.0,0.0
64,2,0.9,0.05,10420253,162816.453125,1103.4275797723808,naive,1.0,0.0
64,2,0.9,0.05,10420253,162816.453125,1103.4275797723808,cdf,1.0,0.0
64,2,0.9,0.05,10420253,162816.453125,1103.4275797723808,cdf_eb,1.0,0.0
64,2,0.9,0.05,10420253,162816.453125,1103.4275797723808,exc_eb,1.0,0.0
64,2,0.9,0.05,10420253,162816.453125,1103.4275797723808,binom,1.0,0.0
64,2,0.9,0.05,10420253,162816.453125,1103.4275797723808,split,1.0,0.0
64,2,0.9,0.05,10420253,162816.453125,1103.4275797723808,ceiling,,
64,2,0.9,0.05,14543561,227243.140625,1540.055343714014,exc_bet,1.0,0.0
64,2,0.9,0.05,14543561,227243.140625,1540.055343714014,exc,1.0,0.0
64,2,0.9,0.05,14543561,227243.140625,1540.055343714014,naive,1.0,0.0
64,2,0.9,0.05,14543561,227243.140625,1540.055343714014,cdf,1.0,0.0
64,2,0.9,0.05,14543561,227243.140625,1540.055343714014,cdf_eb,1.0,0.0
64,2,0.9,0.05,14543561,227243.140625,1540.055343714014,exc_eb,1.0,0.0
64,2,0.9,0.05,14543561,227243.140625,1540.055343714014,binom,1.0,0.0
64,2,0.9,0.05,14543561,227243.140625,1540.055343714014,split,1.0,0.0
64,2,0.9,0.05,14543561,227243.140625,1540.055343714014,ceiling,,
64,2,0.9,0.05,20298466,317163.53125,2149.457140001491,exc_bet,1.0,0.0
64,2,0.9,0.05,20298466,317163.53125,2149.457140001491,exc,1.0,0.0
64,2,0.9,0.05,20298466,317163.53125,2149.457140001491,naive,1.0,0.0
64,2,0.9,0.05,20298466,317163.53125,2149.457140001491,cdf,1.0,0.0
64,2,0.9,0.05,20298466,317163.53125,2149.457140001491,cdf_eb,1.0,0.0
64,2,0.9,0.05,20298466,317163.53125,2149.457140001491,exc_eb,1.0,0.0
64,2,0.9,0.05,20298466,317163.53125,2149.457140001491,binom,1.0,0.0
64,2,0.9,0.05,20298466,317163.53125,2149.457140001491,split,1.0,0.0
64,2,0.9,0.05,20298466,317163.53125,2149.457140001491,ceiling,,
64,2,0.9,0.05,28330594,442665.53125,2999.9999780172257,exc_bet,1.0,0.0
64,2,0.9,0.05,28330594,442665.53125,2999.9999780172257,exc,1.0,0.0
64,2,0.9,0.05,28330594,442665.53125,2999.9999780172257,naive,1.0,0.0
64,2,0.9,0.05,28330594,442665.53125,2999.9999780172257,cdf,1.0,0.0
64,2,0.9,0.05,28330594,442665.53125,2999.9999780172257,cdf_eb,1.0,0.0
64,2,0.9,0.05,28330594,442665.53125,2999.9999780172257,exc_eb,1.0,0.0
64,2,0.9,0.05,28330594,442665.53125,2999.9999780172257,binom,1.0,0.0
64,2,0.9,0.05,28330594,442665.53125,2999.9999780172257,split,1.0,0.0
64,2,0.9,0.05,28330594,442665.53125,2999.9999780172257,ceiling,,
64,2,0.95,0.025,944,14.75,0.04998130253195993,exc_bet,0.0,1.0
64,2,0.95,0.025,944,14.75,0.04998130253195993,exc,0.0,1.0
64,2,0.95,0.025,944,14.75,0.04998130253195993,naive,0.0,1.0
64,2,0.95,0.025,944,14.75,0.04998130253195993,cdf,0.0,1.0
64,2,0.95,0.025,944,14.75,0.04998130253195993,cdf_eb,0.0,1.0
64,2,0.95,0.025,944,14.75,0.04998130253195993,exc_eb,0.0,1.0
64,2,0.95,0.025,944,14.75,0.04998130253195993,binom,0.0,1.0
64,2,0.95,0.025,944,14.75,0.04998130253195993,split,0.0,1.0
64,2,0.95,0.025,944,14.75,0.04998130253195993,ceiling,0.07566410156456549,
64,2,0.95,0.025,1318,20.59375,0.06978321688254575,exc_bet,0.0,1.0
64,2,0.95,0.025,1318,20.59375,0.06978321688254575,exc,0.0,1.0
64,2,0.95,0.025,1318,20.59375,0.06978321688254575,naive,0.0,1.0
64,2,0.95,0.025,1318,20.59375,0.06978321688254575,cdf,0.0,1.0
64,2,0.95,0.025,1318,20.59375,0.06978321688254575,cdf_eb,0.0,1.0
64,2,0.95,0.025,1318,20.59375,0.06978321688254575,exc_eb,0.0,1.0
64,2,0.95,0.025,1318,20.59375,0.06978321688254575,binom,0.0,1.0
64,2,0.95,0.025,1318,20.59375,0.06978321688254575,split,0.0,1.0
64,2,0.95,0.025,1318,20.59375,0.06978321688254575,ceiling,0.10051620862133899,
64,2,0.95,0.025,1839,28.734375,0.09736823660622279,exc_bet,0.0,1.0
64,2,0.95,0.025,1839,28.734375,0.09736823660622279,exc,0.0,1.0
64,2,0.95,0.025,1839,28.734375,0.09736823660622279,naive,0.0,1.0
64,2,0.95,0.025,1839,28.734375,0.09736823660622279,cdf,0.0,1.0
64,2,0.95,0.025,1839,28.734375,0.09736823660622279,cdf_eb,0.0,1.0
64,2,0.95,0.025,1839,28.734375,0.09736823660622279,exc_eb,0.0,1.0
64,2,0.95,0.025,1839,28.734375,0.09736823660622279,binom,0.0,1.0
64,2,0.95,0.025,1839,28.734375,0.09736823660622279,split,0.0,1.0
64,2,0.95,0.025,1839,28.734375,0.09736823660622279,ceiling,0.12316292594265645,
64,2,0.95,0.025,2567,40.109375,0.1359131394062936,exc_bet,0.0,1.0
64,2,0.95,0.025,2567,40.109375,0.1359131394062936,exc,0.0,1.0
64,2,0.95,0.025,2567,40.109375,0.1359131394062936,naive,0.0,1.0
64,2,0.95,0.025,2567,40.109375,0.1359131394062936,cdf,0.0,1.0
64,2,0.95,0.025,2567,40.109375,0.1359131394062936,cdf_eb,0.0,1.0
64,2,0.95,0.025,2567,40.109375,0.1359131394062936,exc_eb,0.0,1.0
64,2,0.95,0.025,2567,40.109375,0.1359131394062936,binom,0.0,1.0
64,2,0.95,0.025,2567,40.109375,0.1359131394062936,split,0.0,1.0
64,2,0.95,0.025,2567,40.109375,0.1359131394062936,ceiling,0.15917617857727392,
64,2,0.95,0.025,3583,55.984375,0.18970657518221656,exc_bet,0.0,1.0
64,2,0.95,0.025,3583,55.984375,0.18970657518221656,exc,0.0,1.0
64,2,0.95,0.025,3583,55.984375,0.18970657518221656,naive,0.0,1.0
64,2,0.95,0.025,3583,55.984375,0.18970657518221656,cdf,0.0003333333333333333,0.9996666666666667
64,2,0.95,0.025,3583,55.984375,0.18970657518221656,cdf_eb,0.0,1.0
64,2,0.95,0.025,3583,55.984375,0.18970657518221656,exc_eb,0.0,1.0
64,2,0.95,0.025,3583,55.984375,0.18970657518221656,binom,0.0033333333333333335,0.9966666666666667
64,2,0.95,0.025,3583,55.984375,0.18970657518221656,split,0.0,1.0
64,2,0.95,0.025,3583,55.984375,0.18970657518221656,ceiling,0.21384070514586942,
64,2,0.95,0.025,5001,78.140625,0.26478442157026655,exc_bet,0.0,1.0
64,2,0.95,0.025,5001,78.140625,0.26478442157026655,exc,0.0,1.0
64,2,0.95,0.025,5001,78.140625,0.26478442157026655,naive,0.0,1.0
64,2,0.95,0.025,5001,78.140625,0.26478442157026655,cdf,0.0003333333333333333,0.9996666666666667
64,2,0.95,0.025,5001,78.140625,0.26478442157026655,cdf_eb,0.0,1.0
64,2,0.95,0.025,5001,78.140625,0.26478442157026655,exc_eb,0.0,1.0
64,2,0.95,0.025,5001,78.140625,0.26478442157026655,binom,0.09533333333333334,0.9036666666666666
64,2,0.95,0.025,5001,78.140625,0.26478442157026655,split,0.0,1.0
64,2,0.95,0.025,5001,78.140625,0.26478442157026655,ceiling,0.27167153386017884,
64,2,0.95,0.025,6980,109.0625,0.3695651394841953,exc_bet,0.0,1.0
64,2,0.95,0.025,6980,109.0625,0.3695651394841953,exc,0.0,1.0
64,2,0.95,0.025,6980,109.0625,0.3695651394841953,naive,0.0,1.0
64,2,0.95,0.025,6980,109.0625,0.3695651394841953,cdf,0.0,1.0
64,2,0.95,0.025,6980,109.0625,0.3695651394841953,cdf_eb,0.0,1.0
64,2,0.95,0.025,6980,109.0625,0.3695651394841953,exc_eb,0.0,1.0
64,2,0.95,0.025,6980,109.0625,0.3695651394841953,binom,0.143,0.8566666666666667
64,2,0.95,0.025,6980,109.0625,0.3695651394841953,split,0.0,1.0
64,2,0.95,0.025,6980,109.0625,0.3695651394841953,ceiling,0.3545075183762884,
64,2,0.95,0.025,9742,152.21875,0.5158028064262221,exc_bet,0.025333333333333333,0.9746666666666667
64,2,0.95,0.025,9742,152.21875,0.5158028064262221,exc,0.0,1.0
64,2,0.95,0.025,9742,152.21875,0.5158028064262221,naive,0.025333333333333333,0.9746666666666667
64,2,0.95,0.025,9742,152.21875,0.5158028064262221,cdf,0.0,1.0
64,2,0.95,0.025,9742,152.21875,0.5158028064262221,cdf_eb,0.0,1.0
64,2,0.95,0.025,9742,152.21875,0.5158028064262221,exc_eb,0.0,1.0
64,2,0.95,0.025,9742,152.21875,0.5158028064262221,binom,0.241,0.759
64,2,0.95,0.025,9742,152.21875,0.5158028064262221,split,0.0,1.0
64,2,0.95,0.025,9742,152.21875,0.5158028064262221,ceiling,0.46021087001789546,
64,2,0.95,0.025,13597,212.453125,0.7199107738634102,exc_bet,0.103,0.897
64,2,0.95,0.025,13597,212.453125,0.7199107738634102,exc,0.0,1.0
64,2,0.95,0.025,13597,212.453125,0.7199107738634102,naive,0.10133333333333333,0.8986666666666666
64,2,0.95,0.025,13597,212.453125,0.7199107738634102,cdf,0.0003333333333333333,0.9996666666666667
64,2,0.95,0.025,13597,212.453125,0.7199107738634102,cdf_eb,0.0003333333333333333,0.9996666666666667
64,2,0.95,0.025,13597,212.453125,0.7199107738634102,exc_eb,0.005333333333333333,0.9946666666666667
64,2,0.95,0.025,13597,212.453125,0.7199107738634102,binom,0.366,0.6336666666666667
64,2,0.95,0.025,13597,212.453125,0.7199107738634102,split,0.0,1.0
64,2,0.95,0.025,13597,212.453125,0.7199107738634102,ceiling,0.586592891956695,
64,2,0.95,0.025,18978,296.53125,1.0048147875545927,exc_bet,0.24666666666666667,0.7533333333333333
64,2,0.95,0.025,18978,296.53125,1.0048147875545927,exc,0.0,1.0
64,2,0.95,0.025,18978,296.53125,1.0048147875545927,naive,0.24333333333333335,0.7566666666666667
64,2,0.95,0.025,18978,296.53125,1.0048147875545927,cdf,0.0003333333333333333,0.9996666666666667
64,2,0.95,0.025,18978,296.53125,1.0048147875545927,cdf_eb,0.0006666666666666666,0.9993333333333333
64,2,0.95,0.025,18978,296.53125,1.0048147875545927,exc_eb,0.006,0.994
64,2,0.95,0.025,18978,296.53125,1.0048147875545927,binom,0.5223333333333333,0.4776666666666667
64,2,0.95,0.025,18978,296.53125,1.0048147875545927,split,0.0,1.0
64,2,0.95,0.025,18978,296.53125,1.0048147875545927,ceiling,0.7239186386629117,
64,2,0.95,0.025,26488,413.875,1.4024414634179605,exc_bet,0.4176666666666667,0.5823333333333334
64,2,0.95,0.025,26488,413.875,1.4024414634179605,exc,0.0023333333333333335,0.9976666666666667
64,2,0.95,0.025,26488,413.875,1.4024414634179605,naive,0.41233333333333333,0.5876666666666667
64,2,0.95,0.025,26488,413.875,1.4024414634179605,cdf,0.0,1.0
64,2,0.95,0.025,26488,413.875,1.4024414634179605,cdf_eb,0.0003333333333333333,0.9996666666666667
64,2,0.95,0.025,26488,413.875,1.4024414634179605,exc_eb,0.022333333333333334,0.9776666666666667
64,2,0.95,0.025,26488,413.875,1.4024414634179605,binom,0.7023333333333334,0.29733333333333334
64,2,0.95,0.025,26488,413.875,1.4024414634179605,split,0.0,1.0
64,2,0.95,0.025,26488,413.875,1.4024414634179605,ceiling,0.8502822688808434,
64,2,0.95,0.025,36970,577.65625,1.9574245281849139,exc_bet,0.6386666666666667,0.36133333333333334
64,2,0.95,0.025,36970,577.65625,1.9574245281849139,exc,0.023666666666666666,0.9763333333333334
64,2,0.95,0.025,36970,577.65625,1.9574245281849139,naive,0.6343333333333333,0.36566666666666664
64,2,0.95,0.025,36970,577.65625,1.9574245281849139,cdf,0.0,1.0
64,2,0.95,0.025,36970,577.65625,1.9574245281849139,cdf_eb,0.001,0.999
64,2,0.95,0.025,36970,577.65625,1.9574245281849139,exc_eb,0.10333333333333333,0.8966666666666666
64,2,0.95,0.025,36970,577.65625,1.9574245281849139,binom,0.8623333333333333,0.13766666666666666
64,2,0.95,0.025,36970,577.65625,1.9574245281849139,split,0.0013333333333333333,0.9986666666666667
64,2,0.95,0.025,36970,577.65625,1.9574245281849139,ceiling,0.9406768179617705,
64,2,0.95,0.025,51599,806.234375,2.731975878545128,exc_bet,0.778,0.222
64,2,0.95,0.025,51599,806.234375,2.731975878545128,exc,0.15666666666666668,0.8433333333333334
64,2,0.95,0.025,51599,806.234375,2.731975878545128,naive,0.834,0.166
64,2,0.95,0.025,51599,806.234375,2.731975878545128,cdf,0.0006666666666666666,0.9993333333333333
64,2,0.95,0.025,51599,806.234375,2.731975878545128,cdf_eb,0.0023333333333333335,0.9976666666666667
64,2,0.95,0.025,51599,806.234375,2.731975878545128,exc_eb,0.29033333333333333,0.7096666666666667
64,2,0.95,0.025,51599,806.234375,2.731975878545128,binom,0.9583333333333334,0.041666666666666664
64,2,0.95,0.025,51599,806.234375,2.731975878545128,split,0.007666666666666666,0.9923333333333333
64,2,0.95,0.025,51599,806.234375,2.731975878545128,ceiling,0.9852824738257266,
64,2,0.95,0.025,72017,1125.265625,3.8130333309789814,exc_bet,0.9016666666666666,0.09833333333333333
64,2,0.95,0.025,72017,1125.265625,3.8130333309789814,exc,0.38966666666666666,0.6103333333333333
64,2,0.95,0.025,72017,1125.265625,3.8130333309789814,naive,0.954,0.046
64,2,0.95,0.025,72017,1125.265625,3.8130333309789814,cdf,0.0013333333333333333,0.9986666666666667
64,2,0.95,0.025,72017,1125.265625,3.8130333309789814,cdf_eb,0.006333333333333333,0.9936666666666667
64,2,0.95,0.025,72017,1125.265625,3.8130333309789814,exc_eb,0.611,0.389
64,2,0.95,0.025,72017,1125.265625,3.8130333309789814,binom,0.993,0.007
64,2,0.95,0.025,72017,1125.265625,3.8130333309789814,split,0.06633333333333333,0.9336666666666666
64,2,0.95,0.025,72017,1125.265625,3.8130333309789814,ceiling,0.9981712052374836,
64,2,0.95,0.025,100514,1570.53125,5.321843901162522,exc_bet,0.9756666666666667,0.024333333333333332
64,2,0.95,0.025,100514,1570.53125,5.321843901162522,exc,0.7443333333333333,0.25566666666666665
64,2,0.95,0.025,100514,1570.53125,5.321843901162522,naive,0.9953333333333333,0.004666666666666667
64,2,0.95,0.025,100514,1570.53125,5.321843901162522,cdf,0.0016666666666666668,0.9983333333333333
64,2,0.95,0.025,100514,1570.53125,5.321843901162522,cdf_eb,0.011666666666666667,0.9883333333333333
64,2,0.95,0.025,100514,1570.53125,5.321843901162522,exc_eb,0.8983333333333333,0.10166666666666667
64,2,0.95,0.025,100514,1570.53125,5.321843901162522,binom,0.999,0.001
64,2,0.95,0.025,100514,1570.53125,5.321843901162522,split,0.16766666666666666,0.8323333333333334
64,2,0.95,0.025,100514,1570.53125,5.321843901162522,ceiling,0.9999173123939871,
64,2,0.95,0.025,140288,2192.0,7.427729840681774,exc_bet,0.9996666666666667,0.0003333333333333333
64,2,0.95,0.025,140288,2192.0,7.427729840681774,exc,0.9656666666666667,0.034333333333333334
64,2,0.95,0.025,140288,2192.0,7.427729840681774,naive,1.0,0.0
64,2,0.95,0.025,140288,2192.0,7.427729840681774,cdf,0.0023333333333333335,0.9976666666666667
64,2,0.95,0.025,140288,2192.0,7.427729840681774,cdf_eb,0.018,0.982
64,2,0.95,0.025,140288,2192.0,7.427729840681774,exc_eb,0.9923333333333333,0.007666666666666666
64,2,0.95,0.025,140288,2192.0,7.427729840681774,binom,1.0,0.0
64,2,0.95,0.025,140288,2192.0,7.427729840681774,split,0.45166666666666666,0.5483333333333333
64,2,0.95,0.025,140288,2192.0,7.427729840681774,ceiling,0.9999991369100985,
64,2,0.95,0.025,195800,3059.375,10.366884571777282,exc_bet,1.0,0.0
64,2,0.95,0.025,195800,3059.375,10.366884571777282,exc,0.9993333333333333,0.0006666666666666666
64,2,0.95,0.025,195800,3059.375,10.366884571777282,naive,1.0,0.0
64,2,0.95,0.025,195800,3059.375,10.366884571777282,cdf,0.0033333333333333335,0.9966666666666667
64,2,0.95,0.025,195800,3059.375,10.366884571777282,cdf_eb,0.03833333333333333,0.9616666666666667
64,2,0.95,0.025,195800,3059.375,10.366884571777282,exc_eb,1.0,0.0
64,2,0.95,0.025,195800,3059.375,10.366884571777282,binom,1.0,0.0
64,2,0.95,0.025,195800,3059.375,10.366884571777282,split,0.805,0.195
64,2,0.95,0.025,195800,3059.375,10.366884571777282,ceiling,0.9999999989082384,
64,2,0.95,0.025,273279,4269.984375,14.469110566346906,exc_bet,1.0,0.0
64,2,0.95,0.025,273279,4269.984375,14.469110566346906,exc,1.0,0.0
64,2,0.95,0.025,273279,4269.984375,14.469110566346906,naive,1.0,0.0
64,2,0.95,0.025,273279,4269.984375,14.469110566346906,cdf,0.008,0.992
64,2,0.95,0.025,273279,4269.984375,14.469110566346906,cdf_eb,0.06766666666666667,0.9323333333333333
64,2,0.95,0.025,273279,4269.984375,14.469110566346906,exc_eb,1.0,0.0
64,2,0.95,0.025,273279,4269.984375,14.469110566346906,binom,1.0,0.0
64,2,0.95,0.025,273279,4269.984375,14.469110566346906,split,0.972,0.028
64,2,0.95,0.025,273279,4269.984375,14.469110566346906,ceiling,0.9999999999998661,
64,2,0.95,0.025,381415,5959.609375,20.19451112841896,exc_bet,1.0,0.0
64,2,0.95,0.025,381415,5959.609375,20.19451112841896,exc,1.0,0.0
64,2,0.95,0.025,381415,5959.609375,20.19451112841896,naive,1.0,0.0
64,2,0.95,0.025,381415,5959.609375,20.19451112841896,cdf,0.018666666666666668,0.9813333333333333
64,2,0.95,0.025,381415,5959.609375,20.19451112841896,cdf_eb,0.12333333333333334,0.8766666666666667
64,2,0.95,0.025,381415,5959.609375,20.19451112841896,exc_eb,1.0,0.0
64,2,0.95,0.025,381415,5959.609375,20.19451112841896,binom,1.0,0.0
64,2,0.95,0.025,381415,5959.609375,20.19451112841896,split,0.998,0.002
64,2,0.95,0.025,381415,5959.609375,20.19451112841896,ceiling,0.9999999999998694,
64,2,0.95,0.025,532342,8317.84375,28.18553660219133,exc_bet,1.0,0.0
64,2,0.95,0.025,532342,8317.84375,28.18553660219133,exc,1.0,0.0
64,2,0.95,0.025,532342,8317.84375,28.18553660219133,naive,1.0,0.0
64,2,0.95,0.025,532342,8317.84375,28.18553660219133,cdf,0.049,0.951
64,2,0.95,0.025,532342,8317.84375,28.18553660219133,cdf_eb,0.22633333333333333,0.7736666666666666
64,2,0.95,0.025,532342,8317.84375,28.18553660219133,exc_eb,1.0,0.0
64,2,0.95,0.025,532342,8317.84375,28.18553660219133,binom,1.0,0.0
64,2,0.95,0.025,532342,8317.84375,28.18553660219133,split,1.0,0.0
64,2,0.95,0.025,532342,8317.84375,28.18553660219133,ceiling,0.9999999999998087,
64,2,0.95,0.025,742991,11609.234375,39.338620709240935,exc_bet,1.0,0.0
64,2,0.95,0.025,742991,11609.234375,39.338620709240935,exc,1.0,0.0
64,2,0.95,0.025,742991,11609.234375,39.338620709240935,naive,1.0,0.0
64,2,0.95,0.025,742991,11609.234375,39.338620709240935,cdf,0.09633333333333334,0.9036666666666666
64,2,0.95,0.025,742991,11609.234375,39.338620709240935,cdf_eb,0.37733333333333335,0.6226666666666667
64,2,0.95,0.025,742991,11609.234375,39.338620709240935,exc_eb,1.0,0.0
64,2,0.95,0.025,742991,11609.234375,39.338620709240935,binom,1.0,0.0
64,2,0.95,0.025,742991,11609.234375,39.338620709240935,split,1.0,0.0
64,2,0.95,0.025,742991,11609.234375,39.338620709240935,ceiling,0.9999999999997392,
64,2,0.95,0.025,1036993,16203.015625,54.90493734801348,exc_bet,1.0,0.0
64,2,0.95,0.025,1036993,16203.015625,54.90493734801348,exc,1.0,0.0
64,2,0.95,0.025,1036993,16203.015625,54.90493734801348,naive,1.0,0.0
64,2,0.95,0.025,1036993,16203.015625,54.90493734801348,cdf,0.20633333333333334,0.7936666666666666
64,2,0.95,0.025,1036993,16203.015625,54.90493734801348,cdf_eb,0.588,0.412
64,2,0.95,0.025,1036993,16203.015625,54.90493734801348,exc_eb,1.0,0.0
64,2,0.95,0.025,1036993,16203.015625,54.90493734801348,binom,1.0,0.0
64,2,0.95,0.025,1036993,16203.015625,54.90493734801348,split,1.0,0.0
64,2,0.95,0.025,1036993,16203.015625,54.90493734801348,ceiling,0.9999999999996535,
64,2,0.95,0.025,1447333,22614.578125,76.63092006089954,exc_bet,1.0,0.0
64,2,0.95,0.025,1447333,22614.578125,76.63092006089954,exc,1.0,0.0
64,2,0.95,0.025,1447333,22614.578125,76.63092006089954,naive,1.0,0.0
64,2,0.95,0.025,1447333,22614.578125,76.63092006089954,cdf,0.4146666666666667,0.5853333333333334
64,2,0.95,0.025,1447333,22614.578125,76.63092006089954,cdf_eb,0.7886666666666666,0.21133333333333335
64,2,0.95,0.025,1447333,22614.578125,76.63092006089954,exc_eb,1.0,0.0
64,2,0.95,0.025,1447333,22614.578125,76.63092006089954,binom,1.0,0.0
64,2,0.95,0.025,1447333,22614.578125,76.63092006089954,split,1.0,0.0
64,2,0.95,0.025,1447333,22614.578125,76.63092006089954,ceiling,,
64,2,0.95,0.025,2020045,31563.203125,106.95389859446293,exc_bet,1.0,0.0
64,2,0.95,0.025,2020045,31563.203125,106.95389859446293,exc,1.0,0.0
64,2,0.95,0.025,2020045,31563.203125,106.95389859446293,naive,1.0,0.0
64,2,0.95,0.025,2020045,31563.203125,106.95389859446293,cdf,0.684,0.316
64,2,0.95,0.025,2020045,31563.203125,106.95389859446293,cdf_eb,0.9303333333333333,0.06966666666666667
64,2,0.95,0.025,2020045,31563.203125,106.95389859446293,exc_eb,1.0,0.0
64,2,0.95,0.025,2020045,31563.203125,106.95389859446293,binom,1.0,0.0
64,2,0.95,0.025,2020045,31563.203125,106.95389859446293,split,1.0,0.0
64,2,0.95,0.025,2020045,31563.203125,106.95389859446293,ceiling,,
64,2,0.95,0.025,2819379,44052.796875,149.27567240599012,exc_bet,1.0,0.0
64,2,0.95,0.025,2819379,44052.796875,149.27567240599012,exc,1.0,0.0
64,2,0.95,0.025,2819379,44052.796875,149.27567240599012,naive,1.0,0.0
64,2,0.95,0.025,2819379,44052.796875,149.27567240599012,cdf,0.9036666666666666,0.09633333333333334
64,2,0.95,0.025,2819379,44052.796875,149.27567240599012,cdf_eb,0.99,0.01
64,2,0.95,0.025,2819379,44052.796875,149.27567240599012,exc_eb,1.0,0.0
64,2,0.95,0.025,2819379,44052.796875,149.27567240599012,binom,1.0,0.0
64,2,0.95,0.025,2819379,44052.796875,149.27567240599012,split,1.0,0.0
64,2,0.95,0.025,2819379,44052.796875,149.27567240599012,ceiling,,
64,2,0.95,0.025,3935011,61484.546875,208.34425345083707,exc_bet,1.0,0.0
64,2,0.95,0.025,3935011,61484.546875,208.34425345083707,exc,1.0,0.0
64,2,0.95,0.025,3935011,61484.546875,208.34425345083707,naive,1.0,0.0
64,2,0.95,0.025,3935011,61484.546875,208.34425345083707,cdf,0.9916666666666667,0.008333333333333333
64,2,0.95,0.025,3935011,61484.546875,208.34425345083707,cdf_eb,0.9996666666666667,0.0003333333333333333
64,2,0.95,0.025,3935011,61484.546875,208.34425345083707,exc_eb,1.0,0.0
64,2,0.95,0.025,3935011,61484.546875,208.34425345083707,binom,1.0,0.0
64,2,0.95,0.025,3935011,61484.546875,208.34425345083707,split,1.0,0.0
64,2,0.95,0.025,3935011,61484.546875,208.34425345083707,ceiling,,
64,2,0.95,0.025,5492100,85814.0625,290.7863470717978,exc_bet,1.0,0.0
64,2,0.95,0.025,5492100,85814.0625,290.7863470717978,exc,1.0,0.0
64,2,0.95,0.025,5492100,85814.0625,290.7863470717978,naive,1.0,0.0
64,2,0.95,0.025,5492100,85814.0625,290.7863470717978,cdf,0.999,0.001
64,2,0.95,0.025,5492100,85814.0625,290.7863470717978,cdf_eb,1.0,0.0
64,2,0.95,0.025,5492100,85814.0625,290.7863470717978,exc_eb,1.0,0.0
64,2,0.95,0.025,5492100,85814.0625,290.7863470717978,binom,1.0,0.0
64,2,0.95,0.025,5492100,85814.0625,290.7863470717978,split,1.0,0.0
64,2,0.95,0.025,5492100,85814.0625,290.7863470717978,ceiling,,
64,2,0.95,0.025,7665330,119770.78125,405.8508238742674,exc_bet,1.0,0.0
64,2,0.95,0.025,7665330,119770.78125,405.8508238742674,exc,1.0,0.0
64,2,0.95,0.025,7665330,119770.78125,405.8508238742674,naive,1.0,0.0
64,2,0.95,0.025,7665330,119770.78125,405.8508238742674,cdf,1.0,0.0
64,2,0.95,0.025,7665330,119770.78125,405.8508238742674,cdf_eb,1.0,0.0
64,2,0.95,0.025,7665330,119770.78125,405.8508238742674,exc_eb,1.0,0.0
64,2,0.95,0.025,7665330,119770.78125,405.8508238742674,binom,1.0,0.0
64,2,0.95,0.025,7665330,119770.78125,405.8508238742674,split,1.0,0.0
64,2,0.95,0.025,7665330,119770.78125,405.8508238742674,ceiling,,
64,2,0.95,0.025,10698511,167164.234375,566.4465200556157,exc_bet,1.0,0.0
64,2,0.95,0.025,10698511,167164.234375,566.4465200556157,exc,1.0,0.0
64,2,0.95,0.025,10698511,167164.234375,566.4465200556157,naive,1.0,0.0
64,2,0.95,0.025,10698511,167164.234375,566.4465200556157,cdf,1.0,0.0
64,2,0.95,0.025,10698511,167164.234375,566.4465200556157,cdf_eb,1.0,0.0
64,2,0.95,0.025,10698511,167164.234375,566.4465200556157,exc_eb,1.0,0.0
64,2,0.95,0.025,10698511,167164.234375,566.4465200556157,binom,1.0,0.0
64,2,0.95,0.025,10698511,167164.234375,566.4465200556157,split,1.0,0.0
64,2,0.95,0.025,10698511,167164.234375,566.4465200556157,ceiling,,
64,2,0.95,0.025,14931926,233311.34375,790.5901597360576,exc_bet,1.0,0.0
64,2,0.95,0.025,14931926,233311.34375,790.5901597360576,exc,1.0,0.0
64,2,0.95,0.025,14931926,233311.34375,790.5901597360576,naive,1.0,0.0
64,2,0.95,0.025,14931926,233311.34375,790.5901597360576,cdf,1.0,0.0
64,2,0.95,0.025,14931926,233311.34375,790.5901597360576,cdf_eb,1.0,0.0
64,2,0.95,0.025,14931926,233311.34375,790.5901597360576,exc_eb,1.0,0.0
64,2,0.95,0.025,14931926,233311.34375,790.5901597360576,binom,1.0,0.0
64,2,0.95,0.025,14931926,233311.34375,790.5901597360576,split,1.0,0.0
64,2,0.95,0.025,14931926,233311.34375,790.5901597360576,ceiling,,
64,2,0.95,0.025,20840507,325632.921875,1103.4276327186744,exc_bet,1.0,0.0
64,2,0.95,0.025,20840507,325632.921875,1103.4276327186744,exc,1.0,0.0
64,2,0.95,0.025,20840507,325632.921875,1103.4276327186744,naive,1.0,0.0
64,2,0.95,0.025,20840507,325632.921875,1103.4276327186744,cdf,1.0,0.0
64,2,0.95,0.025,20840507,325632.921875,1103.4276327186744,cdf_eb,1.0,0.0
64,2,0.95,0.025,20840507,325632.921875,1103.4276327186744,exc_eb,1.0,0.0
64,2,0.95,0.025,20840507,325632.921875,1103.4276327186744,binom,1.0,0.0
64,2,0.95,0.025,20840507,325632.921875,1103.4276327186744,split,1.0,0.0
64,2,0.95,0.025,20840507,325632.921875,1103.4276327186744,ceiling,,
64,2,0.95,0.025,29087122,454486.28125,1540.0553437140122,exc_bet,1.0,0.0
64,2,0.95,0.025,29087122,454486.28125,1540.0553437140122,exc,1.0,0.0
64,2,0.95,0.025,29087122,454486.28125,1540.0553437140122,naive,1.0,0.0
64,2,0.95,0.025,29087122,454486.28125,1540.0553437140122,cdf,1.0,0.0
64,2,0.95,0.025,29087122,454486.28125,1540.0553437140122,cdf_eb,1.0,0.0
64,2,0.95,0.025,29087122,454486.28125,1540.0553437140122,exc_eb,1.0,0.0
64,2,0.95,0.025,29087122,454486.28125,1540.0553437140122,binom,1.0,0.0
64,2,0.95,0.025,29087122,454486.28125,1540.0553437140122,split,1.0,0.0
64,2,0.95,0.025,29087122,454486.28125,1540.0553437140122,ceiling,,
64,2,0.95,0.025,40596932,634327.0625,2149.457140001489,exc_bet,1.0,0.0
64,2,0.95,0.025,40596932,634327.0625,2149.457140001489,exc,1.0,0.0
64,2,0.95,0.025,40596932,634327.0625,2149.457140001489,naive,1.0,0.0
64,2,0.95,0.025,40596932,634327.0625,2149.457140001489,cdf,1.0,0.0
64,2,0.95,0.025,40596932,634327.0625,2149.457140001489,cdf_eb,1.0,0.0
64,2,0.95,0.025,40596932,634327.0625,2149.457140001489,exc_eb,1.0,0.0
64,2,0.95,0.025,40596932,634327.0625,2149.457140001489,binom,1.0,0.0
64,2,0.95,0.025,40596932,634327.0625,2149.457140001489,split,1.0,0.0
64,2,0.95,0.025,40596932,634327.0625,2149.457140001489,ceiling,,
64,2,0.95,0.025,56661188,885331.0625,2999.9999780172225,exc_bet,1.0,0.0
64,2,0.95,0.025,56661188,885331.0625,2999.9999780172225,exc,1.0,0.0
64,2,0.95,0.025,56661188,885331.0625,2999.9999780172225,naive,1.0,0.0
64,2,0.95,0.025,56661188,885331.0625,2999.9999780172225,cdf,1.0,0.0
64,2,0.95,0.025,56661188,885331.0625,2999.9999780172225,cdf_eb,1.0,0.0
64,2,0.95,0.025,56661188,885331.0625,2999.9999780172225,exc_eb,1.0,0.0
64,2,0.95,0.025,56661188,885331.0625,2999.9999780172225,binom,1.0,0.0
64,2,0.95,0.025,56661188,885331.0625,2999.9999780172225,split,1.0,0.0
64,2,0.95,0.025,56661188,885331.0625,2999.9999780172225,ceiling,,
64,2,0.99,0.005,4721,73.765625,0.049991891790970945,exc_bet,0.0,1.0
64,2,0.99,0.005,4721,73.765625,0.049991891790970945,exc,0.0,1.0
64,2,0.99,0.005,4721,73.765625,0.049991891790970945,naive,0.0,1.0
64,2,0.99,0.005,4721,73.765625,0.049991891790970945,cdf,0.0,1.0
64,2,0.99,0.005,4721,73.765625,0.049991891790970945,cdf_eb,0.0,1.0
64,2,0.99,0.005,4721,73.765625,0.049991891790970945,exc_eb,0.0,1.0
64,2,0.99,0.005,4721,73.765625,0.049991891790970945,binom,0.0,1.0
64,2,0.99,0.005,4721,73.765625,0.049991891790970945,split,0.0,1.0
64,2,0.99,0.005,4721,73.765625,0.049991891790970945,ceiling,0.061484020088365024,
64,2,0.99,0.005,6590,102.96875,0.06978321688254575,exc_bet,0.0,1.0
64,2,0.99,0.005,6590,102.96875,0.06978321688254575,exc,0.0,1.0
64,2,0.99,0.005,6590,102.96875,0.06978321688254575,naive,0.0,1.0
64,2,0.99,0.005,6590,102.96875,0.06978321688254575,cdf,0.0,1.0
64,2,0.99,0.005,6590,102.96875,0.06978321688254575,cdf_eb,0.0,1.0
64,2,0.99,0.005,6590,102.96875,0.06978321688254575,exc_eb,0.0,1.0
64,2,0.99,0.005,6590,102.96875,0.06978321688254575,binom,0.0,1.0
64,2,0.99,0.005,6590,102.96875,0.06978321688254575,split,0.0,1.0
64,2,0.99,0.005,6590,102.96875,0.06978321688254575,ceiling,0.0828747033555494,
64,2,0.99,0.005,9197,143.703125,0.09738941512424482,exc_bet,0.0,1.0
64,2,0.99,0.005,9197,143.703125,0.09738941512424482,exc,0.0,1.0
64,2,0.99,0.005,9197,143.703125,0.09738941512424482,naive,0.0,1.0
64,2,0.99,0.005,9197,143.703125,0.09738941512424482,cdf,0.0,1.0
64,2,0.99,0.005,9197,143.703125,0.09738941512424482,cdf_eb,0.0,1.0
64,2,0.99,0.005,9197,143.703125,0.09738941512424482,exc_eb,0.0,1.0
64,2,0.99,0.005,9197,143.703125,0.09738941512424482,binom,0.0,1.0
64,2,0.99,0.005,9197,143.703125,0.09738941512424482,split,0.0,1.0
64,2,0.99,0.005,9197,143.703125,0.09738941512424482,ceiling,0.11126330263843563,
64,2,0.99,0.005,12837,200.578125,0.13593431792431562,exc_bet,0.0,1.0
64,2,0.99,0.005,12837,200.578125,0.13593431792431562,exc,0.0,1.0
64,2,0.99,0.005,12837,200.578125,0.13593431792431562,naive,0.0,1.0
64,2,0.99,0.005,12837,200.578125,0.13593431792431562,cdf,0.0,1.0
64,2,0.99,0.005,12837,200.578125,0.13593431792431562,cdf_eb,0.0,1.0
64,2,0.99,0.005,12837,200.578125,0.13593431792431562,exc_eb,0.0,1.0
64,2,0.99,0.005,12837,200.578125,0.13593431792431562,binom,0.0,1.0
64,2,0.99,0.005,12837,200.578125,0.13593431792431562,split,0.0,1.0
64,2,0.99,0.005,12837,200.578125,0.13593431792431562,ceiling,0.1462401115428376,
64,2,0.99,0.005,17917,279.953125,0.1897277537002386,exc_bet,0.0,1.0
64,2,0.99,0.005,17917,279.953125,0.1897277537002386,exc,0.0,1.0
64,2,0.99,0.005,17917,279.953125,0.1897277537002386,naive,0.0,1.0
64,2,0.99,0.005,17917,279.953125,0.1897277537002386,cdf,0.0,1.0
64,2,0.99,0.005,17917,279.953125,0.1897277537002386,cdf_eb,0.0,0.9996666666666667
64,2,0.99,0.005,17917,279.953125,0.1897277537002386,exc_eb,0.0,1.0
64,2,0.99,0.005,17917,279.953125,0.1897277537002386,binom,0.0,1.0
64,2,0.99,0.005,17917,279.953125,0.1897277537002386,split,0.0,1.0
64,2,0.99,0.005,17917,279.953125,0.1897277537002386,ceiling,0.20784509436384377,
64,2,0.99,0.005,25007,390.734375,0.2648056000882886,exc_bet,0.0,1.0
64,2,0.99,0.005,25007,390.734375,0.2648056000882886,exc,0.0,1.0
64,2,0.99,0.005,25007,390.734375,0.2648056000882886,naive,0.0,1.0
64,2,0.99,0.005,25007,390.734375,0.2648056000882886,cdf,0.0,1.0
64,2,0.99,0.005,25007,390.734375,0.2648056000882886,cdf_eb,0.0,1.0
64,2,0.99,0.005,25007,390.734375,0.2648056000882886,exc_eb,0.0,1.0
64,2,0.99,0.005,25007,390.734375,0.2648056000882886,binom,0.12033333333333333,0.878
64,2,0.99,0.005,25007,390.734375,0.2648056000882886,split,0.0,1.0
64,2,0.99,0.005,25007,390.734375,0.2648056000882886,ceiling,0.2578160054003686,
64,2,0.99,0.005,34902,545.34375,0.3695863180022173,exc_bet,0.0,1.0
64,2,0.99,0.005,34902,545.34375,0.3695863180022173,exc,0.0,1.0
64,2,0.99,0.005,34902,545.34375,0.3695863180022173,naive,0.0,1.0
64,2,0.99,0.005,34902,545.34375,0.3695863180022173,cdf,0.0,1.0
64,2,0.99,0.005,34902,545.34375,0.3695863180022173,cdf_eb,0.0,1.0
64,2,0.99,0.005,34902,545.34375,0.3695863180022173,exc_eb,0.0,1.0
64,2,0.99,0.005,34902,545.34375,0.3695863180022173,binom,0.11666666666666667,0.8823333333333333
64,2,0.99,0.005,34902,545.34375,0.3695863180022173,split,0.0,1.0
64,2,0.99,0.005,34902,545.34375,0.3695863180022173,ceiling,0.3400818403685016,
64,2,0.99,0.005,48713,761.140625,0.5158345742032552,exc_bet,0.023333333333333334,0.9766666666666667
64,2,0.99,0.005,48713,761.140625,0.5158345742032552,exc,0.0,1.0
64,2,0.99,0.005,48713,761.140625,0.5158345742032552,naive,0.023333333333333334,0.9766666666666667
64,2,0.99,0.005,48713,761.140625,0.5158345742032552,cdf,0.0003333333333333333,0.9996666666666667
64,2,0.99,0.005,48713,761.140625,0.5158345742032552,cdf_eb,0.0013333333333333333,0.9986666666666667
64,2,0.99,0.005,48713,761.140625,0.5158345742032552,exc_eb,0.0,1.0
64,2,0.99,0.005,48713,761.140625,0.5158345742032552,binom,0.252,0.747
64,2,0.99,0.005,48713,761.140625,0.5158345742032552,split,0.0,1.0
64,2,0.99,0.005,48713,761.140625,0.5158345742032552,ceiling,0.4501659426132407,
64,2,0.99,0.005,67989,1062.328125,0.7199531308994542,exc_bet,0.10466666666666667,0.8953333333333333
64,2,0.99,0.005,67989,1062.328125,0.7199531308994542,exc,0.0,1.0
64,2,0.99,0.005,67989,1062.328125,0.7199531308994542,naive,0.104,0.896
64,2,0.99,0.005,67989,1062.328125,0.7199531308994542,cdf,0.0,1.0
64,2,0.99,0.005,67989,1062.328125,0.7199531308994542,cdf_eb,0.0013333333333333333,0.9986666666666667
64,2,0.99,0.005,67989,1062.328125,0.7199531308994542,exc_eb,0.004666666666666667,0.9953333333333333
64,2,0.99,0.005,67989,1062.328125,0.7199531308994542,binom,0.37966666666666665,0.6203333333333333
64,2,0.99,0.005,67989,1062.328125,0.7199531308994542,split,0.0,1.0
64,2,0.99,0.005,67989,1062.328125,0.7199531308994542,ceiling,0.5749433031987531,
64,2,0.99,0.005,94893,1482.703125,1.004846555331626,exc_bet,0.25866666666666666,0.7413333333333333
64,2,0.99,0.005,94893,1482.703125,1.004846555331626,exc,0.0,1.0
64,2,0.99,0.005,94893,1482.703125,1.004846555331626,naive,0.25666666666666665,0.7433333333333333
64,2,0.99,0.005,94893,1482.703125,1.004846555331626,cdf,0.0,1.0
64,2,0.99,0.005,94893,1482.703125,1.004846555331626,cdf_eb,0.0,1.0
64,2,0.99,0.005,94893,1482.703125,1.004846555331626,exc_eb,0.005333333333333333,0.9946666666666667
64,2,0.99,0.005,94893,1482.703125,1.004846555331626,binom,0.5276666666666666,0.472
64,2,0.99,0.005,94893,1482.703125,1.004846555331626,split,0.0,1.0
64,2,0.99,0.005,94893,1482.703125,1.004846555331626,ceiling,0.7105987538690827,
64,2,0.99,0.005,132443,2069.421875,1.4024732311949935,exc_bet,0.441,0.559
64,2,0.99,0.005,132443,2069.421875,1.4024732311949935,exc,0.003,0.997
64,2,0.99,0.005,132443,2069.421875,1.4024732311949935,naive,0.43566666666666665,0.5643333333333334
64,2,0.99,0.005,132443,2069.421875,1.4024732311949935,cdf,0.0,1.0
64,2,0.99,0.005,132443,2069.421875,1.4024732311949935,cdf_eb,0.002,0.9976666666666667
64,2,0.99,0.005,132443,2069.421875,1.4024732311949935,exc_eb,0.023,0.977
64,2,0.99,0.005,132443,2069.421875,1.4024732311949935,binom,0.6953333333333334,0.30466666666666664
64,2,0.99,0.005,132443,2069.421875,1.4024732311949935,split,0.0,1.0
64,2,0.99,0.005,132443,2069.421875,1.4024732311949935,ceiling,0.840203083387342,
64,2,0.99,0.005,184850,2888.28125,1.9574245281849139,exc_bet,0.6573333333333333,0.3426666666666667
64,2,0.99,0.005,184850,2888.28125,1.9574245281849139,exc,0.028,0.972
64,2,0.99,0.005,184850,2888.28125,1.9574245281849139,naive,0.6563333333333333,0.3436666666666667
64,2,0.99,0.005,184850,2888.28125,1.9574245281849139,cdf,0.0,1.0
64,2,0.99,0.005,184850,2888.28125,1.9574245281849139,cdf_eb,0.0006666666666666666,0.999
64,2,0.99,0.005,184850,2888.28125,1.9574245281849139,exc_eb,0.087,0.913
64,2,0.99,0.005,184850,2888.28125,1.9574245281849139,binom,0.8623333333333333,0.13766666666666666
64,2,0.99,0.005,184850,2888.28125,1.9574245281849139,split,0.001,0.999
64,2,0.99,0.005,184850,2888.28125,1.9574245281849139,ceiling,0.9345365367119466,
64,2,0.99,0.005,257996,4031.1875,2.731986467804139,exc_bet,0.7916666666666666,0.20833333333333334
64,2,0.99,0.005,257996,4031.1875,2.731986467804139,exc,0.145,0.855
64,2,0.99,0.005,257996,4031.1875,2.731986467804139,naive,0.8426666666666667,0.15733333333333333
64,2,0.99,0.005,257996,4031.1875,2.731986467804139,cdf,0.0,1.0
64,2,0.99,0.005,257996,4031.1875,2.731986467804139,cdf_eb,0.0013333333333333333,0.9983333333333333
64,2,0.99,0.005,257996,4031.1875,2.731986467804139,exc_eb,0.2946666666666667,0.7053333333333334
64,2,0.99,0.005,257996,4031.1875,2.731986467804139,binom,0.9576666666666667,0.042333333333333334
64,2,0.99,0.005,257996,4031.1875,2.731986467804139,split,0.01,0.99
64,2,0.99,0.005,257996,4031.1875,2.731986467804139,ceiling,0.982968957636362,
64,2,0.99,0.005,360086,5626.34375,3.8130439202379924,exc_bet,0.909,0.091
64,2,0.99,0.005,360086,5626.34375,3.8130439202379924,exc,0.3953333333333333,0.6046666666666667
64,2,0.99,0.005,360086,5626.34375,3.8130439202379924,naive,0.9563333333333334,0.043666666666666666
64,2,0.99,0.005,360086,5626.34375,3.8130439202379924,cdf,0.0,1.0
64,2,0.99,0.005,360086,5626.34375,3.8130439202379924,cdf_eb,0.003,0.997
64,2,0.99,0.005,360086,5626.34375,3.8130439202379924,exc_eb,0.6113333333333333,0.38866666666666666
64,2,0.99,0.005,360086,5626.34375,3.8130439202379924,binom,0.993,0.007
64,2,0.99,0.005,360086,5626.34375,3.8130439202379924,split,0.056666666666666664,0.9433333333333334
64,2,0.99,0.005,360086,5626.34375,3.8130439202379924,ceiling,0.9977344622848974,
64,2,0.99,0.005,502572,7852.6875,5.321865079680544,exc_bet,0.9803333333333333,0.019666666666666666
64,2,0.99,0.005,502572,7852.6875,5.321865079680544,exc,0.7543333333333333,0.24566666666666667
64,2,0.99,0.005,502572,7852.6875,5.321865079680544,naive,0.9956666666666667,0.004333333333333333
64,2,0.99,0.005,502572,7852.6875,5.321865079680544,cdf,0.0,1.0
64,2,0.99,0.005,502572,7852.6875,5.321865079680544,cdf_eb,0.0033333333333333335,0.9963333333333333
64,2,0.99,0.005,502572,7852.6875,5.321865079680544,exc_eb,0.9083333333333333,0.09166666666666666
64,2,0.99,0.005,502572,7852.6875,5.321865079680544,binom,0.9996666666666667,0.0003333333333333333
64,2,0.99,0.005,502572,7852.6875,5.321865079680544,split,0.184,0.816
64,2,0.99,0.005,502572,7852.6875,5.321865079680544,ceiling,0.9998869481067896,
64,2,0.99,0.005,701441,10960.015625,7.427740429940786,exc_bet,0.9983333333333333,0.0016666666666666668
64,2,0.99,0.005,701441,10960.015625,7.427740429940786,exc,0.97,0.03
64,2,0.99,0.005,701441,10960.015625,7.427740429940786,naive,0.9996666666666667,0.0003333333333333333
64,2,0.99,0.005,701441,10960.015625,7.427740429940786,cdf,0.0003333333333333333,0.9996666666666667
64,2,0.99,0.005,701441,10960.015625,7.427740429940786,cdf_eb,0.005,0.9946666666666667
64,2,0.99,0.005,701441,10960.015625,7.427740429940786,exc_eb,0.993,0.007
64,2,0.99,0.005,701441,10960.015625,7.427740429940786,binom,1.0,0.0
64,2,0.99,0.005,701441,10960.015625,7.427740429940786,split,0.44466666666666665,0.5553333333333333
64,2,0.99,0.005,701441,10960.015625,7.427740429940786,ceiling,0.9999986404113727,
64,2,0.99,0.005,979002,15296.90625,10.366905750295304,exc_bet,1.0,0.0
64,2,0.99,0.005,979002,15296.90625,10.366905750295304,exc,0.9993333333333333,0.0006666666666666666
64,2,0.99,0.005,979002,15296.90625,10.366905750295304,naive,1.0,0.0
64,2,0.99,0.005,979002,15296.90625,10.366905750295304,cdf,0.0006666666666666666,0.9993333333333333
64,2,0.99,0.005,979002,15296.90625,10.366905750295304,cdf_eb,0.007333333333333333,0.9926666666666667
64,2,0.99,0.005,979002,15296.90625,10.366905750295304,exc_eb,1.0,0.0
64,2,0.99,0.005,979002,15296.90625,10.366905750295304,binom,1.0,0.0
64,2,0.99,0.005,979002,15296.90625,10.366905750295304,split,0.7983333333333333,0.20166666666666666
64,2,0.99,0.005,979002,15296.90625,10.366905750295304,ceiling,0.9999999978948542,
64,2,0.99,0.005,1366395,21349.921875,14.469110566346906,exc_bet,1.0,0.0
64,2,0.99,0.005,1366395,21349.921875,14.469110566346906,exc,1.0,0.0
64,2,0.99,0.005,1366395,21349.921875,14.469110566346906,naive,1.0,0.0
64,2,0.99,0.005,1366395,21349.921875,14.469110566346906,cdf,0.001,0.999
64,2,0.99,0.005,1366395,21349.921875,14.469110566346906,cdf_eb,0.011,0.989
64,2,0.99,0.005,1366395,21349.921875,14.469110566346906,exc_eb,1.0,0.0
64,2,0.99,0.005,1366395,21349.921875,14.469110566346906,binom,1.0,0.0
64,2,0.99,0.005,1366395,21349.921875,14.469110566346906,split,0.9643333333333334,0.035666666666666666
64,2,0.99,0.005,1366395,21349.921875,14.469110566346906,ceiling,0.9999999999996625,
64,2,0.99,0.005,1907079,29798.109375,20.194553485455003,exc_bet,1.0,0.0
64,2,0.99,0.005,1907079,29798.109375,20.194553485455003,exc,1.0,0.0
64,2,0.99,0.005,1907079,29798.109375,20.194553485455003,naive,1.0,0.0
64,2,0.99,0.005,1907079,29798.109375,20.194553485455003,cdf,0.0003333333333333333,0.9996666666666667
64,2,0.99,0.005,1907079,29798.109375,20.194553485455003,cdf_eb,0.01633333333333333,0.9833333333333333
64,2,0.99,0.005,1907079,29798.109375,20.194553485455003,exc_eb,1.0,0.0
64,2,0.99,0.005,1907079,29798.109375,20.194553485455003,binom,1.0,0.0
64,2,0.99,0.005,1907079,29798.109375,20.194553485455003,split,0.9986666666666667,0.0013333333333333333
64,2,0.99,0.005,1907079,29798.109375,20.194553485455003,ceiling,0.9999999999997157,
64,2,0.99,0.005,2661712,41589.25,28.185557780709352,exc_bet,1.0,0.0
64,2,0.99,0.005,2661712,41589.25,28.185557780709352,exc,1.0,0.0
64,2,0.99,0.005,2661712,41589.25,28.185557780709352,naive,1.0,0.0
64,2,0.99,0.005,2661712,41589.25,28.185557780709352,cdf,0.0013333333333333333,0.9986666666666667
64,2,0.99,0.005,2661712,41589.25,28.185557780709352,cdf_eb,0.023666666666666666,0.9763333333333334
64,2,0.99,0.005,2661712,41589.25,28.185557780709352,exc_eb,1.0,0.0
64,2,0.99,0.005,2661712,41589.25,28.185557780709352,binom,1.0,0.0
64,2,0.99,0.005,2661712,41589.25,28.185557780709352,split,1.0,0.0
64,2,0.99,0.005,2661712,41589.25,28.185557780709352,ceiling,0.999999999999599,
64,2,0.99,0.005,3714956,58046.1875,39.33863129849995,exc_bet,1.0,0.0
64,2,0.99,0.005,3714956,58046.1875,39.33863129849995,exc,1.0,0.0
64,2,0.99,0.005,3714956,58046.1875,39.33863129849995,naive,1.0,0.0
64,2,0.99,0.005,3714956,58046.1875,39.33863129849995,cdf,0.002,0.998
64,2,0.99,0.005,3714956,58046.1875,39.33863129849995,cdf_eb,0.037333333333333336,0.9626666666666667
64,2,0.99,0.005,3714956,58046.1875,39.33863129849995,exc_eb,1.0,0.0
64,2,0.99,0.005,3714956,58046.1875,39.33863129849995,binom,1.0,0.0
64,2,0.99,0.005,3714956,58046.1875,39.33863129849995,split,1.0,0.0
64,2,0.99,0.005,3714956,58046.1875,39.33863129849995,ceiling,0.9999999999994517,
64,2,0.99,0.005,5184968,81015.125,54.904969115790514,exc_bet,1.0,0.0
64,2,0.99,0.005,5184968,81015.125,54.904969115790514,exc,1.0,0.0
64,2,0.99,0.005,5184968,81015.125,54.904969115790514,naive,1.0,0.0
64,2,0.99,0.005,5184968,81015.125,54.904969115790514,cdf,0.007,0.993
64,2,0.99,0.005,5184968,81015.125,54.904969115790514,cdf_eb,0.058666666666666666,0.9413333333333334
64,2,0.99,0.005,5184968,81015.125,54.904969115790514,exc_eb,1.0,0.0
64,2,0.99,0.005,5184968,81015.125,54.904969115790514,binom,1.0,0.0
64,2,0.99,0.005,5184968,81015.125,54.904969115790514,split,1.0,0.0
64,2,0.99,0.005,5184968,81015.125,54.904969115790514,ceiling,0.9999999999992438,
64,2,0.99,0.005,7236667,113072.921875,76.63094123941757,exc_bet,1.0,0.0
64,2,0.99,0.005,7236667,113072.921875,76.63094123941757,exc,1.0,0.0
64,2,0.99,0.005,7236667,113072.921875,76.63094123941757,naive,1.0,0.0
64,2,0.99,0.005,7236667,113072.921875,76.63094123941757,cdf,0.009666666666666667,0.9903333333333333
64,2,0.99,0.005,7236667,113072.921875,76.63094123941757,cdf_eb,0.09233333333333334,0.9076666666666666
64,2,0.99,0.005,7236667,113072.921875,76.63094123941757,exc_eb,1.0,0.0
64,2,0.99,0.005,7236667,113072.921875,76.63094123941757,binom,1.0,0.0
64,2,0.99,0.005,7236667,113072.921875,76.63094123941757,split,1.0,0.0
64,2,0.99,0.005,7236667,113072.921875,76.63094123941757,ceiling,,
64,2,0.99,0.005,10100225,157816.015625,106.95389859446293,exc_bet,1.0,0.0
64,2,0.99,0.005,10100225,157816.015625,106.95389859446293,exc,1.0,0.0
64,2,0.99,0.005,10100225,157816.015625,106.95389859446293,naive,1.0,0.0
64,2,0.99,0.005,10100225,157816.015625,106.95389859446293,cdf,0.026,0.974
64,2,0.99,0.005,10100225,157816.015625,106.95389859446293,cdf_eb,0.15266666666666667,0.8473333333333334
64,2,0.99,0.005,10100225,157816.015625,106.95389859446293,exc_eb,1.0,0.0
64,2,0.99,0.005,10100225,157816.015625,106.95389859446293,binom,1.0,0.0
64,2,0.99,0.005,10100225,157816.015625,106.95389859446293,split,1.0,0.0
64,2,0.99,0.005,10100225,157816.015625,106.95389859446293,ceiling,,
64,2,0.99,0.005,14096896,220264.0,149.27568299524913,exc_bet,1.0,0.0
64,2,0.99,0.005,14096896,220264.0,149.27568299524913,exc,1.0,0.0
64,2,0.99,0.005,14096896,220264.0,149.27568299524913,naive,1.0,0.0
64,2,0.99,0.005,14096896,220264.0,149.27568299524913,cdf,0.048,0.952
64,2,0.99,0.005,14096896,220264.0,149.27568299524913,cdf_eb,0.2673333333333333,0.7326666666666667
64,2,0.99,0.005,14096896,220264.0,149.27568299524913,exc_eb,1.0,0.0
64,2,0.99,0.005,14096896,220264.0,149.27568299524913,binom,1.0,0.0
64,2,0.99,0.005,14096896,220264.0,149.27568299524913,split,1.0,0.0
64,2,0.99,0.005,14096896,220264.0,149.27568299524913,ceiling,,
64,2,0.99,0.005,19675056,307422.75,208.34426404009608,exc_bet,1.0,0.0
64,2,0.99,0.005,19675056,307422.75,208.34426404009608,exc,1.0,0.0
64,2,0.99,0.005,19675056,307422.75,208.34426404009608,naive,1.0,0.0
64,2,0.99,0.005,19675056,307422.75,208.34426404009608,cdf,0.11266666666666666,0.8873333333333333
64,2,0.99,0.005,19675056,307422.75,208.34426404009608,cdf_eb,0.426,0.574
64,2,0.99,0.005,19675056,307422.75,208.34426404009608,exc_eb,1.0,0.0
64,2,0.99,0.005,19675056,307422.75,208.34426404009608,binom,1.0,0.0
64,2,0.99,0.005,19675056,307422.75,208.34426404009608,split,1.0,0.0
64,2,0.99,0.005,19675056,307422.75,208.34426404009608,ceiling,,
64,2,0.99,0.005,27460500,429070.3125,290.7863470717978,exc_bet,1.0,0.0
64,2,0.99,0.005,27460500,429070.3125,290.7863470717978,exc,1.0,0.0
64,2,0.99,0.005,27460500,429070.3125,290.7863470717978,naive,1.0,0.0
64,2,0.99,0.005,27460500,429070.3125,290.7863470717978,cdf,0.25066666666666665,0.7493333333333333
64,2,0.99,0.005,27460500,429070.3125,290.7863470717978,cdf_eb,0.6396666666666667,0.36033333333333334
64,2,0.99,0.005,27460500,429070.3125,290.7863470717978,exc_eb,1.0,0.0
64,2,0.99,0.005,27460500,429070.3125,290.7863470717978,binom,1.0,0.0
64,2,0.99,0.005,27460500,429070.3125,290.7863470717978,split,1.0,0.0
64,2,0.99,0.005,27460500,429070.3125,290.7863470717978,ceiling,,
64,2,0.99,0.005,38326654,598853.96875,405.8508662313035,exc_bet,1.0,0.0
64,2,0.99,0.005,38326654,598853.96875,405.8508662313035,exc,1.0,0.0
64,2,0.99,0.005,38326654,598853.96875,405.8508662313035,naive,1.0,0.0
64,2,0.99,0.005,38326654,598853.96875,405.8508662313035,cdf,0.44766666666666666,0.5523333333333333
64,2,0.99,0.005,38326654,598853.96875,405.8508662313035,cdf_eb,0.817,0.183
64,2,0.99,0.005,38326654,598853.96875,405.8508662313035,exc_eb,1.0,0.0
64,2,0.99,0.005,38326654,598853.96875,405.8508662313035,binom,1.0,0.0
64,2,0.99,0.005,38326654,598853.96875,405.8508662313035,split,1.0,0.0
64,2,0.99,0.005,38326654,598853.96875,405.8508662313035,ceiling,,
64,2,0.99,0.005,53492558,835821.21875,566.4465518233927,exc_bet,1.0,0.0
64,2,0.99,0.005,53492558,835821.21875,566.4465518233927,exc,1.0,0.0
64,2,0.99,0.005,53492558,835821.21875,566.4465518233927,naive,1.0,0.0
64,2,0.99,0.005,53492558,835821.21875,566.4465518233927,cdf,0.7363333333333333,0.26366666666666666
64,2,0.99,0.005,53492558,835821.21875,566.4465518233927,cdf_eb,0.9496666666666667,0.050333333333333334
64,2,0.99,0.005,53492558,835821.21875,566.4465518233927,exc_eb,1.0,0.0
64,2,0.99,0.005,53492558,835821.21875,566.4465518233927,binom,1.0,0.0
64,2,0.99,0.005,53492558,835821.21875,566.4465518233927,split,1.0,0.0
64,2,0.99,0.005,53492558,835821.21875,566.4465518233927,ceiling,,
64,2,0.99,0.005,74659630,1166556.71875,790.5901597360576,exc_bet,1.0,0.0
64,2,0.99,0.005,74659630,1166556.71875,790.5901597360576,exc,1.0,0.0
64,2,0.99,0.005,74659630,1166556.71875,790.5901597360576,naive,1.0,0.0
64,2,0.99,0.005,74659630,1166556.71875,790.5901597360576,cdf,0.9316666666666666,0.06833333333333333
64,2,0.99,0.005,74659630,1166556.71875,790.5901597360576,cdf_eb,0.9943333333333333,0.005666666666666667
64,2,0.99,0.005,74659630,1166556.71875,790.5901597360576,exc_eb,1.0,0.0
64,2,0.99,0.005,74659630,1166556.71875,790.5901597360576,binom,1.0,0.0
64,2,0.99,0.005,74659630,1166556.71875,790.5901597360576,split,1.0,0.0
64,2,0.99,0.005,74659630,1166556.71875,790.5901597360576,ceiling,,
64,2,0.99,0.005,104202538,1628164.65625,1103.4276644864515,exc_bet,1.0,0.0
64,2,0.99,0.005,104202538,1628164.65625,1103.4276644864515,exc,1.0,0.0
64,2,0.99,0.005,104202538,1628164.65625,1103.4276644864515,naive,1.0,0.0
64,2,0.99,0.005,104202538,1628164.65625,1103.4276644864515,cdf,0.993,0.007
64,2,0.99,0.005,104202538,1628164.65625,1103.4276644864515,cdf_eb,0.9993333333333333,0.0006666666666666666
64,2,0.99,0.005,104202538,1628164.65625,1103.4276644864515,exc_eb,1.0,0.0
64,2,0.99,0.005,104202538,1628164.65625,1103.4276644864515,binom,1.0,0.0
64,2,0.99,0.005,104202538,1628164.65625,1103.4276644864515,split,1.0,0.0
64,2,0.99,0.005,104202538,1628164.65625,1103.4276644864515,ceiling,,
64,2,0.99,0.005,145435610,2272431.40625,1540.0553437140122,exc_bet,1.0,0.0
64,2,0.99,0.005,145435610,2272431.40625,1540.0553437140122,exc,1.0,0.0
64,2,0.99,0.005,145435610,2272431.40625,1540.0553437140122,naive,1.0,0.0
64,2,0.99,0.005,145435610,2272431.40625,1540.0553437140122,cdf,1.0,0.0
64,2,0.99,0.005,145435610,2272431.40625,1540.0553437140122,cdf_eb,1.0,0.0
64,2,0.99,0.005,145435610,2272431.40625,1540.0553437140122,exc_eb,1.0,0.0
64,2,0.99,0.005,145435610,2272431.40625,1540.0553437140122,binom,1.0,0.0
64,2,0.99,0.005,145435610,2272431.40625,1540.0553437140122,split,1.0,0.0
64,2,0.99,0.005,145435610,2272431.40625,1540.0553437140122,ceiling,,
64,2,0.99,0.005,202984661,3171635.328125,2149.4571505907475,exc_bet,1.0,0.0
64,2,0.99,0.005,202984661,3171635.328125,2149.4571505907475,exc,1.0,0.0
64,2,0.99,0.005,202984661,3171635.328125,2149.4571505907475,naive,1.0,0.0
64,2,0.99,0.005,202984661,3171635.328125,2149.4571505907475,cdf,1.0,0.0
64,2,0.99,0.005,202984661,3171635.328125,2149.4571505907475,cdf_eb,1.0,0.0
64,2,0.99,0.005,202984661,3171635.328125,2149.4571505907475,exc_eb,1.0,0.0
64,2,0.99,0.005,202984661,3171635.328125,2149.4571505907475,binom,1.0,0.0
64,2,0.99,0.005,202984661,3171635.328125,2149.4571505907475,split,1.0,0.0
64,2,0.99,0.005,202984661,3171635.328125,2149.4571505907475,ceiling,,
64,2,0.99,0.005,283305942,4426655.34375,2999.99999919574,exc_bet,1.0,0.0
64,2,0.99,0.005,283305942,4426655.34375,2999.99999919574,exc,1.0,0.0
64,2,0.99,0.005,283305942,4426655.34375,2999.99999919574,naive,1.0,0.0
64,2,0.99,0.005,283305942,4426655.34375,2999.99999919574,cdf,1.0,0.0
64,2,0.99,0.005,283305942,4426655.34375,2999.99999919574,cdf_eb,1.0,0.0
64,2,0.99,0.005,283305942,4426655.34375,2999.99999919574,exc_eb,1.0,0.0
64,2,0.99,0.005,283305942,4426655.34375,2999.99999919574,binom,1.0,0.0
64,2,0.99,0.005,283305942,4426655.34375,2999.99999919574,split,1.0,0.0
64,2,0.99,0.005,283305942,4426655.34375,2999.99999919574,ceiling,,
64,8,0.9,0.05,649,10.140625,0.049952106908937456,exc_bet,0.0,1.0
64,8,0.9,0.05,649,10.140625,0.049952106908937456,exc,0.0,1.0
64,8,0.9,0.05,649,10.140625,0.049952106908937456,naive,0.0,1.0
64,8,0.9,0.05,649,10.140625,0.049952106908937456,cdf,0.0,1.0
64,8,0.9,0.05,649,10.140625,0.049952106908937456,cdf_eb,0.0,1.0
64,8,0.9,0.05,649,10.140625,0.049952106908937456,exc_eb,0.0,1.0
64,8,0.9,0.05,649,10.140625,0.049952106908937456,binom,0.0,1.0
64,8,0.9,0.05,649,10.140625,0.049952106908937456,split,0.0,1.0
64,8,0.9,0.05,649,10.140625,0.049952106908937456,ceiling,0.0373796762774642,
64,8,0.9,0.05,906,14.15625,0.06973283337364766,exc_bet,0.0,1.0
64,8,0.9,0.05,906,14.15625,0.06973283337364766,exc,0.0,1.0
64,8,0.9,0.05,906,14.15625,0.06973283337364766,naive,0.0,1.0
64,8,0.9,0.05,906,14.15625,0.06973283337364766,cdf,0.0,1.0
64,8,0.9,0.05,906,14.15625,0.06973283337364766,cdf_eb,0.0,1.0
64,8,0.9,0.05,906,14.15625,0.06973283337364766,exc_eb,0.0,1.0
64,8,0.9,0.05,906,14.15625,0.06973283337364766,binom,0.0,1.0
64,8,0.9,0.05,906,14.15625,0.06973283337364766,split,0.0,1.0
64,8,0.9,0.05,906,14.15625,0.06973283337364766,ceiling,0.05614407615087676,
64,8,0.9,0.05,1265,19.765625,0.09736427617843742,exc_bet,0.0,1.0
64,8,0.9,0.05,1265,19.765625,0.09736427617843742,exc,0.0,1.0
64,8,0.9,0.05,1265,19.765625,0.09736427617843742,naive,0.0,1.0
64,8,0.9,0.05,1265,19.765625,0.09736427617843742,cdf,0.0,1.0
64,8,0.9,0.05,1265,19.765625,0.09736427617843742,cdf_eb,0.0,1.0
64,8,0.9,0.05,1265,19.765625,0.09736427617843742,exc_eb,0.0,1.0
64,8,0.9,0.05,1265,19.765625,0.09736427617843742,binom,0.0,1.0
64,8,0.9,0.05,1265,19.765625,0.09736427617843742,split,0.0,1.0
64,8,0.9,0.05,1265,19.765625,0.09736427617843742,ceiling,0.0918685164963611,
64,8,0.9,0.05,1766,27.59375,0.13592514761353397,exc_bet,0.0,1.0
64,8,0.9,0.05,1766,27.59375,0.13592514761353397,exc,0.0,1.0
64,8,0.9,0.05,1766,27.59375,0.13592514761353397,naive,0.0,1.0
64,8,0.9,0.05,1766,27.59375,0.13592514761353397,cdf,0.0,1.0
64,8,0.9,0.05,1766,27.59375,0.13592514761353397,cdf_eb,0.0,1.0
64,8,0.9,0.05,1766,27.59375,0.13592514761353397,exc_eb,0.0,1.0
64,8,0.9,0.05,1766,27.59375,0.13592514761353397,binom,0.0,1.0
64,8,0.9,0.05,1766,27.59375,0.13592514761353397,split,0.0,1.0
64,8,0.9,0.05,1766,27.59375,0.13592514761353397,ceiling,0.1572264088022313,
64,8,0.9,0.05,2465,38.515625,0.1897256448852555,exc_bet,0.0,1.0
64,8,0.9,0.05,2465,38.515625,0.1897256448852555,exc,0.0,1.0
64,8,0.9,0.05,2465,38.515625,0.1897256448852555,naive,0.0,1.0
64,8,0.9,0.05,2465,38.515625,0.1897256448852555,cdf,0.0,1.0
64,8,0.9,0.05,2465,38.515625,0.1897256448852555,cdf_eb,0.0,1.0
64,8,0.9,0.05,2465,38.515625,0.1897256448852555,exc_eb,0.0,1.0
64,8,0.9,0.05,2465,38.515625,0.1897256448852555,binom,0.006666666666666667,0.9933333333333333
64,8,0.9,0.05,2465,38.515625,0.1897256448852555,split,0.0,1.0
64,8,0.9,0.05,2465,38.515625,0.1897256448852555,ceiling,0.2627553764767219,
64,8,0.9,0.05,3440,53.75,0.26476925695954523,exc_bet,0.0,1.0
64,8,0.9,0.05,3440,53.75,0.26476925695954523,exc,0.0,1.0
64,8,0.9,0.05,3440,53.75,0.26476925695954523,naive,0.0,1.0
64,8,0.9,0.05,3440,53.75,0.26476925695954523,cdf,0.0,1.0
64,8,0.9,0.05,3440,53.75,0.26476925695954523,cdf_eb,0.0,1.0
64,8,0.9,0.05,3440,53.75,0.26476925695954523,exc_eb,0.0,1.0
64,8,0.9,0.05,3440,53.75,0.26476925695954523,binom,0.047,0.9526666666666667
64,8,0.9,0.05,3440,53.75,0.26476925695954523,split,0.0,1.0
64,8,0.9,0.05,3440,53.75,0.26476925695954523,ceiling,0.3640245857829913,
64,8,0.9,0.05,4801,75.015625,0.36952244263452805,exc_bet,0.0,1.0
64,8,0.9,0.05,4801,75.015625,0.36952244263452805,exc,0.0,1.0
64,8,0.9,0.05,4801,75.015625,0.36952244263452805,naive,0.018,0.982
64,8,0.9,0.05,4801,75.015625,0.36952244263452805,cdf,0.0,1.0
64,8,0.9,0.05,4801,75.015625,0.36952244263452805,cdf_eb,0.0,1.0
64,8,0.9,0.05,4801,75.015625,0.36952244263452805,exc_eb,0.0,1.0
64,8,0.9,0.05,4801,75.015625,0.36952244263452805,binom,0.08633333333333333,0.9136666666666666
64,8,0.9,0.05,4801,75.015625,0.36952244263452805,split,0.0,1.0
64,8,0.9,0.05,4801,75.015625,0.36952244263452805,ceiling,0.47039194346787155,
64,8,0.9,0.05,6702,104.71875,0.5158382442275791,exc_bet,0.005,0.995
64,8,0.9,0.05,6702,104.71875,0.5158382442275791,exc,0.0,1.0
64,8,0.9,0.05,6702,104.71875,0.5158382442275791,naive,0.10866666666666666,0.8913333333333333
64,8,0.9,0.05,6702,104.71875,0.5158382442275791,cdf,0.0,1.0
64,8,0.9,0.05,6702,104.71875,0.5158382442275791,cdf_eb,0.0,1.0
64,8,0.9,0.05,6702,104.71875,0.5158382442275791,exc_eb,0.0,1.0
64,8,0.9,0.05,6702,104.71875,0.5158382442275791,binom,0.185,0.8146666666666667
64,8,0.9,0.05,6702,104.71875,0.5158382442275791,split,0.0,1.0
64,8,0.9,0.05,6702,104.71875,0.5158382442275791,ceiling,0.5977837530607318,
64,8,0.9,0.05,9354,146.15625,0.7199568690696471,exc_bet,0.06766666666666667,0.9323333333333333
64,8,0.9,0.05,9354,146.15625,0.7199568690696471,exc,0.0,1.0
64,8,0.9,0.05,9354,146.15625,0.7199568690696471,naive,0.24766666666666667,0.7516666666666667
64,8,0.9,0.05,9354,146.15625,0.7199568690696471,cdf,0.0,1.0
64,8,0.9,0.05,9354,146.15625,0.7199568690696471,cdf_eb,0.0,1.0
64,8,0.9,0.05,9354,146.15625,0.7199568690696471,exc_eb,0.0,1.0
64,8,0.9,0.05,9354,146.15625,0.7199568690696471,binom,0.30266666666666664,0.697
64,8,0.9,0.05,9354,146.15625,0.7199568690696471,split,0.0,1.0
64,8,0.9,0.05,9354,146.15625,0.7199568690696471,ceiling,0.7345681923595895,
64,8,0.9,0.05,13055,203.984375,1.0048147237229252,exc_bet,0.204,0.796
64,8,0.9,0.05,13055,203.984375,1.0048147237229252,exc,0.0003333333333333333,0.9996666666666667
64,8,0.9,0.05,13055,203.984375,1.0048147237229252,naive,0.43966666666666665,0.5603333333333333
64,8,0.9,0.05,13055,203.984375,1.0048147237229252,cdf,0.0,1.0
64,8,0.9,0.05,13055,203.984375,1.0048147237229252,cdf_eb,0.0,1.0
64,8,0.9,0.05,13055,203.984375,1.0048147237229252,exc_eb,0.0013333333333333333,0.9986666666666667
64,8,0.9,0.05,13055,203.984375,1.0048147237229252,binom,0.502,0.498
64,8,0.9,0.05,13055,203.984375,1.0048147237229252,split,0.0,1.0
64,8,0.9,0.05,13055,203.984375,1.0048147237229252,ceiling,0.8585579041881941,
64,8,0.9,0.05,18221,284.703125,1.4024304160057772,exc_bet,0.44566666666666666,0.5543333333333333
64,8,0.9,0.05,18221,284.703125,1.4024304160057772,exc,0.004,0.996
64,8,0.9,0.05,18221,284.703125,1.4024304160057772,naive,0.6476666666666666,0.35233333333333333
64,8,0.9,0.05,18221,284.703125,1.4024304160057772,cdf,0.0,1.0
64,8,0.9,0.05,18221,284.703125,1.4024304160057772,cdf_eb,0.0,1.0
64,8,0.9,0.05,18221,284.703125,1.4024304160057772,exc_eb,0.014666666666666666,0.9853333333333333
64,8,0.9,0.05,18221,284.703125,1.4024304160057772,binom,0.7056666666666667,0.29433333333333334
64,8,0.9,0.05,18221,284.703125,1.4024304160057772,split,0.0,1.0
64,8,0.9,0.05,18221,284.703125,1.4024304160057772,ceiling,0.9453879036987496,
64,8,0.9,0.05,25431,397.359375,1.9573683063192426,exc_bet,0.658,0.342
64,8,0.9,0.05,25431,397.359375,1.9573683063192426,exc,0.04,0.96
64,8,0.9,0.05,25431,397.359375,1.9573683063192426,naive,0.8496666666666667,0.15033333333333335
64,8,0.9,0.05,25431,397.359375,1.9573683063192426,cdf,0.0003333333333333333,0.9996666666666667
64,8,0.9,0.05,25431,397.359375,1.9573683063192426,cdf_eb,0.0006666666666666666,0.9993333333333333
64,8,0.9,0.05,25431,397.359375,1.9573683063192426,exc_eb,0.067,0.933
64,8,0.9,0.05,25431,397.359375,1.9573683063192426,binom,0.8766666666666667,0.12333333333333334
64,8,0.9,0.05,25431,397.359375,1.9573683063192426,split,0.007333333333333333,0.9926666666666667
64,8,0.9,0.05,25431,397.359375,1.9573683063192426,ceiling,0.9869509184269827,
64,8,0.9,0.05,35495,554.609375,2.7319723185404237,exc_bet,0.839,0.161
64,8,0.9,0.05,35495,554.609375,2.7319723185404237,exc,0.22966666666666666,0.7703333333333333
64,8,0.9,0.05,35495,554.609375,2.7319723185404237,naive,0.9603333333333334,0.03966666666666667
64,8,0.9,0.05,35495,554.609375,2.7319723185404237,cdf,0.0006666666666666666,0.9993333333333333
64,8,0.9,0.05,35495,554.609375,2.7319723185404237,cdf_eb,0.0016666666666666668,0.9983333333333333
64,8,0.9,0.05,35495,554.609375,2.7319723185404237,exc_eb,0.36733333333333335,0.6326666666666667
64,8,0.9,0.05,35495,554.609375,2.7319723185404237,binom,0.9723333333333334,0.027666666666666666
64,8,0.9,0.05,35495,554.609375,2.7319723185404237,split,0.026,0.974
64,8,0.9,0.05,35495,554.609375,2.7319723185404237,ceiling,0.9984645695874805,
64,8,0.9,0.05,49540,774.0625,3.8129851714464738,exc_bet,0.941,0.059
64,8,0.9,0.05,49540,774.0625,3.8129851714464738,exc,0.574,0.426
64,8,0.9,0.05,49540,774.0625,3.8129851714464738,naive,0.9933333333333333,0.006666666666666667
64,8,0.9,0.05,49540,774.0625,3.8129851714464738,cdf,0.0023333333333333335,0.9976666666666667
64,8,0.9,0.05,49540,774.0625,3.8129851714464738,cdf_eb,0.006333333333333333,0.9936666666666667
64,8,0.9,0.05,49540,774.0625,3.8129851714464738,exc_eb,0.6873333333333334,0.31266666666666665
64,8,0.9,0.05,49540,774.0625,3.8129851714464738,binom,0.9963333333333333,0.0036666666666666666
64,8,0.9,0.05,49540,774.0625,3.8129851714464738,split,0.19933333333333333,0.8006666666666666
64,8,0.9,0.05,49540,774.0625,3.8129851714464738,ceiling,0.9999357881097678,
64,8,0.9,0.05,69144,1080.375,5.321862064886859,exc_bet,0.9893333333333333,0.010666666666666666
64,8,0.9,0.05,69144,1080.375,5.321862064886859,exc,0.897,0.103
64,8,0.9,0.05,69144,1080.375,5.321862064886859,naive,1.0,0.0
64,8,0.9,0.05,69144,1080.375,5.321862064886859,cdf,0.0033333333333333335,0.9966666666666667
64,8,0.9,0.05,69144,1080.375,5.321862064886859,cdf_eb,0.011666666666666667,0.9883333333333333
64,8,0.9,0.05,69144,1080.375,5.321862064886859,exc_eb,0.9433333333333334,0.056666666666666664
64,8,0.9,0.05,69144,1080.375,5.321862064886859,binom,1.0,0.0
64,8,0.9,0.05,69144,1080.375,5.321862064886859,split,0.48033333333333333,0.5196666666666667
64,8,0.9,0.05,69144,1080.375,5.321862064886859,ceiling,0.9999994005487125,
64,8,0.9,0.05,96504,1507.875,7.427701271402311,exc_bet,1.0,0.0
64,8,0.9,0.05,96504,1507.875,7.427701271402311,exc,0.991,0.009
64,8,0.9,0.05,96504,1507.875,7.427701271402311,naive,1.0,0.0
64,8,0.9,0.05,96504,1507.875,7.427701271402311,cdf,0.006,0.994
64,8,0.9,0.05,96504,1507.875,7.427701271402311,cdf_eb,0.030666666666666665,0.9693333333333334
64,8,0.9,0.05,96504,1507.875,7.427701271402311,exc_eb,0.9986666666666667,0.0013333333333333333
64,8,0.9,0.05,96504,1507.875,7.427701271402311,binom,1.0,0.0
64,8,0.9,0.05,96504,1507.875,7.427701271402311,split,0.7866666666666666,0.21333333333333335
64,8,0.9,0.05,96504,1507.875,7.427701271402311,ceiling,0.9999999993527886,
64,8,0.9,0.05,134691,2104.546875,10.36687092707503,exc_bet,1.0,0.0
64,8,0.9,0.05,134691,2104.546875,10.36687092707503,exc,0.9996666666666667,0.0003333333333333333
64,8,0.9,0.05,134691,2104.546875,10.36687092707503,naive,1.0,0.0
64,8,0.9,0.05,134691,2104.546875,10.36687092707503,cdf,0.01633333333333333,0.9836666666666667
64,8,0.9,0.05,134691,2104.546875,10.36687092707503,cdf_eb,0.08533333333333333,0.9146666666666666
64,8,0.9,0.05,134691,2104.546875,10.36687092707503,exc_eb,1.0,0.0
64,8,0.9,0.05,134691,2104.546875,10.36687092707503,binom,1.0,0.0
64,8,0.9,0.05,134691,2104.546875,10.36687092707503,split,0.9696666666666667,0.030333333333333334
64,8,0.9,0.05,134691,2104.546875,10.36687092707503,ceiling,0.9999999999999134,
64,8,0.9,0.05,187989,2937.328125,14.469101118188355,exc_bet,1.0,0.0
64,8,0.9,0.05,187989,2937.328125,14.469101118188355,exc,1.0,0.0
64,8,0.9,0.05,187989,2937.328125,14.469101118188355,naive,1.0,0.0
64,8,0.9,0.05,187989,2937.328125,14.469101118188355,cdf,0.043666666666666666,0.9563333333333334
64,8,0.9,0.05,187989,2937.328125,14.469101118188355,cdf_eb,0.194,0.806
64,8,0.9,0.05,187989,2937.328125,14.469101118188355,exc_eb,1.0,0.0
64,8,0.9,0.05,187989,2937.328125,14.469101118188355,binom,1.0,0.0
64,8,0.9,0.05,187989,2937.328125,14.469101118188355,split,0.9996666666666667,0.0003333333333333333
64,8,0.9,0.05,187989,2937.328125,14.469101118188355,ceiling,0.9999999999999114,
64,8,0.9,0.05,262376,4099.625,20.194505396516753,exc_bet,1.0,0.0
64,8,0.9,0.05,262376,4099.625,20.194505396516753,exc,1.0,0.0
64,8,0.9,0.05,262376,4099.625,20.194505396516753,naive,1.0,0.0
64,8,0.9,0.05,262376,4099.625,20.194505396516753,cdf,0.119,0.881
64,8,0.9,0.05,262376,4099.625,20.194505396516753,cdf_eb,0.36466666666666664,0.6353333333333333
64,8,0.9,0.05,262376,4099.625,20.194505396516753,exc_eb,1.0,0.0
64,8,0.9,0.05,262376,4099.625,20.194505396516753,binom,1.0,0.0
64,8,0.9,0.05,262376,4099.625,20.194505396516753,split,1.0,0.0
64,8,0.9,0.05,262376,4099.625,20.194505396516753,ceiling,0.999999999999853,
64,8,0.9,0.05,366199,5721.859375,28.1855340492234,exc_bet,1.0,0.0
64,8,0.9,0.05,366199,5721.859375,28.1855340492234,exc,1.0,0.0
64,8,0.9,0.05,366199,5721.859375,28.1855340492234,naive,1.0,0.0
64,8,0.9,0.05,366199,5721.859375,28.1855340492234,cdf,0.282,0.718
64,8,0.9,0.05,366199,5721.859375,28.1855340492234,cdf_eb,0.6336666666666667,0.36633333333333334
64,8,0.9,0.05,366199,5721.859375,28.1855340492234,exc_eb,1.0,0.0
64,8,0.9,0.05,366199,5721.859375,28.1855340492234,binom,1.0,0.0
64,8,0.9,0.05,366199,5721.859375,28.1855340492234,split,1.0,0.0
64,8,0.9,0.05,366199,5721.859375,28.1855340492234,ceiling,0.9999999999998462,
64,8,0.9,0.05,511105,7986.015625,39.33863112741522,exc_bet,1.0,0.0
64,8,0.9,0.05,511105,7986.015625,39.33863112741522,exc,1.0,0.0
64,8,0.9,0.05,511105,7986.015625,39.33863112741522,naive,1.0,0.0
64,8,0.9,0.05,511105,7986.015625,39.33863112741522,cdf,0.5463333333333333,0.45366666666666666
64,8,0.9,0.05,511105,7986.015625,39.33863112741522,cdf_eb,0.8556666666666667,0.14433333333333334
64,8,0.9,0.05,511105,7986.015625,39.33863112741522,exc_eb,1.0,0.0
64,8,0.9,0.05,511105,7986.015625,39.33863112741522,binom,1.0,0.0
64,8,0.9,0.05,511105,7986.015625,39.33863112741522,split,1.0,0.0
64,8,0.9,0.05,511105,7986.015625,39.33863112741522,ceiling,0.99999999999978,
64,8,0.9,0.05,713349,11146.078125,54.904908338033316,exc_bet,1.0,0.0
64,8,0.9,0.05,713349,11146.078125,54.904908338033316,exc,1.0,0.0
64,8,0.9,0.05,713349,11146.078125,54.904908338033316,naive,1.0,0.0
64,8,0.9,0.05,713349,11146.078125,54.904908338033316,cdf,0.8376666666666667,0.16233333333333333
64,8,0.9,0.05,713349,11146.078125,54.904908338033316,cdf_eb,0.97,0.03
64,8,0.9,0.05,713349,11146.078125,54.904908338033316,exc_eb,1.0,0.0
64,8,0.9,0.05,713349,11146.078125,54.904908338033316,binom,1.0,0.0
64,8,0.9,0.05,713349,11146.078125,54.904908338033316,split,1.0,0.0
64,8,0.9,0.05,713349,11146.078125,54.904908338033316,ceiling,0.9999999999996739,
64,8,0.9,0.05,995623,15556.609375,76.63091916332363,exc_bet,1.0,0.0
64,8,0.9,0.05,995623,15556.609375,76.63091916332363,exc,1.0,0.0
64,8,0.9,0.05,995623,15556.609375,76.63091916332363,naive,1.0,0.0
64,8,0.9,0.05,995623,15556.609375,76.63091916332363,cdf,0.9743333333333334,0.025666666666666667
64,8,0.9,0.05,995623,15556.609375,76.63091916332363,cdf_eb,0.9983333333333333,0.0016666666666666668
64,8,0.9,0.05,995623,15556.609375,76.63091916332363,exc_eb,1.0,0.0
64,8,0.9,0.05,995623,15556.609375,76.63091916332363,binom,1.0,0.0
64,8,0.9,0.05,995623,15556.609375,76.63091916332363,split,1.0,0.0
64,8,0.9,0.05,995623,15556.609375,76.63091916332363,ceiling,,
64,8,0.9,0.05,1389592,21712.375,106.95384922003731,exc_bet,1.0,0.0
64,8,0.9,0.05,1389592,21712.375,106.95384922003731,exc,1.0,0.0
64,8,0.9,0.05,1389592,21712.375,106.95384922003731,naive,1.0,0.0
64,8,0.9,0.05,1389592,21712.375,106.95384922003731,cdf,0.9993333333333333,0.0006666666666666666
64,8,0.9,0.05,1389592,21712.375,106.95384922003731,cdf_eb,1.0,0.0
64,8,0.9,0.05,1389592,21712.375,106.95384922003731,exc_eb,1.0,0.0
64,8,0.9,0.05,1389592,21712.375,106.95384922003731,binom,1.0,0.0
64,8,0.9,0.05,1389592,21712.375,106.95384922003731,split,1.0,0.0
64,8,0.9,0.05,1389592,21712.375,106.95384922003731,ceiling,,
64,8,0.9,0.05,1939456,30304.0,149.2756755888755,exc_bet,1.0,0.0
64,8,0.9,0.05,1939456,30304.0,149.2756755888755,exc,1.0,0.0
64,8,0.9,0.05,1939456,30304.0,149.2756755888755,naive,1.0,0.0
64,8,0.9,0.05,1939456,30304.0,149.2756755888755,cdf,1.0,0.0
64,8,0.9,0.05,1939456,30304.0,149.2756755888755,cdf_eb,1.0,0.0
64,8,0.9,0.05,1939456,30304.0,149.2756755888755,exc_eb,1.0,0.0
64,8,0.9,0.05,1939456,30304.0,149.2756755888755,binom,1.0,0.0
64,8,0.9,0.05,1939456,30304.0,149.2756755888755,split,1.0,0.0
64,8,0.9,0.05,1939456,30304.0,149.2756755888755,ceiling,,
64,8,0.9,0.05,2706901,42295.328125,208.3442344282122,exc_bet,1.0,0.0
64,8,0.9,0.05,2706901,42295.328125,208.3442344282122,exc,1.0,0.0
64,8,0.9,0.05,2706901,42295.328125,208.3442344282122,naive,1.0,0.0
64,8,0.9,0.05,2706901,42295.328125,208.3442344282122,cdf,1.0,0.0
64,8,0.9,0.05,2706901,42295.328125,208.3442344282122,cdf_eb,1.0,0.0
64,8,0.9,0.05,2706901,42295.328125,208.3442344282122,exc_eb,1.0,0.0
64,8,0.9,0.05,2706901,42295.328125,208.3442344282122,binom,1.0,0.0
64,8,0.9,0.05,2706901,42295.328125,208.3442344282122,split,1.0,0.0
64,8,0.9,0.05,2706901,42295.328125,208.3442344282122,ceiling,,
64,8,0.9,0.05,3778025,59031.640625,290.786300007147,exc_bet,1.0,0.0
64,8,0.9,0.05,3778025,59031.640625,290.786300007147,exc,1.0,0.0
64,8,0.9,0.05,3778025,59031.640625,290.786300007147,naive,1.0,0.0
64,8,0.9,0.05,3778025,59031.640625,290.786300007147,cdf,1.0,0.0
64,8,0.9,0.05,3778025,59031.640625,290.786300007147,cdf_eb,1.0,0.0
64,8,0.9,0.05,3778025,59031.640625,290.786300007147,exc_eb,1.0,0.0
64,8,0.9,0.05,3778025,59031.640625,290.786300007147,binom,1.0,0.0
64,8,0.9,0.05,3778025,59031.640625,290.786300007147,split,1.0,0.0
64,8,0.9,0.05,3778025,59031.640625,290.786300007147,ceiling,,
64,8,0.9,0.05,5272995,82390.546875,405.8508628201736,exc_bet,1.0,0.0
64,8,0.9,0.05,5272995,82390.546875,405.8508628201736,exc,1.0,0.0
64,8,0.9,0.05,5272995,82390.546875,405.8508628201736,naive,1.0,0.0
64,8,0.9,0.05,5272995,82390.546875,405.8508628201736,cdf,1.0,0.0
64,8,0.9,0.05,5272995,82390.546875,405.8508628201736,cdf_eb,1.0,0.0
64,8,0.9,0.05,5272995,82390.546875,405.8508628201736,exc_eb,1.0,0.0
64,8,0.9,0.05,5272995,82390.546875,405.8508628201736,binom,1.0,0.0
64,8,0.9,0.05,5272995,82390.546875,405.8508628201736,split,1.0,0.0
64,8,0.9,0.05,5272995,82390.546875,405.8508628201736,ceiling,,
64,8,0.9,0.05,7359525,114992.578125,566.4465016933713,exc_bet,1.0,0.0
64,8,0.9,0.05,7359525,114992.578125,566.4465016933713,exc,1.0,0.0
64,8,0.9,0.05,7359525,114992.578125,566.4465016933713,naive,1.0,0.0
64,8,0.9,0.05,7359525,114992.578125,566.4465016933713,cdf,1.0,0.0
64,8,0.9,0.05,7359525,114992.578125,566.4465016933713,cdf_eb,1.0,0.0
64,8,0.9,0.05,7359525,114992.578125,566.4465016933713,exc_eb,1.0,0.0
64,8,0.9,0.05,7359525,114992.578125,566.4465016933713,binom,1.0,0.0
64,8,0.9,0.05,7359525,114992.578125,566.4465016933713,split,1.0,0.0
64,8,0.9,0.05,7359525,114992.578125,566.4465016933713,ceiling,,
64,8,0.9,0.05,10271699,160495.296875,790.590148820379,exc_bet,1.0,0.0
64,8,0.9,0.05,10271699,160495.296875,790.590148820379,exc,1.0,0.0
64,8,0.9,0.05,10271699,160495.296875,790.590148820379,naive,1.0,0.0
64,8,0.9,0.05,10271699,160495.296875,790.590148820379,cdf,1.0,0.0
64,8,0.9,0.05,10271699,160495.296875,790.590148820379,cdf_eb,1.0,0.0
64,8,0.9,0.05,10271699,160495.296875,790.590148820379,exc_eb,1.0,0.0
64,8,0.9,0.05,10271699,160495.296875,790.590148820379,binom,1.0,0.0
64,8,0.9,0.05,10271699,160495.296875,790.590148820379,split,1.0,0.0
64,8,0.9,0.05,10271699,160495.296875,790.590148820379,ceiling,,
64,8,0.9,0.05,14336223,224003.484375,1103.4276486384715,exc_bet,1.0,0.0
64,8,0.9,0.05,14336223,224003.484375,1103.4276486384715,exc,1.0,0.0
64,8,0.9,0.05,14336223,224003.484375,1103.4276486384715,naive,1.0,0.0
64,8,0.9,0.05,14336223,224003.484375,1103.4276486384715,cdf,1.0,0.0
64,8,0.9,0.05,14336223,224003.484375,1103.4276486384715,cdf_eb,1.0,0.0
64,8,0.9,0.05,14336223,224003.484375,1103.4276486384715,exc_eb,1.0,0.0
64,8,0.9,0.05,14336223,224003.484375,1103.4276486384715,binom,1.0,0.0
64,8,0.9,0.05,14336223,224003.484375,1103.4276486384715,split,1.0,0.0
64,8,0.9,0.05,14336223,224003.484375,1103.4276486384715,ceiling,,
64,8,0.9,0.05,20009084,312641.9375,1540.0553206747456,exc_bet,1.0,0.0
64,8,0.9,0.05,20009084,312641.9375,1540.0553206747456,exc,1.0,0.0
64,8,0.9,0.05,20009084,312641.9375,1540.0553206747456,naive,1.0,0.0
64,8,0.9,0.05,20009084,312641.9375,1540.0553206747456,cdf,1.0,0.0
64,8,0.9,0.05,20009084,312641.9375,1540.0553206747456,cdf_eb,1.0,0.0
64,8,0.9,0.05,20009084,312641.9375,1540.0553206747456,exc_eb,1.0,0.0
64,8,0.9,0.05,20009084,312641.9375,1540.0553206747456,binom,1.0,0.0
64,8,0.9,0.05,20009084,312641.9375,1540.0553206747456,split,1.0,0.0
64,8,0.9,0.05,20009084,312641.9375,1540.0553206747456,ceiling,,
64,8,0.9,0.05,27926703,436354.734375,2149.457093790669,exc_bet,1.0,0.0
64,8,0.9,0.05,27926703,436354.734375,2149.457093790669,exc,1.0,0.0
64,8,0.9,0.05,27926703,436354.734375,2149.457093790669,naive,1.0,0.0
64,8,0.9,0.05,27926703,436354.734375,2149.457093790669,cdf,1.0,0.0
64,8,0.9,0.05,27926703,436354.734375,2149.457093790669,cdf_eb,1.0,0.0
64,8,0.9,0.05,27926703,436354.734375,2149.457093790669,exc_eb,1.0,0.0
64,8,0.9,0.05,27926703,436354.734375,2149.457093790669,binom,1.0,0.0
64,8,0.9,0.05,27926703,436354.734375,2149.457093790669,split,1.0,0.0
64,8,0.9,0.05,27926703,436354.734375,2149.457093790669,ceiling,,
64,8,0.9,0.05,38977334,609020.84375,2999.999930652331,exc_bet,1.0,0.0
64,8,0.9,0.05,38977334,609020.84375,2999.999930652331,exc,1.0,0.0
64,8,0.9,0.05,38977334,609020.84375,2999.999930652331,naive,1.0,0.0
64,8,0.9,0.05,38977334,609020.84375,2999.999930652331,cdf,1.0,0.0
64,8,0.9,0.05,38977334,609020.84375,2999.999930652331,cdf_eb,1.0,0.0
64,8,0.9,0.05,38977334,609020.84375,2999.999930652331,exc_eb,1.0,0.0
64,8,0.9,0.05,38977334,609020.84375,2999.999930652331,binom,1.0,0.0
64,8,0.9,0.05,38977334,609020.84375,2999.999930652331,split,1.0,0.0
64,8,0.9,0.05,38977334,609020.84375,2999.999930652331,ceiling,,
64,8,0.95,0.025,1299,20.296875,0.049990590812565246,exc_bet,0.0,1.0
64,8,0.95,0.025,1299,20.296875,0.049990590812565246,exc,0.0,1.0
64,8,0.95,0.025,1299,20.296875,0.049990590812565246,naive,0.0,1.0
64,8,0.95,0.025,1299,20.296875,0.049990590812565246,cdf,0.0,1.0
64,8,0.95,0.025,1299,20.296875,0.049990590812565246,cdf_eb,0.0,1.0
64,8,0.95,0.025,1299,20.296875,0.049990590812565246,exc_eb,0.0,1.0
64,8,0.95,0.025,1299,20.296875,0.049990590812565246,binom,0.0,1.0
64,8,0.95,0.025,1299,20.296875,0.049990590812565246,split,0.0,1.0
64,8,0.95,0.025,1299,20.296875,0.049990590812565246,ceiling,0.02935793753227026,
64,8,0.95,0.025,1813,28.328125,0.06977131727727544,exc_bet,0.0,1.0
64,8,0.95,0.025,1813,28.328125,0.06977131727727544,exc,0.0,1.0
64,8,0.95,0.025,1813,28.328125,0.06977131727727544,naive,0.0,1.0
64,8,0.95,0.025,1813,28.328125,0.06977131727727544,cdf,0.0,1.0
64,8,0.95,0.025,1813,28.328125,0.06977131727727544,cdf_eb,0.0,1.0
64,8,0.95,0.025,1813,28.328125,0.06977131727727544,exc_eb,0.0,1.0
64,8,0.95,0.025,1813,28.328125,0.06977131727727544,binom,0.0,1.0
64,8,0.95,0.025,1813,28.328125,0.06977131727727544,split,0.0,1.0
64,8,0.95,0.025,1813,28.328125,0.06977131727727544,ceiling,0.04443522117270173,
64,8,0.95,0.025,2530,39.53125,0.09736427617843732,exc_bet,0.0,1.0
64,8,0.95,0.025,2530,39.53125,0.09736427617843732,exc,0.0,1.0
64,8,0.95,0.025,2530,39.53125,0.09736427617843732,naive,0.0,1.0
64,8,0.95,0.025,2530,39.53125,0.09736427617843732,cdf,0.0,1.0
64,8,0.95,0.025,2530,39.53125,0.09736427617843732,cdf_eb,0.0,1.0
64,8,0.95,0.025,2530,39.53125,0.09736427617843732,exc_eb,0.0,1.0
64,8,0.95,0.025,2530,39.53125,0.09736427617843732,binom,0.0,1.0
64,8,0.95,0.025,2530,39.53125,0.09736427617843732,split,0.0,1.0
64,8,0.95,0.025,2530,39.53125,0.09736427617843732,ceiling,0.07464095873021608,
64,8,0.95,0.025,3532,55.1875,0.13592514761353383,exc_bet,0.0,1.0
64,8,0.95,0.025,3532,55.1875,0.13592514761353383,exc,0.0,1.0
64,8,0.95,0.025,3532,55.1875,0.13592514761353383,naive,0.0,1.0
64,8,0.95,0.025,3532,55.1875,0.13592514761353383,cdf,0.0,1.0
64,8,0.95,0.025,3532,55.1875,0.13592514761353383,cdf_eb,0.0,1.0
64,8,0.95,0.025,3532,55.1875,0.13592514761353383,exc_eb,0.0,1.0
64,8,0.95,0.025,3532,55.1875,0.13592514761353383,binom,0.0,1.0
64,8,0.95,0.025,3532,55.1875,0.13592514761353383,split,0.0,1.0
64,8,0.95,0.025,3532,55.1875,0.13592514761353383,ceiling,0.13671545209788366,
64,8,0.95,0.025,4930,77.03125,0.1897256448852553,exc_bet,0.0,1.0
64,8,0.95,0.025,4930,77.03125,0.1897256448852553,exc,0.0,1.0
64,8,0.95,0.025,4930,77.03125,0.1897256448852553,naive,0.0,1.0
64,8,0.95,0.025,4930,77.03125,0.1897256448852553,cdf,0.0,1.0
64,8,0.95,0.025,4930,77.03125,0.1897256448852553,cdf_eb,0.0,1.0
64,8,0.95,0.025,4930,77.03125,0.1897256448852553,exc_eb,0.0,1.0
64,8,0.95,0.025,4930,77.03125,0.1897256448852553,binom,0.001,0.999
64,8,0.95,0.025,4930,77.03125,0.1897256448852553,split,0.0,1.0
64,8,0.95,0.025,4930,77.03125,0.1897256448852553,ceiling,0.2355702127752244,
64,8,0.95,0.025,6881,107.515625,0.26480774086317277,exc_bet,0.0,1.0
64,8,0.95,0.025,6881,107.515625,0.26480774086317277,exc,0.0,1.0
64,8,0.95,0.025,6881,107.515625,0.26480774086317277,naive,0.0,1.0
64,8,0.95,0.025,6881,107.515625,0.26480774086317277,cdf,0.0,1.0
64,8,0.95,0.025,6881,107.515625,0.26480774086317277,cdf_eb,0.0,1.0
64,8,0.95,0.025,6881,107.515625,0.26480774086317277,exc_eb,0.0,1.0
64,8,0.95,0.025,6881,107.515625,0.26480774086317277,binom,0.056,0.943
64,8,0.95,0.025,6881,107.515625,0.26480774086317277,split,0.0,1.0
64,8,0.95,0.025,6881,107.515625,0.26480774086317277,ceiling,0.35056436422897824,
64,8,0.95,0.025,9603,150.046875,0.36956092653815553,exc_bet,0.0,1.0
64,8,0.95,0.025,9603,150.046875,0.36956092653815553,exc,0.0,1.0
64,8,0.95,0.025,9603,150.046875,0.36956092653815553,naive,0.021333333333333333,0.9783333333333334
64,8,0.95,0.025,9603,150.046875,0.36956092653815553,cdf,0.0,1.0
64,8,0.95,0.025,9603,150.046875,0.36956092653815553,cdf_eb,0.0,1.0
64,8,0.95,0.025,9603,150.046875,0.36956092653815553,exc_eb,0.0,1.0
64,8,0.95,0.025,9603,150.046875,0.36956092653815553,binom,0.089,0.9103333333333333
64,8,0.95,0.025,9603,150.046875,0.36956092653815553,split,0.0,1.0
64,8,0.95,0.025,9603,150.046875,0.36956092653815553,ceiling,0.4551495848299803,
64,8,0.95,0.025,13404,209.4375,0.5158382442275785,exc_bet,0.004333333333333333,0.9956666666666667
64,8,0.95,0.025,13404,209.4375,0.5158382442275785,exc,0.0,1.0
64,8,0.95,0.025,13404,209.4375,0.5158382442275785,naive,0.11733333333333333,0.8823333333333333
64,8,0.95,0.025,13404,209.4375,0.5158382442275785,cdf,0.0,1.0
64,8,0.95,0.025,13404,209.4375,0.5158382442275785,cdf_eb,0.0,1.0
64,8,0.95,0.025,13404,209.4375,0.5158382442275785,exc_eb,0.0,1.0
64,8,0.95,0.025,13404,209.4375,0.5158382442275785,binom,0.17466666666666666,0.825
64,8,0.95,0.025,13404,209.4375,0.5158382442275785,split,0.0,1.0
64,8,0.95,0.025,13404,209.4375,0.5158382442275785,ceiling,0.5808347899645732,
64,8,0.95,0.025,18708,292.3125,0.7199568690696464,exc_bet,0.068,0.932
64,8,0.95,0.025,18708,292.3125,0.7199568690696464,exc,0.0,1.0
64,8,0.95,0.025,18708,292.3125,0.7199568690696464,naive,0.25533333333333336,0.7446666666666667
64,8,0.95,0.025,18708,292.3125,0.7199568690696464,cdf,0.0,1.0
64,8,0.95,0.025,18708,292.3125,0.7199568690696464,cdf_eb,0.0,1.0
64,8,0.95,0.025,18708,292.3125,0.7199568690696464,exc_eb,0.001,0.999
64,8,0.95,0.025,18708,292.3125,0.7199568690696464,binom,0.283,0.717
64,8,0.95,0.025,18708,292.3125,0.7199568690696464,split,0.0,1.0
64,8,0.95,0.025,18708,292.3125,0.7199568690696464,ceiling,0.7180575465798142,
64,8,0.95,0.025,26110,407.96875,1.0048147237229241,exc_bet,0.202,0.798
64,8,0.95,0.025,26110,407.96875,1.0048147237229241,exc,0.0003333333333333333,0.9996666666666667
64,8,0.95,0.025,26110,407.96875,1.0048147237229241,naive,0.427,0.573
64,8,0.95,0.025,26110,407.96875,1.0048147237229241,cdf,0.0,1.0
64,8,0.95,0.025,26110,407.96875,1.0048147237229241,cdf_eb,0.0,1.0
64,8,0.95,0.025,26110,407.96875,1.0048147237229241,exc_eb,0.0016666666666666668,0.9983333333333333
64,8,0.95,0.025,26110,407.96875,1.0048147237229241,binom,0.45966666666666667,0.5403333333333333
64,8,0.95,0.025,26110,407.96875,1.0048147237229241,split,0.0,1.0
64,8,0.95,0.025,26110,407.96875,1.0048147237229241,ceiling,0.8454204450625716,
64,8,0.95,0.025,36443,569.421875,1.4024688999094035,exc_bet,0.425,0.575
64,8,0.95,0.025,36443,569.421875,1.4024688999094035,exc,0.004333333333333333,0.9956666666666667
64,8,0.95,0.025,36443,569.421875,1.4024688999094035,naive,0.6346666666666667,0.36533333333333334
64,8,0.95,0.025,36443,569.421875,1.4024688999094035,cdf,0.0,1.0
64,8,0.95,0.025,36443,569.421875,1.4024688999094035,cdf_eb,0.0003333333333333333,0.9996666666666667
64,8,0.95,0.025,36443,569.421875,1.4024688999094035,exc_eb,0.013333333333333334,0.9866666666666667
64,8,0.95,0.025,36443,569.421875,1.4024688999094035,binom,0.6663333333333333,0.33366666666666667
64,8,0.95,0.025,36443,569.421875,1.4024688999094035,split,0.0,1.0
64,8,0.95,0.025,36443,569.421875,1.4024688999094035,ceiling,0.9377477116399887,
64,8,0.95,0.025,50863,794.734375,1.9574067902228685,exc_bet,0.6663333333333333,0.33366666666666667
64,8,0.95,0.025,50863,794.734375,1.9574067902228685,exc,0.036,0.964
64,8,0.95,0.025,50863,794.734375,1.9574067902228685,naive,0.86,0.14
64,8,0.95,0.025,50863,794.734375,1.9574067902228685,cdf,0.0,1.0
64,8,0.95,0.025,50863,794.734375,1.9574067902228685,cdf_eb,0.0003333333333333333,0.9996666666666667
64,8,0.95,0.025,50863,794.734375,1.9574067902228685,exc_eb,0.06333333333333334,0.9366666666666666
64,8,0.95,0.025,50863,794.734375,1.9574067902228685,binom,0.8723333333333333,0.12766666666666668
64,8,0.95,0.025,50863,794.734375,1.9574067902228685,split,0.009333333333333334,0.9906666666666667
64,8,0.95,0.025,50863,794.734375,1.9574067902228685,ceiling,0.9841767641222183,
64,8,0.95,0.025,70990,1109.21875,2.731972318540421,exc_bet,0.8286666666666667,0.17133333333333334
64,8,0.95,0.025,70990,1109.21875,2.731972318540421,exc,0.21533333333333332,0.7846666666666666
64,8,0.95,0.025,70990,1109.21875,2.731972318540421,naive,0.9653333333333334,0.034666666666666665
64,8,0.95,0.025,70990,1109.21875,2.731972318540421,cdf,0.0,1.0
64,8,0.95,0.025,70990,1109.21875,2.731972318540421,cdf_eb,0.0006666666666666666,0.9993333333333333
64,8,0.95,0.025,70990,1109.21875,2.731972318540421,exc_eb,0.35633333333333334,0.6436666666666667
64,8,0.95,0.025,70990,1109.21875,2.731972318540421,binom,0.969,0.031
64,8,0.95,0.025,70990,1109.21875,2.731972318540421,split,0.03,0.97
64,8,0.95,0.025,70990,1109.21875,2.731972318540421,ceiling,0.9979626673558181,
64,8,0.95,0.025,99081,1548.140625,3.813023655350098,exc_bet,0.935,0.065
64,8,0.95,0.025,99081,1548.140625,3.813023655350098,exc,0.562,0.438
64,8,0.95,0.025,99081,1548.140625,3.813023655350098,naive,0.9943333333333333,0.005666666666666667
64,8,0.95,0.025,99081,1548.140625,3.813023655350098,cdf,0.0006666666666666666,0.9993333333333333
64,8,0.95,0.025,99081,1548.140625,3.813023655350098,cdf_eb,0.0013333333333333333,0.9986666666666667
64,8,0.95,0.025,99081,1548.140625,3.813023655350098,exc_eb,0.6783333333333333,0.32166666666666666
64,8,0.95,0.025,99081,1548.140625,3.813023655350098,binom,0.9953333333333333,0.004666666666666667
64,8,0.95,0.025,99081,1548.140625,3.813023655350098,split,0.19233333333333333,0.8076666666666666
64,8,0.95,0.025,99081,1548.140625,3.813023655350098,ceiling,0.9999029910624057,
64,8,0.95,0.025,138288,2160.75,5.3218620648868535,exc_bet,0.9913333333333333,0.008666666666666666
64,8,0.95,0.025,138288,2160.75,5.3218620648868535,exc,0.898,0.102
64,8,0.95,0.025,138288,2160.75,5.3218620648868535,naive,1.0,0.0
64,8,0.95,0.025,138288,2160.75,5.3218620648868535,cdf,0.0006666666666666666,0.9993333333333333
64,8,0.95,0.025,138288,2160.75,5.3218620648868535,cdf_eb,0.004333333333333333,0.9956666666666667
64,8,0.95,0.025,138288,2160.75,5.3218620648868535,exc_eb,0.9506666666666667,0.04933333333333333
64,8,0.95,0.025,138288,2160.75,5.3218620648868535,binom,1.0,0.0
64,8,0.95,0.025,138288,2160.75,5.3218620648868535,split,0.49033333333333334,0.5096666666666667
64,8,0.95,0.025,138288,2160.75,5.3218620648868535,ceiling,0.9999989087528224,
64,8,0.95,0.025,193009,3015.765625,7.427739755305932,exc_bet,1.0,0.0
64,8,0.95,0.025,193009,3015.765625,7.427739755305932,exc,0.9923333333333333,0.007666666666666666
64,8,0.95,0.025,193009,3015.765625,7.427739755305932,naive,1.0,0.0
64,8,0.95,0.025,193009,3015.765625,7.427739755305932,cdf,0.0006666666666666666,0.9993333333333333
64,8,0.95,0.025,193009,3015.765625,7.427739755305932,cdf_eb,0.010333333333333333,0.9896666666666667
64,8,0.95,0.025,193009,3015.765625,7.427739755305932,exc_eb,0.9993333333333333,0.0006666666666666666
64,8,0.95,0.025,193009,3015.765625,7.427739755305932,binom,1.0,0.0
64,8,0.95,0.025,193009,3015.765625,7.427739755305932,split,0.7956666666666666,0.20433333333333334
64,8,0.95,0.025,193009,3015.765625,7.427739755305932,ceiling,0.9999999984631686,
64,8,0.95,0.025,269383,4209.109375,10.366909410978648,exc_bet,1.0,0.0
64,8,0.95,0.025,269383,4209.109375,10.366909410978648,exc,1.0,0.0
64,8,0.95,0.025,269383,4209.109375,10.366909410978648,naive,1.0,0.0
64,8,0.95,0.025,269383,4209.109375,10.366909410978648,cdf,0.004333333333333333,0.9956666666666667
64,8,0.95,0.025,269383,4209.109375,10.366909410978648,cdf_eb,0.025333333333333333,0.9746666666666667
64,8,0.95,0.025,269383,4209.109375,10.366909410978648,exc_eb,1.0,0.0
64,8,0.95,0.025,269383,4209.109375,10.366909410978648,binom,1.0,0.0
64,8,0.95,0.025,269383,4209.109375,10.366909410978648,split,0.9686666666666667,0.03133333333333333
64,8,0.95,0.025,269383,4209.109375,10.366909410978648,ceiling,0.9999999999998112,
64,8,0.95,0.025,375978,5874.65625,14.469101118188341,exc_bet,1.0,0.0
64,8,0.95,0.025,375978,5874.65625,14.469101118188341,exc,1.0,0.0
64,8,0.95,0.025,375978,5874.65625,14.469101118188341,naive,1.0,0.0
64,8,0.95,0.025,375978,5874.65625,14.469101118188341,cdf,0.006,0.994
64,8,0.95,0.025,375978,5874.65625,14.469101118188341,cdf_eb,0.042,0.958
64,8,0.95,0.025,375978,5874.65625,14.469101118188341,exc_eb,1.0,0.0
64,8,0.95,0.025,375978,5874.65625,14.469101118188341,binom,1.0,0.0
64,8,0.95,0.025,375978,5874.65625,14.469101118188341,split,0.9993333333333333,0.0006666666666666666
64,8,0.95,0.025,375978,5874.65625,14.469101118188341,ceiling,0.9999999999998935,
64,8,0.95,0.025,524753,8199.265625,20.194543880420362,exc_bet,1.0,0.0
64,8,0.95,0.025,524753,8199.265625,20.194543880420362,exc,1.0,0.0
64,8,0.95,0.025,524753,8199.265625,20.194543880420362,naive,1.0,0.0
64,8,0.95,0.025,524753,8199.265625,20.194543880420362,cdf,0.017666666666666667,0.9823333333333333
64,8,0.95,0.025,524753,8199.265625,20.194543880420362,cdf_eb,0.098,0.902
64,8,0.95,0.025,524753,8199.265625,20.194543880420362,exc_eb,1.0,0.0
64,8,0.95,0.025,524753,8199.265625,20.194543880420362,binom,1.0,0.0
64,8,0.95,0.025,524753,8199.265625,20.194543880420362,split,1.0,0.0
64,8,0.95,0.025,524753,8199.265625,20.194543880420362,ceiling,0.9999999999998301,
64,8,0.95,0.025,732398,11443.71875,28.185534049223374,exc_bet,1.0,0.0
64,8,0.95,0.025,732398,11443.71875,28.185534049223374,exc,1.0,0.0
64,8,0.95,0.025,732398,11443.71875,28.185534049223374,naive,1.0,0.0
64,8,0.95,0.025,732398,11443.71875,28.185534049223374,cdf,0.049,0.951
64,8,0.95,0.025,732398,11443.71875,28.185534049223374,cdf_eb,0.205,0.795
64,8,0.95,0.025,732398,11443.71875,28.185534049223374,exc_eb,1.0,0.0
64,8,0.95,0.025,732398,11443.71875,28.185534049223374,binom,1.0,0.0
64,8,0.95,0.025,732398,11443.71875,28.185534049223374,split,1.0,0.0
64,8,0.95,0.025,732398,11443.71875,28.185534049223374,ceiling,0.9999999999997596,
64,8,0.95,0.025,1022210,15972.03125,39.338631127415184,exc_bet,1.0,0.0
64,8,0.95,0.025,1022210,15972.03125,39.338631127415184,exc,1.0,0.0
64,8,0.95,0.025,1022210,15972.03125,39.338631127415184,naive,1.0,0.0
64,8,0.95,0.025,1022210,15972.03125,39.338631127415184,cdf,0.11833333333333333,0.8816666666666667
64,8,0.95,0.025,1022210,15972.03125,39.338631127415184,cdf_eb,0.39966666666666667,0.6003333333333334
64,8,0.95,0.025,1022210,15972.03125,39.338631127415184,exc_eb,1.0,0.0
64,8,0.95,0.025,1022210,15972.03125,39.338631127415184,binom,1.0,0.0
64,8,0.95,0.025,1022210,15972.03125,39.338631127415184,split,1.0,0.0
64,8,0.95,0.025,1022210,15972.03125,39.338631127415184,ceiling,0.9999999999996773,
64,8,0.95,0.025,1426699,22292.171875,54.904946821936896,exc_bet,1.0,0.0
64,8,0.95,0.025,1426699,22292.171875,54.904946821936896,exc,1.0,0.0
64,8,0.95,0.025,1426699,22292.171875,54.904946821936896,naive,1.0,0.0
64,8,0.95,0.025,1426699,22292.171875,54.904946821936896,cdf,0.279,0.721
64,8,0.95,0.025,1426699,22292.171875,54.904946821936896,cdf_eb,0.6236666666666667,0.37633333333333335
64,8,0.95,0.025,1426699,22292.171875,54.904946821936896,exc_eb,1.0,0.0
64,8,0.95,0.025,1426699,22292.171875,54.904946821936896,binom,1.0,0.0
64,8,0.95,0.025,1426699,22292.171875,54.904946821936896,split,1.0,0.0
64,8,0.95,0.025,1426699,22292.171875,54.904946821936896,ceiling,0.9999999999995174,
64,8,0.95,0.025,1991246,31113.21875,76.63091916332355,exc_bet,1.0,0.0
64,8,0.95,0.025,1991246,31113.21875,76.63091916332355,exc,1.0,0.0
64,8,0.95,0.025,1991246,31113.21875,76.63091916332355,naive,1.0,0.0
64,8,0.95,0.025,1991246,31113.21875,76.63091916332355,cdf,0.5223333333333333,0.4776666666666667
64,8,0.95,0.025,1991246,31113.21875,76.63091916332355,cdf_eb,0.8496666666666667,0.15033333333333335
64,8,0.95,0.025,1991246,31113.21875,76.63091916332355,exc_eb,1.0,0.0
64,8,0.95,0.025,1991246,31113.21875,76.63091916332355,binom,1.0,0.0
64,8,0.95,0.025,1991246,31113.21875,76.63091916332355,split,1.0,0.0
64,8,0.95,0.025,1991246,31113.21875,76.63091916332355,ceiling,,
64,8,0.95,0.025,2779185,43424.765625,106.95388770394084,exc_bet,1.0,0.0
64,8,0.95,0.025,2779185,43424.765625,106.95388770394084,exc,1.0,0.0
64,8,0.95,0.025,2779185,43424.765625,106.95388770394084,naive,1.0,0.0
64,8,0.95,0.025,2779185,43424.765625,106.95388770394084,cdf,0.8243333333333334,0.17566666666666667
64,8,0.95,0.025,2779185,43424.765625,106.95388770394084,cdf_eb,0.97,0.03
64,8,0.95,0.025,2779185,43424.765625,106.95388770394084,exc_eb,1.0,0.0
64,8,0.95,0.025,2779185,43424.765625,106.95388770394084,binom,0.999,0.001
64,8,0.95,0.025,2779185,43424.765625,106.95388770394084,split,1.0,0.0
64,8,0.95,0.025,2779185,43424.765625,106.95388770394084,ceiling,,
64,8,0.95,0.025,3878912,60608.0,149.27567558887534,exc_bet,1.0,0.0
64,8,0.95,0.025,3878912,60608.0,149.27567558887534,exc,1.0,0.0
64,8,0.95,0.025,3878912,60608.0,149.27567558887534,naive,1.0,0.0
64,8,0.95,0.025,3878912,60608.0,149.27567558887534,cdf,0.969,0.031
64,8,0.95,0.025,3878912,60608.0,149.27567558887534,cdf_eb,0.997,0.003
64,8,0.95,0.025,3878912,60608.0,149.27567558887534,exc_eb,1.0,0.0
64,8,0.95,0.025,3878912,60608.0,149.27567558887534,binom,1.0,0.0
64,8,0.95,0.025,3878912,60608.0,149.27567558887534,split,1.0,0.0
64,8,0.95,0.025,3878912,60608.0,149.27567558887534,ceiling,,
64,8,0.95,0.025,5413802,84590.65625,208.34423442821196,exc_bet,1.0,0.0
64,8,0.95,0.025,5413802,84590.65625,208.34423442821196,exc,1.0,0.0
64,8,0.95,0.025,5413802,84590.65625,208.34423442821196,naive,1.0,0.0
64,8,0.95,0.025,5413802,84590.65625,208.34423442821196,cdf,0.998,0.002
64,8,0.95,0.025,5413802,84590.65625,208.34423442821196,cdf_eb,0.9996666666666667,0.0003333333333333333
64,8,0.95,0.025,5413802,84590.65625,208.34423442821196,exc_eb,1.0,0.0
64,8,0.95,0.025,5413802,84590.65625,208.34423442821196,binom,1.0,0.0
64,8,0.95,0.025,5413802,84590.65625,208.34423442821196,split,1.0,0.0
64,8,0.95,0.025,5413802,84590.65625,208.34423442821196,ceiling,,
64,8,0.95,0.025,7556051,118063.296875,290.7863384910504,exc_bet,1.0,0.0
64,8,0.95,0.025,7556051,118063.296875,290.7863384910504,exc,1.0,0.0
64,8,0.95,0.025,7556051,118063.296875,290.7863384910504,naive,1.0,0.0
64,8,0.95,0.025,7556051,118063.296875,290.7863384910504,cdf,1.0,0.0
64,8,0.95,0.025,7556051,118063.296875,290.7863384910504,cdf_eb,1.0,0.0
64,8,0.95,0.025,7556051,118063.296875,290.7863384910504,exc_eb,1.0,0.0
64,8,0.95,0.025,7556051,118063.296875,290.7863384910504,binom,1.0,0.0
64,8,0.95,0.025,7556051,118063.296875,290.7863384910504,split,1.0,0.0
64,8,0.95,0.025,7556051,118063.296875,290.7863384910504,ceiling,,
64,8,0.95,0.025,10545990,164781.09375,405.8508628201732,exc_bet,1.0,0.0
64,8,0.95,0.025,10545990,164781.09375,405.8508628201732,exc,1.0,0.0
64,8,0.95,0.025,10545990,164781.09375,405.8508628201732,naive,1.0,0.0
64,8,0.95,0.025,10545990,164781.09375,405.8508628201732,cdf,1.0,0.0
64,8,0.95,0.025,10545990,164781.09375,405.8508628201732,cdf_eb,1.0,0.0
64,8,0.95,0.025,10545990,164781.09375,405.8508628201732,exc_eb,1.0,0.0
64,8,0.95,0.025,10545990,164781.09375,405.8508628201732,binom,1.0,0.0
64,8,0.95,0.025,10545990,164781.09375,405.8508628201732,split,1.0,0.0
64,8,0.95,0.025,10545990,164781.09375,405.8508628201732,ceiling,,
64,8,0.95,0.025,14719051,229985.171875,566.4465401772743,exc_bet,1.0,0.0
64,8,0.95,0.025,14719051,229985.171875,566.4465401772743,exc,1.0,0.0
64,8,0.95,0.025,14719051,229985.171875,566.4465401772743,naive,1.0,0.0
64,8,0.95,0.025,14719051,229985.171875,566.4465401772743,cdf,1.0,0.0
64,8,0.95,0.025,14719051,229985.171875,566.4465401772743,cdf_eb,1.0,0.0
64,8,0.95,0.025,14719051,229985.171875,566.4465401772743,exc_eb,1.0,0.0
64,8,0.95,0.025,14719051,229985.171875,566.4465401772743,binom,1.0,0.0
64,8,0.95,0.025,14719051,229985.171875,566.4465401772743,split,1.0,0.0
64,8,0.95,0.025,14719051,229985.171875,566.4465401772743,ceiling,,
64,8,0.95,0.025,20543398,320990.59375,790.5901488203782,exc_bet,1.0,0.0
64,8,0.95,0.025,20543398,320990.59375,790.5901488203782,exc,1.0,0.0
64,8,0.95,0.025,20543398,320990.59375,790.5901488203782,naive,1.0,0.0
64,8,0.95,0.025,20543398,320990.59375,790.5901488203782,cdf,1.0,0.0
64,8,0.95,0.025,20543398,320990.59375,790.5901488203782,cdf_eb,1.0,0.0
64,8,0.95,0.025,20543398,320990.59375,790.5901488203782,exc_eb,1.0,0.0
64,8,0.95,0.025,20543398,320990.59375,790.5901488203782,binom,1.0,0.0
64,8,0.95,0.025,20543398,320990.59375,790.5901488203782,split,1.0,0.0
64,8,0.95,0.025,20543398,320990.59375,790.5901488203782,ceiling,,
64,8,0.95,0.025,28672446,448006.96875,1103.4276486384704,exc_bet,1.0,0.0
64,8,0.95,0.025,28672446,448006.96875,1103.4276486384704,exc,1.0,0.0
64,8,0.95,0.025,28672446,448006.96875,1103.4276486384704,naive,1.0,0.0
64,8,0.95,0.025,28672446,448006.96875,1103.4276486384704,cdf,1.0,0.0
64,8,0.95,0.025,28672446,448006.96875,1103.4276486384704,cdf_eb,1.0,0.0
64,8,0.95,0.025,28672446,448006.96875,1103.4276486384704,exc_eb,1.0,0.0
64,8,0.95,0.025,28672446,448006.96875,1103.4276486384704,binom,1.0,0.0
64,8,0.95,0.025,28672446,448006.96875,1103.4276486384704,split,1.0,0.0
64,8,0.95,0.025,28672446,448006.96875,1103.4276486384704,ceiling,,
64,8,0.95,0.025,40018168,625283.875,1540.055320674744,exc_bet,1.0,0.0
64,8,0.95,0.025,40018168,625283.875,1540.055320674744,exc,1.0,0.0
64,8,0.95,0.025,40018168,625283.875,1540.055320674744,naive,1.0,0.0
64,8,0.95,0.025,40018168,625283.875,1540.055320674744,cdf,1.0,0.0
64,8,0.95,0.025,40018168,625283.875,1540.055320674744,cdf_eb,1.0,0.0
64,8,0.95,0.025,40018168,625283.875,1540.055320674744,exc_eb,1.0,0.0
64,8,0.95,0.025,40018168,625283.875,1540.055320674744,binom,1.0,0.0
64,8,0.95,0.025,40018168,625283.875,1540.055320674744,split,1.0,0.0
64,8,0.95,0.025,40018168,625283.875,1540.055320674744,ceiling,,
64,8,0.95,0.025,55853407,872709.484375,2149.4571322745705,exc_bet,1.0,0.0
64,8,0.95,0.025,55853407,872709.484375,2149.4571322745705,exc,1.0,0.0
64,8,0.95,0.025,55853407,872709.484375,2149.4571322745705,naive,1.0,0.0
64,8,0.95,0.025,55853407,872709.484375,2149.4571322745705,cdf,1.0,0.0
64,8,0.95,0.025,55853407,872709.484375,2149.4571322745705,cdf_eb,1.0,0.0
64,8,0.95,0.025,55853407,872709.484375,2149.4571322745705,exc_eb,1.0,0.0
64,8,0.95,0.025,55853407,872709.484375,2149.4571322745705,binom,1.0,0.0
64,8,0.95,0.025,55853407,872709.484375,2149.4571322745705,split,1.0,0.0
64,8,0.95,0.025,55853407,872709.484375,2149.4571322745705,ceiling,,
64,8,0.95,0.025,77954669,1218041.703125,2999.9999691362314,exc_bet,1.0,0.0
64,8,0.95,0.025,77954669,1218041.703125,2999.9999691362314,exc,1.0,0.0
64,8,0.95,0.025,77954669,1218041.703125,2999.9999691362314,naive,1.0,0.0
64,8,0.95,0.025,77954669,1218041.703125,2999.9999691362314,cdf,1.0,0.0
64,8,0.95,0.025,77954669,1218041.703125,2999.9999691362314,cdf_eb,1.0,0.0
64,8,0.95,0.025,77954669,1218041.703125,2999.9999691362314,exc_eb,1.0,0.0
64,8,0.95,0.025,77954669,1218041.703125,2999.9999691362314,binom,1.0,0.0
64,8,0.95,0.025,77954669,1218041.703125,2999.9999691362314,split,1.0,0.0
64,8,0.95,0.025,77954669,1218041.703125,2999.9999691362314,ceiling,,
64,8,0.99,0.005,6496,101.5,0.0499982875932908,exc_bet,0.0,1.0
64,8,0.99,0.005,6496,101.5,0.0499982875932908,exc,0.0,1.0
64,8,0.99,0.005,6496,101.5,0.0499982875932908,naive,0.0,1.0
64,8,0.99,0.005,6496,101.5,0.0499982875932908,cdf,0.0,1.0
64,8,0.99,0.005,6496,101.5,0.0499982875932908,cdf_eb,0.0,1.0
64,8,0.99,0.005,6496,101.5,0.0499982875932908,exc_eb,0.0,1.0
64,8,0.99,0.005,6496,101.5,0.0499982875932908,binom,0.0,1.0
64,8,0.99,0.005,6496,101.5,0.0499982875932908,split,0.0,1.0
64,8,0.99,0.005,6496,101.5,0.0499982875932908,ceiling,0.021744873230750313,
64,8,0.99,0.005,9066,141.65625,0.069779014058001,exc_bet,0.0,1.0
64,8,0.99,0.005,9066,141.65625,0.069779014058001,exc,0.0,1.0
64,8,0.99,0.005,9066,141.65625,0.069779014058001,naive,0.0,1.0
64,8,0.99,0.005,9066,141.65625,0.069779014058001,cdf,0.0,1.0
64,8,0.99,0.005,9066,141.65625,0.069779014058001,cdf_eb,0.0,1.0
64,8,0.99,0.005,9066,141.65625,0.069779014058001,exc_eb,0.0,1.0
64,8,0.99,0.005,9066,141.65625,0.069779014058001,binom,0.0,1.0
64,8,0.99,0.005,9066,141.65625,0.069779014058001,split,0.0,1.0
64,8,0.99,0.005,9066,141.65625,0.069779014058001,ceiling,0.032807507700006844,
64,8,0.99,0.005,12654,197.71875,0.09739506330133957,exc_bet,0.0,1.0
64,8,0.99,0.005,12654,197.71875,0.09739506330133957,exc,0.0,1.0
64,8,0.99,0.005,12654,197.71875,0.09739506330133957,naive,0.0,1.0
64,8,0.99,0.005,12654,197.71875,0.09739506330133957,cdf,0.0,1.0
64,8,0.99,0.005,12654,197.71875,0.09739506330133957,cdf_eb,0.0,1.0
64,8,0.99,0.005,12654,197.71875,0.09739506330133957,exc_eb,0.0,1.0
64,8,0.99,0.005,12654,197.71875,0.09739506330133957,binom,0.0,1.0
64,8,0.99,0.005,12654,197.71875,0.09739506330133957,split,0.0,1.0
64,8,0.99,0.005,12654,197.71875,0.09739506330133957,ceiling,0.05669650575422325,
64,8,0.99,0.005,17661,275.953125,0.13593284439425937,exc_bet,0.0,1.0
64,8,0.99,0.005,17661,275.953125,0.13593284439425937,exc,0.0,1.0
64,8,0.99,0.005,17661,275.953125,0.13593284439425937,naive,0.0,1.0
64,8,0.99,0.005,17661,275.953125,0.13593284439425937,cdf,0.0,1.0
64,8,0.99,0.005,17661,275.953125,0.13593284439425937,cdf_eb,0.0,1.0
64,8,0.99,0.005,17661,275.953125,0.13593284439425937,exc_eb,0.0,1.0
64,8,0.99,0.005,17661,275.953125,0.13593284439425937,binom,0.0,1.0
64,8,0.99,0.005,17661,275.953125,0.13593284439425937,split,0.0,1.0
64,8,0.99,0.005,17661,275.953125,0.13593284439425937,ceiling,0.1150863622358131,
64,8,0.99,0.005,24650,385.15625,0.18972564488525528,exc_bet,0.0,1.0
64,8,0.99,0.005,24650,385.15625,0.18972564488525528,exc,0.0,1.0
64,8,0.99,0.005,24650,385.15625,0.18972564488525528,naive,0.0,1.0
64,8,0.99,0.005,24650,385.15625,0.18972564488525528,cdf,0.0,1.0
64,8,0.99,0.005,24650,385.15625,0.18972564488525528,cdf_eb,0.0,1.0
64,8,0.99,0.005,24650,385.15625,0.18972564488525528,exc_eb,0.0,1.0
64,8,0.99,0.005,24650,385.15625,0.18972564488525528,binom,0.0,1.0
64,8,0.99,0.005,24650,385.15625,0.18972564488525528,split,0.0,1.0
64,8,0.99,0.005,24650,385.15625,0.18972564488525528,ceiling,0.2108965337814856,
64,8,0.99,0.005,34405,537.578125,0.2648077408631727,exc_bet,0.0,1.0
64,8,0.99,0.005,34405,537.578125,0.2648077408631727,exc,0.0,1.0
64,8,0.99,0.005,34405,537.578125,0.2648077408631727,naive,0.0,1.0
64,8,0.99,0.005,34405,537.578125,0.2648077408631727,cdf,0.0,1.0
64,8,0.99,0.005,34405,537.578125,0.2648077408631727,cdf_eb,0.0,1.0
64,8,0.99,0.005,34405,537.578125,0.2648077408631727,exc_eb,0.0,1.0
64,8,0.99,0.005,34405,537.578125,0.2648077408631727,binom,0.05633333333333333,0.9416666666666667
64,8,0.99,0.005,34405,537.578125,0.2648077408631727,split,0.0,1.0
64,8,0.99,0.005,34405,537.578125,0.2648077408631727,ceiling,0.3364969560599884,
64,8,0.99,0.005,48019,750.296875,0.36959171366105775,exc_bet,0.0,1.0
64,8,0.99,0.005,48019,750.296875,0.36959171366105775,exc,0.0,1.0
64,8,0.99,0.005,48019,750.296875,0.36959171366105775,naive,0.02,0.98
64,8,0.99,0.005,48019,750.296875,0.36959171366105775,cdf,0.0,1.0
64,8,0.99,0.005,48019,750.296875,0.36959171366105775,cdf_eb,0.0,1.0
64,8,0.99,0.005,48019,750.296875,0.36959171366105775,exc_eb,0.0,1.0
64,8,0.99,0.005,48019,750.296875,0.36959171366105775,binom,0.10333333333333333,0.8956666666666667
64,8,0.99,0.005,48019,750.296875,0.36959171366105775,split,0.0,1.0
64,8,0.99,0.005,48019,750.296875,0.36959171366105775,ceiling,0.443578934333091,
64,8,0.99,0.005,67020,1047.1875,0.5158382442275784,exc_bet,0.0036666666666666666,0.9963333333333333
64,8,0.99,0.005,67020,1047.1875,0.5158382442275784,exc,0.0,1.0
64,8,0.99,0.005,67020,1047.1875,0.5158382442275784,naive,0.12,0.88
64,8,0.99,0.005,67020,1047.1875,0.5158382442275784,cdf,0.0,1.0
64,8,0.99,0.005,67020,1047.1875,0.5158382442275784,cdf_eb,0.0,1.0
64,8,0.99,0.005,67020,1047.1875,0.5158382442275784,exc_eb,0.0,1.0
64,8,0.99,0.005,67020,1047.1875,0.5158382442275784,binom,0.15533333333333332,0.8446666666666667
64,8,0.99,0.005,67020,1047.1875,0.5158382442275784,split,0.0,1.0
64,8,0.99,0.005,67020,1047.1875,0.5158382442275784,ceiling,0.5697619660744593,
64,8,0.99,0.005,93540,1461.5625,0.7199568690696462,exc_bet,0.07166666666666667,0.9283333333333333
64,8,0.99,0.005,93540,1461.5625,0.7199568690696462,exc,0.0,1.0
64,8,0.99,0.005,93540,1461.5625,0.7199568690696462,naive,0.25966666666666666,0.7403333333333333
64,8,0.99,0.005,93540,1461.5625,0.7199568690696462,cdf,0.0,1.0
64,8,0.99,0.005,93540,1461.5625,0.7199568690696462,cdf_eb,0.0,1.0
64,8,0.99,0.005,93540,1461.5625,0.7199568690696462,exc_eb,0.0006666666666666666,0.9993333333333333
64,8,0.99,0.005,93540,1461.5625,0.7199568690696462,binom,0.2653333333333333,0.7346666666666667
64,8,0.99,0.005,93540,1461.5625,0.7199568690696462,split,0.0,1.0
64,8,0.99,0.005,93540,1461.5625,0.7199568690696462,ceiling,0.7055778490619306,
64,8,0.99,0.005,130554,2039.90625,1.0048455108458263,exc_bet,0.19,0.81
64,8,0.99,0.005,130554,2039.90625,1.0048455108458263,exc,0.0003333333333333333,0.9996666666666667
64,8,0.99,0.005,130554,2039.90625,1.0048455108458263,naive,0.419,0.581
64,8,0.99,0.005,130554,2039.90625,1.0048455108458263,cdf,0.0,1.0
64,8,0.99,0.005,130554,2039.90625,1.0048455108458263,cdf_eb,0.0,1.0
64,8,0.99,0.005,130554,2039.90625,1.0048455108458263,exc_eb,0.0016666666666666668,0.9983333333333333
64,8,0.99,0.005,130554,2039.90625,1.0048455108458263,binom,0.43066666666666664,0.5693333333333334
64,8,0.99,0.005,130554,2039.90625,1.0048455108458263,split,0.0,1.0
64,8,0.99,0.005,130554,2039.90625,1.0048455108458263,ceiling,0.8349194726951853,
64,8,0.99,0.005,182215,2847.109375,1.4024688999094033,exc_bet,0.4493333333333333,0.5506666666666666
64,8,0.99,0.005,182215,2847.109375,1.4024688999094033,exc,0.005666666666666667,0.9943333333333333
64,8,0.99,0.005,182215,2847.109375,1.4024688999094033,naive,0.639,0.361
64,8,0.99,0.005,182215,2847.109375,1.4024688999094033,cdf,0.0,1.0
64,8,0.99,0.005,182215,2847.109375,1.4024688999094033,cdf_eb,0.0006666666666666666,0.9993333333333333
64,8,0.99,0.005,182215,2847.109375,1.4024688999094033,exc_eb,0.016,0.984
64,8,0.99,0.005,182215,2847.109375,1.4024688999094033,binom,0.646,0.354
64,8,0.99,0.005,182215,2847.109375,1.4024688999094033,split,0.0,1.0
64,8,0.99,0.005,182215,2847.109375,1.4024688999094033,ceiling,0.9313211409527777,
64,8,0.99,0.005,254318,3973.71875,1.9574298805650447,exc_bet,0.654,0.346
64,8,0.99,0.005,254318,3973.71875,1.9574298805650447,exc,0.03933333333333333,0.9606666666666667
64,8,0.99,0.005,254318,3973.71875,1.9574298805650447,naive,0.853,0.147
64,8,0.99,0.005,254318,3973.71875,1.9574298805650447,cdf,0.0003333333333333333,0.9996666666666667
64,8,0.99,0.005,254318,3973.71875,1.9574298805650447,cdf_eb,0.0003333333333333333,0.9986666666666667
64,8,0.99,0.005,254318,3973.71875,1.9574298805650447,exc_eb,0.069,0.931
64,8,0.99,0.005,254318,3973.71875,1.9574298805650447,binom,0.8536666666666667,0.14633333333333334
64,8,0.99,0.005,254318,3973.71875,1.9574298805650447,split,0.007333333333333333,0.9926666666666667
64,8,0.99,0.005,254318,3973.71875,1.9574298805650447,ceiling,0.9817392600607725,
64,8,0.99,0.005,354952,5546.125,2.7319877121018714,exc_bet,0.821,0.179
64,8,0.99,0.005,354952,5546.125,2.7319877121018714,exc,0.21733333333333332,0.7826666666666666
64,8,0.99,0.005,354952,5546.125,2.7319877121018714,naive,0.963,0.037
64,8,0.99,0.005,354952,5546.125,2.7319877121018714,cdf,0.0003333333333333333,0.9996666666666667
64,8,0.99,0.005,354952,5546.125,2.7319877121018714,cdf_eb,0.0006666666666666666,0.9993333333333333
64,8,0.99,0.005,354952,5546.125,2.7319877121018714,exc_eb,0.3476666666666667,0.6523333333333333
64,8,0.99,0.005,354952,5546.125,2.7319877121018714,binom,0.963,0.037
64,8,0.99,0.005,354952,5546.125,2.7319877121018714,split,0.027333333333333334,0.9726666666666667
64,8,0.99,0.005,354952,5546.125,2.7319877121018714,ceiling,0.9974851670811568,
64,8,0.99,0.005,495407,7740.734375,3.813039048911548,exc_bet,0.9426666666666667,0.05733333333333333
64,8,0.99,0.005,495407,7740.734375,3.813039048911548,exc,0.5443333333333333,0.45566666666666666
64,8,0.99,0.005,495407,7740.734375,3.813039048911548,naive,0.995,0.005
64,8,0.99,0.005,495407,7740.734375,3.813039048911548,cdf,0.0003333333333333333,0.9996666666666667
64,8,0.99,0.005,495407,7740.734375,3.813039048911548,cdf_eb,0.0016666666666666668,0.9983333333333333
64,8,0.99,0.005,495407,7740.734375,3.813039048911548,exc_eb,0.6753333333333333,0.32466666666666666
64,8,0.99,0.005,495407,7740.734375,3.813039048911548,binom,0.9963333333333333,0.0036666666666666666
64,8,0.99,0.005,495407,7740.734375,3.813039048911548,split,0.18533333333333332,0.8146666666666667
64,8,0.99,0.005,495407,7740.734375,3.813039048911548,ceiling,0.9998680327270564,
64,8,0.99,0.005,691441,10803.765625,5.321869761667577,exc_bet,0.9933333333333333,0.006666666666666667
64,8,0.99,0.005,691441,10803.765625,5.321869761667577,exc,0.9033333333333333,0.09666666666666666
64,8,0.99,0.005,691441,10803.765625,5.321869761667577,naive,1.0,0.0
64,8,0.99,0.005,691441,10803.765625,5.321869761667577,cdf,0.0,1.0
64,8,0.99,0.005,691441,10803.765625,5.321869761667577,cdf_eb,0.0006666666666666666,0.9993333333333333
64,8,0.99,0.005,691441,10803.765625,5.321869761667577,exc_eb,0.955,0.045
64,8,0.99,0.005,691441,10803.765625,5.321869761667577,binom,1.0,0.0
64,8,0.99,0.005,691441,10803.765625,5.321869761667577,split,0.46066666666666667,0.5393333333333333
64,8,0.99,0.005,691441,10803.765625,5.321869761667577,ceiling,0.9999982933356023,
64,8,0.99,0.005,965045,15078.828125,7.42773975530593,exc_bet,0.999,0.001
64,8,0.99,0.005,965045,15078.828125,7.42773975530593,exc,0.9943333333333333,0.005666666666666667
64,8,0.99,0.005,965045,15078.828125,7.42773975530593,naive,1.0,0.0
64,8,0.99,0.005,965045,15078.828125,7.42773975530593,cdf,0.0006666666666666666,0.9993333333333333
64,8,0.99,0.005,965045,15078.828125,7.42773975530593,cdf_eb,0.0026666666666666666,0.9973333333333333
64,8,0.99,0.005,965045,15078.828125,7.42773975530593,exc_eb,0.9973333333333333,0.0026666666666666666
64,8,0.99,0.005,965045,15078.828125,7.42773975530593,binom,1.0,0.0
64,8,0.99,0.005,965045,15078.828125,7.42773975530593,split,0.7823333333333333,0.21766666666666667
64,8,0.99,0.005,965045,15078.828125,7.42773975530593,ceiling,0.9999999970667748,
64,8,0.99,0.005,1346915,21045.546875,10.366909410978645,exc_bet,1.0,0.0
64,8,0.99,0.005,1346915,21045.546875,10.366909410978645,exc,1.0,0.0
64,8,0.99,0.005,1346915,21045.546875,10.366909410978645,naive,1.0,0.0
64,8,0.99,0.005,1346915,21045.546875,10.366909410978645,cdf,0.0006666666666666666,0.9993333333333333
64,8,0.99,0.005,1346915,21045.546875,10.366909410978645,cdf_eb,0.0026666666666666666,0.9973333333333333
64,8,0.99,0.005,1346915,21045.546875,10.366909410978645,exc_eb,1.0,0.0
64,8,0.99,0.005,1346915,21045.546875,10.366909410978645,binom,1.0,0.0
64,8,0.99,0.005,1346915,21045.546875,10.366909410978645,split,0.963,0.037
64,8,0.99,0.005,1346915,21045.546875,10.366909410978645,ceiling,0.9999999999995408,
64,8,0.99,0.005,1879891,29373.296875,14.469108814969063,exc_bet,1.0,0.0
64,8,0.99,0.005,1879891,29373.296875,14.469108814969063,exc,1.0,0.0
64,8,0.99,0.005,1879891,29373.296875,14.469108814969063,naive,1.0,0.0
64,8,0.99,0.005,1879891,29373.296875,14.469108814969063,cdf,0.0,1.0
64,8,0.99,0.005,1879891,29373.296875,14.469108814969063,cdf_eb,0.0023333333333333335,0.9976666666666667
64,8,0.99,0.005,1879891,29373.296875,14.469108814969063,exc_eb,1.0,0.0
64,8,0.99,0.005,1879891,29373.296875,14.469108814969063,binom,1.0,0.0
64,8,0.99,0.005,1879891,29373.296875,14.469108814969063,split,0.9993333333333333,0.0006666666666666666
64,8,0.99,0.005,1879891,29373.296875,14.469108814969063,ceiling,0.9999999999996783,
64,8,0.99,0.005,2623766,40996.34375,20.194551577201082,exc_bet,1.0,0.0
64,8,0.99,0.005,2623766,40996.34375,20.194551577201082,exc,1.0,0.0
64,8,0.99,0.005,2623766,40996.34375,20.194551577201082,naive,1.0,0.0
64,8,0.99,0.005,2623766,40996.34375,20.194551577201082,cdf,0.0,1.0
64,8,0.99,0.005,2623766,40996.34375,20.194551577201082,cdf_eb,0.005666666666666667,0.9943333333333333
64,8,0.99,0.005,2623766,40996.34375,20.194551577201082,exc_eb,1.0,0.0
64,8,0.99,0.005,2623766,40996.34375,20.194551577201082,binom,1.0,0.0
64,8,0.99,0.005,2623766,40996.34375,20.194551577201082,split,1.0,0.0
64,8,0.99,0.005,2623766,40996.34375,20.194551577201082,ceiling,0.9999999999996274,
64,8,0.99,0.005,3661994,57218.65625,28.185564836346266,exc_bet,1.0,0.0
64,8,0.99,0.005,3661994,57218.65625,28.185564836346266,exc,1.0,0.0
64,8,0.99,0.005,3661994,57218.65625,28.185564836346266,naive,1.0,0.0
64,8,0.99,0.005,3661994,57218.65625,28.185564836346266,cdf,0.0016666666666666668,0.9983333333333333
64,8,0.99,0.005,3661994,57218.65625,28.185564836346266,cdf_eb,0.010666666666666666,0.9893333333333333
64,8,0.99,0.005,3661994,57218.65625,28.185564836346266,exc_eb,1.0,0.0
64,8,0.99,0.005,3661994,57218.65625,28.185564836346266,binom,1.0,0.0
64,8,0.99,0.005,3661994,57218.65625,28.185564836346266,split,1.0,0.0
64,8,0.99,0.005,3661994,57218.65625,28.185564836346266,ceiling,0.99999999999946,
64,8,0.99,0.005,5111050,79860.15625,39.33863112741517,exc_bet,1.0,0.0
64,8,0.99,0.005,5111050,79860.15625,39.33863112741517,exc,1.0,0.0
64,8,0.99,0.005,5111050,79860.15625,39.33863112741517,naive,1.0,0.0
64,8,0.99,0.005,5111050,79860.15625,39.33863112741517,cdf,0.001,0.999
64,8,0.99,0.005,5111050,79860.15625,39.33863112741517,cdf_eb,0.018333333333333333,0.9816666666666667
64,8,0.99,0.005,5111050,79860.15625,39.33863112741517,exc_eb,1.0,0.0
64,8,0.99,0.005,5111050,79860.15625,39.33863112741517,binom,1.0,0.0
64,8,0.99,0.005,5111050,79860.15625,39.33863112741517,split,1.0,0.0
64,8,0.99,0.005,5111050,79860.15625,39.33863112741517,ceiling,0.9999999999992426,
64,8,0.99,0.005,7133498,111460.90625,54.90496991227906,exc_bet,1.0,0.0
64,8,0.99,0.005,7133498,111460.90625,54.90496991227906,exc,1.0,0.0
64,8,0.99,0.005,7133498,111460.90625,54.90496991227906,naive,1.0,0.0
64,8,0.99,0.005,7133498,111460.90625,54.90496991227906,cdf,0.005,0.995
64,8,0.99,0.005,7133498,111460.90625,54.90496991227906,cdf_eb,0.03966666666666667,0.9603333333333334
64,8,0.99,0.005,7133498,111460.90625,54.90496991227906,exc_eb,1.0,0.0
64,8,0.99,0.005,7133498,111460.90625,54.90496991227906,binom,1.0,0.0
64,8,0.99,0.005,7133498,111460.90625,54.90496991227906,split,1.0,0.0
64,8,0.99,0.005,7133498,111460.90625,54.90496991227906,ceiling,0.9999999999989216,
64,8,0.99,0.005,9956233,155566.140625,76.63094225366571,exc_bet,1.0,0.0
64,8,0.99,0.005,9956233,155566.140625,76.63094225366571,exc,1.0,0.0
64,8,0.99,0.005,9956233,155566.140625,76.63094225366571,naive,1.0,0.0
64,8,0.99,0.005,9956233,155566.140625,76.63094225366571,cdf,0.006666666666666667,0.9933333333333333
64,8,0.99,0.005,9956233,155566.140625,76.63094225366571,cdf_eb,0.06766666666666667,0.9323333333333333
64,8,0.99,0.005,9956233,155566.140625,76.63094225366571,exc_eb,1.0,0.0
64,8,0.99,0.005,9956233,155566.140625,76.63094225366571,binom,1.0,0.0
64,8,0.99,0.005,9956233,155566.140625,76.63094225366571,split,1.0,0.0
64,8,0.99,0.005,9956233,155566.140625,76.63094225366571,ceiling,,
64,8,0.99,0.005,13895926,217123.84375,106.95389540072154,exc_bet,1.0,0.0
64,8,0.99,0.005,13895926,217123.84375,106.95389540072154,exc,1.0,0.0
64,8,0.99,0.005,13895926,217123.84375,106.95389540072154,naive,1.0,0.0
64,8,0.99,0.005,13895926,217123.84375,106.95389540072154,cdf,0.023333333333333334,0.9766666666666667
64,8,0.99,0.005,13895926,217123.84375,106.95389540072154,cdf_eb,0.14266666666666666,0.8573333333333333
64,8,0.99,0.005,13895926,217123.84375,106.95389540072154,exc_eb,1.0,0.0
64,8,0.99,0.005,13895926,217123.84375,106.95389540072154,binom,1.0,0.0
64,8,0.99,0.005,13895926,217123.84375,106.95389540072154,split,1.0,0.0
64,8,0.99,0.005,13895926,217123.84375,106.95389540072154,ceiling,,
64,8,0.99,0.005,19394562,303040.03125,149.27569098243677,exc_bet,1.0,0.0
64,8,0.99,0.005,19394562,303040.03125,149.27569098243677,exc,1.0,0.0
64,8,0.99,0.005,19394562,303040.03125,149.27569098243677,naive,1.0,0.0
64,8,0.99,0.005,19394562,303040.03125,149.27569098243677,cdf,0.059,0.941
64,8,0.99,0.005,19394562,303040.03125,149.27569098243677,cdf_eb,0.25833333333333336,0.7416666666666667
64,8,0.99,0.005,19394562,303040.03125,149.27569098243677,exc_eb,1.0,0.0
64,8,0.99,0.005,19394562,303040.03125,149.27569098243677,binom,1.0,0.0
64,8,0.99,0.005,19394562,303040.03125,149.27569098243677,split,1.0,0.0
64,8,0.99,0.005,19394562,303040.03125,149.27569098243677,ceiling,,
64,8,0.99,0.005,27069014,422953.34375,208.34426521533481,exc_bet,1.0,0.0
64,8,0.99,0.005,27069014,422953.34375,208.34426521533481,exc,1.0,0.0
64,8,0.99,0.005,27069014,422953.34375,208.34426521533481,naive,1.0,0.0
64,8,0.99,0.005,27069014,422953.34375,208.34426521533481,cdf,0.13266666666666665,0.8673333333333333
64,8,0.99,0.005,27069014,422953.34375,208.34426521533481,cdf_eb,0.44033333333333335,0.5596666666666666
64,8,0.99,0.005,27069014,422953.34375,208.34426521533481,exc_eb,1.0,0.0
64,8,0.99,0.005,27069014,422953.34375,208.34426521533481,binom,1.0,0.0
64,8,0.99,0.005,27069014,422953.34375,208.34426521533481,split,1.0,0.0
64,8,0.99,0.005,27069014,422953.34375,208.34426521533481,ceiling,,
64,8,0.99,0.005,37780256,590316.5,290.78634618783104,exc_bet,1.0,0.0
64,8,0.99,0.005,37780256,590316.5,290.78634618783104,exc,1.0,0.0
64,8,0.99,0.005,37780256,590316.5,290.78634618783104,naive,1.0,0.0
64,8,0.99,0.005,37780256,590316.5,290.78634618783104,cdf,0.33266666666666667,0.6673333333333333
64,8,0.99,0.005,37780256,590316.5,290.78634618783104,cdf_eb,0.6773333333333333,0.32266666666666666
64,8,0.99,0.005,37780256,590316.5,290.78634618783104,exc_eb,1.0,0.0
64,8,0.99,0.005,37780256,590316.5,290.78634618783104,binom,1.0,0.0
64,8,0.99,0.005,37780256,590316.5,290.78634618783104,split,1.0,0.0
64,8,0.99,0.005,37780256,590316.5,290.78634618783104,ceiling,,
64,8,0.99,0.005,52729951,823905.484375,405.8508705169538,exc_bet,1.0,0.0
64,8,0.99,0.005,52729951,823905.484375,405.8508705169538,exc,1.0,0.0
64,8,0.99,0.005,52729951,823905.484375,405.8508705169538,naive,1.0,0.0
64,8,0.99,0.005,52729951,823905.484375,405.8508705169538,cdf,0.603,0.397
64,8,0.99,0.005,52729951,823905.484375,405.8508705169538,cdf_eb,0.8843333333333333,0.11566666666666667
64,8,0.99,0.005,52729951,823905.484375,405.8508705169538,exc_eb,1.0,0.0
64,8,0.99,0.005,52729951,823905.484375,405.8508705169538,binom,1.0,0.0
64,8,0.99,0.005,52729951,823905.484375,405.8508705169538,split,1.0,0.0
64,8,0.99,0.005,52729951,823905.484375,405.8508705169538,ceiling,,
64,8,0.99,0.005,73595257,1149925.890625,566.4465555708356,exc_bet,1.0,0.0
64,8,0.99,0.005,73595257,1149925.890625,566.4465555708356,exc,1.0,0.0
64,8,0.99,0.005,73595257,1149925.890625,566.4465555708356,naive,1.0,0.0
64,8,0.99,0.005,73595257,1149925.890625,566.4465555708356,cdf,0.8506666666666667,0.14933333333333335
64,8,0.99,0.005,73595257,1149925.890625,566.4465555708356,cdf_eb,0.974,0.026
64,8,0.99,0.005,73595257,1149925.890625,566.4465555708356,exc_eb,1.0,0.0
64,8,0.99,0.005,73595257,1149925.890625,566.4465555708356,binom,1.0,0.0
64,8,0.99,0.005,73595257,1149925.890625,566.4465555708356,split,1.0,0.0
64,8,0.99,0.005,73595257,1149925.890625,566.4465555708356,ceiling,,
64,8,0.99,0.005,102716991,1604952.984375,790.5901565171587,exc_bet,1.0,0.0
64,8,0.99,0.005,102716991,1604952.984375,790.5901565171587,exc,1.0,0.0
64,8,0.99,0.005,102716991,1604952.984375,790.5901565171587,naive,1.0,0.0
64,8,0.99,0.005,102716991,1604952.984375,790.5901565171587,cdf,0.9793333333333333,0.020666666666666667
64,8,0.99,0.005,102716991,1604952.984375,790.5901565171587,cdf_eb,0.9986666666666667,0.0013333333333333333
64,8,0.99,0.005,102716991,1604952.984375,790.5901565171587,exc_eb,1.0,0.0
64,8,0.99,0.005,102716991,1604952.984375,790.5901565171587,binom,1.0,0.0
64,8,0.99,0.005,102716991,1604952.984375,790.5901565171587,split,1.0,0.0
64,8,0.99,0.005,102716991,1604952.984375,790.5901565171587,ceiling,,
64,8,0.99,0.005,143362232,2240034.875,1103.4276640320315,exc_bet,1.0,0.0
64,8,0.99,0.005,143362232,2240034.875,1103.4276640320315,exc,1.0,0.0
64,8,0.99,0.005,143362232,2240034.875,1103.4276640320315,naive,1.0,0.0
64,8,0.99,0.005,143362232,2240034.875,1103.4276640320315,cdf,1.0,0.0
64,8,0.99,0.005,143362232,2240034.875,1103.4276640320315,cdf_eb,1.0,0.0
64,8,0.99,0.005,143362232,2240034.875,1103.4276640320315,exc_eb,1.0,0.0
64,8,0.99,0.005,143362232,2240034.875,1103.4276640320315,binom,1.0,0.0
64,8,0.99,0.005,143362232,2240034.875,1103.4276640320315,split,1.0,0.0
64,8,0.99,0.005,143362232,2240034.875,1103.4276640320315,ceiling,,
64,8,0.99,0.005,200090844,3126419.4375,1540.0553514618666,exc_bet,1.0,0.0
64,8,0.99,0.005,200090844,3126419.4375,1540.0553514618666,exc,1.0,0.0
64,8,0.99,0.005,200090844,3126419.4375,1540.0553514618666,naive,1.0,0.0
64,8,0.99,0.005,200090844,3126419.4375,1540.0553514618666,cdf,1.0,0.0
64,8,0.99,0.005,200090844,3126419.4375,1540.0553514618666,cdf_eb,1.0,0.0
64,8,0.99,0.005,200090844,3126419.4375,1540.0553514618666,exc_eb,1.0,0.0
64,8,0.99,0.005,200090844,3126419.4375,1540.0553514618666,binom,1.0,0.0
64,8,0.99,0.005,200090844,3126419.4375,1540.0553514618666,split,1.0,0.0
64,8,0.99,0.005,200090844,3126419.4375,1540.0553514618666,ceiling,,
64,8,0.99,0.005,279267037,4363547.453125,2149.4571476681317,exc_bet,1.0,0.0
64,8,0.99,0.005,279267037,4363547.453125,2149.4571476681317,exc,1.0,0.0
64,8,0.99,0.005,279267037,4363547.453125,2149.4571476681317,naive,1.0,0.0
64,8,0.99,0.005,279267037,4363547.453125,2149.4571476681317,cdf,1.0,0.0
64,8,0.99,0.005,279267037,4363547.453125,2149.4571476681317,cdf_eb,1.0,0.0
64,8,0.99,0.005,279267037,4363547.453125,2149.4571476681317,exc_eb,1.0,0.0
64,8,0.99,0.005,279267037,4363547.453125,2149.4571476681317,binom,1.0,0.0
64,8,0.99,0.005,279267037,4363547.453125,2149.4571476681317,split,1.0,0.0
64,8,0.99,0.005,279267037,4363547.453125,2149.4571476681317,ceiling,,
64,8,0.99,0.005,389773349,6090208.578125,2999.9999999233537,exc_bet,1.0,0.0
64,8,0.99,0.005,389773349,6090208.578125,2999.9999999233537,exc,1.0,0.0
64,8,0.99,0.005,389773349,6090208.578125,2999.9999999233537,naive,1.0,0.0
64,8,0.99,0.005,389773349,6090208.578125,2999.9999999233537,cdf,1.0,0.0
64,8,0.99,0.005,389773349,6090208.578125,2999.9999999233537,cdf_eb,1.0,0.0
64,8,0.99,0.005,389773349,6090208.578125,2999.9999999233537,exc_eb,1.0,0.0
64,8,0.99,0.005,389773349,6090208.578125,2999.9999999233537,binom,1.0,0.0
64,8,0.99,0.005,389773349,6090208.578125,2999.9999999233537,split,1.0,0.0
64,8,0.99,0.005,389773349,6090208.578125,2999.9999999233537,ceiling,,
64,32,0.9,0.05,827,12.921875,0.04999589353116636,exc_bet,0.0,1.0
64,32,0.9,0.05,827,12.921875,0.04999589353116636,exc,0.0,1.0
64,32,0.9,0.05,827,12.921875,0.04999589353116636,naive,0.0,1.0
64,32,0.9,0.05,827,12.921875,0.04999589353116636,cdf,0.0,1.0
64,32,0.9,0.05,827,12.921875,0.04999589353116636,cdf_eb,0.0,1.0
64,32,0.9,0.05,827,12.921875,0.04999589353116636,exc_eb,0.0,1.0
64,32,0.9,0.05,827,12.921875,0.04999589353116636,binom,0.0,1.0
64,32,0.9,0.05,827,12.921875,0.04999589353116636,split,0.0,1.0
64,32,0.9,0.05,827,12.921875,0.04999589353116636,ceiling,0.015601473304016344,
64,32,0.9,0.05,1154,18.03125,0.06976452374240143,exc_bet,0.0,1.0
64,32,0.9,0.05,1154,18.03125,0.06976452374240143,exc,0.0,1.0
64,32,0.9,0.05,1154,18.03125,0.06976452374240143,naive,0.0,1.0
64,32,0.9,0.05,1154,18.03125,0.06976452374240143,cdf,0.0,1.0
64,32,0.9,0.05,1154,18.03125,0.06976452374240143,cdf_eb,0.0,1.0
64,32,0.9,0.05,1154,18.03125,0.06976452374240143,exc_eb,0.0,1.0
64,32,0.9,0.05,1154,18.03125,0.06976452374240143,binom,0.0,1.0
64,32,0.9,0.05,1154,18.03125,0.06976452374240143,split,0.0,1.0
64,32,0.9,0.05,1154,18.03125,0.06976452374240143,ceiling,0.02649998698818689,
64,32,0.9,0.05,1611,25.171875,0.09739224241681863,exc_bet,0.0,1.0
64,32,0.9,0.05,1611,25.171875,0.09739224241681863,exc,0.0,1.0
64,32,0.9,0.05,1611,25.171875,0.09739224241681863,naive,0.0,1.0
64,32,0.9,0.05,1611,25.171875,0.09739224241681863,cdf,0.0,1.0
64,32,0.9,0.05,1611,25.171875,0.09739224241681863,cdf_eb,0.0,1.0
64,32,0.9,0.05,1611,25.171875,0.09739224241681863,exc_eb,0.0,1.0
64,32,0.9,0.05,1611,25.171875,0.09739224241681863,binom,0.0,1.0
64,32,0.9,0.05,1611,25.171875,0.09739224241681863,split,0.0,1.0
64,32,0.9,0.05,1611,25.171875,0.09739224241681863,ceiling,0.049481319382912115,
64,32,0.9,0.05,2248,35.125,0.1359017758864111,exc_bet,0.0,1.0
64,32,0.9,0.05,2248,35.125,0.1359017758864111,exc,0.0,1.0
64,32,0.9,0.05,2248,35.125,0.1359017758864111,naive,0.0,1.0
64,32,0.9,0.05,2248,35.125,0.1359017758864111,cdf,0.0,1.0
64,32,0.9,0.05,2248,35.125,0.1359017758864111,cdf_eb,0.0,1.0
64,32,0.9,0.05,2248,35.125,0.1359017758864111,exc_eb,0.0,1.0
64,32,0.9,0.05,2248,35.125,0.1359017758864111,binom,0.0,1.0
64,32,0.9,0.05,2248,35.125,0.1359017758864111,split,0.0,1.0
64,32,0.9,0.05,2248,35.125,0.1359017758864111,ceiling,0.09797578305689922,
64,32,0.9,0.05,3138,49.03125,0.1897063045958888,exc_bet,0.0,1.0
64,32,0.9,0.05,3138,49.03125,0.1897063045958888,exc,0.0,1.0
64,32,0.9,0.05,3138,49.03125,0.1897063045958888,naive,0.0,1.0
64,32,0.9,0.05,3138,49.03125,0.1897063045958888,cdf,0.0,1.0
64,32,0.9,0.05,3138,49.03125,0.1897063045958888,cdf_eb,0.0,1.0
64,32,0.9,0.05,3138,49.03125,0.1897063045958888,exc_eb,0.0,1.0
64,32,0.9,0.05,3138,49.03125,0.1897063045958888,binom,0.0013333333333333333,0.9986666666666667
64,32,0.9,0.05,3138,49.03125,0.1897063045958888,split,0.0,1.0
64,32,0.9,0.05,3138,49.03125,0.1897063045958888,ceiling,0.19038354179619707,
64,32,0.9,0.05,4380,68.4375,0.2647908266825981,exc_bet,0.0,1.0
64,32,0.9,0.05,4380,68.4375,0.2647908266825981,exc,0.0,1.0
64,32,0.9,0.05,4380,68.4375,0.2647908266825981,naive,0.035333333333333335,0.963
64,32,0.9,0.05,4380,68.4375,0.2647908266825981,cdf,0.0,1.0
64,32,0.9,0.05,4380,68.4375,0.2647908266825981,cdf_eb,0.0,1.0
64,32,0.9,0.05,4380,68.4375,0.2647908266825981,exc_eb,0.0,1.0
64,32,0.9,0.05,4380,68.4375,0.2647908266825981,binom,0.024333333333333332,0.9746666666666667
64,32,0.9,0.05,4380,68.4375,0.2647908266825981,split,0.0,1.0
64,32,0.9,0.05,4380,68.4375,0.2647908266825981,ceiling,0.3481030005540613,
64,32,0.9,0.05,6113,95.515625,0.36955852134948003,exc_bet,0.0,1.0
64,32,0.9,0.05,6113,95.515625,0.36955852134948003,exc,0.0,1.0
64,32,0.9,0.05,6113,95.515625,0.36955852134948003,naive,0.05366666666666667,0.9463333333333334
64,32,0.9,0.05,6113,95.515625,0.36955852134948003,cdf,0.0,1.0
64,32,0.9,0.05,6113,95.515625,0.36955852134948003,cdf_eb,0.0,1.0
64,32,0.9,0.05,6113,95.515625,0.36955852134948003,exc_eb,0.0,1.0
64,32,0.9,0.05,6113,95.515625,0.36955852134948003,binom,0.06566666666666666,0.9343333333333333
64,32,0.9,0.05,6113,95.515625,0.36955852134948003,split,0.0,1.0
64,32,0.9,0.05,6113,95.515625,0.36955852134948003,ceiling,0.5609548172888665,
64,32,0.9,0.05,8532,133.3125,0.5157980212913076,exc_bet,0.0023333333333333335,0.9976666666666667
64,32,0.9,0.05,8532,133.3125,0.5157980212913076,exc,0.0,1.0
64,32,0.9,0.05,8532,133.3125,0.5157980212913076,naive,0.19266666666666668,0.8066666666666666
64,32,0.9,0.05,8532,133.3125,0.5157980212913076,cdf,0.0,1.0
64,32,0.9,0.05,8532,133.3125,0.5157980212913076,cdf_eb,0.0,1.0
64,32,0.9,0.05,8532,133.3125,0.5157980212913076,exc_eb,0.0,1.0
64,32,0.9,0.05,8532,133.3125,0.5157980212913076,binom,0.12466666666666666,0.875
64,32,0.9,0.05,8532,133.3125,0.5157980212913076,split,0.0,1.0
64,32,0.9,0.05,8532,133.3125,0.5157980212913076,ceiling,0.6969870010303879,
64,32,0.9,0.05,11909,186.078125,0.7199529577541236,exc_bet,0.039,0.961
64,32,0.9,0.05,11909,186.078125,0.7199529577541236,exc,0.0,1.0
64,32,0.9,0.05,11909,186.078125,0.7199529577541236,naive,0.285,0.715
64,32,0.9,0.05,11909,186.078125,0.7199529577541236,cdf,0.0,1.0
64,32,0.9,0.05,11909,186.078125,0.7199529577541236,cdf_eb,0.0,1.0
64,32,0.9,0.05,11909,186.078125,0.7199529577541236,exc_eb,0.0,1.0
64,32,0.9,0.05,11909,186.078125,0.7199529577541236,binom,0.241,0.759
64,32,0.9,0.05,11909,186.078125,0.7199529577541236,split,0.0,1.0
64,32,0.9,0.05,11909,186.078125,0.7199529577541236,ceiling,0.8272065582159248,
64,32,0.9,0.05,16621,259.703125,1.004814687281156,exc_bet,0.17866666666666667,0.8213333333333334
64,32,0.9,0.05,16621,259.703125,1.004814687281156,exc,0.0,1.0
64,32,0.9,0.05,16621,259.703125,1.004814687281156,naive,0.5796666666666667,0.42033333333333334
64,32,0.9,0.05,16621,259.703125,1.004814687281156,cdf,0.0,1.0
64,32,0.9,0.05,16621,259.703125,1.004814687281156,cdf_eb,0.0,1.0
64,32,0.9,0.05,16621,259.703125,1.004814687281156,exc_eb,0.0,1.0
64,32,0.9,0.05,16621,259.703125,1.004814687281156,binom,0.44233333333333336,0.5576666666666666
64,32,0.9,0.05,16621,259.703125,1.004814687281156,split,0.0,1.0
64,32,0.9,0.05,16621,259.703125,1.004814687281156,ceiling,0.9261009507613542,
64,32,0.9,0.05,23198,362.46875,1.4024241089915324,exc_bet,0.38333333333333336,0.6166666666666667
64,32,0.9,0.05,23198,362.46875,1.4024241089915324,exc,0.007333333333333333,0.9926666666666667
64,32,0.9,0.05,23198,362.46875,1.4024241089915324,naive,0.8043333333333333,0.19566666666666666
64,32,0.9,0.05,23198,362.46875,1.4024241089915324,cdf,0.0003333333333333333,0.9996666666666667
64,32,0.9,0.05,23198,362.46875,1.4024241089915324,cdf_eb,0.0003333333333333333,0.9996666666666667
64,32,0.9,0.05,23198,362.46875,1.4024241089915324,exc_eb,0.007333333333333333,0.9926666666666667
64,32,0.9,0.05,23198,362.46875,1.4024241089915324,binom,0.7003333333333334,0.2996666666666667
64,32,0.9,0.05,23198,362.46875,1.4024241089915324,split,0.006666666666666667,0.9933333333333333
64,32,0.9,0.05,23198,362.46875,1.4024241089915324,ceiling,0.9794516605547293,
64,32,0.9,0.05,32378,505.90625,1.957396663545471,exc_bet,0.674,0.326
64,32,0.9,0.05,32378,505.90625,1.957396663545471,exc,0.05466666666666667,0.9453333333333334
64,32,0.9,0.05,32378,505.90625,1.957396663545471,naive,0.9413333333333334,0.058666666666666666
64,32,0.9,0.05,32378,505.90625,1.957396663545471,cdf,0.0003333333333333333,0.9996666666666667
64,32,0.9,0.05,32378,505.90625,1.957396663545471,cdf_eb,0.0003333333333333333,0.9996666666666667
64,32,0.9,0.05,32378,505.90625,1.957396663545471,exc_eb,0.05466666666666667,0.9453333333333334
64,32,0.9,0.05,32378,505.90625,1.957396663545471,binom,0.8876666666666667,0.11233333333333333
64,32,0.9,0.05,32378,505.90625,1.957396663545471,split,0.03166666666666667,0.9683333333333334
64,32,0.9,0.05,32378,505.90625,1.957396663545471,ceiling,0.9969777370346049,
64,32,0.9,0.05,45190,706.09375,2.7319400588553906,exc_bet,0.8543333333333333,0.14566666666666667
64,32,0.9,0.05,45190,706.09375,2.7319400588553906,exc,0.251,0.749
64,32,0.9,0.05,45190,706.09375,2.7319400588553906,naive,0.9916666666666667,0.008333333333333333
64,32,0.9,0.05,45190,706.09375,2.7319400588553906,cdf,0.0,1.0
64,32,0.9,0.05,45190,706.09375,2.7319400588553906,cdf_eb,0.0006666666666666666,0.9993333333333333
64,32,0.9,0.05,45190,706.09375,2.7319400588553906,exc_eb,0.30766666666666664,0.6923333333333334
64,32,0.9,0.05,45190,706.09375,2.7319400588553906,binom,0.9786666666666667,0.021333333333333333
64,32,0.9,0.05,45190,706.09375,2.7319400588553906,split,0.10033333333333333,0.8996666666666666
64,32,0.9,0.05,45190,706.09375,2.7319400588553906,ceiling,0.9998251058330646,
64,32,0.9,0.05,63072,985.5,3.8129879042294132,exc_bet,0.9553333333333334,0.04466666666666667
64,32,0.9,0.05,63072,985.5,3.8129879042294132,exc,0.687,0.313
64,32,0.9,0.05,63072,985.5,3.8129879042294132,naive,0.999,0.001
64,32,0.9,0.05,63072,985.5,3.8129879042294132,cdf,0.0,1.0
64,32,0.9,0.05,63072,985.5,3.8129879042294132,cdf_eb,0.0016666666666666668,0.9983333333333333
64,32,0.9,0.05,63072,985.5,3.8129879042294132,exc_eb,0.7746666666666666,0.22533333333333333
64,32,0.9,0.05,63072,985.5,3.8129879042294132,binom,0.9986666666666667,0.0013333333333333333
64,32,0.9,0.05,63072,985.5,3.8129879042294132,split,0.3413333333333333,0.6586666666666666
64,32,0.9,0.05,63072,985.5,3.8129879042294132,ceiling,0.9999973882701054,
64,32,0.9,0.05,88031,1375.484375,5.321872434633743,exc_bet,0.995,0.005
64,32,0.9,0.05,88031,1375.484375,5.321872434633743,exc,0.9483333333333334,0.051666666666666666
64,32,0.9,0.05,88031,1375.484375,5.321872434633743,naive,1.0,0.0
64,32,0.9,0.05,88031,1375.484375,5.321872434633743,cdf,0.0016666666666666668,0.9983333333333333
64,32,0.9,0.05,88031,1375.484375,5.321872434633743,cdf_eb,0.008666666666666666,0.9913333333333333
64,32,0.9,0.05,88031,1375.484375,5.321872434633743,exc_eb,0.9683333333333334,0.03166666666666667
64,32,0.9,0.05,88031,1375.484375,5.321872434633743,binom,1.0,0.0
64,32,0.9,0.05,88031,1375.484375,5.321872434633743,split,0.7023333333333334,0.2976666666666667
64,32,0.9,0.05,88031,1375.484375,5.321872434633743,ceiling,0.9999999944676895,
64,32,0.9,0.05,122864,1919.75,7.427684961080077,exc_bet,1.0,0.0
64,32,0.9,0.05,122864,1919.75,7.427684961080077,exc,0.9993333333333333,0.0006666666666666666
64,32,0.9,0.05,122864,1919.75,7.427684961080077,naive,1.0,0.0
64,32,0.9,0.05,122864,1919.75,7.427684961080077,cdf,0.0036666666666666666,0.9963333333333333
64,32,0.9,0.05,122864,1919.75,7.427684961080077,cdf_eb,0.024333333333333332,0.9756666666666667
64,32,0.9,0.05,122864,1919.75,7.427684961080077,exc_eb,1.0,0.0
64,32,0.9,0.05,122864,1919.75,7.427684961080077,binom,1.0,0.0
64,32,0.9,0.05,122864,1919.75,7.427684961080077,split,0.953,0.047
64,32,0.9,0.05,122864,1919.75,7.427684961080077,ceiling,0.9999999999992485,
64,32,0.9,0.05,171482,2679.40625,10.366863137256917,exc_bet,1.0,0.0
64,32,0.9,0.05,171482,2679.40625,10.366863137256917,exc,1.0,0.0
64,32,0.9,0.05,171482,2679.40625,10.366863137256917,naive,1.0,0.0
64,32,0.9,0.05,171482,2679.40625,10.366863137256917,cdf,0.013666666666666667,0.9863333333333333
64,32,0.9,0.05,171482,2679.40625,10.366863137256917,cdf_eb,0.06533333333333333,0.9346666666666666
64,32,0.9,0.05,171482,2679.40625,10.366863137256917,exc_eb,1.0,0.0
64,32,0.9,0.05,171482,2679.40625,10.366863137256917,binom,1.0,0.0
64,32,0.9,0.05,171482,2679.40625,10.366863137256917,split,0.9963333333333333,0.0036666666666666666
64,32,0.9,0.05,171482,2679.40625,10.366863137256917,ceiling,0.9999999999999271,
64,32,0.9,0.05,239338,3739.65625,14.469065496931432,exc_bet,1.0,0.0
64,32,0.9,0.05,239338,3739.65625,14.469065496931432,exc,1.0,0.0
64,32,0.9,0.05,239338,3739.65625,14.469065496931432,naive,1.0,0.0
64,32,0.9,0.05,239338,3739.65625,14.469065496931432,cdf,0.045,0.955
64,32,0.9,0.05,239338,3739.65625,14.469065496931432,cdf_eb,0.18266666666666667,0.8173333333333334
64,32,0.9,0.05,239338,3739.65625,14.469065496931432,exc_eb,1.0,0.0
64,32,0.9,0.05,239338,3739.65625,14.469065496931432,binom,1.0,0.0
64,32,0.9,0.05,239338,3739.65625,14.469065496931432,split,1.0,0.0
64,32,0.9,0.05,239338,3739.65625,14.469065496931432,ceiling,0.9999999999998879,
64,32,0.9,0.05,334045,5219.453125,20.1945323514129,exc_bet,1.0,0.0
64,32,0.9,0.05,334045,5219.453125,20.1945323514129,exc,1.0,0.0
64,32,0.9,0.05,334045,5219.453125,20.1945323514129,naive,1.0,0.0
64,32,0.9,0.05,334045,5219.453125,20.1945323514129,cdf,0.149,0.851
64,32,0.9,0.05,334045,5219.453125,20.1945323514129,cdf_eb,0.40066666666666667,0.5993333333333334
64,32,0.9,0.05,334045,5219.453125,20.1945323514129,exc_eb,1.0,0.0
64,32,0.9,0.05,334045,5219.453125,20.1945323514129,binom,1.0,0.0
64,32,0.9,0.05,334045,5219.453125,20.1945323514129,split,1.0,0.0
64,32,0.9,0.05,334045,5219.453125,20.1945323514129,ceiling,0.9999999999998369,
64,32,0.9,0.05,466227,7284.796875,28.185532591723216,exc_bet,1.0,0.0
64,32,0.9,0.05,466227,7284.796875,28.185532591723216,exc,1.0,0.0
64,32,0.9,0.05,466227,7284.796875,28.185532591723216,naive,1.0,0.0
64,32,0.9,0.05,466227,7284.796875,28.185532591723216,cdf,0.3313333333333333,0.6686666666666666
64,32,0.9,0.05,466227,7284.796875,28.185532591723216,cdf_eb,0.653,0.347
64,32,0.9,0.05,466227,7284.796875,28.185532591723216,exc_eb,1.0,0.0
64,32,0.9,0.05,466227,7284.796875,28.185532591723216,binom,1.0,0.0
64,32,0.9,0.05,466227,7284.796875,28.185532591723216,split,1.0,0.0
64,32,0.9,0.05,466227,7284.796875,28.185532591723216,ceiling,0.9999999999997922,
64,32,0.9,0.05,650714,10167.40625,39.338606847931544,exc_bet,1.0,0.0
64,32,0.9,0.05,650714,10167.40625,39.338606847931544,exc,1.0,0.0
64,32,0.9,0.05,650714,10167.40625,39.338606847931544,naive,1.0,0.0
64,32,0.9,0.05,650714,10167.40625,39.338606847931544,cdf,0.645,0.355
64,32,0.9,0.05,650714,10167.40625,39.338606847931544,cdf_eb,0.903,0.097
64,32,0.9,0.05,650714,10167.40625,39.338606847931544,exc_eb,1.0,0.0
64,32,0.9,0.05,650714,10167.40625,39.338606847931544,binom,1.0,0.0
64,32,0.9,0.05,650714,10167.40625,39.338606847931544,split,1.0,0.0
64,32,0.9,0.05,650714,10167.40625,39.338606847931544,ceiling,0.9999999999996988,
64,32,0.9,0.05,908202,14190.65625,54.904922003376484,exc_bet,1.0,0.0
64,32,0.9,0.05,908202,14190.65625,54.904922003376484,exc,1.0,0.0
64,32,0.9,0.05,908202,14190.65625,54.904922003376484,naive,1.0,0.0
64,32,0.9,0.05,908202,14190.65625,54.904922003376484,cdf,0.9156666666666666,0.08433333333333333
64,32,0.9,0.05,908202,14190.65625,54.904922003376484,cdf_eb,0.9866666666666667,0.013333333333333334
64,32,0.9,0.05,908202,14190.65625,54.904922003376484,exc_eb,1.0,0.0
64,32,0.9,0.05,908202,14190.65625,54.904922003376484,binom,1.0,0.0
64,32,0.9,0.05,908202,14190.65625,54.904922003376484,split,1.0,0.0
64,32,0.9,0.05,908202,14190.65625,54.904922003376484,ceiling,0.999999999999578,
64,32,0.9,0.05,1267579,19805.921875,76.63088842363038,exc_bet,1.0,0.0
64,32,0.9,0.05,1267579,19805.921875,76.63088842363038,exc,1.0,0.0
64,32,0.9,0.05,1267579,19805.921875,76.63088842363038,naive,1.0,0.0
64,32,0.9,0.05,1267579,19805.921875,76.63088842363038,cdf,0.9926666666666667,0.007333333333333333
64,32,0.9,0.05,1267579,19805.921875,76.63088842363038,cdf_eb,0.9996666666666667,0.0003333333333333333
64,32,0.9,0.05,1267579,19805.921875,76.63088842363038,exc_eb,1.0,0.0
64,32,0.9,0.05,1267579,19805.921875,76.63088842363038,binom,1.0,0.0
64,32,0.9,0.05,1267579,19805.921875,76.63088842363038,split,1.0,0.0
64,32,0.9,0.05,1267579,19805.921875,76.63088842363038,ceiling,,
64,32,0.9,0.05,1769162,27643.15625,106.95385125923258,exc_bet,1.0,0.0
64,32,0.9,0.05,1769162,27643.15625,106.95385125923258,exc,1.0,0.0
64,32,0.9,0.05,1769162,27643.15625,106.95385125923258,naive,1.0,0.0
64,32,0.9,0.05,1769162,27643.15625,106.95385125923258,cdf,1.0,0.0
64,32,0.9,0.05,1769162,27643.15625,106.95385125923258,cdf_eb,1.0,0.0
64,32,0.9,0.05,1769162,27643.15625,106.95385125923258,exc_eb,1.0,0.0
64,32,0.9,0.05,1769162,27643.15625,106.95385125923258,binom,1.0,0.0
64,32,0.9,0.05,1769162,27643.15625,106.95385125923258,split,1.0,0.0
64,32,0.9,0.05,1769162,27643.15625,106.95385125923258,ceiling,,
64,32,0.9,0.05,2469222,38581.59375,149.27564717873477,exc_bet,1.0,0.0
64,32,0.9,0.05,2469222,38581.59375,149.27564717873477,exc,1.0,0.0
64,32,0.9,0.05,2469222,38581.59375,149.27564717873477,naive,1.0,0.0
64,32,0.9,0.05,2469222,38581.59375,149.27564717873477,cdf,1.0,0.0
64,32,0.9,0.05,2469222,38581.59375,149.27564717873477,cdf_eb,1.0,0.0
64,32,0.9,0.05,2469222,38581.59375,149.27564717873477,exc_eb,1.0,0.0
64,32,0.9,0.05,2469222,38581.59375,149.27564717873477,binom,1.0,0.0
64,32,0.9,0.05,2469222,38581.59375,149.27564717873477,split,1.0,0.0
64,32,0.9,0.05,2469222,38581.59375,149.27564717873477,ceiling,,
64,32,0.9,0.05,3446297,53848.390625,208.34425379537853,exc_bet,1.0,0.0
64,32,0.9,0.05,3446297,53848.390625,208.34425379537853,exc,1.0,0.0
64,32,0.9,0.05,3446297,53848.390625,208.34425379537853,naive,1.0,0.0
64,32,0.9,0.05,3446297,53848.390625,208.34425379537853,cdf,1.0,0.0
64,32,0.9,0.05,3446297,53848.390625,208.34425379537853,cdf_eb,1.0,0.0
64,32,0.9,0.05,3446297,53848.390625,208.34425379537853,exc_eb,1.0,0.0
64,32,0.9,0.05,3446297,53848.390625,208.34425379537853,binom,1.0,0.0
64,32,0.9,0.05,3446297,53848.390625,208.34425379537853,split,1.0,0.0
64,32,0.9,0.05,3446297,53848.390625,208.34425379537853,ceiling,,
64,32,0.9,0.05,4810001,75156.265625,290.7863335922657,exc_bet,1.0,0.0
64,32,0.9,0.05,4810001,75156.265625,290.7863335922657,exc,1.0,0.0
64,32,0.9,0.05,4810001,75156.265625,290.7863335922657,naive,1.0,0.0
64,32,0.9,0.05,4810001,75156.265625,290.7863335922657,cdf,1.0,0.0
64,32,0.9,0.05,4810001,75156.265625,290.7863335922657,cdf_eb,1.0,0.0
64,32,0.9,0.05,4810001,75156.265625,290.7863335922657,exc_eb,1.0,0.0
64,32,0.9,0.05,4810001,75156.265625,290.7863335922657,binom,1.0,0.0
64,32,0.9,0.05,4810001,75156.265625,290.7863335922657,split,1.0,0.0
64,32,0.9,0.05,4810001,75156.265625,290.7863335922657,ceiling,,
64,32,0.9,0.05,6713324,104895.6875,405.8508246000289,exc_bet,1.0,0.0
64,32,0.9,0.05,6713324,104895.6875,405.8508246000289,exc,1.0,0.0
64,32,0.9,0.05,6713324,104895.6875,405.8508246000289,naive,1.0,0.0
64,32,0.9,0.05,6713324,104895.6875,405.8508246000289,cdf,1.0,0.0
64,32,0.9,0.05,6713324,104895.6875,405.8508246000289,cdf_eb,1.0,0.0
64,32,0.9,0.05,6713324,104895.6875,405.8508246000289,exc_eb,1.0,0.0
64,32,0.9,0.05,6713324,104895.6875,405.8508246000289,binom,1.0,0.0
64,32,0.9,0.05,6713324,104895.6875,405.8508246000289,split,1.0,0.0
64,32,0.9,0.05,6713324,104895.6875,405.8508246000289,ceiling,,
64,32,0.9,0.05,9369795,146403.046875,566.4465214375513,exc_bet,1.0,0.0
64,32,0.9,0.05,9369795,146403.046875,566.4465214375513,exc,1.0,0.0
64,32,0.9,0.05,9369795,146403.046875,566.4465214375513,naive,1.0,0.0
64,32,0.9,0.05,9369795,146403.046875,566.4465214375513,cdf,1.0,0.0
64,32,0.9,0.05,9369795,146403.046875,566.4465214375513,cdf_eb,1.0,0.0
64,32,0.9,0.05,9369795,146403.046875,566.4465214375513,exc_eb,1.0,0.0
64,32,0.9,0.05,9369795,146403.046875,566.4465214375513,binom,1.0,0.0
64,32,0.9,0.05,9369795,146403.046875,566.4465214375513,split,1.0,0.0
64,32,0.9,0.05,9369795,146403.046875,566.4465214375513,ceiling,,
64,32,0.9,0.05,13077435,204334.921875,790.5901425885714,exc_bet,1.0,0.0
64,32,0.9,0.05,13077435,204334.921875,790.5901425885714,exc,1.0,0.0
64,32,0.9,0.05,13077435,204334.921875,790.5901425885714,naive,1.0,0.0
64,32,0.9,0.05,13077435,204334.921875,790.5901425885714,cdf,1.0,0.0
64,32,0.9,0.05,13077435,204334.921875,790.5901425885714,cdf_eb,1.0,0.0
64,32,0.9,0.05,13077435,204334.921875,790.5901425885714,exc_eb,1.0,0.0
64,32,0.9,0.05,13077435,204334.921875,790.5901425885714,binom,1.0,0.0
64,32,0.9,0.05,13077435,204334.921875,790.5901425885714,split,1.0,0.0
64,32,0.9,0.05,13077435,204334.921875,790.5901425885714,ceiling,,
64,32,0.9,0.05,18252192,285190.5,1103.4276274998867,exc_bet,1.0,0.0
64,32,0.9,0.05,18252192,285190.5,1103.4276274998867,exc,1.0,0.0
64,32,0.9,0.05,18252192,285190.5,1103.4276274998867,naive,1.0,0.0
64,32,0.9,0.05,18252192,285190.5,1103.4276274998867,cdf,1.0,0.0
64,32,0.9,0.05,18252192,285190.5,1103.4276274998867,cdf_eb,1.0,0.0
64,32,0.9,0.05,18252192,285190.5,1103.4276274998867,exc_eb,1.0,0.0
64,32,0.9,0.05,18252192,285190.5,1103.4276274998867,binom,1.0,0.0
64,32,0.9,0.05,18252192,285190.5,1103.4276274998867,split,1.0,0.0
64,32,0.9,0.05,18252192,285190.5,1103.4276274998867,ceiling,,
64,32,0.9,0.05,25474607,398040.734375,1540.05530752153,exc_bet,1.0,0.0
64,32,0.9,0.05,25474607,398040.734375,1540.05530752153,exc,1.0,0.0
64,32,0.9,0.05,25474607,398040.734375,1540.05530752153,naive,1.0,0.0
64,32,0.9,0.05,25474607,398040.734375,1540.05530752153,cdf,1.0,0.0
64,32,0.9,0.05,25474607,398040.734375,1540.05530752153,cdf_eb,1.0,0.0
64,32,0.9,0.05,25474607,398040.734375,1540.05530752153,exc_eb,1.0,0.0
64,32,0.9,0.05,25474607,398040.734375,1540.05530752153,binom,1.0,0.0
64,32,0.9,0.05,25474607,398040.734375,1540.05530752153,split,1.0,0.0
64,32,0.9,0.05,25474607,398040.734375,1540.05530752153,ceiling,,
64,32,0.9,0.05,35554941,555545.953125,2149.4571278632425,exc_bet,1.0,0.0
64,32,0.9,0.05,35554941,555545.953125,2149.4571278632425,exc,1.0,0.0
64,32,0.9,0.05,35554941,555545.953125,2149.4571278632425,naive,1.0,0.0
64,32,0.9,0.05,35554941,555545.953125,2149.4571278632425,cdf,1.0,0.0
64,32,0.9,0.05,35554941,555545.953125,2149.4571278632425,cdf_eb,1.0,0.0
64,32,0.9,0.05,35554941,555545.953125,2149.4571278632425,exc_eb,1.0,0.0
64,32,0.9,0.05,35554941,555545.953125,2149.4571278632425,binom,1.0,0.0
64,32,0.9,0.05,35554941,555545.953125,2149.4571278632425,split,1.0,0.0
64,32,0.9,0.05,35554941,555545.953125,2149.4571278632425,ceiling,,
64,32,0.9,0.05,49624075,775376.171875,2999.999964066039,exc_bet,1.0,0.0
64,32,0.9,0.05,49624075,775376.171875,2999.999964066039,exc,1.0,0.0
64,32,0.9,0.05,49624075,775376.171875,2999.999964066039,naive,1.0,0.0
64,32,0.9,0.05,49624075,775376.171875,2999.999964066039,cdf,1.0,0.0
64,32,0.9,0.05,49624075,775376.171875,2999.999964066039,cdf_eb,1.0,0.0
64,32,0.9,0.05,49624075,775376.171875,2999.999964066039,exc_eb,1.0,0.0
64,32,0.9,0.05,49624075,775376.171875,2999.999964066039,binom,1.0,0.0
64,32,0.9,0.05,49624075,775376.171875,2999.999964066039,split,1.0,0.0
64,32,0.9,0.05,49624075,775376.171875,2999.999964066039,ceiling,,
64,32,0.95,0.025,1654,25.84375,0.049995893531166305,exc_bet,0.0,1.0
64,32,0.95,0.025,1654,25.84375,0.049995893531166305,exc,0.0,1.0
64,32,0.95,0.025,1654,25.84375,0.049995893531166305,naive,0.0,1.0
64,32,0.95,0.025,1654,25.84375,0.049995893531166305,cdf,0.0,1.0
64,32,0.95,0.025,1654,25.84375,0.049995893531166305,cdf_eb,0.0,1.0
64,32,0.95,0.025,1654,25.84375,0.049995893531166305,exc_eb,0.0,1.0
64,32,0.95,0.025,1654,25.84375,0.049995893531166305,binom,0.0,1.0
64,32,0.95,0.025,1654,25.84375,0.049995893531166305,split,0.0,1.0
64,32,0.95,0.025,1654,25.84375,0.049995893531166305,ceiling,0.011399009515728763,
64,32,0.95,0.025,2308,36.0625,0.06976452374240136,exc_bet,0.0,1.0
64,32,0.95,0.025,2308,36.0625,0.06976452374240136,exc,0.0,1.0
64,32,0.95,0.025,2308,36.0625,0.06976452374240136,naive,0.0,1.0
64,32,0.95,0.025,2308,36.0625,0.06976452374240136,cdf,0.0,1.0
64,32,0.95,0.025,2308,36.0625,0.06976452374240136,cdf_eb,0.0,1.0
64,32,0.95,0.025,2308,36.0625,0.06976452374240136,exc_eb,0.0,1.0
64,32,0.95,0.025,2308,36.0625,0.06976452374240136,binom,0.0,1.0
64,32,0.95,0.025,2308,36.0625,0.06976452374240136,split,0.0,1.0
64,32,0.95,0.025,2308,36.0625,0.06976452374240136,ceiling,0.019357402355943274,
64,32,0.95,0.025,3222,50.34375,0.09739224241681853,exc_bet,0.0,1.0
64,32,0.95,0.025,3222,50.34375,0.09739224241681853,exc,0.0,1.0
64,32,0.95,0.025,3222,50.34375,0.09739224241681853,naive,0.0,1.0
64,32,0.95,0.025,3222,50.34375,0.09739224241681853,cdf,0.0,1.0
64,32,0.95,0.025,3222,50.34375,0.09739224241681853,cdf_eb,0.0,1.0
64,32,0.95,0.025,3222,50.34375,0.09739224241681853,exc_eb,0.0,1.0
64,32,0.95,0.025,3222,50.34375,0.09739224241681853,binom,0.0,1.0
64,32,0.95,0.025,3222,50.34375,0.09739224241681853,split,0.0,1.0
64,32,0.95,0.025,3222,50.34375,0.09739224241681853,ceiling,0.03750732640641384,
64,32,0.95,0.025,4497,70.265625,0.1359320031497309,exc_bet,0.0,1.0
64,32,0.95,0.025,4497,70.265625,0.1359320031497309,exc,0.0,1.0
64,32,0.95,0.025,4497,70.265625,0.1359320031497309,naive,0.0,1.0
64,32,0.95,0.025,4497,70.265625,0.1359320031497309,cdf,0.0,1.0
64,32,0.95,0.025,4497,70.265625,0.1359320031497309,cdf_eb,0.0,1.0
64,32,0.95,0.025,4497,70.265625,0.1359320031497309,exc_eb,0.0,1.0
64,32,0.95,0.025,4497,70.265625,0.1359320031497309,binom,0.0,1.0
64,32,0.95,0.025,4497,70.265625,0.1359320031497309,split,0.0,1.0
64,32,0.95,0.025,4497,70.265625,0.1359320031497309,ceiling,0.0808958777312431,
64,32,0.95,0.025,6276,98.0625,0.1897063045958886,exc_bet,0.0,1.0
64,32,0.95,0.025,6276,98.0625,0.1897063045958886,exc,0.0,1.0
64,32,0.95,0.025,6276,98.0625,0.1897063045958886,naive,0.0,1.0
64,32,0.95,0.025,6276,98.0625,0.1897063045958886,cdf,0.0,1.0
64,32,0.95,0.025,6276,98.0625,0.1897063045958886,cdf_eb,0.0,1.0
64,32,0.95,0.025,6276,98.0625,0.1897063045958886,exc_eb,0.0,1.0
64,32,0.95,0.025,6276,98.0625,0.1897063045958886,binom,0.0003333333333333333,0.9996666666666667
64,32,0.95,0.025,6276,98.0625,0.1897063045958886,split,0.0,1.0
64,32,0.95,0.025,6276,98.0625,0.1897063045958886,ceiling,0.16439651995877588,
64,32,0.95,0.025,8760,136.875,0.26479082668259785,exc_bet,0.0,1.0
64,32,0.95,0.025,8760,136.875,0.26479082668259785,exc,0.0,1.0
64,32,0.95,0.025,8760,136.875,0.26479082668259785,naive,0.034,0.9653333333333334
64,32,0.95,0.025,8760,136.875,0.26479082668259785,cdf,0.0,1.0
64,32,0.95,0.025,8760,136.875,0.26479082668259785,cdf_eb,0.0,1.0
64,32,0.95,0.025,8760,136.875,0.26479082668259785,exc_eb,0.0,1.0
64,32,0.95,0.025,8760,136.875,0.26479082668259785,binom,0.025333333333333333,0.9743333333333334
64,32,0.95,0.025,8760,136.875,0.26479082668259785,split,0.0,1.0
64,32,0.95,0.025,8760,136.875,0.26479082668259785,ceiling,0.31115174036548493,
64,32,0.95,0.025,12227,191.046875,0.36958874861279956,exc_bet,0.0,1.0
64,32,0.95,0.025,12227,191.046875,0.36958874861279956,exc,0.0,1.0
64,32,0.95,0.025,12227,191.046875,0.36958874861279956,naive,0.048666666666666664,0.9513333333333334
64,32,0.95,0.025,12227,191.046875,0.36958874861279956,cdf,0.0,1.0
64,32,0.95,0.025,12227,191.046875,0.36958874861279956,cdf_eb,0.0,1.0
64,32,0.95,0.025,12227,191.046875,0.36958874861279956,exc_eb,0.0,1.0
64,32,0.95,0.025,12227,191.046875,0.36958874861279956,binom,0.04833333333333333,0.9516666666666667
64,32,0.95,0.025,12227,191.046875,0.36958874861279956,split,0.0,1.0
64,32,0.95,0.025,12227,191.046875,0.36958874861279956,ceiling,0.5279332832158525,
64,32,0.95,0.025,17065,266.640625,0.515828248554627,exc_bet,0.0013333333333333333,0.9986666666666667
64,32,0.95,0.025,17065,266.640625,0.515828248554627,exc,0.0,1.0
64,32,0.95,0.025,17065,266.640625,0.515828248554627,naive,0.19633333333333333,0.8033333333333333
64,32,0.95,0.025,17065,266.640625,0.515828248554627,cdf,0.0,1.0
64,32,0.95,0.025,17065,266.640625,0.515828248554627,cdf_eb,0.0,1.0
64,32,0.95,0.025,17065,266.640625,0.515828248554627,exc_eb,0.0,1.0
64,32,0.95,0.025,17065,266.640625,0.515828248554627,binom,0.10366666666666667,0.8963333333333333
64,32,0.95,0.025,17065,266.640625,0.515828248554627,split,0.0,1.0
64,32,0.95,0.025,17065,266.640625,0.515828248554627,ceiling,0.6801134375827529,
64,32,0.95,0.025,23818,372.15625,0.7199529577541228,exc_bet,0.04666666666666667,0.9533333333333334
64,32,0.95,0.025,23818,372.15625,0.7199529577541228,exc,0.0,1.0
64,32,0.95,0.025,23818,372.15625,0.7199529577541228,naive,0.2916666666666667,0.7083333333333334
64,32,0.95,0.025,23818,372.15625,0.7199529577541228,cdf,0.0,1.0
64,32,0.95,0.025,23818,372.15625,0.7199529577541228,cdf_eb,0.0,1.0
64,32,0.95,0.025,23818,372.15625,0.7199529577541228,exc_eb,0.0,1.0
64,32,0.95,0.025,23818,372.15625,0.7199529577541228,binom,0.23166666666666666,0.7683333333333333
64,32,0.95,0.025,23818,372.15625,0.7199529577541228,split,0.0,1.0
64,32,0.95,0.025,23818,372.15625,0.7199529577541228,ceiling,0.8128413108396548,
64,32,0.95,0.025,33243,519.421875,1.0048449145444749,exc_bet,0.17,0.83
64,32,0.95,0.025,33243,519.421875,1.0048449145444749,exc,0.0,1.0
64,32,0.95,0.025,33243,519.421875,1.0048449145444749,naive,0.573,0.427
64,32,0.95,0.025,33243,519.421875,1.0048449145444749,cdf,0.0,1.0
64,32,0.95,0.025,33243,519.421875,1.0048449145444749,cdf_eb,0.0,1.0
64,32,0.95,0.025,33243,519.421875,1.0048449145444749,exc_eb,0.0,1.0
64,32,0.95,0.025,33243,519.421875,1.0048449145444749,binom,0.406,0.594
64,32,0.95,0.025,33243,519.421875,1.0048449145444749,split,0.0,1.0
64,32,0.95,0.025,33243,519.421875,1.0048449145444749,ceiling,0.916874327339757,
64,32,0.95,0.025,46397,724.953125,1.4024543362548507,exc_bet,0.381,0.619
64,32,0.95,0.025,46397,724.953125,1.4024543362548507,exc,0.006333333333333333,0.9936666666666667
64,32,0.95,0.025,46397,724.953125,1.4024543362548507,naive,0.7973333333333333,0.20266666666666666
64,32,0.95,0.025,46397,724.953125,1.4024543362548507,cdf,0.0,1.0
64,32,0.95,0.025,46397,724.953125,1.4024543362548507,cdf_eb,0.0,1.0
64,32,0.95,0.025,46397,724.953125,1.4024543362548507,exc_eb,0.006333333333333333,0.9936666666666667
64,32,0.95,0.025,46397,724.953125,1.4024543362548507,binom,0.6663333333333333,0.33366666666666667
64,32,0.95,0.025,46397,724.953125,1.4024543362548507,split,0.008333333333333333,0.9916666666666667
64,32,0.95,0.025,46397,724.953125,1.4024543362548507,ceiling,0.9755620649621665,
64,32,0.95,0.025,64757,1011.828125,1.9574268908087886,exc_bet,0.6816666666666666,0.31833333333333336
64,32,0.95,0.025,64757,1011.828125,1.9574268908087886,exc,0.061,0.939
64,32,0.95,0.025,64757,1011.828125,1.9574268908087886,naive,0.943,0.057
64,32,0.95,0.025,64757,1011.828125,1.9574268908087886,cdf,0.0,1.0
64,32,0.95,0.025,64757,1011.828125,1.9574268908087886,cdf_eb,0.0,1.0
64,32,0.95,0.025,64757,1011.828125,1.9574268908087886,exc_eb,0.061,0.939
64,32,0.95,0.025,64757,1011.828125,1.9574268908087886,binom,0.8663333333333333,0.13366666666666666
64,32,0.95,0.025,64757,1011.828125,1.9574268908087886,split,0.03333333333333333,0.9666666666666667
64,32,0.95,0.025,64757,1011.828125,1.9574268908087886,ceiling,0.9961017761262574,
64,32,0.95,0.025,90381,1412.203125,2.7319702861187074,exc_bet,0.8573333333333333,0.14266666666666666
64,32,0.95,0.025,90381,1412.203125,2.7319702861187074,exc,0.288,0.712
64,32,0.95,0.025,90381,1412.203125,2.7319702861187074,naive,0.994,0.006
64,32,0.95,0.025,90381,1412.203125,2.7319702861187074,cdf,0.0003333333333333333,0.9996666666666667
64,32,0.95,0.025,90381,1412.203125,2.7319702861187074,cdf_eb,0.0006666666666666666,0.9993333333333333
64,32,0.95,0.025,90381,1412.203125,2.7319702861187074,exc_eb,0.34933333333333333,0.6506666666666666
64,32,0.95,0.025,90381,1412.203125,2.7319702861187074,binom,0.9743333333333334,0.025666666666666667
64,32,0.95,0.025,90381,1412.203125,2.7319702861187074,split,0.11166666666666666,0.8883333333333333
64,32,0.95,0.025,90381,1412.203125,2.7319702861187074,ceiling,0.9997462918461304,
64,32,0.95,0.025,126145,1971.015625,3.813018131492729,exc_bet,0.96,0.04
64,32,0.95,0.025,126145,1971.015625,3.813018131492729,exc,0.691,0.309
64,32,0.95,0.025,126145,1971.015625,3.813018131492729,naive,0.9996666666666667,0.0003333333333333333
64,32,0.95,0.025,126145,1971.015625,3.813018131492729,cdf,0.0,1.0
64,32,0.95,0.025,126145,1971.015625,3.813018131492729,cdf_eb,0.0003333333333333333,0.9996666666666667
64,32,0.95,0.025,126145,1971.015625,3.813018131492729,exc_eb,0.7776666666666666,0.22233333333333333
64,32,0.95,0.025,126145,1971.015625,3.813018131492729,binom,0.9983333333333333,0.0016666666666666668
64,32,0.95,0.025,126145,1971.015625,3.813018131492729,split,0.34833333333333333,0.6516666666666666
64,32,0.95,0.025,126145,1971.015625,3.813018131492729,ceiling,0.9999955148482643,
64,32,0.95,0.025,176062,2750.96875,5.321872434633738,exc_bet,0.9983333333333333,0.0016666666666666668
64,32,0.95,0.025,176062,2750.96875,5.321872434633738,exc,0.958,0.042
64,32,0.95,0.025,176062,2750.96875,5.321872434633738,naive,1.0,0.0
64,32,0.95,0.025,176062,2750.96875,5.321872434633738,cdf,0.0003333333333333333,0.9996666666666667
64,32,0.95,0.025,176062,2750.96875,5.321872434633738,cdf_eb,0.0016666666666666668,0.9983333333333333
64,32,0.95,0.025,176062,2750.96875,5.321872434633738,exc_eb,0.975,0.025
64,32,0.95,0.025,176062,2750.96875,5.321872434633738,binom,1.0,0.0
64,32,0.95,0.025,176062,2750.96875,5.321872434633738,split,0.7276666666666667,0.2723333333333333
64,32,0.95,0.025,176062,2750.96875,5.321872434633738,ceiling,0.9999999879066055,
64,32,0.95,0.025,245729,3839.515625,7.427715188343389,exc_bet,0.9996666666666667,0.0003333333333333333
64,32,0.95,0.025,245729,3839.515625,7.427715188343389,exc,0.999,0.001
64,32,0.95,0.025,245729,3839.515625,7.427715188343389,naive,1.0,0.0
64,32,0.95,0.025,245729,3839.515625,7.427715188343389,cdf,0.0003333333333333333,0.9996666666666667
64,32,0.95,0.025,245729,3839.515625,7.427715188343389,cdf_eb,0.007333333333333333,0.9926666666666667
64,32,0.95,0.025,245729,3839.515625,7.427715188343389,exc_eb,0.9996666666666667,0.0003333333333333333
64,32,0.95,0.025,245729,3839.515625,7.427715188343389,binom,1.0,0.0
64,32,0.95,0.025,245729,3839.515625,7.427715188343389,split,0.9486666666666667,0.051333333333333335
64,32,0.95,0.025,245729,3839.515625,7.427715188343389,ceiling,0.9999999999977361,
64,32,0.95,0.025,342965,5358.828125,10.366893364520225,exc_bet,1.0,0.0
64,32,0.95,0.025,342965,5358.828125,10.366893364520225,exc,1.0,0.0
64,32,0.95,0.025,342965,5358.828125,10.366893364520225,naive,1.0,0.0
64,32,0.95,0.025,342965,5358.828125,10.366893364520225,cdf,0.0016666666666666668,0.9983333333333333
64,32,0.95,0.025,342965,5358.828125,10.366893364520225,cdf_eb,0.018333333333333333,0.9816666666666667
64,32,0.95,0.025,342965,5358.828125,10.366893364520225,exc_eb,1.0,0.0
64,32,0.95,0.025,342965,5358.828125,10.366893364520225,binom,1.0,0.0
64,32,0.95,0.025,342965,5358.828125,10.366893364520225,split,0.9963333333333333,0.0036666666666666666
64,32,0.95,0.025,342965,5358.828125,10.366893364520225,ceiling,0.9999999999998912,
64,32,0.95,0.025,478677,7479.328125,14.469095724194736,exc_bet,1.0,0.0
64,32,0.95,0.025,478677,7479.328125,14.469095724194736,exc,1.0,0.0
64,32,0.95,0.025,478677,7479.328125,14.469095724194736,naive,1.0,0.0
64,32,0.95,0.025,478677,7479.328125,14.469095724194736,cdf,0.004666666666666667,0.9953333333333333
64,32,0.95,0.025,478677,7479.328125,14.469095724194736,cdf_eb,0.035,0.965
64,32,0.95,0.025,478677,7479.328125,14.469095724194736,exc_eb,1.0,0.0
64,32,0.95,0.025,478677,7479.328125,14.469095724194736,binom,1.0,0.0
64,32,0.95,0.025,478677,7479.328125,14.469095724194736,split,1.0,0.0
64,32,0.95,0.025,478677,7479.328125,14.469095724194736,ceiling,0.999999999999837,
64,32,0.95,0.025,668090,10438.90625,20.194532351412878,exc_bet,1.0,0.0
64,32,0.95,0.025,668090,10438.90625,20.194532351412878,exc,1.0,0.0
64,32,0.95,0.025,668090,10438.90625,20.194532351412878,naive,1.0,0.0
64,32,0.95,0.025,668090,10438.90625,20.194532351412878,cdf,0.017,0.983
64,32,0.95,0.025,668090,10438.90625,20.194532351412878,cdf_eb,0.082,0.918
64,32,0.95,0.025,668090,10438.90625,20.194532351412878,exc_eb,1.0,0.0
64,32,0.95,0.025,668090,10438.90625,20.194532351412878,binom,1.0,0.0
64,32,0.95,0.025,668090,10438.90625,20.194532351412878,split,1.0,0.0
64,32,0.95,0.025,668090,10438.90625,20.194532351412878,ceiling,0.9999999999997796,
64,32,0.95,0.025,932455,14569.609375,28.185562818986504,exc_bet,1.0,0.0
64,32,0.95,0.025,932455,14569.609375,28.185562818986504,exc,1.0,0.0
64,32,0.95,0.025,932455,14569.609375,28.185562818986504,naive,1.0,0.0
64,32,0.95,0.025,932455,14569.609375,28.185562818986504,cdf,0.055,0.945
64,32,0.95,0.025,932455,14569.609375,28.185562818986504,cdf_eb,0.197,0.803
64,32,0.95,0.025,932455,14569.609375,28.185562818986504,exc_eb,1.0,0.0
64,32,0.95,0.025,932455,14569.609375,28.185562818986504,binom,1.0,0.0
64,32,0.95,0.025,932455,14569.609375,28.185562818986504,split,1.0,0.0
64,32,0.95,0.025,932455,14569.609375,28.185562818986504,ceiling,0.9999999999996892,
64,32,0.95,0.025,1301428,20334.8125,39.3386068479315,exc_bet,1.0,0.0
64,32,0.95,0.025,1301428,20334.8125,39.3386068479315,exc,1.0,0.0
64,32,0.95,0.025,1301428,20334.8125,39.3386068479315,naive,1.0,0.0
64,32,0.95,0.025,1301428,20334.8125,39.3386068479315,cdf,0.14533333333333334,0.8546666666666667
64,32,0.95,0.025,1301428,20334.8125,39.3386068479315,cdf_eb,0.4176666666666667,0.5823333333333334
64,32,0.95,0.025,1301428,20334.8125,39.3386068479315,exc_eb,1.0,0.0
64,32,0.95,0.025,1301428,20334.8125,39.3386068479315,binom,1.0,0.0
64,32,0.95,0.025,1301428,20334.8125,39.3386068479315,split,1.0,0.0
64,32,0.95,0.025,1301428,20334.8125,39.3386068479315,ceiling,0.9999999999995837,
64,32,0.95,0.025,1816405,28381.328125,54.90495223063974,exc_bet,1.0,0.0
64,32,0.95,0.025,1816405,28381.328125,54.90495223063974,exc,1.0,0.0
64,32,0.95,0.025,1816405,28381.328125,54.90495223063974,naive,1.0,0.0
64,32,0.95,0.025,1816405,28381.328125,54.90495223063974,cdf,0.334,0.666
64,32,0.95,0.025,1816405,28381.328125,54.90495223063974,cdf_eb,0.6466666666666666,0.35333333333333333
64,32,0.95,0.025,1816405,28381.328125,54.90495223063974,exc_eb,1.0,0.0
64,32,0.95,0.025,1816405,28381.328125,54.90495223063974,binom,1.0,0.0
64,32,0.95,0.025,1816405,28381.328125,54.90495223063974,split,1.0,0.0
64,32,0.95,0.025,1816405,28381.328125,54.90495223063974,ceiling,0.9999999999994273,
64,32,0.95,0.025,2535159,39611.859375,76.63091865089362,exc_bet,1.0,0.0
64,32,0.95,0.025,2535159,39611.859375,76.63091865089362,exc,1.0,0.0
64,32,0.95,0.025,2535159,39611.859375,76.63091865089362,naive,1.0,0.0
64,32,0.95,0.025,2535159,39611.859375,76.63091865089362,cdf,0.648,0.352
64,32,0.95,0.025,2535159,39611.859375,76.63091865089362,cdf_eb,0.8803333333333333,0.11966666666666667
64,32,0.95,0.025,2535159,39611.859375,76.63091865089362,exc_eb,1.0,0.0
64,32,0.95,0.025,2535159,39611.859375,76.63091865089362,binom,1.0,0.0
64,32,0.95,0.025,2535159,39611.859375,76.63091865089362,split,1.0,0.0
64,32,0.95,0.025,2535159,39611.859375,76.63091865089362,ceiling,,
64,32,0.95,0.025,3538325,55286.328125,106.95388148649577,exc_bet,1.0,0.0
64,32,0.95,0.025,3538325,55286.328125,106.95388148649577,exc,1.0,0.0
64,32,0.95,0.025,3538325,55286.328125,106.95388148649577,naive,1.0,0.0
64,32,0.95,0.025,3538325,55286.328125,106.95388148649577,cdf,0.887,0.113
64,32,0.95,0.025,3538325,55286.328125,106.95388148649577,cdf_eb,0.983,0.017
64,32,0.95,0.025,3538325,55286.328125,106.95388148649577,exc_eb,1.0,0.0
64,32,0.95,0.025,3538325,55286.328125,106.95388148649577,binom,1.0,0.0
64,32,0.95,0.025,3538325,55286.328125,106.95388148649577,split,1.0,0.0
64,32,0.95,0.025,3538325,55286.328125,106.95388148649577,ceiling,,
64,32,0.95,0.025,4938445,77163.203125,149.27567740599793,exc_bet,1.0,0.0
64,32,0.95,0.025,4938445,77163.203125,149.27567740599793,exc,1.0,0.0
64,32,0.95,0.025,4938445,77163.203125,149.27567740599793,naive,1.0,0.0
64,32,0.95,0.025,4938445,77163.203125,149.27567740599793,cdf,0.9936666666666667,0.006333333333333333
64,32,0.95,0.025,4938445,77163.203125,149.27567740599793,cdf_eb,0.9993333333333333,0.0006666666666666666
64,32,0.95,0.025,4938445,77163.203125,149.27567740599793,exc_eb,1.0,0.0
64,32,0.95,0.025,4938445,77163.203125,149.27567740599793,binom,1.0,0.0
64,32,0.95,0.025,4938445,77163.203125,149.27567740599793,split,1.0,0.0
64,32,0.95,0.025,4938445,77163.203125,149.27567740599793,ceiling,,
64,32,0.95,0.025,6892594,107696.78125,208.34425379537828,exc_bet,1.0,0.0
64,32,0.95,0.025,6892594,107696.78125,208.34425379537828,exc,1.0,0.0
64,32,0.95,0.025,6892594,107696.78125,208.34425379537828,naive,1.0,0.0
64,32,0.95,0.025,6892594,107696.78125,208.34425379537828,cdf,1.0,0.0
64,32,0.95,0.025,6892594,107696.78125,208.34425379537828,cdf_eb,1.0,0.0
64,32,0.95,0.025,6892594,107696.78125,208.34425379537828,exc_eb,1.0,0.0
64,32,0.95,0.025,6892594,107696.78125,208.34425379537828,binom,1.0,0.0
64,32,0.95,0.025,6892594,107696.78125,208.34425379537828,split,1.0,0.0
64,32,0.95,0.025,6892594,107696.78125,208.34425379537828,ceiling,,
64,32,0.95,0.025,9620002,150312.53125,290.78633359226535,exc_bet,1.0,0.0
64,32,0.95,0.025,9620002,150312.53125,290.78633359226535,exc,1.0,0.0
64,32,0.95,0.025,9620002,150312.53125,290.78633359226535,naive,1.0,0.0
64,32,0.95,0.025,9620002,150312.53125,290.78633359226535,cdf,1.0,0.0
64,32,0.95,0.025,9620002,150312.53125,290.78633359226535,cdf_eb,1.0,0.0
64,32,0.95,0.025,9620002,150312.53125,290.78633359226535,exc_eb,1.0,0.0
64,32,0.95,0.025,9620002,150312.53125,290.78633359226535,binom,1.0,0.0
64,32,0.95,0.025,9620002,150312.53125,290.78633359226535,split,1.0,0.0
64,32,0.95,0.025,9620002,150312.53125,290.78633359226535,ceiling,,
64,32,0.95,0.025,13426649,209791.390625,405.85085482729176,exc_bet,1.0,0.0
64,32,0.95,0.025,13426649,209791.390625,405.85085482729176,exc,1.0,0.0
64,32,0.95,0.025,13426649,209791.390625,405.85085482729176,naive,1.0,0.0
64,32,0.95,0.025,13426649,209791.390625,405.85085482729176,cdf,1.0,0.0
64,32,0.95,0.025,13426649,209791.390625,405.85085482729176,cdf_eb,1.0,0.0
64,32,0.95,0.025,13426649,209791.390625,405.85085482729176,exc_eb,1.0,0.0
64,32,0.95,0.025,13426649,209791.390625,405.85085482729176,binom,1.0,0.0
64,32,0.95,0.025,13426649,209791.390625,405.85085482729176,split,1.0,0.0
64,32,0.95,0.025,13426649,209791.390625,405.85085482729176,ceiling,,
64,32,0.95,0.025,18739591,292806.109375,566.446551664814,exc_bet,1.0,0.0
64,32,0.95,0.025,18739591,292806.109375,566.446551664814,exc,1.0,0.0
64,32,0.95,0.025,18739591,292806.109375,566.446551664814,naive,1.0,0.0
64,32,0.95,0.025,18739591,292806.109375,566.446551664814,cdf,1.0,0.0
64,32,0.95,0.025,18739591,292806.109375,566.446551664814,cdf_eb,1.0,0.0
64,32,0.95,0.025,18739591,292806.109375,566.446551664814,exc_eb,1.0,0.0
64,32,0.95,0.025,18739591,292806.109375,566.446551664814,binom,1.0,0.0
64,32,0.95,0.025,18739591,292806.109375,566.446551664814,split,1.0,0.0
64,32,0.95,0.025,18739591,292806.109375,566.446551664814,ceiling,,
64,32,0.95,0.025,26154870,408669.84375,790.5901425885705,exc_bet,1.0,0.0
64,32,0.95,0.025,26154870,408669.84375,790.5901425885705,exc,1.0,0.0
64,32,0.95,0.025,26154870,408669.84375,790.5901425885705,naive,1.0,0.0
64,32,0.95,0.025,26154870,408669.84375,790.5901425885705,cdf,1.0,0.0
64,32,0.95,0.025,26154870,408669.84375,790.5901425885705,cdf_eb,1.0,0.0
64,32,0.95,0.025,26154870,408669.84375,790.5901425885705,exc_eb,1.0,0.0
64,32,0.95,0.025,26154870,408669.84375,790.5901425885705,binom,1.0,0.0
64,32,0.95,0.025,26154870,408669.84375,790.5901425885705,split,1.0,0.0
64,32,0.95,0.025,26154870,408669.84375,790.5901425885705,ceiling,,
64,32,0.95,0.025,36504385,570381.015625,1103.427657727149,exc_bet,1.0,0.0
64,32,0.95,0.025,36504385,570381.015625,1103.427657727149,exc,1.0,0.0
64,32,0.95,0.025,36504385,570381.015625,1103.427657727149,naive,1.0,0.0
64,32,0.95,0.025,36504385,570381.015625,1103.427657727149,cdf,1.0,0.0
64,32,0.95,0.025,36504385,570381.015625,1103.427657727149,cdf_eb,1.0,0.0
64,32,0.95,0.025,36504385,570381.015625,1103.427657727149,exc_eb,1.0,0.0
64,32,0.95,0.025,36504385,570381.015625,1103.427657727149,binom,1.0,0.0
64,32,0.95,0.025,36504385,570381.015625,1103.427657727149,split,1.0,0.0
64,32,0.95,0.025,36504385,570381.015625,1103.427657727149,ceiling,,
64,32,0.95,0.025,50949215,796081.484375,1540.0553377487915,exc_bet,1.0,0.0
64,32,0.95,0.025,50949215,796081.484375,1540.0553377487915,exc,1.0,0.0
64,32,0.95,0.025,50949215,796081.484375,1540.0553377487915,naive,1.0,0.0
64,32,0.95,0.025,50949215,796081.484375,1540.0553377487915,cdf,1.0,0.0
64,32,0.95,0.025,50949215,796081.484375,1540.0553377487915,cdf_eb,1.0,0.0
64,32,0.95,0.025,50949215,796081.484375,1540.0553377487915,exc_eb,1.0,0.0
64,32,0.95,0.025,50949215,796081.484375,1540.0553377487915,binom,1.0,0.0
64,32,0.95,0.025,50949215,796081.484375,1540.0553377487915,split,1.0,0.0
64,32,0.95,0.025,50949215,796081.484375,1540.0553377487915,ceiling,,
64,32,0.95,0.025,71109882,1111091.90625,2149.45712786324,exc_bet,1.0,0.0
64,32,0.95,0.025,71109882,1111091.90625,2149.45712786324,exc,1.0,0.0
64,32,0.95,0.025,71109882,1111091.90625,2149.45712786324,naive,1.0,0.0
64,32,0.95,0.025,71109882,1111091.90625,2149.45712786324,cdf,1.0,0.0
64,32,0.95,0.025,71109882,1111091.90625,2149.45712786324,cdf_eb,1.0,0.0
64,32,0.95,0.025,71109882,1111091.90625,2149.45712786324,exc_eb,1.0,0.0
64,32,0.95,0.025,71109882,1111091.90625,2149.45712786324,binom,1.0,0.0
64,32,0.95,0.025,71109882,1111091.90625,2149.45712786324,split,1.0,0.0
64,32,0.95,0.025,71109882,1111091.90625,2149.45712786324,ceiling,,
64,32,0.95,0.025,99248151,1550752.359375,2999.999994293299,exc_bet,1.0,0.0
64,32,0.95,0.025,99248151,1550752.359375,2999.999994293299,exc,1.0,0.0
64,32,0.95,0.025,99248151,1550752.359375,2999.999994293299,naive,1.0,0.0
64,32,0.95,0.025,99248151,1550752.359375,2999.999994293299,cdf,1.0,0.0
64,32,0.95,0.025,99248151,1550752.359375,2999.999994293299,cdf_eb,1.0,0.0
64,32,0.95,0.025,99248151,1550752.359375,2999.999994293299,exc_eb,1.0,0.0
64,32,0.95,0.025,99248151,1550752.359375,2999.999994293299,binom,1.0,0.0
64,32,0.95,0.025,99248151,1550752.359375,2999.999994293299,split,1.0,0.0
64,32,0.95,0.025,99248151,1550752.359375,2999.999994293299,ceiling,,
64,32,0.99,0.005,8270,129.21875,0.049995893531166305,exc_bet,0.0,1.0
64,32,0.99,0.005,8270,129.21875,0.049995893531166305,exc,0.0,1.0
64,32,0.99,0.005,8270,129.21875,0.049995893531166305,naive,0.0,1.0
64,32,0.99,0.005,8270,129.21875,0.049995893531166305,cdf,0.0,1.0
64,32,0.99,0.005,8270,129.21875,0.049995893531166305,cdf_eb,0.0,1.0
64,32,0.99,0.005,8270,129.21875,0.049995893531166305,exc_eb,0.0,1.0
64,32,0.99,0.005,8270,129.21875,0.049995893531166305,binom,0.0,1.0
64,32,0.99,0.005,8270,129.21875,0.049995893531166305,split,0.0,1.0
64,32,0.99,0.005,8270,129.21875,0.049995893531166305,ceiling,0.007697351122827975,
64,32,0.99,0.005,11543,180.359375,0.0697826601003933,exc_bet,0.0,1.0
64,32,0.99,0.005,11543,180.359375,0.0697826601003933,exc,0.0,1.0
64,32,0.99,0.005,11543,180.359375,0.0697826601003933,naive,0.0,1.0
64,32,0.99,0.005,11543,180.359375,0.0697826601003933,cdf,0.0,1.0
64,32,0.99,0.005,11543,180.359375,0.0697826601003933,cdf_eb,0.0,1.0
64,32,0.99,0.005,11543,180.359375,0.0697826601003933,exc_eb,0.0,1.0
64,32,0.99,0.005,11543,180.359375,0.0697826601003933,binom,0.0,1.0
64,32,0.99,0.005,11543,180.359375,0.0697826601003933,split,0.0,1.0
64,32,0.99,0.005,11543,180.359375,0.0697826601003933,ceiling,0.013009723198806257,
64,32,0.99,0.005,16111,251.734375,0.0973982878694825,exc_bet,0.0,1.0
64,32,0.99,0.005,16111,251.734375,0.0973982878694825,exc,0.0,1.0
64,32,0.99,0.005,16111,251.734375,0.0973982878694825,naive,0.0,1.0
64,32,0.99,0.005,16111,251.734375,0.0973982878694825,cdf,0.0,1.0
64,32,0.99,0.005,16111,251.734375,0.0973982878694825,cdf_eb,0.0,1.0
64,32,0.99,0.005,16111,251.734375,0.0973982878694825,exc_eb,0.0,1.0
64,32,0.99,0.005,16111,251.734375,0.0973982878694825,binom,0.0,1.0
64,32,0.99,0.005,16111,251.734375,0.0973982878694825,split,0.0,1.0
64,32,0.99,0.005,16111,251.734375,0.0973982878694825,ceiling,0.026124484867504204,
64,32,0.99,0.005,22486,351.34375,0.13593804860239486,exc_bet,0.0,1.0
64,32,0.99,0.005,22486,351.34375,0.13593804860239486,exc,0.0,1.0
64,32,0.99,0.005,22486,351.34375,0.13593804860239486,naive,0.0,1.0
64,32,0.99,0.005,22486,351.34375,0.13593804860239486,cdf,0.0,1.0
64,32,0.99,0.005,22486,351.34375,0.13593804860239486,cdf_eb,0.0,1.0
64,32,0.99,0.005,22486,351.34375,0.13593804860239486,exc_eb,0.0,1.0
64,32,0.99,0.005,22486,351.34375,0.13593804860239486,binom,0.0,1.0
64,32,0.99,0.005,22486,351.34375,0.13593804860239486,split,0.0,1.0
64,32,0.99,0.005,22486,351.34375,0.13593804860239486,ceiling,0.0642912091971393,
64,32,0.99,0.005,31384,490.375,0.18973048640654452,exc_bet,0.0,1.0
64,32,0.99,0.005,31384,490.375,0.18973048640654452,exc,0.0,1.0
64,32,0.99,0.005,31384,490.375,0.18973048640654452,naive,0.0,1.0
64,32,0.99,0.005,31384,490.375,0.18973048640654452,cdf,0.0,1.0
64,32,0.99,0.005,31384,490.375,0.18973048640654452,cdf_eb,0.0,1.0
64,32,0.99,0.005,31384,490.375,0.18973048640654452,exc_eb,0.0,1.0
64,32,0.99,0.005,31384,490.375,0.18973048640654452,binom,0.0,1.0
64,32,0.99,0.005,31384,490.375,0.18973048640654452,split,0.0,1.0
64,32,0.99,0.005,31384,490.375,0.18973048640654452,ceiling,0.14185623623988988,
64,32,0.99,0.005,43802,684.40625,0.2648029175879258,exc_bet,0.0,1.0
64,32,0.99,0.005,43802,684.40625,0.2648029175879258,exc,0.0,1.0
64,32,0.99,0.005,43802,684.40625,0.2648029175879258,naive,0.034333333333333334,0.965
64,32,0.99,0.005,43802,684.40625,0.2648029175879258,cdf,0.0,1.0
64,32,0.99,0.005,43802,684.40625,0.2648029175879258,cdf_eb,0.0,0.9996666666666667
64,32,0.99,0.005,43802,684.40625,0.2648029175879258,exc_eb,0.0,1.0
64,32,0.99,0.005,43802,684.40625,0.2648029175879258,binom,0.03266666666666666,0.9666666666666667
64,32,0.99,0.005,43802,684.40625,0.2648029175879258,split,0.0,1.0
64,32,0.99,0.005,43802,684.40625,0.2648029175879258,ceiling,0.28410361664072636,
64,32,0.99,0.005,61135,955.234375,0.3695887486127995,exc_bet,0.0,1.0
64,32,0.99,0.005,61135,955.234375,0.3695887486127995,exc,0.0,1.0
64,32,0.99,0.005,61135,955.234375,0.3695887486127995,naive,0.048666666666666664,0.951
64,32,0.99,0.005,61135,955.234375,0.3695887486127995,cdf,0.0,1.0
64,32,0.99,0.005,61135,955.234375,0.3695887486127995,cdf_eb,0.0,1.0
64,32,0.99,0.005,61135,955.234375,0.3695887486127995,exc_eb,0.0,1.0
64,32,0.99,0.005,61135,955.234375,0.3695887486127995,binom,0.048666666666666664,0.951
64,32,0.99,0.005,61135,955.234375,0.3695887486127995,split,0.0,1.0
64,32,0.99,0.005,61135,955.234375,0.3695887486127995,ceiling,0.4965148034828438,
64,32,0.99,0.005,85327,1333.234375,0.5158403394599549,exc_bet,0.0006666666666666666,0.9993333333333333
64,32,0.99,0.005,85327,1333.234375,0.5158403394599549,exc,0.0,1.0
64,32,0.99,0.005,85327,1333.234375,0.5158403394599549,naive,0.19466666666666665,0.8046666666666666
64,32,0.99,0.005,85327,1333.234375,0.5158403394599549,cdf,0.0,1.0
64,32,0.99,0.005,85327,1333.234375,0.5158403394599549,cdf_eb,0.0,1.0
64,32,0.99,0.005,85327,1333.234375,0.5158403394599549,exc_eb,0.0,1.0
64,32,0.99,0.005,85327,1333.234375,0.5158403394599549,binom,0.10066666666666667,0.899
64,32,0.99,0.005,85327,1333.234375,0.5158403394599549,split,0.0,1.0
64,32,0.99,0.005,85327,1333.234375,0.5158403394599549,ceiling,0.6674802933843926,
64,32,0.99,0.005,119091,1860.796875,0.7199590032067867,exc_bet,0.04566666666666667,0.9543333333333334
64,32,0.99,0.005,119091,1860.796875,0.7199590032067867,exc,0.0,1.0
64,32,0.99,0.005,119091,1860.796875,0.7199590032067867,naive,0.3016666666666667,0.6983333333333334
64,32,0.99,0.005,119091,1860.796875,0.7199590032067867,cdf,0.0,0.9996666666666667
64,32,0.99,0.005,119091,1860.796875,0.7199590032067867,cdf_eb,0.0,0.999
64,32,0.99,0.005,119091,1860.796875,0.7199590032067867,exc_eb,0.0,1.0
64,32,0.99,0.005,119091,1860.796875,0.7199590032067867,binom,0.21366666666666667,0.7863333333333333
64,32,0.99,0.005,119091,1860.796875,0.7199590032067867,split,0.0,1.0
64,32,0.99,0.005,119091,1860.796875,0.7199590032067867,ceiling,0.8011697395146575,
64,32,0.99,0.005,166216,2597.125,1.004850959997139,exc_bet,0.16633333333333333,0.8336666666666667
64,32,0.99,0.005,166216,2597.125,1.004850959997139,exc,0.0,1.0
64,32,0.99,0.005,166216,2597.125,1.004850959997139,naive,0.573,0.4266666666666667
64,32,0.99,0.005,166216,2597.125,1.004850959997139,cdf,0.0,0.9996666666666667
64,32,0.99,0.005,166216,2597.125,1.004850959997139,cdf_eb,0.0003333333333333333,0.9993333333333333
64,32,0.99,0.005,166216,2597.125,1.004850959997139,exc_eb,0.0,1.0
64,32,0.99,0.005,166216,2597.125,1.004850959997139,binom,0.3873333333333333,0.6126666666666667
64,32,0.99,0.005,166216,2597.125,1.004850959997139,split,0.0,1.0
64,32,0.99,0.005,166216,2597.125,1.004850959997139,ceiling,0.9091955347510225,
64,32,0.99,0.005,231988,3624.8125,1.4024724726128426,exc_bet,0.3863333333333333,0.6136666666666667
64,32,0.99,0.005,231988,3624.8125,1.4024724726128426,exc,0.007,0.993
64,32,0.99,0.005,231988,3624.8125,1.4024724726128426,naive,0.7903333333333333,0.20966666666666667
64,32,0.99,0.005,231988,3624.8125,1.4024724726128426,cdf,0.0,1.0
64,32,0.99,0.005,231988,3624.8125,1.4024724726128426,cdf_eb,0.0,1.0
64,32,0.99,0.005,231988,3624.8125,1.4024724726128426,exc_eb,0.007,0.993
64,32,0.99,0.005,231988,3624.8125,1.4024724726128426,binom,0.63,0.37
64,32,0.99,0.005,231988,3624.8125,1.4024724726128426,split,0.006,0.994
64,32,0.99,0.005,231988,3624.8125,1.4024724726128426,ceiling,0.9722066312810678,
64,32,0.99,0.005,323786,5059.15625,1.9574329362614524,exc_bet,0.6486666666666666,0.35133333333333333
64,32,0.99,0.005,323786,5059.15625,1.9574329362614524,exc,0.049,0.951
64,32,0.99,0.005,323786,5059.15625,1.9574329362614524,naive,0.939,0.061
64,32,0.99,0.005,323786,5059.15625,1.9574329362614524,cdf,0.0,1.0
64,32,0.99,0.005,323786,5059.15625,1.9574329362614524,cdf_eb,0.0003333333333333333,0.9996666666666667
64,32,0.99,0.005,323786,5059.15625,1.9574329362614524,exc_eb,0.049,0.951
64,32,0.99,0.005,323786,5059.15625,1.9574329362614524,binom,0.8383333333333334,0.16166666666666665
64,32,0.99,0.005,323786,5059.15625,1.9574329362614524,split,0.032,0.968
64,32,0.99,0.005,323786,5059.15625,1.9574329362614524,ceiling,0.9952879134115289,
64,32,0.99,0.005,451908,7061.0625,2.7319884224766993,exc_bet,0.846,0.154
64,32,0.99,0.005,451908,7061.0625,2.7319884224766993,exc,0.26466666666666666,0.7353333333333333
64,32,0.99,0.005,451908,7061.0625,2.7319884224766993,naive,0.991,0.009
64,32,0.99,0.005,451908,7061.0625,2.7319884224766993,cdf,0.0,1.0
64,32,0.99,0.005,451908,7061.0625,2.7319884224766993,cdf_eb,0.0,0.9996666666666667
64,32,0.99,0.005,451908,7061.0625,2.7319884224766993,exc_eb,0.31833333333333336,0.6816666666666666
64,32,0.99,0.005,451908,7061.0625,2.7319884224766993,binom,0.9663333333333334,0.033666666666666664
64,32,0.99,0.005,451908,7061.0625,2.7319884224766993,split,0.10933333333333334,0.8906666666666667
64,32,0.99,0.005,451908,7061.0625,2.7319884224766993,ceiling,0.9996651996782796,
64,32,0.99,0.005,630729,9855.140625,3.8130423133033844,exc_bet,0.9503333333333334,0.049666666666666665
64,32,0.99,0.005,630729,9855.140625,3.8130423133033844,exc,0.6713333333333333,0.32866666666666666
64,32,0.99,0.005,630729,9855.140625,3.8130423133033844,naive,0.9996666666666667,0.0003333333333333333
64,32,0.99,0.005,630729,9855.140625,3.8130423133033844,cdf,0.0,1.0
64,32,0.99,0.005,630729,9855.140625,3.8130423133033844,cdf_eb,0.0003333333333333333,0.9996666666666667
64,32,0.99,0.005,630729,9855.140625,3.8130423133033844,exc_eb,0.7683333333333333,0.23166666666666666
64,32,0.99,0.005,630729,9855.140625,3.8130423133033844,binom,0.997,0.003
64,32,0.99,0.005,630729,9855.140625,3.8130423133033844,split,0.339,0.661
64,32,0.99,0.005,630729,9855.140625,3.8130423133033844,ceiling,0.9999932848126788,
64,32,0.99,0.005,880310,13754.84375,5.321872434633737,exc_bet,0.998,0.002
64,32,0.99,0.005,880310,13754.84375,5.321872434633737,exc,0.962,0.038
64,32,0.99,0.005,880310,13754.84375,5.321872434633737,naive,1.0,0.0
64,32,0.99,0.005,880310,13754.84375,5.321872434633737,cdf,0.0,1.0
64,32,0.99,0.005,880310,13754.84375,5.321872434633737,cdf_eb,0.0003333333333333333,0.9996666666666667
64,32,0.99,0.005,880310,13754.84375,5.321872434633737,exc_eb,0.9766666666666667,0.023333333333333334
64,32,0.99,0.005,880310,13754.84375,5.321872434633737,binom,1.0,0.0
64,32,0.99,0.005,880310,13754.84375,5.321872434633737,split,0.691,0.309
64,32,0.99,0.005,880310,13754.84375,5.321872434633737,ceiling,0.9999999783079844,
64,32,0.99,0.005,1228649,19197.640625,7.427739370154044,exc_bet,1.0,0.0
64,32,0.99,0.005,1228649,19197.640625,7.427739370154044,exc,0.9986666666666667,0.0013333333333333333
64,32,0.99,0.005,1228649,19197.640625,7.427739370154044,naive,1.0,0.0
64,32,0.99,0.005,1228649,19197.640625,7.427739370154044,cdf,0.0,1.0
64,32,0.99,0.005,1228649,19197.640625,7.427739370154044,cdf_eb,0.001,0.9986666666666667
64,32,0.99,0.005,1228649,19197.640625,7.427739370154044,exc_eb,1.0,0.0
64,32,0.99,0.005,1228649,19197.640625,7.427739370154044,binom,1.0,0.0
64,32,0.99,0.005,1228649,19197.640625,7.427739370154044,split,0.9526666666666667,0.04733333333333333
64,32,0.99,0.005,1228649,19197.640625,7.427739370154044,ceiling,0.9999999999947443,
64,32,0.99,0.005,1714828,26794.1875,10.366911500878215,exc_bet,1.0,0.0
64,32,0.99,0.005,1714828,26794.1875,10.366911500878215,exc,1.0,0.0
64,32,0.99,0.005,1714828,26794.1875,10.366911500878215,naive,1.0,0.0
64,32,0.99,0.005,1714828,26794.1875,10.366911500878215,cdf,0.0,1.0
64,32,0.99,0.005,1714828,26794.1875,10.366911500878215,cdf_eb,0.0003333333333333333,0.9993333333333333
64,32,0.99,0.005,1714828,26794.1875,10.366911500878215,exc_eb,1.0,0.0
64,32,0.99,0.005,1714828,26794.1875,10.366911500878215,binom,1.0,0.0
64,32,0.99,0.005,1714828,26794.1875,10.366911500878215,split,0.9963333333333333,0.0036666666666666666
64,32,0.99,0.005,1714828,26794.1875,10.366911500878215,ceiling,0.9999999999997458,
64,32,0.99,0.005,2393387,37396.671875,14.469107815100063,exc_bet,1.0,0.0
64,32,0.99,0.005,2393387,37396.671875,14.469107815100063,exc,1.0,0.0
64,32,0.99,0.005,2393387,37396.671875,14.469107815100063,naive,1.0,0.0
64,32,0.99,0.005,2393387,37396.671875,14.469107815100063,cdf,0.0,1.0
64,32,0.99,0.005,2393387,37396.671875,14.469107815100063,cdf_eb,0.001,0.9986666666666667
64,32,0.99,0.005,2393387,37396.671875,14.469107815100063,exc_eb,1.0,0.0
64,32,0.99,0.005,2393387,37396.671875,14.469107815100063,binom,1.0,0.0
64,32,0.99,0.005,2393387,37396.671875,14.469107815100063,split,1.0,0.0
64,32,0.99,0.005,2393387,37396.671875,14.469107815100063,ceiling,0.9999999999996341,
64,32,0.99,0.005,3340454,52194.59375,20.19455653322353,exc_bet,1.0,0.0
64,32,0.99,0.005,3340454,52194.59375,20.19455653322353,exc,1.0,0.0
64,32,0.99,0.005,3340454,52194.59375,20.19455653322353,naive,1.0,0.0
64,32,0.99,0.005,3340454,52194.59375,20.19455653322353,cdf,0.0003333333333333333,0.9996666666666667
64,32,0.99,0.005,3340454,52194.59375,20.19455653322353,cdf_eb,0.0036666666666666666,0.9963333333333333
64,32,0.99,0.005,3340454,52194.59375,20.19455653322353,exc_eb,1.0,0.0
64,32,0.99,0.005,3340454,52194.59375,20.19455653322353,binom,1.0,0.0
64,32,0.99,0.005,3340454,52194.59375,20.19455653322353,split,1.0,0.0
64,32,0.99,0.005,3340454,52194.59375,20.19455653322353,ceiling,0.9999999999995173,
64,32,0.99,0.005,4662275,72848.046875,28.1855628189865,exc_bet,1.0,0.0
64,32,0.99,0.005,4662275,72848.046875,28.1855628189865,exc,1.0,0.0
64,32,0.99,0.005,4662275,72848.046875,28.1855628189865,naive,1.0,0.0
64,32,0.99,0.005,4662275,72848.046875,28.1855628189865,cdf,0.0006666666666666666,0.9993333333333333
64,32,0.99,0.005,4662275,72848.046875,28.1855628189865,cdf_eb,0.007333333333333333,0.9926666666666667
64,32,0.99,0.005,4662275,72848.046875,28.1855628189865,exc_eb,1.0,0.0
64,32,0.99,0.005,4662275,72848.046875,28.1855628189865,binom,1.0,0.0
64,32,0.99,0.005,4662275,72848.046875,28.1855628189865,split,1.0,0.0
64,32,0.99,0.005,4662275,72848.046875,28.1855628189865,ceiling,0.9999999999993211,
64,32,0.99,0.005,6507144,101674.125,39.33863102974215,exc_bet,1.0,0.0
64,32,0.99,0.005,6507144,101674.125,39.33863102974215,exc,1.0,0.0
64,32,0.99,0.005,6507144,101674.125,39.33863102974215,naive,1.0,0.0
64,32,0.99,0.005,6507144,101674.125,39.33863102974215,cdf,0.0013333333333333333,0.9986666666666667
64,32,0.99,0.005,6507144,101674.125,39.33863102974215,cdf_eb,0.013666666666666667,0.9863333333333333
64,32,0.99,0.005,6507144,101674.125,39.33863102974215,exc_eb,1.0,0.0
64,32,0.99,0.005,6507144,101674.125,39.33863102974215,binom,1.0,0.0
64,32,0.99,0.005,6507144,101674.125,39.33863102974215,split,1.0,0.0
64,32,0.99,0.005,6507144,101674.125,39.33863102974215,ceiling,0.9999999999990783,
64,32,0.99,0.005,9082028,141906.6875,54.90497036699773,exc_bet,1.0,0.0
64,32,0.99,0.005,9082028,141906.6875,54.90497036699773,exc,1.0,0.0
64,32,0.99,0.005,9082028,141906.6875,54.90497036699773,naive,1.0,0.0
64,32,0.99,0.005,9082028,141906.6875,54.90497036699773,cdf,0.0013333333333333333,0.9986666666666667
64,32,0.99,0.005,9082028,141906.6875,54.90497036699773,cdf_eb,0.025333333333333333,0.9746666666666667
64,32,0.99,0.005,9082028,141906.6875,54.90497036699773,exc_eb,1.0,0.0
64,32,0.99,0.005,9082028,141906.6875,54.90497036699773,binom,1.0,0.0
64,32,0.99,0.005,9082028,141906.6875,54.90497036699773,split,1.0,0.0
64,32,0.99,0.005,9082028,141906.6875,54.90497036699773,ceiling,0.9999999999987139,
64,32,0.99,0.005,12675799,198059.359375,76.63094283270426,exc_bet,1.0,0.0
64,32,0.99,0.005,12675799,198059.359375,76.63094283270426,exc,1.0,0.0
64,32,0.99,0.005,12675799,198059.359375,76.63094283270426,naive,1.0,0.0
64,32,0.99,0.005,12675799,198059.359375,76.63094283270426,cdf,0.01,0.99
64,32,0.99,0.005,12675799,198059.359375,76.63094283270426,cdf_eb,0.062,0.938
64,32,0.99,0.005,12675799,198059.359375,76.63094283270426,exc_eb,1.0,0.0
64,32,0.99,0.005,12675799,198059.359375,76.63094283270426,binom,1.0,0.0
64,32,0.99,0.005,12675799,198059.359375,76.63094283270426,split,1.0,0.0
64,32,0.99,0.005,12675799,198059.359375,76.63094283270426,ceiling,,
64,32,0.99,0.005,17691628,276431.6875,106.95389962285377,exc_bet,1.0,0.0
64,32,0.99,0.005,17691628,276431.6875,106.95389962285377,exc,1.0,0.0
64,32,0.99,0.005,17691628,276431.6875,106.95389962285377,naive,1.0,0.0
64,32,0.99,0.005,17691628,276431.6875,106.95389962285377,cdf,0.024,0.976
64,32,0.99,0.005,17691628,276431.6875,106.95389962285377,cdf_eb,0.11866666666666667,0.8813333333333333
64,32,0.99,0.005,17691628,276431.6875,106.95389962285377,exc_eb,1.0,0.0
64,32,0.99,0.005,17691628,276431.6875,106.95389962285377,binom,1.0,0.0
64,32,0.99,0.005,17691628,276431.6875,106.95389962285377,split,1.0,0.0
64,32,0.99,0.005,17691628,276431.6875,106.95389962285377,ceiling,,
64,32,0.99,0.005,24692227,385816.046875,149.27568949690325,exc_bet,1.0,0.0
64,32,0.99,0.005,24692227,385816.046875,149.27568949690325,exc,1.0,0.0
64,32,0.99,0.005,24692227,385816.046875,149.27568949690325,naive,1.0,0.0
64,32,0.99,0.005,24692227,385816.046875,149.27568949690325,cdf,0.07033333333333333,0.9296666666666666
64,32,0.99,0.005,24692227,385816.046875,149.27568949690325,cdf_eb,0.24666666666666667,0.7533333333333333
64,32,0.99,0.005,24692227,385816.046875,149.27568949690325,exc_eb,1.0,0.0
64,32,0.99,0.005,24692227,385816.046875,149.27568949690325,binom,1.0,0.0
64,32,0.99,0.005,24692227,385816.046875,149.27568949690325,split,1.0,0.0
64,32,0.99,0.005,24692227,385816.046875,149.27568949690325,ceiling,,
64,32,0.99,0.005,34462972,538483.9375,208.3442658862836,exc_bet,1.0,0.0
64,32,0.99,0.005,34462972,538483.9375,208.3442658862836,exc,1.0,0.0
64,32,0.99,0.005,34462972,538483.9375,208.3442658862836,naive,1.0,0.0
64,32,0.99,0.005,34462972,538483.9375,208.3442658862836,cdf,0.16533333333333333,0.8346666666666667
64,32,0.99,0.005,34462972,538483.9375,208.3442658862836,cdf_eb,0.4726666666666667,0.5273333333333333
64,32,0.99,0.005,34462972,538483.9375,208.3442658862836,exc_eb,1.0,0.0
64,32,0.99,0.005,34462972,538483.9375,208.3442658862836,binom,1.0,0.0
64,32,0.99,0.005,34462972,538483.9375,208.3442658862836,split,1.0,0.0
64,32,0.99,0.005,34462972,538483.9375,208.3442658862836,ceiling,,
64,32,0.99,0.005,48100013,751562.703125,290.78635172862334,exc_bet,1.0,0.0
64,32,0.99,0.005,48100013,751562.703125,290.78635172862334,exc,1.0,0.0
64,32,0.99,0.005,48100013,751562.703125,290.78635172862334,naive,1.0,0.0
64,32,0.99,0.005,48100013,751562.703125,290.78635172862334,cdf,0.39066666666666666,0.6093333333333333
64,32,0.99,0.005,48100013,751562.703125,290.78635172862334,cdf_eb,0.711,0.289
64,32,0.99,0.005,48100013,751562.703125,290.78635172862334,exc_eb,1.0,0.0
64,32,0.99,0.005,48100013,751562.703125,290.78635172862334,binom,1.0,0.0
64,32,0.99,0.005,48100013,751562.703125,290.78635172862334,split,1.0,0.0
64,32,0.99,0.005,48100013,751562.703125,290.78635172862334,ceiling,,
64,32,0.99,0.005,67133247,1048956.984375,405.850866918197,exc_bet,1.0,0.0
64,32,0.99,0.005,67133247,1048956.984375,405.850866918197,exc,1.0,0.0
64,32,0.99,0.005,67133247,1048956.984375,405.850866918197,naive,1.0,0.0
64,32,0.99,0.005,67133247,1048956.984375,405.850866918197,cdf,0.7096666666666667,0.29033333333333333
64,32,0.99,0.005,67133247,1048956.984375,405.850866918197,cdf_eb,0.9173333333333333,0.08266666666666667
64,32,0.99,0.005,67133247,1048956.984375,405.850866918197,exc_eb,1.0,0.0
64,32,0.99,0.005,67133247,1048956.984375,405.850866918197,binom,1.0,0.0
64,32,0.99,0.005,67133247,1048956.984375,405.850866918197,split,1.0,0.0
64,32,0.99,0.005,67133247,1048956.984375,405.850866918197,ceiling,,
64,32,0.99,0.005,93697956,1464030.5625,566.4465577102666,exc_bet,1.0,0.0
64,32,0.99,0.005,93697956,1464030.5625,566.4465577102666,exc,1.0,0.0
64,32,0.99,0.005,93697956,1464030.5625,566.4465577102666,naive,1.0,0.0
64,32,0.99,0.005,93697956,1464030.5625,566.4465577102666,cdf,0.9226666666666666,0.07733333333333334
64,32,0.99,0.005,93697956,1464030.5625,566.4465577102666,cdf_eb,0.9863333333333333,0.013666666666666667
64,32,0.99,0.005,93697956,1464030.5625,566.4465577102666,exc_eb,1.0,0.0
64,32,0.99,0.005,93697956,1464030.5625,566.4465577102666,binom,1.0,0.0
64,32,0.99,0.005,93697956,1464030.5625,566.4465577102666,split,1.0,0.0
64,32,0.99,0.005,93697956,1464030.5625,566.4465577102666,ceiling,,
64,32,0.99,0.005,130774353,2043349.265625,790.5901607249285,exc_bet,1.0,0.0
64,32,0.99,0.005,130774353,2043349.265625,790.5901607249285,exc,1.0,0.0
64,32,0.99,0.005,130774353,2043349.265625,790.5901607249285,naive,1.0,0.0
64,32,0.99,0.005,130774353,2043349.265625,790.5901607249285,cdf,0.995,0.005
64,32,0.99,0.005,130774353,2043349.265625,790.5901607249285,cdf_eb,0.9993333333333333,0.0006666666666666666
64,32,0.99,0.005,130774353,2043349.265625,790.5901607249285,exc_eb,1.0,0.0
64,32,0.99,0.005,130774353,2043349.265625,790.5901607249285,binom,1.0,0.0
64,32,0.99,0.005,130774353,2043349.265625,790.5901607249285,split,1.0,0.0
64,32,0.99,0.005,130774353,2043349.265625,790.5901607249285,ceiling,,
64,32,0.99,0.005,182521926,2851905.09375,1103.4276637726016,exc_bet,1.0,0.0
64,32,0.99,0.005,182521926,2851905.09375,1103.4276637726016,exc,1.0,0.0
64,32,0.99,0.005,182521926,2851905.09375,1103.4276637726016,naive,1.0,0.0
64,32,0.99,0.005,182521926,2851905.09375,1103.4276637726016,cdf,1.0,0.0
64,32,0.99,0.005,182521926,2851905.09375,1103.4276637726016,cdf_eb,1.0,0.0
64,32,0.99,0.005,182521926,2851905.09375,1103.4276637726016,exc_eb,1.0,0.0
64,32,0.99,0.005,182521926,2851905.09375,1103.4276637726016,binom,1.0,0.0
64,32,0.99,0.005,182521926,2851905.09375,1103.4276637726016,split,1.0,0.0
64,32,0.99,0.005,182521926,2851905.09375,1103.4276637726016,ceiling,,
64,32,0.99,0.005,254746077,3980407.453125,1540.0553498396969,exc_bet,1.0,0.0
64,32,0.99,0.005,254746077,3980407.453125,1540.0553498396969,exc,1.0,0.0
64,32,0.99,0.005,254746077,3980407.453125,1540.0553498396969,naive,1.0,0.0
64,32,0.99,0.005,254746077,3980407.453125,1540.0553498396969,cdf,1.0,0.0
64,32,0.99,0.005,254746077,3980407.453125,1540.0553498396969,cdf_eb,1.0,0.0
64,32,0.99,0.005,254746077,3980407.453125,1540.0553498396969,exc_eb,1.0,0.0
64,32,0.99,0.005,254746077,3980407.453125,1540.0553498396969,binom,1.0,0.0
64,32,0.99,0.005,254746077,3980407.453125,1540.0553498396969,split,1.0,0.0
64,32,0.99,0.005,254746077,3980407.453125,1540.0553498396969,ceiling,,
64,32,0.99,0.005,355549414,5555459.59375,2149.457152045051,exc_bet,1.0,0.0
64,32,0.99,0.005,355549414,5555459.59375,2149.457152045051,exc,1.0,0.0
64,32,0.99,0.005,355549414,5555459.59375,2149.457152045051,naive,1.0,0.0
64,32,0.99,0.005,355549414,5555459.59375,2149.457152045051,cdf,1.0,0.0
64,32,0.99,0.005,355549414,5555459.59375,2149.457152045051,cdf_eb,1.0,0.0
64,32,0.99,0.005,355549414,5555459.59375,2149.457152045051,exc_eb,1.0,0.0
64,32,0.99,0.005,355549414,5555459.59375,2149.457152045051,binom,1.0,0.0
64,32,0.99,0.005,355549414,5555459.59375,2149.457152045051,split,1.0,0.0
64,32,0.99,0.005,355549414,5555459.59375,2149.457152045051,ceiling,,
64,32,0.99,0.005,496240755,7753761.796875,2999.999994293299,exc_bet,1.0,0.0
64,32,0.99,0.005,496240755,7753761.796875,2999.999994293299,exc,1.0,0.0
64,32,0.99,0.005,496240755,7753761.796875,2999.999994293299,naive,1.0,0.0
64,32,0.99,0.005,496240755,7753761.796875,2999.999994293299,cdf,1.0,0.0
64,32,0.99,0.005,496240755,7753761.796875,2999.999994293299,cdf_eb,1.0,0.0
64,32,0.99,0.005,496240755,7753761.796875,2999.999994293299,exc_eb,1.0,0.0
64,32,0.99,0.005,496240755,7753761.796875,2999.999994293299,binom,1.0,0.0
64,32,0.99,0.005,496240755,7753761.796875,2999.999994293299,split,1.0,0.0
64,32,0.99,0.005,496240755,7753761.796875,2999.999994293299,ceiling,,
