tag,eps,K,n,p,method,reps,cert,false,G_sel,acc_sel,Ymean_sel,slack,acc_deploy,acc_deploy_sd,Ymean_deploy,cert_rate,cert_lo,cert_hi,false_rate,false_lo,false_hi
main,0.2,8,250,0.9,cdf_empbernstein,1000,0,0,,,,,0.8954081535339355,0.0,709.4439795918368,0.0,0.0,0.003826898586390522,0.0,0.0,0.003826898586390522
main,0.2,8,250,0.9,cdf_pacbayes,1000,0,0,,,,,0.8954081535339355,0.0,709.4439795918368,0.0,0.0,0.003826898586390522,0.0,0.0,0.003826898586390522
main,0.2,8,250,0.9,exc_betting,1000,0,0,,,,,0.8954081535339355,0.0,709.4439795918368,0.0,0.0,0.003826898586390522,0.0,0.0,0.003826898586390522
main,0.2,8,250,0.9,exc_empbernstein,1000,0,0,,,,,0.8954081535339355,0.0,709.4439795918368,0.0,0.0,0.003826898586390522,0.0,0.0,0.003826898586390522
main,0.2,8,250,0.9,exceedance,1000,0,0,,,,,0.8954081535339355,0.0,709.4439795918368,0.0,0.0,0.003826898586390522,0.0,0.0,0.003826898586390522
main,0.2,8,250,0.9,naive,1000,0,0,,,,,0.8954081535339355,0.0,709.4439795918368,0.0,0.0,0.003826898586390522,0.0,0.0,0.003826898586390522
main,0.2,8,250,0.9,norm_betting,1000,0,0,,,,,0.8954081535339355,0.0,709.4439795918368,0.0,0.0,0.003826898586390522,0.0,0.0,0.003826898586390522
main,0.2,8,250,0.9,split,1000,0,0,,,,,0.8954081535339355,0.0,709.4439795918368,0.0,0.0,0.003826898586390522,0.0,0.0,0.003826898586390522
main,0.2,8,250,0.95,cdf_empbernstein,1000,0,0,,,,,0.8954081535339355,0.0,709.4439795918368,0.0,0.0,0.003826898586390522,0.0,0.0,0.003826898586390522
main,0.2,8,250,0.95,cdf_pacbayes,1000,0,0,,,,,0.8954081535339355,0.0,709.4439795918368,0.0,0.0,0.003826898586390522,0.0,0.0,0.003826898586390522
main,0.2,8,250,0.95,exc_betting,1000,0,0,,,,,0.8954081535339355,0.0,709.4439795918368,0.0,0.0,0.003826898586390522,0.0,0.0,0.003826898586390522
main,0.2,8,250,0.95,exc_empbernstein,1000,0,0,,,,,0.8954081535339355,0.0,709.4439795918368,0.0,0.0,0.003826898586390522,0.0,0.0,0.003826898586390522
main,0.2,8,250,0.95,exceedance,1000,0,0,,,,,0.8954081535339355,0.0,709.4439795918368,0.0,0.0,0.003826898586390522,0.0,0.0,0.003826898586390522
main,0.2,8,250,0.95,naive,1000,0,0,,,,,0.8954081535339355,0.0,709.4439795918368,0.0,0.0,0.003826898586390522,0.0,0.0,0.003826898586390522
main,0.2,8,250,0.95,norm_betting,1000,0,0,,,,,0.8954081535339355,0.0,709.4439795918368,0.0,0.0,0.003826898586390522,0.0,0.0,0.003826898586390522
main,0.2,8,250,0.95,split,1000,0,0,,,,,0.8954081535339355,0.0,709.4439795918368,0.0,0.0,0.003826898586390522,0.0,0.0,0.003826898586390522
main,0.2,8,527,0.9,cdf_empbernstein,1000,0,0,,,,,0.8954081535339355,0.0,709.4439795918368,0.0,0.0,0.003826898586390522,0.0,0.0,0.003826898586390522
main,0.2,8,527,0.9,cdf_pacbayes,1000,0,0,,,,,0.8954081535339355,0.0,709.4439795918368,0.0,0.0,0.003826898586390522,0.0,0.0,0.003826898586390522
main,0.2,8,527,0.9,exc_betting,1000,0,0,,,,,0.8954081535339355,0.0,709.4439795918368,0.0,0.0,0.003826898586390522,0.0,0.0,0.003826898586390522
main,0.2,8,527,0.9,exc_empbernstein,1000,0,0,,,,,0.8954081535339355,0.0,709.4439795918368,0.0,0.0,0.003826898586390522,0.0,0.0,0.003826898586390522
main,0.2,8,527,0.9,exceedance,1000,0,0,,,,,0.8954081535339355,0.0,709.4439795918368,0.0,0.0,0.003826898586390522,0.0,0.0,0.003826898586390522
main,0.2,8,527,0.9,naive,1000,0,0,,,,,0.8954081535339355,0.0,709.4439795918368,0.0,0.0,0.003826898586390522,0.0,0.0,0.003826898586390522
main,0.2,8,527,0.9,norm_betting,1000,0,0,,,,,0.8954081535339355,0.0,709.4439795918368,0.0,0.0,0.003826898586390522,0.0,0.0,0.003826898586390522
main,0.2,8,527,0.9,split,1000,0,0,,,,,0.8954081535339355,0.0,709.4439795918368,0.0,0.0,0.003826898586390522,0.0,0.0,0.003826898586390522
main,0.2,8,527,0.95,cdf_empbernstein,1000,0,0,,,,,0.8954081535339355,0.0,709.4439795918368,0.0,0.0,0.003826898586390522,0.0,0.0,0.003826898586390522
main,0.2,8,527,0.95,cdf_pacbayes,1000,0,0,,,,,0.8954081535339355,0.0,709.4439795918368,0.0,0.0,0.003826898586390522,0.0,0.0,0.003826898586390522
main,0.2,8,527,0.95,exc_betting,1000,0,0,,,,,0.8954081535339355,0.0,709.4439795918368,0.0,0.0,0.003826898586390522,0.0,0.0,0.003826898586390522
main,0.2,8,527,0.95,exc_empbernstein,1000,0,0,,,,,0.8954081535339355,0.0,709.4439795918368,0.0,0.0,0.003826898586390522,0.0,0.0,0.003826898586390522
main,0.2,8,527,0.95,exceedance,1000,0,0,,,,,0.8954081535339355,0.0,709.4439795918368,0.0,0.0,0.003826898586390522,0.0,0.0,0.003826898586390522
main,0.2,8,527,0.95,naive,1000,0,0,,,,,0.8954081535339355,0.0,709.4439795918368,0.0,0.0,0.003826898586390522,0.0,0.0,0.003826898586390522
main,0.2,8,527,0.95,norm_betting,1000,0,0,,,,,0.8954081535339355,0.0,709.4439795918368,0.0,0.0,0.003826898586390522,0.0,0.0,0.003826898586390522
main,0.2,8,527,0.95,split,1000,0,0,,,,,0.8954081535339355,0.0,709.4439795918368,0.0,0.0,0.003826898586390522,0.0,0.0,0.003826898586390522
main,0.2,8,1112,0.9,cdf_empbernstein,1000,0,0,,,,,0.8954081535339355,0.0,709.4439795918368,0.0,0.0,0.003826898586390522,0.0,0.0,0.003826898586390522
main,0.2,8,1112,0.9,cdf_pacbayes,1000,0,0,,,,,0.8954081535339355,0.0,709.4439795918368,0.0,0.0,0.003826898586390522,0.0,0.0,0.003826898586390522
main,0.2,8,1112,0.9,exc_betting,1000,0,0,,,,,0.8954081535339355,0.0,709.4439795918368,0.0,0.0,0.003826898586390522,0.0,0.0,0.003826898586390522
main,0.2,8,1112,0.9,exc_empbernstein,1000,0,0,,,,,0.8954081535339355,0.0,709.4439795918368,0.0,0.0,0.003826898586390522,0.0,0.0,0.003826898586390522
main,0.2,8,1112,0.9,exceedance,1000,0,0,,,,,0.8954081535339355,0.0,709.4439795918368,0.0,0.0,0.003826898586390522,0.0,0.0,0.003826898586390522
main,0.2,8,1112,0.9,naive,1000,0,0,,,,,0.8954081535339355,0.0,709.4439795918368,0.0,0.0,0.003826898586390522,0.0,0.0,0.003826898586390522
main,0.2,8,1112,0.9,norm_betting,1000,0,0,,,,,0.8954081535339355,0.0,709.4439795918368,0.0,0.0,0.003826898586390522,0.0,0.0,0.003826898586390522
main,0.2,8,1112,0.9,split,1000,0,0,,,,,0.8954081535339355,0.0,709.4439795918368,0.0,0.0,0.003826898586390522,0.0,0.0,0.003826898586390522
main,0.2,8,1112,0.95,cdf_empbernstein,1000,0,0,,,,,0.8954081535339355,0.0,709.4439795918368,0.0,0.0,0.003826898586390522,0.0,0.0,0.003826898586390522
main,0.2,8,1112,0.95,cdf_pacbayes,1000,0,0,,,,,0.8954081535339355,0.0,709.4439795918368,0.0,0.0,0.003826898586390522,0.0,0.0,0.003826898586390522
main,0.2,8,1112,0.95,exc_betting,1000,0,0,,,,,0.8954081535339355,0.0,709.4439795918368,0.0,0.0,0.003826898586390522,0.0,0.0,0.003826898586390522
main,0.2,8,1112,0.95,exc_empbernstein,1000,0,0,,,,,0.8954081535339355,0.0,709.4439795918368,0.0,0.0,0.003826898586390522,0.0,0.0,0.003826898586390522
main,0.2,8,1112,0.95,exceedance,1000,0,0,,,,,0.8954081535339355,0.0,709.4439795918368,0.0,0.0,0.003826898586390522,0.0,0.0,0.003826898586390522
main,0.2,8,1112,0.95,naive,1000,0,0,,,,,0.8954081535339355,0.0,709.4439795918368,0.0,0.0,0.003826898586390522,0.0,0.0,0.003826898586390522
main,0.2,8,1112,0.95,norm_betting,1000,0,0,,,,,0.8954081535339355,0.0,709.4439795918368,0.0,0.0,0.003826898586390522,0.0,0.0,0.003826898586390522
main,0.2,8,1112,0.95,split,1000,0,0,,,,,0.8954081535339355,0.0,709.4439795918368,0.0,0.0,0.003826898586390522,0.0,0.0,0.003826898586390522
main,0.2,8,2347,0.9,cdf_empbernstein,1000,0,0,,,,,0.8954081535339355,0.0,709.4439795918368,0.0,0.0,0.003826898586390522,0.0,0.0,0.003826898586390522
main,0.2,8,2347,0.9,cdf_pacbayes,1000,0,0,,,,,0.8954081535339355,0.0,709.4439795918368,0.0,0.0,0.003826898586390522,0.0,0.0,0.003826898586390522
main,0.2,8,2347,0.9,exc_betting,1000,0,0,,,,,0.8954081535339355,0.0,709.4439795918368,0.0,0.0,0.003826898586390522,0.0,0.0,0.003826898586390522
main,0.2,8,2347,0.9,exc_empbernstein,1000,0,0,,,,,0.8954081535339355,0.0,709.4439795918368,0.0,0.0,0.003826898586390522,0.0,0.0,0.003826898586390522
main,0.2,8,2347,0.9,exceedance,1000,0,0,,,,,0.8954081535339355,0.0,709.4439795918368,0.0,0.0,0.003826898586390522,0.0,0.0,0.003826898586390522
main,0.2,8,2347,0.9,naive,1000,0,0,,,,,0.8954081535339355,0.0,709.4439795918368,0.0,0.0,0.003826898586390522,0.0,0.0,0.003826898586390522
main,0.2,8,2347,0.9,norm_betting,1000,0,0,,,,,0.8954081535339355,0.0,709.4439795918368,0.0,0.0,0.003826898586390522,0.0,0.0,0.003826898586390522
main,0.2,8,2347,0.9,split,1000,0,0,,,,,0.8954081535339355,0.0,709.4439795918368,0.0,0.0,0.003826898586390522,0.0,0.0,0.003826898586390522
main,0.2,8,2347,0.95,cdf_empbernstein,1000,0,0,,,,,0.8954081535339355,0.0,709.4439795918368,0.0,0.0,0.003826898586390522,0.0,0.0,0.003826898586390522
main,0.2,8,2347,0.95,cdf_pacbayes,1000,0,0,,,,,0.8954081535339355,0.0,709.4439795918368,0.0,0.0,0.003826898586390522,0.0,0.0,0.003826898586390522
main,0.2,8,2347,0.95,exc_betting,1000,0,0,,,,,0.8954081535339355,0.0,709.4439795918368,0.0,0.0,0.003826898586390522,0.0,0.0,0.003826898586390522
main,0.2,8,2347,0.95,exc_empbernstein,1000,0,0,,,,,0.8954081535339355,0.0,709.4439795918368,0.0,0.0,0.003826898586390522,0.0,0.0,0.003826898586390522
main,0.2,8,2347,0.95,exceedance,1000,0,0,,,,,0.8954081535339355,0.0,709.4439795918368,0.0,0.0,0.003826898586390522,0.0,0.0,0.003826898586390522
main,0.2,8,2347,0.95,naive,1000,0,0,,,,,0.8954081535339355,0.0,709.4439795918368,0.0,0.0,0.003826898586390522,0.0,0.0,0.003826898586390522
main,0.2,8,2347,0.95,norm_betting,1000,0,0,,,,,0.8954081535339355,0.0,709.4439795918368,0.0,0.0,0.003826898586390522,0.0,0.0,0.003826898586390522
main,0.2,8,2347,0.95,split,1000,0,0,,,,,0.8954081535339355,0.0,709.4439795918368,0.0,0.0,0.003826898586390522,0.0,0.0,0.003826898586390522
main,0.2,8,4950,0.9,cdf_empbernstein,1000,0,0,,,,,0.8954081535339355,0.0,709.4439795918368,0.0,0.0,0.003826898586390522,0.0,0.0,0.003826898586390522
main,0.2,8,4950,0.9,cdf_pacbayes,1000,0,0,,,,,0.8954081535339355,0.0,709.4439795918368,0.0,0.0,0.003826898586390522,0.0,0.0,0.003826898586390522
main,0.2,8,4950,0.9,exc_betting,1000,62,0,0.05200789964968158,0.9033739259166103,684.0529131007241,0.04004074445996417,0.8959020314216614,0.0024240642993019258,707.8697334693877,0.062,0.04866396326101466,0.07868839990066345,0.0,0.0,0.003826898586390522
main,0.2,8,4950,0.9,exc_empbernstein,1000,1,0,0.051632653921842575,0.9071428775787354,666.9501020408163,0.04355416119026588,0.8954198882579804,0.0003710845569511276,709.4014857142857,0.001,0.0001765418290572713,0.0056427029601604705,0.0,0.0,0.003826898586390522
main,0.2,8,4950,0.9,exceedance,1000,0,0,,,,,0.8954081535339355,0.0,709.4439795918368,0.0,0.0,0.003826898586390522,0.0,0.0,0.003826898586390522
main,0.2,8,4950,0.9,naive,1000,0,0,,,,,0.8954081535339355,0.0,709.4439795918368,0.0,0.0,0.003826898586390522,0.0,0.0,0.003826898586390522
main,0.2,8,4950,0.9,norm_betting,1000,65,0,0.05210361027946839,0.9029890042084914,686.0562684458398,0.042672310170889106,0.8959009088277817,0.0024176687160564507,707.9237783673469,0.065,0.05132354738787931,0.08200585438228047,0.0,0.0,0.003826898586390522
main,0.2,8,4950,0.9,split,1000,0,0,,,,,0.8954081535339355,0.0,709.4439795918368,0.0,0.0,0.003826898586390522,0.0,0.0,0.003826898586390522
main,0.2,8,4950,0.95,cdf_empbernstein,1000,0,0,,,,,0.8954081535339355,0.0,709.4439795918368,0.0,0.0,0.003826898586390522,0.0,0.0,0.003826898586390522
main,0.2,8,4950,0.95,cdf_pacbayes,1000,0,0,,,,,0.8954081535339355,0.0,709.4439795918368,0.0,0.0,0.003826898586390522,0.0,0.0,0.003826898586390522
main,0.2,8,4950,0.95,exc_betting,1000,0,0,,,,,0.8954081535339355,0.0,709.4439795918368,0.0,0.0,0.003826898586390522,0.0,0.0,0.003826898586390522
main,0.2,8,4950,0.95,exc_empbernstein,1000,0,0,,,,,0.8954081535339355,0.0,709.4439795918368,0.0,0.0,0.003826898586390522,0.0,0.0,0.003826898586390522
main,0.2,8,4950,0.95,exceedance,1000,0,0,,,,,0.8954081535339355,0.0,709.4439795918368,0.0,0.0,0.003826898586390522,0.0,0.0,0.003826898586390522
main,0.2,8,4950,0.95,naive,1000,0,0,,,,,0.8954081535339355,0.0,709.4439795918368,0.0,0.0,0.003826898586390522,0.0,0.0,0.003826898586390522
main,0.2,8,4950,0.95,norm_betting,1000,0,0,,,,,0.8954081535339355,0.0,709.4439795918368,0.0,0.0,0.003826898586390522,0.0,0.0,0.003826898586390522
main,0.2,8,4950,0.95,split,1000,0,0,,,,,0.8954081535339355,0.0,709.4439795918368,0.0,0.0,0.003826898586390522,0.0,0.0,0.003826898586390522
main,0.2,8,9800,0.9,cdf_empbernstein,1000,0,0,,,,,0.8954081535339355,0.0,709.4439795918368,0.0,0.0,0.003826898586390522,0.0,0.0,0.003826898586390522
main,0.2,8,9800,0.9,cdf_pacbayes,1000,0,0,,,,,0.8954081535339355,0.0,709.4439795918368,0.0,0.0,0.003826898586390522,0.0,0.0,0.003826898586390522
main,0.2,8,9800,0.9,exc_betting,1000,602,0,0.052111159607867066,0.903319372984262,685.0813356837753,0.03747537740097633,0.9001707076430321,0.006061534526047242,694.7776679591836,0.602,0.5713266254213354,0.631892687267041,0.0,0.0,0.003826898586390522
main,0.2,8,9800,0.9,exc_empbernstein,1000,30,0,0.05210544168949127,0.9028435329596202,686.1538469387756,0.04525488258547537,0.895631214916706,0.001650746239988521,708.745275612245,0.03,0.021093603189697094,0.04250368148151,0.0,0.0,0.003826898586390522
main,0.2,8,9800,0.9,exceedance,1000,8,0,0.05215561157092452,0.9032780602574348,685.1187372448979,0.04462322653617304,0.8954711127877235,0.0008902884095187934,709.2493776530613,0.008,0.004059147003819634,0.01570652120518864,0.0,0.0,0.003826898586390522
main,0.2,8,9800,0.9,naive,1000,124,0,0.05212804425748125,0.9030505197663461,686.2670465766953,0.04406190659123048,0.8963558069467544,0.003310377421690508,706.5700398979592,0.124,0.10499965005666721,0.14587817768029848,0.0,0.0,0.003826898586390522
main,0.2,8,9800,0.9,norm_betting,1000,624,0,0.05211832761788406,0.9033138681298647,685.312380952381,0.038066569425495224,0.9003413194417953,0.0061090906577231955,694.3858620408164,0.624,0.5935570238784045,0.6534939052721707,0.0,0.0,0.003826898586390522
main,0.2,8,9800,0.9,split,1000,0,0,,,,,0.8954081535339355,0.0,709.4439795918368,0.0,0.0,0.003826898586390522,0.0,0.0,0.003826898586390522
main,0.2,8,9800,0.95,cdf_empbernstein,1000,0,0,,,,,0.8954081535339355,0.0,709.4439795918368,0.0,0.0,0.003826898586390522,0.0,0.0,0.003826898586390522
main,0.2,8,9800,0.95,cdf_pacbayes,1000,0,0,,,,,0.8954081535339355,0.0,709.4439795918368,0.0,0.0,0.003826898586390522,0.0,0.0,0.003826898586390522
main,0.2,8,9800,0.95,exc_betting,1000,129,0,0.02235722179387429,0.9053907565368239,679.2181901597849,0.022682696724246307,0.8966959093213082,0.003808009135655919,705.544852755102,0.129,0.10963511503514137,0.15120444371596045,0.0,0.0,0.003826898586390522
main,0.2,8,9800,0.95,exc_empbernstein,1000,9,0,0.021712017762992118,0.9080612195862664,672.5013492063492,0.026362229404047862,0.8955220311284066,0.0011971535667900538,709.1114959183674,0.009,0.004742006589011481,0.017016007822824013,0.0,0.0,0.003826898586390522
main,0.2,8,9800,0.95,exceedance,1000,0,0,,,,,0.8954081535339355,0.0,709.4439795918368,0.0,0.0,0.003826898586390522,0.0,0.0,0.003826898586390522
main,0.2,8,9800,0.95,naive,1000,0,0,,,,,0.8954081535339355,0.0,709.4439795918368,0.0,0.0,0.003826898586390522,0.0,0.0,0.003826898586390522
main,0.2,8,9800,0.95,norm_betting,1000,153,0,0.022298919438731437,0.9053141233188654,678.8286868080565,0.02388825512025344,0.8969237669110298,0.0040746344990560115,704.7598397959184,0.153,0.13201885442660544,0.1766370131923496,0.0,0.0,0.003826898586390522
main,0.2,8,9800,0.95,split,1000,0,0,,,,,0.8954081535339355,0.0,709.4439795918368,0.0,0.0,0.003826898586390522,0.0,0.0,0.003826898586390522
main,0.2,8,10441,0.9,cdf_empbernstein,1000,2,0,0.051938775926828384,0.9078571200370789,675.4206632653061,0.019401315512584394,0.8954330514669419,0.0005564747223828976,709.3759329591837,0.002,0.000548632102457155,0.007262958889587807,0.0,0.0,0.003826898586390522
main,0.2,8,10441,0.9,cdf_pacbayes,1000,2,0,0.051938775926828384,0.9078571200370789,675.4206632653061,0.024059903192349852,0.8954330514669419,0.0005564747223828976,709.3759329591837,0.002,0.000548632102457155,0.007262958889587807,0.0,0.0,0.003826898586390522
main,0.2,8,10441,0.9,exc_betting,1000,698,0,0.05208832778591652,0.9038756451326659,683.6705775978013,0.038475541096713785,0.9013184626698494,0.0062319912020102645,691.454145,0.698,0.6688297933190253,0.7256547548407641,0.0,0.0,0.003826898586390522
main,0.2,8,10441,0.9,exc_empbernstein,1000,29,0,0.05194933121574336,0.903993664116695,681.9048557353976,0.042456564584671994,0.8956571333408355,0.0017467107844619536,708.645345,0.029,0.02026631563648779,0.04133862283189209,0.0,0.0,0.003826898586390522
main,0.2,8,10441,0.9,exceedance,1000,18,0,0.051921768527891904,0.9036564595169492,682.5679195011338,0.044103628742130786,0.8955566230416298,0.0013499474136104892,708.9602105102041,0.018,0.011415645858738454,0.02827348437854201,0.0,0.0,0.003826898586390522
main,0.2,8,10441,0.9,naive,1000,137,0,0.052049753929141664,0.9042968810909856,682.3452666468047,0.04272371690638023,0.8966259092092514,0.0037013884692357786,705.7314559183674,0.137,0.11707278963803953,0.15970553873568002,0.0,0.0,0.003826898586390522
main,0.2,8,10441,0.9,norm_betting,1000,667,0,0.052115931375318024,0.9034586738253283,684.8251259064346,0.03732111745609083,0.9007778505682945,0.006174687370205424,693.0232041836734,0.667,0.6371992085584995,0.6955226073136461,0.0,0.0,0.003826898586390522
main,0.2,8,10441,0.9,split,1000,1,0,0.05265305936336517,0.8954081535339355,709.4439795918368,0.04378561320587884,0.8954081535339355,0.0,709.4439795918368,0.001,0.0001765418290572713,0.0056427029601604705,0.0,0.0,0.003826898586390522
main,0.2,8,10441,0.95,cdf_empbernstein,1000,1,0,0.022755101323127747,0.9079591631889343,679.3879591836735,0.005557579488009612,0.8954207045435906,0.00039689777444560287,709.4139235714287,0.001,0.0001765418290572713,0.0056427029601604705,0.0,0.0,0.003826898586390522
main,0.2,8,10441,0.95,cdf_pacbayes,1000,1,0,0.022755101323127747,0.9079591631889343,679.3879591836735,0.006255507784911574,0.8954207045435906,0.00039689777444560287,709.4139235714287,0.001,0.0001765418290572713,0.0056427029601604705,0.0,0.0,0.003826898586390522
main,0.2,8,10441,0.95,exc_betting,1000,239,0,0.022293570026692983,0.9052834919805806,678.745440611391,0.024150936401026564,0.8977683594226837,0.004867896852275787,702.1070287755102,0.239,0.21359749233628916,0.2664001487258067,0.0,0.0,0.003826898586390522
main,0.2,8,10441,0.95,exc_empbernstein,1000,8,0,0.022474489640444517,0.9050382599234581,680.7092602040816,0.022648072427546358,0.8954851943850517,0.0009934806834249413,709.2141018367347,0.008,0.004059147003819634,0.01570652120518864,0.0,0.0,0.003826898586390522
main,0.2,8,10441,0.95,exceedance,1000,0,0,,,,,0.8954081535339355,0.0,709.4439795918368,0.0,0.0,0.003826898586390522,0.0,0.0,0.003826898586390522
main,0.2,8,10441,0.95,naive,1000,8,0,0.022474489640444517,0.9050382599234581,680.7092602040816,0.02574946491218675,0.8954851943850517,0.0009934806834249413,709.2141018367347,0.008,0.004059147003819634,0.01570652120518864,0.0,0.0,0.003826898586390522
main,0.2,8,10441,0.95,norm_betting,1000,215,0,0.022300427043160726,0.9051651616429174,678.885402467964,0.02367542803395993,0.8975059102773666,0.00464494209543524,702.8738855102041,0.215,0.19065300972996616,0.2415283224642765,0.0,0.0,0.003826898586390522
main,0.2,8,10441,0.95,split,1000,0,0,,,,,0.8954081535339355,0.0,709.4439795918368,0.0,0.0,0.003826898586390522,0.0,0.0,0.003826898586390522
main,0.2,8,22024,0.9,cdf_empbernstein,1000,5,0,0.05238775387406349,0.8978775382041931,701.8458571428571,0.031428262899156234,0.8954205004572868,0.00039044399885588687,709.4059889795918,0.005,0.0021375039957652504,0.011651125604761368,0.0,0.0,0.003826898586390522
main,0.2,8,22024,0.9,cdf_pacbayes,1000,1,0,0.05265305936336517,0.8954081535339355,709.4439795918368,0.014348618603281293,0.8954081535339355,0.0,709.4439795918368,0.001,0.0001765418290572713,0.0056427029601604705,0.0,0.0,0.003826898586390522
main,0.2,8,22024,0.9,exc_betting,1000,972,0,0.052107058465480804,0.9040012122304352,683.5426332199547,0.03364831048326284,0.9037606065869331,0.0058876724379013845,684.2678709183674,0.972,0.9598295551975795,0.9805578525368679,0.0,0.0,0.003826898586390522
main,0.2,8,22024,0.9,exc_empbernstein,1000,655,0,0.05208833110696487,0.9035268682559938,684.4650976787661,0.0414830708205965,0.9007259116768837,0.006164933282956153,693.0828119387754,0.655,0.6249936490167607,0.6838200124214584,0.0,0.0,0.003826898586390522
main,0.2,8,22024,0.9,exceedance,1000,470,0,0.05205601350741183,0.9036917014324919,683.8807425097699,0.041737233512776556,0.899301421046257,0.005796238366681194,697.4292581632653,0.47,0.43923935362476774,0.5009902602904157,0.0,0.0,0.003826898586390522
main,0.2,8,22024,0.9,naive,1000,799,0,0.05211552660982212,0.9034849632815813,684.7893711527164,0.039169283868803834,0.9018615245223045,0.006232766780459166,689.7449474489796,0.799,0.7730383163308918,0.8226731983144469,0.0,0.0,0.003826898586390522
main,0.2,8,22024,0.9,norm_betting,1000,978,0,0.05212605858111186,0.9039194883134956,683.9258585826968,0.032550432345450804,0.9037322389483452,0.005893319825692389,684.487257244898,0.978,0.9669140836251823,0.9854274013262284,0.0,0.0,0.003826898586390522
main,0.2,8,22024,0.9,split,1000,70,0,0.05214139883007322,0.90177258678845,689.6117536443148,0.04160872039676277,0.8958536638617516,0.0023091193895606855,708.0557237755102,0.07,0.055776130777577704,0.08751500200671816,0.0,0.0,0.003826898586390522
main,0.2,8,22024,0.95,cdf_empbernstein,1000,1,0,0.02540816366672516,0.8954081535339355,709.4439795918368,0.0061526430531093634,0.8954081535339355,0.0,709.4439795918368,0.001,0.0001765418290572713,0.0056427029601604705,0.0,0.0,0.003826898586390522
main,0.2,8,22024,0.95,cdf_pacbayes,1000,1,0,0.02540816366672516,0.8954081535339355,709.4439795918368,0.0193450077539008,0.8954081535339355,0.0,709.4439795918368,0.001,0.0001765418290572713,0.0056427029601604705,0.0,0.0,0.003826898586390522
main,0.2,8,22024,0.95,exc_betting,1000,890,0,0.022437284886837005,0.9050736028156924,680.0084078193074,0.020943640716341604,0.9040104033946991,0.005780358488655139,683.2463207142857,0.89,0.869094088952478,0.9079209301501375,0.0,0.0,0.003826898586390522
main,0.2,8,22024,0.95,exc_empbernstein,1000,160,0,0.021962372260168193,0.906371808424592,675.6451881377551,0.025458158883970784,0.8971623383164405,0.0043576284169140065,704.0361729591837,0.16,0.138584892534484,0.1840173985042616,0.0,0.0,0.003826898586390522
main,0.2,8,22024,0.95,exceedance,1000,99,0,0.021884147454090792,0.9062873624792003,675.0212007833436,0.02580258225441312,0.8964851952195168,0.003496405667689762,706.0361244897958,0.099,0.08199515586127223,0.119074016805013,0.0,0.0,0.003826898586390522
main,0.2,8,22024,0.95,naive,1000,359,0,0.022146267811235944,0.9058603803759497,677.3095156614178,0.024347343794727708,0.8991605029702187,0.005732974094955477,697.9077070408163,0.359,0.3298590732294146,0.3892201121719476,0.0,0.0,0.003826898586390522
main,0.2,8,22024,0.95,norm_betting,1000,879,0,0.022506558803568114,0.9048924985870431,680.6432404634209,0.02030242614765869,0.9037448928356171,0.005876984205778946,684.1281298979592,0.879,0.8573226741029558,0.8977765367685602,0.0,0.0,0.003826898586390522
main,0.2,8,22024,0.95,split,1000,3,0,0.02251700684428215,0.9038095275561014,682.0196598639455,0.023206413922519792,0.8954333576560021,0.0005646343911781131,709.3617066326532,0.003,0.0010207654054443255,0.008783171789427854,0.0,0.0,0.003826898586390522
main,0.2,8,46459,0.9,cdf_empbernstein,1000,65,0,0.05202040786926563,0.9046169528594383,680.7864615384616,0.03906720239275887,0.8960067254900932,0.002671627908103321,707.5812409183674,0.065,0.05132354738787931,0.08200585438228047,0.0,0.0,0.003826898586390522
main,0.2,8,46459,0.9,cdf_pacbayes,1000,7,0,0.051763848534652164,0.9060495666095189,674.4396355685132,0.039009669194452555,0.8954826434254646,0.000961135872717822,709.1989491836734,0.007,0.0033948250792319975,0.01437849692694906,0.0,0.0,0.003826898586390522
main,0.2,8,46459,0.9,exc_betting,1000,1000,0,0.05203132627159357,0.904836934030056,680.8314612244899,0.02610078778482148,0.904836934030056,0.005403765176880949,680.8314612244899,1.0,0.9961731014136095,1.0,0.0,0.0,0.003826898586390522
main,0.2,8,46459,0.9,exc_empbernstein,1000,1000,0,0.05202806096896529,0.9048517299294472,680.778527755102,0.031044434534560916,0.9048517299294472,0.005397810967575179,680.778527755102,1.0,0.9961731014136095,1.0,0.0,0.0,0.003826898586390522
main,0.2,8,46459,0.9,exceedance,1000,1000,0,0.052021326288580895,0.9049291788935662,680.5452186734694,0.0339484848828119,0.9049291788935662,0.005354317924435687,680.5452186734694,1.0,0.9961731014136095,1.0,0.0,0.0,0.003826898586390522
main,0.2,8,46459,0.9,naive,1000,1000,0,0.05202795892953873,0.9048642809391022,680.7484717346939,0.02939561559668996,0.9048642809391022,0.005390417512389185,680.7484717346939,1.0,0.9961731014136095,1.0,0.0,0.0,0.003826898586390522
main,0.2,8,46459,0.9,norm_betting,1000,1000,0,0.05203183647617698,0.9048223421573639,680.8730287755103,0.02435600771493195,0.9048223421573639,0.0054097406647164075,680.8730287755103,1.0,0.9961731014136095,1.0,0.0,0.0,0.003826898586390522
main,0.2,8,46459,0.9,split,1000,591,0,0.052079836659877234,0.9039925354991467,683.3502009737905,0.0377887198902289,0.9004815232753753,0.00612716877006031,694.0225564285714,0.591,0.5602353853201139,0.621068119137163,0.0,0.0,0.003826898586390522
main,0.2,8,46459,0.95,cdf_empbernstein,1000,7,0,0.02164723032287189,0.9059621095657349,673.7963119533528,0.021068363993699997,0.8954820312261581,0.0009534755172095371,709.1944459183674,0.007,0.0033948250792319975,0.01437849692694906,0.0,0.0,0.003826898586390522
main,0.2,8,46459,0.95,cdf_pacbayes,1000,1,0,0.02122448943555355,0.9088775515556335,669.6648979591837,0.021662145784047127,0.8954216229319573,0.0004259397645993104,709.4042005102041,0.001,0.0001765418290572713,0.0056427029601604705,0.0,0.0,0.003826898586390522
main,0.2,8,46459,0.95,exc_betting,1000,998,0,0.02239254002789696,0.9052528480370202,679.5655064210054,0.01591997380453781,0.905233158648014,0.005146410535023851,679.625263367347,0.998,0.9927370411104123,0.9994513678975429,0.0,0.0,0.003826898586390522
main,0.2,8,46459,0.95,exc_empbernstein,1000,955,0,0.022133454265004678,0.9058659014901566,677.2149649535207,0.022240308382496552,0.9053953028321267,0.0050167436846217765,678.665270612245,0.955,0.940316857129231,0.9662006651571536,0.0,0.0,0.003826898586390522
main,0.2,8,46459,0.95,exceedance,1000,886,0,0.02207525206296694,0.9059668515659617,676.7137691758419,0.023138644801678356,0.9047631599903107,0.005421375683094636,680.4450131632653,0.886,0.8648069825448822,0.9042386517464244,0.0,0.0,0.003826898586390522
main,0.2,8,46459,0.95,naive,1000,982,0,0.022248638594663434,0.9056434141521299,678.2194702606093,0.020397596425624158,0.9054591794610023,0.004984566037376538,678.7815114285714,0.982,0.9717265156214581,0.9885843541412616,0.0,0.0,0.003826898586390522
main,0.2,8,46459,0.95,norm_betting,1000,998,0,0.02242740568609718,0.905126677366918,679.9224683039548,0.01531732782709064,0.905107240319252,0.005230377585715849,679.9815113265306,0.998,0.9927370411104123,0.9994513678975429,0.0,0.0,0.003826898586390522
main,0.2,8,46459,0.95,split,1000,193,0,0.02192767251070608,0.9059971444347362,675.609506185894,0.023735215984739145,0.8974518287777901,0.0046082225117311465,702.9139262244898,0.193,0.16973260811821303,0.21861710761383082,0.0,0.0,0.003826898586390522
main,0.2,8,98000,0.9,cdf_empbernstein,1000,328,0,0.0520582375820817,0.9046216974171196,681.6547610751618,0.037968833082715515,0.89843019592762,0.005375731263801017,700.3291159183674,0.328,0.2996075305063683,0.35770892260735015,0.0,0.0,0.003826898586390522
main,0.2,8,98000,0.9,cdf_pacbayes,1000,84,0,0.05205053414794661,0.9048505780242738,681.1251700680272,0.040555709126208504,0.896201317191124,0.0030650700004199666,707.0651995918367,0.084,0.068358553811171,0.10282542581270594,0.0,0.0,0.003826898586390522
main,0.2,8,98000,0.9,exc_betting,1000,1000,0,0.052040305845439436,0.905297137439251,679.9710480612246,0.01835921781713746,0.905297137439251,0.005179818145204951,679.9710480612246,1.0,0.9961731014136095,1.0,0.0,0.0,0.003826898586390522
main,0.2,8,98000,0.9,exc_empbernstein,1000,1000,0,0.052040305845439436,0.905297137439251,679.9710480612246,0.019881445159051117,0.905297137439251,0.005179818145204951,679.9710480612246,1.0,0.9961731014136095,1.0,0.0,0.0,0.003826898586390522
main,0.2,8,98000,0.9,exceedance,1000,1000,0,0.052040305845439436,0.905297137439251,679.9710480612246,0.022502930670567318,0.905297137439251,0.005179818145204951,679.9710480612246,1.0,0.9961731014136095,1.0,0.0,0.0,0.003826898586390522
main,0.2,8,98000,0.9,naive,1000,1000,0,0.052040305845439436,0.905297137439251,679.9710480612246,0.01953167403027427,0.905297137439251,0.005179818145204951,679.9710480612246,1.0,0.9961731014136095,1.0,0.0,0.0,0.003826898586390522
main,0.2,8,98000,0.9,norm_betting,1000,1000,0,0.052040305845439436,0.905297137439251,679.9710480612246,0.017125500506172297,0.905297137439251,0.005179818145204951,679.9710480612246,1.0,0.9961731014136095,1.0,0.0,0.0,0.003826898586390522
main,0.2,8,98000,0.9,split,1000,997,0,0.05205627052541243,0.9045574426531433,681.8069251632448,0.028403036957596488,0.9045299947857857,0.005592468734754535,681.8898363265307,0.997,0.9912168282105721,0.9989792345945557,0.0,0.0,0.003826898586390522
main,0.2,8,98000,0.95,cdf_empbernstein,1000,46,0,0.021976486010395962,0.9066548347473145,675.6243256433008,0.022064124654588436,0.895925500869751,0.0025075601441935176,707.8882755102042,0.046,0.03466231280457309,0.06081251111186951,0.0,0.0,0.003826898586390522
main,0.2,8,98000,0.95,cdf_pacbayes,1000,4,0,0.021530611906200647,0.9082142859697342,671.4169642857144,0.021157989518209575,0.8954593780636787,0.0008100080978437763,709.2918715306122,0.004,0.0015565629678934295,0.010239720429805971,0.0,0.0,0.003826898586390522
main,0.2,8,98000,0.95,exc_betting,1000,1000,0,0.022445612063631416,0.905297137439251,679.9710480612246,0.0118656053278692,0.905297137439251,0.005179818145204951,679.9710480612246,1.0,0.9961731014136095,1.0,0.0,0.0,0.003826898586390522
main,0.2,8,98000,0.95,exc_empbernstein,1000,1000,0,0.022441428389400244,0.9053106068372726,679.9312689795919,0.014474718678947902,0.9053106068372726,0.005171583579134636,679.9312689795919,1.0,0.9961731014136095,1.0,0.0,0.0,0.003826898586390522
main,0.2,8,98000,0.95,exceedance,1000,1000,0,0.022437244715169072,0.9053240762352943,679.8914898979592,0.01592587965657627,0.9053240762352943,0.005163300708072043,679.8914898979592,1.0,0.9961731014136095,1.0,0.0,0.0,0.003826898586390522
main,0.2,8,98000,0.95,naive,1000,1000,0,0.022441428389400244,0.9053106068372726,679.9312689795919,0.013580361907728159,0.9053106068372726,0.005171583579134636,679.9312689795919,1.0,0.9961731014136095,1.0,0.0,0.0,0.003826898586390522
main,0.2,8,98000,0.95,norm_betting,1000,1000,0,0.022445612063631416,0.905297137439251,679.9710480612246,0.011368012181083962,0.905297137439251,0.005179818145204951,679.9710480612246,1.0,0.9961731014136095,1.0,0.0,0.0,0.003826898586390522
main,0.2,8,98000,0.95,split,1000,884,0,0.02209333714510723,0.9061052463443031,676.7576429033152,0.019511097511203446,0.9048643835783005,0.005406793203385399,680.5492579591837,0.884,0.862666307122199,0.9023946347634532,0.0,0.0,0.003826898586390522
main,0.2,32,250,0.9,cdf_empbernstein,1000,0,0,,,,,0.8954081535339355,0.0,709.4439795918368,0.0,0.0,0.003826898586390522,0.0,0.0,0.003826898586390522
main,0.2,32,250,0.9,cdf_pacbayes,1000,0,0,,,,,0.8954081535339355,0.0,709.4439795918368,0.0,0.0,0.003826898586390522,0.0,0.0,0.003826898586390522
main,0.2,32,250,0.9,exc_betting,1000,0,0,,,,,0.8954081535339355,0.0,709.4439795918368,0.0,0.0,0.003826898586390522,0.0,0.0,0.003826898586390522
main,0.2,32,250,0.9,exc_empbernstein,1000,0,0,,,,,0.8954081535339355,0.0,709.4439795918368,0.0,0.0,0.003826898586390522,0.0,0.0,0.003826898586390522
main,0.2,32,250,0.9,exceedance,1000,0,0,,,,,0.8954081535339355,0.0,709.4439795918368,0.0,0.0,0.003826898586390522,0.0,0.0,0.003826898586390522
main,0.2,32,250,0.9,naive,1000,0,0,,,,,0.8954081535339355,0.0,709.4439795918368,0.0,0.0,0.003826898586390522,0.0,0.0,0.003826898586390522
main,0.2,32,250,0.9,norm_betting,1000,0,0,,,,,0.8954081535339355,0.0,709.4439795918368,0.0,0.0,0.003826898586390522,0.0,0.0,0.003826898586390522
main,0.2,32,250,0.9,split,1000,0,0,,,,,0.8954081535339355,0.0,709.4439795918368,0.0,0.0,0.003826898586390522,0.0,0.0,0.003826898586390522
main,0.2,32,250,0.95,cdf_empbernstein,1000,0,0,,,,,0.8954081535339355,0.0,709.4439795918368,0.0,0.0,0.003826898586390522,0.0,0.0,0.003826898586390522
main,0.2,32,250,0.95,cdf_pacbayes,1000,0,0,,,,,0.8954081535339355,0.0,709.4439795918368,0.0,0.0,0.003826898586390522,0.0,0.0,0.003826898586390522
main,0.2,32,250,0.95,exc_betting,1000,0,0,,,,,0.8954081535339355,0.0,709.4439795918368,0.0,0.0,0.003826898586390522,0.0,0.0,0.003826898586390522
main,0.2,32,250,0.95,exc_empbernstein,1000,0,0,,,,,0.8954081535339355,0.0,709.4439795918368,0.0,0.0,0.003826898586390522,0.0,0.0,0.003826898586390522
main,0.2,32,250,0.95,exceedance,1000,0,0,,,,,0.8954081535339355,0.0,709.4439795918368,0.0,0.0,0.003826898586390522,0.0,0.0,0.003826898586390522
main,0.2,32,250,0.95,naive,1000,0,0,,,,,0.8954081535339355,0.0,709.4439795918368,0.0,0.0,0.003826898586390522,0.0,0.0,0.003826898586390522
main,0.2,32,250,0.95,norm_betting,1000,0,0,,,,,0.8954081535339355,0.0,709.4439795918368,0.0,0.0,0.003826898586390522,0.0,0.0,0.003826898586390522
main,0.2,32,250,0.95,split,1000,0,0,,,,,0.8954081535339355,0.0,709.4439795918368,0.0,0.0,0.003826898586390522,0.0,0.0,0.003826898586390522
main,0.2,32,527,0.9,cdf_empbernstein,1000,0,0,,,,,0.8954081535339355,0.0,709.4439795918368,0.0,0.0,0.003826898586390522,0.0,0.0,0.003826898586390522
main,0.2,32,527,0.9,cdf_pacbayes,1000,0,0,,,,,0.8954081535339355,0.0,709.4439795918368,0.0,0.0,0.003826898586390522,0.0,0.0,0.003826898586390522
main,0.2,32,527,0.9,exc_betting,1000,0,0,,,,,0.8954081535339355,0.0,709.4439795918368,0.0,0.0,0.003826898586390522,0.0,0.0,0.003826898586390522
main,0.2,32,527,0.9,exc_empbernstein,1000,0,0,,,,,0.8954081535339355,0.0,709.4439795918368,0.0,0.0,0.003826898586390522,0.0,0.0,0.003826898586390522
main,0.2,32,527,0.9,exceedance,1000,0,0,,,,,0.8954081535339355,0.0,709.4439795918368,0.0,0.0,0.003826898586390522,0.0,0.0,0.003826898586390522
main,0.2,32,527,0.9,naive,1000,0,0,,,,,0.8954081535339355,0.0,709.4439795918368,0.0,0.0,0.003826898586390522,0.0,0.0,0.003826898586390522
main,0.2,32,527,0.9,norm_betting,1000,0,0,,,,,0.8954081535339355,0.0,709.4439795918368,0.0,0.0,0.003826898586390522,0.0,0.0,0.003826898586390522
main,0.2,32,527,0.9,split,1000,0,0,,,,,0.8954081535339355,0.0,709.4439795918368,0.0,0.0,0.003826898586390522,0.0,0.0,0.003826898586390522
main,0.2,32,527,0.95,cdf_empbernstein,1000,0,0,,,,,0.8954081535339355,0.0,709.4439795918368,0.0,0.0,0.003826898586390522,0.0,0.0,0.003826898586390522
main,0.2,32,527,0.95,cdf_pacbayes,1000,0,0,,,,,0.8954081535339355,0.0,709.4439795918368,0.0,0.0,0.003826898586390522,0.0,0.0,0.003826898586390522
main,0.2,32,527,0.95,exc_betting,1000,0,0,,,,,0.8954081535339355,0.0,709.4439795918368,0.0,0.0,0.003826898586390522,0.0,0.0,0.003826898586390522
main,0.2,32,527,0.95,exc_empbernstein,1000,0,0,,,,,0.8954081535339355,0.0,709.4439795918368,0.0,0.0,0.003826898586390522,0.0,0.0,0.003826898586390522
main,0.2,32,527,0.95,exceedance,1000,0,0,,,,,0.8954081535339355,0.0,709.4439795918368,0.0,0.0,0.003826898586390522,0.0,0.0,0.003826898586390522
main,0.2,32,527,0.95,naive,1000,0,0,,,,,0.8954081535339355,0.0,709.4439795918368,0.0,0.0,0.003826898586390522,0.0,0.0,0.003826898586390522
main,0.2,32,527,0.95,norm_betting,1000,0,0,,,,,0.8954081535339355,0.0,709.4439795918368,0.0,0.0,0.003826898586390522,0.0,0.0,0.003826898586390522
main,0.2,32,527,0.95,split,1000,0,0,,,,,0.8954081535339355,0.0,709.4439795918368,0.0,0.0,0.003826898586390522,0.0,0.0,0.003826898586390522
main,0.2,32,1112,0.9,cdf_empbernstein,1000,0,0,,,,,0.8954081535339355,0.0,709.4439795918368,0.0,0.0,0.003826898586390522,0.0,0.0,0.003826898586390522
main,0.2,32,1112,0.9,cdf_pacbayes,1000,0,0,,,,,0.8954081535339355,0.0,709.4439795918368,0.0,0.0,0.003826898586390522,0.0,0.0,0.003826898586390522
main,0.2,32,1112,0.9,exc_betting,1000,0,0,,,,,0.8954081535339355,0.0,709.4439795918368,0.0,0.0,0.003826898586390522,0.0,0.0,0.003826898586390522
main,0.2,32,1112,0.9,exc_empbernstein,1000,0,0,,,,,0.8954081535339355,0.0,709.4439795918368,0.0,0.0,0.003826898586390522,0.0,0.0,0.003826898586390522
main,0.2,32,1112,0.9,exceedance,1000,0,0,,,,,0.8954081535339355,0.0,709.4439795918368,0.0,0.0,0.003826898586390522,0.0,0.0,0.003826898586390522
main,0.2,32,1112,0.9,naive,1000,0,0,,,,,0.8954081535339355,0.0,709.4439795918368,0.0,0.0,0.003826898586390522,0.0,0.0,0.003826898586390522
main,0.2,32,1112,0.9,norm_betting,1000,0,0,,,,,0.8954081535339355,0.0,709.4439795918368,0.0,0.0,0.003826898586390522,0.0,0.0,0.003826898586390522
main,0.2,32,1112,0.9,split,1000,0,0,,,,,0.8954081535339355,0.0,709.4439795918368,0.0,0.0,0.003826898586390522,0.0,0.0,0.003826898586390522
main,0.2,32,1112,0.95,cdf_empbernstein,1000,0,0,,,,,0.8954081535339355,0.0,709.4439795918368,0.0,0.0,0.003826898586390522,0.0,0.0,0.003826898586390522
main,0.2,32,1112,0.95,cdf_pacbayes,1000,0,0,,,,,0.8954081535339355,0.0,709.4439795918368,0.0,0.0,0.003826898586390522,0.0,0.0,0.003826898586390522
main,0.2,32,1112,0.95,exc_betting,1000,0,0,,,,,0.8954081535339355,0.0,709.4439795918368,0.0,0.0,0.003826898586390522,0.0,0.0,0.003826898586390522
main,0.2,32,1112,0.95,exc_empbernstein,1000,0,0,,,,,0.8954081535339355,0.0,709.4439795918368,0.0,0.0,0.003826898586390522,0.0,0.0,0.003826898586390522
main,0.2,32,1112,0.95,exceedance,1000,0,0,,,,,0.8954081535339355,0.0,709.4439795918368,0.0,0.0,0.003826898586390522,0.0,0.0,0.003826898586390522
main,0.2,32,1112,0.95,naive,1000,0,0,,,,,0.8954081535339355,0.0,709.4439795918368,0.0,0.0,0.003826898586390522,0.0,0.0,0.003826898586390522
main,0.2,32,1112,0.95,norm_betting,1000,0,0,,,,,0.8954081535339355,0.0,709.4439795918368,0.0,0.0,0.003826898586390522,0.0,0.0,0.003826898586390522
main,0.2,32,1112,0.95,split,1000,0,0,,,,,0.8954081535339355,0.0,709.4439795918368,0.0,0.0,0.003826898586390522,0.0,0.0,0.003826898586390522
main,0.2,32,2347,0.9,cdf_empbernstein,1000,0,0,,,,,0.8954081535339355,0.0,709.4439795918368,0.0,0.0,0.003826898586390522,0.0,0.0,0.003826898586390522
main,0.2,32,2347,0.9,cdf_pacbayes,1000,0,0,,,,,0.8954081535339355,0.0,709.4439795918368,0.0,0.0,0.003826898586390522,0.0,0.0,0.003826898586390522
main,0.2,32,2347,0.9,exc_betting,1000,0,0,,,,,0.8954081535339355,0.0,709.4439795918368,0.0,0.0,0.003826898586390522,0.0,0.0,0.003826898586390522
main,0.2,32,2347,0.9,exc_empbernstein,1000,0,0,,,,,0.8954081535339355,0.0,709.4439795918368,0.0,0.0,0.003826898586390522,0.0,0.0,0.003826898586390522
main,0.2,32,2347,0.9,exceedance,1000,0,0,,,,,0.8954081535339355,0.0,709.4439795918368,0.0,0.0,0.003826898586390522,0.0,0.0,0.003826898586390522
main,0.2,32,2347,0.9,naive,1000,0,0,,,,,0.8954081535339355,0.0,709.4439795918368,0.0,0.0,0.003826898586390522,0.0,0.0,0.003826898586390522
main,0.2,32,2347,0.9,norm_betting,1000,0,0,,,,,0.8954081535339355,0.0,709.4439795918368,0.0,0.0,0.003826898586390522,0.0,0.0,0.003826898586390522
main,0.2,32,2347,0.9,split,1000,0,0,,,,,0.8954081535339355,0.0,709.4439795918368,0.0,0.0,0.003826898586390522,0.0,0.0,0.003826898586390522
main,0.2,32,2347,0.95,cdf_empbernstein,1000,0,0,,,,,0.8954081535339355,0.0,709.4439795918368,0.0,0.0,0.003826898586390522,0.0,0.0,0.003826898586390522
main,0.2,32,2347,0.95,cdf_pacbayes,1000,0,0,,,,,0.8954081535339355,0.0,709.4439795918368,0.0,0.0,0.003826898586390522,0.0,0.0,0.003826898586390522
main,0.2,32,2347,0.95,exc_betting,1000,0,0,,,,,0.8954081535339355,0.0,709.4439795918368,0.0,0.0,0.003826898586390522,0.0,0.0,0.003826898586390522
main,0.2,32,2347,0.95,exc_empbernstein,1000,0,0,,,,,0.8954081535339355,0.0,709.4439795918368,0.0,0.0,0.003826898586390522,0.0,0.0,0.003826898586390522
main,0.2,32,2347,0.95,exceedance,1000,0,0,,,,,0.8954081535339355,0.0,709.4439795918368,0.0,0.0,0.003826898586390522,0.0,0.0,0.003826898586390522
main,0.2,32,2347,0.95,naive,1000,0,0,,,,,0.8954081535339355,0.0,709.4439795918368,0.0,0.0,0.003826898586390522,0.0,0.0,0.003826898586390522
main,0.2,32,2347,0.95,norm_betting,1000,0,0,,,,,0.8954081535339355,0.0,709.4439795918368,0.0,0.0,0.003826898586390522,0.0,0.0,0.003826898586390522
main,0.2,32,2347,0.95,split,1000,0,0,,,,,0.8954081535339355,0.0,709.4439795918368,0.0,0.0,0.003826898586390522,0.0,0.0,0.003826898586390522
main,0.2,32,4950,0.9,cdf_empbernstein,1000,0,0,,,,,0.8954081535339355,0.0,709.4439795918368,0.0,0.0,0.003826898586390522,0.0,0.0,0.003826898586390522
main,0.2,32,4950,0.9,cdf_pacbayes,1000,0,0,,,,,0.8954081535339355,0.0,709.4439795918368,0.0,0.0,0.003826898586390522,0.0,0.0,0.003826898586390522
main,0.2,32,4950,0.9,exc_betting,1000,1,0,0.051632653921842575,0.9071428775787354,666.9501020408163,0.040785430554962865,0.8954198882579804,0.0003710845569511276,709.4014857142857,0.001,0.0001765418290572713,0.0056427029601604705,0.0,0.0,0.003826898586390522
main,0.2,32,4950,0.9,exc_empbernstein,1000,0,0,,,,,0.8954081535339355,0.0,709.4439795918368,0.0,0.0,0.003826898586390522,0.0,0.0,0.003826898586390522
main,0.2,32,4950,0.9,exceedance,1000,0,0,,,,,0.8954081535339355,0.0,709.4439795918368,0.0,0.0,0.003826898586390522,0.0,0.0,0.003826898586390522
main,0.2,32,4950,0.9,naive,1000,0,0,,,,,0.8954081535339355,0.0,709.4439795918368,0.0,0.0,0.003826898586390522,0.0,0.0,0.003826898586390522
main,0.2,32,4950,0.9,norm_betting,1000,3,0,0.05156462639570236,0.9078571399052938,668.9125510204082,0.047003165307611616,0.8954455004930496,0.0006820477647671975,709.3223853061224,0.003,0.0010207654054443255,0.008783171789427854,0.0,0.0,0.003826898586390522
main,0.2,32,4950,0.9,split,1000,0,0,,,,,0.8954081535339355,0.0,709.4439795918368,0.0,0.0,0.003826898586390522,0.0,0.0,0.003826898586390522
main,0.2,32,4950,0.95,cdf_empbernstein,1000,0,0,,,,,0.8954081535339355,0.0,709.4439795918368,0.0,0.0,0.003826898586390522,0.0,0.0,0.003826898586390522
main,0.2,32,4950,0.95,cdf_pacbayes,1000,0,0,,,,,0.8954081535339355,0.0,709.4439795918368,0.0,0.0,0.003826898586390522,0.0,0.0,0.003826898586390522
main,0.2,32,4950,0.95,exc_betting,1000,0,0,,,,,0.8954081535339355,0.0,709.4439795918368,0.0,0.0,0.003826898586390522,0.0,0.0,0.003826898586390522
main,0.2,32,4950,0.95,exc_empbernstein,1000,0,0,,,,,0.8954081535339355,0.0,709.4439795918368,0.0,0.0,0.003826898586390522,0.0,0.0,0.003826898586390522
main,0.2,32,4950,0.95,exceedance,1000,0,0,,,,,0.8954081535339355,0.0,709.4439795918368,0.0,0.0,0.003826898586390522,0.0,0.0,0.003826898586390522
main,0.2,32,4950,0.95,naive,1000,0,0,,,,,0.8954081535339355,0.0,709.4439795918368,0.0,0.0,0.003826898586390522,0.0,0.0,0.003826898586390522
main,0.2,32,4950,0.95,norm_betting,1000,0,0,,,,,0.8954081535339355,0.0,709.4439795918368,0.0,0.0,0.003826898586390522,0.0,0.0,0.003826898586390522
main,0.2,32,4950,0.95,split,1000,0,0,,,,,0.8954081535339355,0.0,709.4439795918368,0.0,0.0,0.003826898586390522,0.0,0.0,0.003826898586390522
main,0.2,32,9800,0.9,cdf_empbernstein,1000,0,0,,,,,0.8954081535339355,0.0,709.4439795918368,0.0,0.0,0.003826898586390522,0.0,0.0,0.003826898586390522
main,0.2,32,9800,0.9,cdf_pacbayes,1000,0,0,,,,,0.8954081535339355,0.0,709.4439795918368,0.0,0.0,0.003826898586390522,0.0,0.0,0.003826898586390522
main,0.2,32,9800,0.9,exc_betting,1000,346,0,0.05219299235311202,0.904111704729885,683.6849890881208,0.03966625446070798,0.8984195822477341,0.005352245783978651,700.531368877551,0.346,0.31715614268933207,0.37602254207527624,0.0,0.0,0.003826898586390522
main,0.2,32,9800,0.9,exc_empbernstein,1000,0,0,,,,,0.8954081535339355,0.0,709.4439795918368,0.0,0.0,0.003826898586390522,0.0,0.0,0.003826898586390522
main,0.2,32,9800,0.9,exceedance,1000,0,0,,,,,0.8954081535339355,0.0,709.4439795918368,0.0,0.0,0.003826898586390522,0.0,0.0,0.003826898586390522
main,0.2,32,9800,0.9,naive,1000,133,0,0.05206843580406411,0.9034532702955088,684.9710702777352,0.04464717634899539,0.8964781540632248,0.0034929461950883108,706.1890826530613,0.133,0.11335082497407287,0.15545811858833783,0.0,0.0,0.003826898586390522
main,0.2,32,9800,0.9,norm_betting,1000,357,0,0.05226090389723871,0.9039998774101087,684.263783799234,0.04054254888630415,0.8984753989577293,0.005393059070346002,700.4546496938775,0.357,0.32790322726742654,0.38719126572828116,0.0,0.0,0.003826898586390522
main,0.2,32,9800,0.9,split,1000,0,0,,,,,0.8954081535339355,0.0,709.4439795918368,0.0,0.0,0.003826898586390522,0.0,0.0,0.003826898586390522
main,0.2,32,9800,0.95,cdf_empbernstein,1000,0,0,,,,,0.8954081535339355,0.0,709.4439795918368,0.0,0.0,0.003826898586390522,0.0,0.0,0.003826898586390522
main,0.2,32,9800,0.95,cdf_pacbayes,1000,0,0,,,,,0.8954081535339355,0.0,709.4439795918368,0.0,0.0,0.003826898586390522,0.0,0.0,0.003826898586390522
main,0.2,32,9800,0.95,exc_betting,1000,9,0,0.021678004413843155,0.9081179036034478,671.9838888888888,0.024758194428594837,0.8955225412845611,0.0012019485386384151,709.1068387755103,0.009,0.004742006589011481,0.017016007822824013,0.0,0.0,0.003826898586390522
main,0.2,32,9800,0.95,exc_empbernstein,1000,0,0,,,,,0.8954081535339355,0.0,709.4439795918368,0.0,0.0,0.003826898586390522,0.0,0.0,0.003826898586390522
main,0.2,32,9800,0.95,exceedance,1000,0,0,,,,,0.8954081535339355,0.0,709.4439795918368,0.0,0.0,0.003826898586390522,0.0,0.0,0.003826898586390522
main,0.2,32,9800,0.95,naive,1000,0,0,,,,,0.8954081535339355,0.0,709.4439795918368,0.0,0.0,0.003826898586390522,0.0,0.0,0.003826898586390522
main,0.2,32,9800,0.95,norm_betting,1000,15,0,0.022027210891246797,0.9079591751098632,674.1619047619048,0.02574025252413009,0.8955964188575745,0.001527817829519462,708.9147484693877,0.015,0.00911089683719635,0.02460119479160246,0.0,0.0,0.003826898586390522
main,0.2,32,9800,0.95,split,1000,0,0,,,,,0.8954081535339355,0.0,709.4439795918368,0.0,0.0,0.003826898586390522,0.0,0.0,0.003826898586390522
main,0.2,32,10441,0.9,cdf_empbernstein,1000,1,0,0.051530610769987106,0.9075510501861572,673.7783673469388,0.036289089967854626,0.8954202964305877,0.0003839921081305401,709.4083139795919,0.001,0.0001765418290572713,0.0056427029601604705,0.0,0.0,0.003826898586390522
main,0.2,32,10441,0.9,cdf_pacbayes,1000,1,0,0.051530610769987106,0.9075510501861572,673.7783673469388,0.022420107320572535,0.8954202964305877,0.0003839921081305401,709.4083139795919,0.001,0.0001765418290572713,0.0056427029601604705,0.0,0.0,0.003826898586390522
main,0.2,32,10441,0.9,exc_betting,1000,504,0,0.05224894666452966,0.9039615644585519,684.6911576773566,0.04228311200859361,0.8997190726399422,0.00596325712816877,696.9685573469387,0.504,0.473054712603807,0.534914672207502,0.0,0.0,0.003826898586390522
main,0.2,32,10441,0.9,exc_empbernstein,1000,3,0,0.05156462515393893,0.9079931974411011,670.0925510204082,0.040916703095922935,0.8954459086656571,0.0006890193343577902,709.3259253061225,0.003,0.0010207654054443255,0.008783171789427854,0.0,0.0,0.003826898586390522
main,0.2,32,10441,0.9,exceedance,1000,3,0,0.05156462515393893,0.9079931974411011,670.0925510204082,0.04218870367491562,0.8954459086656571,0.0006890193343577902,709.3259253061225,0.003,0.0010207654054443255,0.008783171789427854,0.0,0.0,0.003826898586390522
main,0.2,32,10441,0.9,naive,1000,150,0,0.05211360509196917,0.9047176802158355,681.7219707482993,0.04326278966925085,0.8968045825362205,0.003937844714990555,705.2856782653062,0.15,0.1292097149821607,0.1734691140283127,0.0,0.0,0.003826898586390522
main,0.2,32,10441,0.9,norm_betting,1000,441,0,0.05210768607130397,0.904100829511543,683.5012335138138,0.041000039103002504,0.8992416236400604,0.0057829225510344605,698.0032285714286,0.441,0.41051008757160207,0.4719414864615921,0.0,0.0,0.003826898586390522
main,0.2,32,10441,0.9,split,1000,1,0,0.05265305936336517,0.8954081535339355,709.4439795918368,0.04378561320587884,0.8954081535339355,0.0,709.4439795918368,0.001,0.0001765418290572713,0.0056427029601604705,0.0,0.0,0.003826898586390522
main,0.2,32,10441,0.95,cdf_empbernstein,1000,0,0,,,,,0.8954081535339355,0.0,709.4439795918368,0.0,0.0,0.003826898586390522,0.0,0.0,0.003826898586390522
main,0.2,32,10441,0.95,cdf_pacbayes,1000,1,0,0.02173469401896,0.9075510501861572,673.7783673469388,0.018694371849919955,0.8954202964305877,0.0003839921081305401,709.4083139795919,0.001,0.0001765418290572713,0.0056427029601604705,0.0,0.0,0.003826898586390522
main,0.2,32,10441,0.95,exc_betting,1000,38,0,0.022612781901108592,0.9059640122087378,680.1970864661655,0.024921247388164078,0.8958092761635781,0.002209643281533636,708.3325976530613,0.038,0.027808845539615407,0.05172720875420944,0.0,0.0,0.003826898586390522
main,0.2,32,10441,0.95,exc_empbernstein,1000,0,0,,,,,0.8954081535339355,0.0,709.4439795918368,0.0,0.0,0.003826898586390522,0.0,0.0,0.003826898586390522
main,0.2,32,10441,0.95,exceedance,1000,0,0,,,,,0.8954081535339355,0.0,709.4439795918368,0.0,0.0,0.003826898586390522,0.0,0.0,0.003826898586390522
main,0.2,32,10441,0.95,naive,1000,10,0,0.022551020421087743,0.9055714249610901,680.138530612245,0.025672934131543524,0.8955097862482071,0.0011331100237129339,709.1509251020409,0.01,0.005440695309270557,0.01830966530539216,0.0,0.0,0.003826898586390522
main,0.2,32,10441,0.95,norm_betting,1000,33,0,0.022278911462335876,0.9064471161726749,677.280485466914,0.025127366370905384,0.8957724393010139,0.0021110941215798005,708.3825842857143,0.033,0.023592783250793958,0.045981540028894805,0.0,0.0,0.003826898586390522
main,0.2,32,10441,0.95,split,1000,0,0,,,,,0.8954081535339355,0.0,709.4439795918368,0.0,0.0,0.003826898586390522,0.0,0.0,0.003826898586390522
main,0.2,32,22024,0.9,cdf_empbernstein,1000,1,0,0.05265305936336517,0.8954081535339355,709.4439795918368,0.020930858221792303,0.8954081535339355,0.0,709.4439795918368,0.001,0.0001765418290572713,0.0056427029601604705,0.0,0.0,0.003826898586390522
main,0.2,32,22024,0.9,cdf_pacbayes,1000,1,0,0.05265305936336517,0.8954081535339355,709.4439795918368,0.028423174450439292,0.8954081535339355,0.0,709.4439795918368,0.001,0.0001765418290572713,0.0056427029601604705,0.0,0.0,0.003826898586390522
main,0.2,32,22024,0.9,exc_betting,1000,937,0,0.052295972349613175,0.9043587796079947,683.8754749199574,0.036296899943734875,0.903794890165329,0.005916925808317162,685.4862907142857,0.937,0.9202047348625318,0.9504505557729631,0.0,0.0,0.003826898586390522
main,0.2,32,22024,0.9,exc_empbernstein,1000,338,0,0.052091836223940875,0.9042585359875267,682.815625226422,0.04366296289548439,0.8983995828032494,0.005346226321568756,700.4435958163266,0.338,0.30935093183582213,0.36788898330616854,0.0,0.0,0.003826898586390522
main,0.2,32,22024,0.9,exceedance,1000,338,0,0.05205198594495742,0.9042531020895264,682.6033558748943,0.04465174875844284,0.8983977461457252,0.005342929769380233,700.3718487755102,0.338,0.30935093183582213,0.36788898330616854,0.0,0.0,0.003826898586390522
main,0.2,32,22024,0.9,naive,1000,816,0,0.05213022654803068,0.9039775829981355,683.8937585034013,0.03973473158403367,0.9024008079767227,0.006225090400820836,688.5949991836735,0.816,0.7907896944900147,0.8387917056033866,0.0,0.0,0.003826898586390522
main,0.2,32,22024,0.9,norm_betting,1000,952,0,0.05244158332807427,0.9043563416525096,684.6795255959527,0.03558932637327024,0.903926828622818,0.005875291726657508,685.8682193877552,0.952,0.9369335997915913,0.9636068838863117,0.0,0.0,0.003826898586390522
main,0.2,32,22024,0.9,split,1000,74,0,0.05222697113011334,0.902218688984175,689.3381784335356,0.04195561111939067,0.8959121331572533,0.0024720559296524144,707.9561503061225,0.074,0.05935475135620055,0.09190576623940419,0.0,0.0,0.003826898586390522
main,0.2,32,22024,0.95,cdf_empbernstein,1000,0,0,,,,,0.8954081535339355,0.0,709.4439795918368,0.0,0.0,0.003826898586390522,0.0,0.0,0.003826898586390522
main,0.2,32,22024,0.95,cdf_pacbayes,1000,0,0,,,,,0.8954081535339355,0.0,709.4439795918368,0.0,0.0,0.003826898586390522,0.0,0.0,0.003826898586390522
main,0.2,32,22024,0.95,exc_betting,1000,757,0,0.02246272874457203,0.905594713070591,679.4748528024155,0.02296374253155665,0.9031193791031837,0.006117693925039448,686.7573506122449,0.757,0.7294659857580157,0.7825669883685797,0.0,0.0,0.003826898586390522
main,0.2,32,22024,0.95,exc_empbernstein,1000,25,0,0.022171428501605986,0.9053714179992676,677.1312081632652,0.024755793904426966,0.8956572351455688,0.0017456589974374206,708.6361603061225,0.025,0.016990011790561223,0.036645541866509784,0.0,0.0,0.003826898586390522
main,0.2,32,22024,0.95,exceedance,1000,25,0,0.022171428501605986,0.9053714179992676,677.1312081632652,0.025151268759998017,0.8956572351455688,0.0017456589974374206,708.6361603061225,0.025,0.016990011790561223,0.036645541866509784,0.0,0.0,0.003826898586390522
main,0.2,32,22024,0.95,naive,1000,378,0,0.02222627135752528,0.9060992253205132,677.3981297915992,0.02463241419867897,0.8994493786692619,0.005874265789508881,697.330648367347,0.378,0.3484671638540017,0.4084665994010776,0.0,0.0,0.003826898586390522
main,0.2,32,22024,0.95,norm_betting,1000,732,0,0.02250083634640024,0.9056318928309477,679.725837236534,0.02250546985162585,0.9028919306993485,0.006177994353668953,687.6902993877551,0.732,0.7036980405782712,0.7585262784776435,0.0,0.0,0.003826898586390522
main,0.2,32,22024,0.95,split,1000,3,0,0.02251700684428215,0.9038095275561014,682.0196598639455,0.023206413922519792,0.8954333576560021,0.0005646343911781131,709.3617066326532,0.003,0.0010207654054443255,0.008783171789427854,0.0,0.0,0.003826898586390522
main,0.2,32,46459,0.9,cdf_empbernstein,1000,18,0,0.051876417050758995,0.9064965910381741,674.9016666666666,0.04099624808301002,0.8956077454090119,0.0015674150125704266,708.8222179591837,0.018,0.011415645858738454,0.02827348437854201,0.0,0.0,0.003826898586390522
main,0.2,32,46459,0.9,cdf_pacbayes,1000,5,0,0.051836734265089036,0.9055714249610901,676.5116530612245,0.04494247781747844,0.8954589698910713,0.000803392790382219,709.2793179591837,0.005,0.0021375039957652504,0.011651125604761368,0.0,0.0,0.003826898586390522
main,0.2,32,46459,0.9,exc_betting,1000,1000,0,0.0530574488453567,0.9054057065844536,685.3095628571429,0.029493322679225067,0.9054057065844536,0.005164392128353699,685.3095628571429,1.0,0.9961731014136095,1.0,0.0,0.0,0.003826898586390522
main,0.2,32,46459,0.9,exc_empbernstein,1000,999,0,0.052594124532497684,0.9055282749213256,682.3782691875549,0.035675000783205894,0.9055181547999382,0.005047852482518173,682.4053348979592,0.999,0.9943572970398398,0.9998234581709429,0.0,0.0,0.003826898586390522
main,0.2,32,46459,0.9,exceedance,1000,995,0,0.052439852092583575,0.9054537913907114,681.6836621884935,0.037002239502741625,0.9054035632014275,0.0051152282385220895,681.8224637755102,0.995,0.9883488743952387,0.9978624960042348,0.0,0.0,0.003826898586390522
main,0.2,32,46459,0.9,naive,1000,1000,0,0.05320306112244725,0.9054151962995529,686.1064791836735,0.029877236520717613,0.9054151962995529,0.005169564994880132,686.1064791836735,1.0,0.9961731014136095,1.0,0.0,0.0,0.003826898586390522
main,0.2,32,46459,0.9,norm_betting,1000,1000,0,0.05333122439682483,0.9054059108495712,686.8609969387755,0.027731750485491848,0.9054059108495712,0.005180635466787695,686.8609969387755,1.0,0.9961731014136095,1.0,0.0,0.0,0.003826898586390522
main,0.2,32,46459,0.9,split,1000,586,0,0.052104373656391284,0.9043311547907547,682.9276556731908,0.03776723312423357,0.9006370322704316,0.006181463137454627,693.9054137755103,0.586,0.5551991092840345,0.6161426641591063,0.0,0.0,0.003826898586390522
main,0.2,32,46459,0.95,cdf_empbernstein,1000,1,0,0.02122448943555355,0.9085714221000671,668.804081632653,0.019343841765272263,0.8954213168025017,0.00041625910121473824,709.4033396938776,0.001,0.0001765418290572713,0.0056427029601604705,0.0,0.0,0.003826898586390522
main,0.2,32,46459,0.95,cdf_pacbayes,1000,1,0,0.02153061144053936,0.9081632494926453,671.0983673469387,0.026572491328063275,0.8954209086298942,0.0004033515500352859,709.4056339795919,0.001,0.0001765418290572713,0.0056427029601604705,0.0,0.0,0.003826898586390522
main,0.2,32,46459,0.95,exc_betting,1000,996,0,0.022680108168024016,0.9057965453370029,680.7534904925825,0.01792465619914616,0.9057549917697907,0.00484047083091025,680.8682524489797,0.996,0.9897602795701941,0.9984434370321067,0.0,0.0,0.003826898586390522
main,0.2,32,46459,0.95,exc_empbernstein,1000,795,0,0.02206083930466535,0.9063296036900215,675.9394756770632,0.02455470330614973,0.9040907064080238,0.005798455494609336,682.8078989795918,0.795,0.7688717990970235,0.8188703307370062,0.0,0.0,0.003826898586390522
main,0.2,32,46459,0.95,exceedance,1000,722,0,0.022007462130008145,0.9064548517528334,675.4768648595173,0.024400326406979953,0.9033838696479798,0.006051175028789076,684.919722755102,0.722,0.6934224363691295,0.7488784206585131,0.0,0.0,0.003826898586390522
main,0.2,32,46459,0.95,naive,1000,985,0,0.0224367553585677,0.9060007164926093,678.8590462032528,0.020601786394043795,0.9058418280482292,0.00474757256090617,679.3178202040816,0.985,0.9753988052083976,0.9908891031628037,0.0,0.0,0.003826898586390522
main,0.2,32,46459,0.95,norm_betting,1000,994,0,0.0227334414584416,0.9057316265595511,681.179027224572,0.017338521721098607,0.9056696857213974,0.0049144047044518855,681.3486169387755,0.994,0.9869716557675544,0.9972473684290918,0.0,0.0,0.003826898586390522
main,0.2,32,46459,0.95,split,1000,195,0,0.02198011505489166,0.9060680248798468,675.7578335949764,0.023681100399738638,0.8974868284463883,0.004651976315930495,702.875181122449,0.195,0.17162968644915114,0.22070472168854713,0.0,0.0,0.003826898586390522
main,0.2,32,98000,0.9,cdf_empbernstein,1000,180,0,0.05245861644960112,0.9052142779032389,682.3984801587302,0.03921459160295714,0.8971732559204102,0.004381378246552946,704.5757896938776,0.18,0.1574265005851786,0.20502271451011134,0.0,0.0,0.003826898586390522
main,0.2,32,98000,0.9,cdf_pacbayes,1000,55,0,0.05207606642083688,0.9059870048002763,678.1509499072356,0.04220047348767961,0.8959899903535843,0.002653444978501141,707.7228629591837,0.055,0.04249722594783333,0.07090871379405425,0.0,0.0,0.003826898586390522
main,0.2,32,98000,0.9,exc_betting,1000,1000,0,0.054676428709179166,0.9059571361541748,693.101309489796,0.021278837573321302,0.9059571361541748,0.0048729306008289276,693.101309489796,1.0,0.9961731014136095,1.0,0.0,0.0,0.003826898586390522
main,0.2,32,98000,0.9,exc_empbernstein,1000,1000,0,0.05437132666260004,0.9059323399066925,691.4206890816326,0.023237887292781118,0.9059323399066925,0.004877630174298988,691.4206890816326,1.0,0.9961731014136095,1.0,0.0,0.0,0.003826898586390522
main,0.2,32,98000,0.9,exceedance,1000,1000,0,0.05400438786298037,0.9058562175035477,689.5211520408163,0.02501783444843964,0.9058562175035477,0.004924575050815773,689.5211520408163,1.0,0.9961731014136095,1.0,0.0,0.0,0.003826898586390522
main,0.2,32,98000,0.9,naive,1000,1000,0,0.05511551037058234,0.905971421957016,695.5595669387754,0.020159347619913955,0.905971421957016,0.0048802060938537735,695.5595669387754,1.0,0.9961731014136095,1.0,0.0,0.0,0.003826898586390522
main,0.2,32,98000,0.9,norm_betting,1000,1000,0,0.055051836900413036,0.9059567279815673,695.2346034693877,0.01989335187175013,0.9059567279815673,0.0048899896171282365,695.2346034693877,1.0,0.9961731014136095,1.0,0.0,0.0,0.003826898586390522
main,0.2,32,98000,0.9,split,1000,969,0,0.0528580903760912,0.9049273313506592,685.4341676670668,0.028329086475599504,0.9046322368383407,0.005632052639172539,686.1784718367347,0.969,0.956334233864468,0.9780761352614977,0.0,0.0,0.003826898586390522
main,0.2,32,98000,0.95,cdf_empbernstein,1000,17,0,0.02137454949757632,0.90797117878409,669.6073169267707,0.02352907328012317,0.8956217249631881,0.0016261872102064832,708.7667563265306,0.017,0.010640599663218203,0.027056184371235047,0.0,0.0,0.003826898586390522
main,0.2,32,98000,0.95,cdf_pacbayes,1000,3,0,0.021326530103882153,0.9080612063407898,669.3883673469387,0.023613029114978683,0.8954461126923561,0.0006927485332231339,709.323812755102,0.003,0.0010207654054443255,0.008783171789427854,0.0,0.0,0.003826898586390522
main,0.2,32,98000,0.95,exc_betting,1000,1000,0,0.02330704085715115,0.9057760127782821,685.1967852040817,0.013573949212167768,0.9057760127782821,0.004934422215369826,685.1967852040817,1.0,0.9961731014136095,1.0,0.0,0.0,0.003826898586390522
main,0.2,32,98000,0.95,exc_empbernstein,1000,1000,0,0.0228918367382139,0.905782645046711,682.3298484693877,0.01680575973076767,0.905782645046711,0.004887330727299576,682.3298484693877,1.0,0.9961731014136095,1.0,0.0,0.0,0.003826898586390522
main,0.2,32,98000,0.95,exceedance,1000,1000,0,0.022796020401641727,0.9058248897790909,681.6263960204082,0.017513323749583337,0.9058248897790909,0.004840866167922602,681.6263960204082,1.0,0.9961731014136095,1.0,0.0,0.0,0.003826898586390522
main,0.2,32,98000,0.95,naive,1000,1000,0,0.0233308163639158,0.9057915229797363,685.3459790816327,0.013884264342472379,0.9057915229797363,0.0049254485684858814,685.3459790816327,1.0,0.9961731014136095,1.0,0.0,0.0,0.003826898586390522
main,0.2,32,98000,0.95,norm_betting,1000,1000,0,0.023345816368237137,0.9057799924612046,685.4671219387756,0.013009517246244684,0.9057799924612046,0.0049363696774633314,685.4671219387756,1.0,0.9961731014136095,1.0,0.0,0.0,0.003826898586390522
main,0.2,32,98000,0.95,split,1000,868,0,0.022157669432186586,0.9062608076680091,676.754603122355,0.019466627188809663,0.9048282573223114,0.0054613000799551056,681.0696008163266,0.868,0.8456047044505801,0.8875786981898366,0.0,0.0,0.003826898586390522
main,0.2,128,250,0.9,cdf_empbernstein,1000,0,0,,,,,0.8954081535339355,0.0,709.4439795918368,0.0,0.0,0.003826898586390522,0.0,0.0,0.003826898586390522
main,0.2,128,250,0.9,cdf_pacbayes,1000,0,0,,,,,0.8954081535339355,0.0,709.4439795918368,0.0,0.0,0.003826898586390522,0.0,0.0,0.003826898586390522
main,0.2,128,250,0.9,exc_betting,1000,0,0,,,,,0.8954081535339355,0.0,709.4439795918368,0.0,0.0,0.003826898586390522,0.0,0.0,0.003826898586390522
main,0.2,128,250,0.9,exc_empbernstein,1000,0,0,,,,,0.8954081535339355,0.0,709.4439795918368,0.0,0.0,0.003826898586390522,0.0,0.0,0.003826898586390522
main,0.2,128,250,0.9,exceedance,1000,0,0,,,,,0.8954081535339355,0.0,709.4439795918368,0.0,0.0,0.003826898586390522,0.0,0.0,0.003826898586390522
main,0.2,128,250,0.9,naive,1000,0,0,,,,,0.8954081535339355,0.0,709.4439795918368,0.0,0.0,0.003826898586390522,0.0,0.0,0.003826898586390522
main,0.2,128,250,0.9,norm_betting,1000,0,0,,,,,0.8954081535339355,0.0,709.4439795918368,0.0,0.0,0.003826898586390522,0.0,0.0,0.003826898586390522
main,0.2,128,250,0.9,split,1000,0,0,,,,,0.8954081535339355,0.0,709.4439795918368,0.0,0.0,0.003826898586390522,0.0,0.0,0.003826898586390522
main,0.2,128,250,0.95,cdf_empbernstein,1000,0,0,,,,,0.8954081535339355,0.0,709.4439795918368,0.0,0.0,0.003826898586390522,0.0,0.0,0.003826898586390522
main,0.2,128,250,0.95,cdf_pacbayes,1000,0,0,,,,,0.8954081535339355,0.0,709.4439795918368,0.0,0.0,0.003826898586390522,0.0,0.0,0.003826898586390522
main,0.2,128,250,0.95,exc_betting,1000,0,0,,,,,0.8954081535339355,0.0,709.4439795918368,0.0,0.0,0.003826898586390522,0.0,0.0,0.003826898586390522
main,0.2,128,250,0.95,exc_empbernstein,1000,0,0,,,,,0.8954081535339355,0.0,709.4439795918368,0.0,0.0,0.003826898586390522,0.0,0.0,0.003826898586390522
main,0.2,128,250,0.95,exceedance,1000,0,0,,,,,0.8954081535339355,0.0,709.4439795918368,0.0,0.0,0.003826898586390522,0.0,0.0,0.003826898586390522
main,0.2,128,250,0.95,naive,1000,0,0,,,,,0.8954081535339355,0.0,709.4439795918368,0.0,0.0,0.003826898586390522,0.0,0.0,0.003826898586390522
main,0.2,128,250,0.95,norm_betting,1000,0,0,,,,,0.8954081535339355,0.0,709.4439795918368,0.0,0.0,0.003826898586390522,0.0,0.0,0.003826898586390522
main,0.2,128,250,0.95,split,1000,0,0,,,,,0.8954081535339355,0.0,709.4439795918368,0.0,0.0,0.003826898586390522,0.0,0.0,0.003826898586390522
main,0.2,128,527,0.9,cdf_empbernstein,1000,0,0,,,,,0.8954081535339355,0.0,709.4439795918368,0.0,0.0,0.003826898586390522,0.0,0.0,0.003826898586390522
main,0.2,128,527,0.9,cdf_pacbayes,1000,0,0,,,,,0.8954081535339355,0.0,709.4439795918368,0.0,0.0,0.003826898586390522,0.0,0.0,0.003826898586390522
main,0.2,128,527,0.9,exc_betting,1000,0,0,,,,,0.8954081535339355,0.0,709.4439795918368,0.0,0.0,0.003826898586390522,0.0,0.0,0.003826898586390522
main,0.2,128,527,0.9,exc_empbernstein,1000,0,0,,,,,0.8954081535339355,0.0,709.4439795918368,0.0,0.0,0.003826898586390522,0.0,0.0,0.003826898586390522
main,0.2,128,527,0.9,exceedance,1000,0,0,,,,,0.8954081535339355,0.0,709.4439795918368,0.0,0.0,0.003826898586390522,0.0,0.0,0.003826898586390522
main,0.2,128,527,0.9,naive,1000,0,0,,,,,0.8954081535339355,0.0,709.4439795918368,0.0,0.0,0.003826898586390522,0.0,0.0,0.003826898586390522
main,0.2,128,527,0.9,norm_betting,1000,0,0,,,,,0.8954081535339355,0.0,709.4439795918368,0.0,0.0,0.003826898586390522,0.0,0.0,0.003826898586390522
main,0.2,128,527,0.9,split,1000,0,0,,,,,0.8954081535339355,0.0,709.4439795918368,0.0,0.0,0.003826898586390522,0.0,0.0,0.003826898586390522
main,0.2,128,527,0.95,cdf_empbernstein,1000,0,0,,,,,0.8954081535339355,0.0,709.4439795918368,0.0,0.0,0.003826898586390522,0.0,0.0,0.003826898586390522
main,0.2,128,527,0.95,cdf_pacbayes,1000,0,0,,,,,0.8954081535339355,0.0,709.4439795918368,0.0,0.0,0.003826898586390522,0.0,0.0,0.003826898586390522
main,0.2,128,527,0.95,exc_betting,1000,0,0,,,,,0.8954081535339355,0.0,709.4439795918368,0.0,0.0,0.003826898586390522,0.0,0.0,0.003826898586390522
main,0.2,128,527,0.95,exc_empbernstein,1000,0,0,,,,,0.8954081535339355,0.0,709.4439795918368,0.0,0.0,0.003826898586390522,0.0,0.0,0.003826898586390522
main,0.2,128,527,0.95,exceedance,1000,0,0,,,,,0.8954081535339355,0.0,709.4439795918368,0.0,0.0,0.003826898586390522,0.0,0.0,0.003826898586390522
main,0.2,128,527,0.95,naive,1000,0,0,,,,,0.8954081535339355,0.0,709.4439795918368,0.0,0.0,0.003826898586390522,0.0,0.0,0.003826898586390522
main,0.2,128,527,0.95,norm_betting,1000,0,0,,,,,0.8954081535339355,0.0,709.4439795918368,0.0,0.0,0.003826898586390522,0.0,0.0,0.003826898586390522
main,0.2,128,527,0.95,split,1000,0,0,,,,,0.8954081535339355,0.0,709.4439795918368,0.0,0.0,0.003826898586390522,0.0,0.0,0.003826898586390522
main,0.2,128,1112,0.9,cdf_empbernstein,1000,0,0,,,,,0.8954081535339355,0.0,709.4439795918368,0.0,0.0,0.003826898586390522,0.0,0.0,0.003826898586390522
main,0.2,128,1112,0.9,cdf_pacbayes,1000,0,0,,,,,0.8954081535339355,0.0,709.4439795918368,0.0,0.0,0.003826898586390522,0.0,0.0,0.003826898586390522
main,0.2,128,1112,0.9,exc_betting,1000,0,0,,,,,0.8954081535339355,0.0,709.4439795918368,0.0,0.0,0.003826898586390522,0.0,0.0,0.003826898586390522
main,0.2,128,1112,0.9,exc_empbernstein,1000,0,0,,,,,0.8954081535339355,0.0,709.4439795918368,0.0,0.0,0.003826898586390522,0.0,0.0,0.003826898586390522
main,0.2,128,1112,0.9,exceedance,1000,0,0,,,,,0.8954081535339355,0.0,709.4439795918368,0.0,0.0,0.003826898586390522,0.0,0.0,0.003826898586390522
main,0.2,128,1112,0.9,naive,1000,0,0,,,,,0.8954081535339355,0.0,709.4439795918368,0.0,0.0,0.003826898586390522,0.0,0.0,0.003826898586390522
main,0.2,128,1112,0.9,norm_betting,1000,0,0,,,,,0.8954081535339355,0.0,709.4439795918368,0.0,0.0,0.003826898586390522,0.0,0.0,0.003826898586390522
main,0.2,128,1112,0.9,split,1000,0,0,,,,,0.8954081535339355,0.0,709.4439795918368,0.0,0.0,0.003826898586390522,0.0,0.0,0.003826898586390522
main,0.2,128,1112,0.95,cdf_empbernstein,1000,0,0,,,,,0.8954081535339355,0.0,709.4439795918368,0.0,0.0,0.003826898586390522,0.0,0.0,0.003826898586390522
main,0.2,128,1112,0.95,cdf_pacbayes,1000,0,0,,,,,0.8954081535339355,0.0,709.4439795918368,0.0,0.0,0.003826898586390522,0.0,0.0,0.003826898586390522
main,0.2,128,1112,0.95,exc_betting,1000,0,0,,,,,0.8954081535339355,0.0,709.4439795918368,0.0,0.0,0.003826898586390522,0.0,0.0,0.003826898586390522
main,0.2,128,1112,0.95,exc_empbernstein,1000,0,0,,,,,0.8954081535339355,0.0,709.4439795918368,0.0,0.0,0.003826898586390522,0.0,0.0,0.003826898586390522
main,0.2,128,1112,0.95,exceedance,1000,0,0,,,,,0.8954081535339355,0.0,709.4439795918368,0.0,0.0,0.003826898586390522,0.0,0.0,0.003826898586390522
main,0.2,128,1112,0.95,naive,1000,0,0,,,,,0.8954081535339355,0.0,709.4439795918368,0.0,0.0,0.003826898586390522,0.0,0.0,0.003826898586390522
main,0.2,128,1112,0.95,norm_betting,1000,0,0,,,,,0.8954081535339355,0.0,709.4439795918368,0.0,0.0,0.003826898586390522,0.0,0.0,0.003826898586390522
main,0.2,128,1112,0.95,split,1000,0,0,,,,,0.8954081535339355,0.0,709.4439795918368,0.0,0.0,0.003826898586390522,0.0,0.0,0.003826898586390522
main,0.2,128,2347,0.9,cdf_empbernstein,1000,0,0,,,,,0.8954081535339355,0.0,709.4439795918368,0.0,0.0,0.003826898586390522,0.0,0.0,0.003826898586390522
main,0.2,128,2347,0.9,cdf_pacbayes,1000,0,0,,,,,0.8954081535339355,0.0,709.4439795918368,0.0,0.0,0.003826898586390522,0.0,0.0,0.003826898586390522
main,0.2,128,2347,0.9,exc_betting,1000,0,0,,,,,0.8954081535339355,0.0,709.4439795918368,0.0,0.0,0.003826898586390522,0.0,0.0,0.003826898586390522
main,0.2,128,2347,0.9,exc_empbernstein,1000,0,0,,,,,0.8954081535339355,0.0,709.4439795918368,0.0,0.0,0.003826898586390522,0.0,0.0,0.003826898586390522
main,0.2,128,2347,0.9,exceedance,1000,0,0,,,,,0.8954081535339355,0.0,709.4439795918368,0.0,0.0,0.003826898586390522,0.0,0.0,0.003826898586390522
main,0.2,128,2347,0.9,naive,1000,0,0,,,,,0.8954081535339355,0.0,709.4439795918368,0.0,0.0,0.003826898586390522,0.0,0.0,0.003826898586390522
main,0.2,128,2347,0.9,norm_betting,1000,0,0,,,,,0.8954081535339355,0.0,709.4439795918368,0.0,0.0,0.003826898586390522,0.0,0.0,0.003826898586390522
main,0.2,128,2347,0.9,split,1000,0,0,,,,,0.8954081535339355,0.0,709.4439795918368,0.0,0.0,0.003826898586390522,0.0,0.0,0.003826898586390522
main,0.2,128,2347,0.95,cdf_empbernstein,1000,0,0,,,,,0.8954081535339355,0.0,709.4439795918368,0.0,0.0,0.003826898586390522,0.0,0.0,0.003826898586390522
main,0.2,128,2347,0.95,cdf_pacbayes,1000,0,0,,,,,0.8954081535339355,0.0,709.4439795918368,0.0,0.0,0.003826898586390522,0.0,0.0,0.003826898586390522
main,0.2,128,2347,0.95,exc_betting,1000,0,0,,,,,0.8954081535339355,0.0,709.4439795918368,0.0,0.0,0.003826898586390522,0.0,0.0,0.003826898586390522
main,0.2,128,2347,0.95,exc_empbernstein,1000,0,0,,,,,0.8954081535339355,0.0,709.4439795918368,0.0,0.0,0.003826898586390522,0.0,0.0,0.003826898586390522
main,0.2,128,2347,0.95,exceedance,1000,0,0,,,,,0.8954081535339355,0.0,709.4439795918368,0.0,0.0,0.003826898586390522,0.0,0.0,0.003826898586390522
main,0.2,128,2347,0.95,naive,1000,0,0,,,,,0.8954081535339355,0.0,709.4439795918368,0.0,0.0,0.003826898586390522,0.0,0.0,0.003826898586390522
main,0.2,128,2347,0.95,norm_betting,1000,0,0,,,,,0.8954081535339355,0.0,709.4439795918368,0.0,0.0,0.003826898586390522,0.0,0.0,0.003826898586390522
main,0.2,128,2347,0.95,split,1000,0,0,,,,,0.8954081535339355,0.0,709.4439795918368,0.0,0.0,0.003826898586390522,0.0,0.0,0.003826898586390522
main,0.2,128,4950,0.9,cdf_empbernstein,1000,0,0,,,,,0.8954081535339355,0.0,709.4439795918368,0.0,0.0,0.003826898586390522,0.0,0.0,0.003826898586390522
main,0.2,128,4950,0.9,cdf_pacbayes,1000,0,0,,,,,0.8954081535339355,0.0,709.4439795918368,0.0,0.0,0.003826898586390522,0.0,0.0,0.003826898586390522
main,0.2,128,4950,0.9,exc_betting,1000,0,0,,,,,0.8954081535339355,0.0,709.4439795918368,0.0,0.0,0.003826898586390522,0.0,0.0,0.003826898586390522
main,0.2,128,4950,0.9,exc_empbernstein,1000,0,0,,,,,0.8954081535339355,0.0,709.4439795918368,0.0,0.0,0.003826898586390522,0.0,0.0,0.003826898586390522
main,0.2,128,4950,0.9,exceedance,1000,0,0,,,,,0.8954081535339355,0.0,709.4439795918368,0.0,0.0,0.003826898586390522,0.0,0.0,0.003826898586390522
main,0.2,128,4950,0.9,naive,1000,0,0,,,,,0.8954081535339355,0.0,709.4439795918368,0.0,0.0,0.003826898586390522,0.0,0.0,0.003826898586390522
main,0.2,128,4950,0.9,norm_betting,1000,0,0,,,,,0.8954081535339355,0.0,709.4439795918368,0.0,0.0,0.003826898586390522,0.0,0.0,0.003826898586390522
main,0.2,128,4950,0.9,split,1000,0,0,,,,,0.8954081535339355,0.0,709.4439795918368,0.0,0.0,0.003826898586390522,0.0,0.0,0.003826898586390522
main,0.2,128,4950,0.95,cdf_empbernstein,1000,0,0,,,,,0.8954081535339355,0.0,709.4439795918368,0.0,0.0,0.003826898586390522,0.0,0.0,0.003826898586390522
main,0.2,128,4950,0.95,cdf_pacbayes,1000,0,0,,,,,0.8954081535339355,0.0,709.4439795918368,0.0,0.0,0.003826898586390522,0.0,0.0,0.003826898586390522
main,0.2,128,4950,0.95,exc_betting,1000,0,0,,,,,0.8954081535339355,0.0,709.4439795918368,0.0,0.0,0.003826898586390522,0.0,0.0,0.003826898586390522
main,0.2,128,4950,0.95,exc_empbernstein,1000,0,0,,,,,0.8954081535339355,0.0,709.4439795918368,0.0,0.0,0.003826898586390522,0.0,0.0,0.003826898586390522
main,0.2,128,4950,0.95,exceedance,1000,0,0,,,,,0.8954081535339355,0.0,709.4439795918368,0.0,0.0,0.003826898586390522,0.0,0.0,0.003826898586390522
main,0.2,128,4950,0.95,naive,1000,0,0,,,,,0.8954081535339355,0.0,709.4439795918368,0.0,0.0,0.003826898586390522,0.0,0.0,0.003826898586390522
main,0.2,128,4950,0.95,norm_betting,1000,0,0,,,,,0.8954081535339355,0.0,709.4439795918368,0.0,0.0,0.003826898586390522,0.0,0.0,0.003826898586390522
main,0.2,128,4950,0.95,split,1000,0,0,,,,,0.8954081535339355,0.0,709.4439795918368,0.0,0.0,0.003826898586390522,0.0,0.0,0.003826898586390522
main,0.2,128,9800,0.9,cdf_empbernstein,1000,0,0,,,,,0.8954081535339355,0.0,709.4439795918368,0.0,0.0,0.003826898586390522,0.0,0.0,0.003826898586390522
main,0.2,128,9800,0.9,cdf_pacbayes,1000,0,0,,,,,0.8954081535339355,0.0,709.4439795918368,0.0,0.0,0.003826898586390522,0.0,0.0,0.003826898586390522
main,0.2,128,9800,0.9,exc_betting,1000,159,0,0.052163348328205024,0.9023297717736202,684.6004419547786,0.04276689049113795,0.8965086908340454,0.0035744653641783235,705.4938571075445,0.159,0.13764593437383232,0.18296401046208605,0.0,0.0,0.003826898586390522
main,0.2,128,9800,0.9,exc_empbernstein,1000,0,0,,,,,0.8954081535339355,0.0,709.4439795918368,0.0,0.0,0.003826898586390522,0.0,0.0,0.003826898586390522
main,0.2,128,9800,0.9,exceedance,1000,0,0,,,,,0.8954081535339355,0.0,709.4439795918368,0.0,0.0,0.003826898586390522,0.0,0.0,0.003826898586390522
main,0.2,128,9800,0.9,naive,1000,134,0,0.05210051921877398,0.9032652911855213,685.2493699931124,0.044853304720127316,0.896461009979248,0.0034257399369281676,706.2019019056077,0.134,0.11428073897264132,0.1565205507925966,0.0,0.0,0.003826898586390522
main,0.2,128,9800,0.9,norm_betting,1000,147,0,0.052062077054969305,0.9033937178501467,683.2415257990494,0.04297018239983428,0.8965820314884185,0.003660067033984222,705.5922188842969,0.147,0.12640360474203105,0.1702981856599607,0.0,0.0,0.003826898586390522
main,0.2,128,9800,0.9,split,1000,0,0,,,,,0.8954081535339355,0.0,709.4439795918368,0.0,0.0,0.003826898586390522,0.0,0.0,0.003826898586390522
main,0.2,128,9800,0.95,cdf_empbernstein,1000,0,0,,,,,0.8954081535339355,0.0,709.4439795918368,0.0,0.0,0.003826898586390522,0.0,0.0,0.003826898586390522
main,0.2,128,9800,0.95,cdf_pacbayes,1000,0,0,,,,,0.8954081535339355,0.0,709.4439795918368,0.0,0.0,0.003826898586390522,0.0,0.0,0.003826898586390522
main,0.2,128,9800,0.95,exc_betting,1000,0,0,,,,,0.8954081535339355,0.0,709.4439795918368,0.0,0.0,0.003826898586390522,0.0,0.0,0.003826898586390522
main,0.2,128,9800,0.95,exc_empbernstein,1000,0,0,,,,,0.8954081535339355,0.0,709.4439795918368,0.0,0.0,0.003826898586390522,0.0,0.0,0.003826898586390522
main,0.2,128,9800,0.95,exceedance,1000,0,0,,,,,0.8954081535339355,0.0,709.4439795918368,0.0,0.0,0.003826898586390522,0.0,0.0,0.003826898586390522
main,0.2,128,9800,0.95,naive,1000,0,0,,,,,0.8954081535339355,0.0,709.4439795918368,0.0,0.0,0.003826898586390522,0.0,0.0,0.003826898586390522
main,0.2,128,9800,0.95,norm_betting,1000,0,0,,,,,0.8954081535339355,0.0,709.4439795918368,0.0,0.0,0.003826898586390522,0.0,0.0,0.003826898586390522
main,0.2,128,9800,0.95,split,1000,0,0,,,,,0.8954081535339355,0.0,709.4439795918368,0.0,0.0,0.003826898586390522,0.0,0.0,0.003826898586390522
main,0.2,128,10441,0.9,cdf_empbernstein,1000,0,0,,,,,0.8954081535339355,0.0,709.4439795918368,0.0,0.0,0.003826898586390522,0.0,0.0,0.003826898586390522
main,0.2,128,10441,0.9,cdf_pacbayes,1000,1,0,0.051530610769987106,0.9075510501861572,673.7783673469388,0.040542894525748996,0.8954202964305877,0.0003839921081305401,709.4083139795919,0.001,0.0001765418290572713,0.0056427029601604705,0.0,0.0,0.003826898586390522
main,0.2,128,10441,0.9,exc_betting,1000,260,0,0.0522219019727065,0.9034637978443733,683.7652029847487,0.04451450647269591,0.8975026210546494,0.004661406545692277,702.7674976739938,0.26,0.2337681545791201,0.2880687567423474,0.0,0.0,0.003826898586390522
main,0.2,128,10441,0.9,exc_empbernstein,1000,0,0,,,,,0.8954081535339355,0.0,709.4439795918368,0.0,0.0,0.003826898586390522,0.0,0.0,0.003826898586390522
main,0.2,128,10441,0.9,exceedance,1000,1,0,0.051632653921842575,0.9085714221000671,668.804081632653,0.04755756904803682,0.8954213168025017,0.00041625910121474897,709.4033396938776,0.001,0.0001765418290572713,0.0056427029601604705,0.0,0.0,0.003826898586390522
main,0.2,128,10441,0.9,naive,1000,151,0,0.052124601202887415,0.9045213085926131,681.9800102071077,0.043560900156573566,0.8967842399477959,0.0038739343750338884,705.2969202147426,0.151,0.13014576187205482,0.1745254133412458,0.0,0.0,0.003826898586390522
main,0.2,128,10441,0.9,norm_betting,1000,192,0,0.05209008860401809,0.9043697444722056,680.6097428030572,0.04268885588396168,0.8971287789940834,0.004292937054183429,703.907806128391,0.192,0.1687844428851688,0.21757292664404781,0.0,0.0,0.003826898586390522
main,0.2,128,10441,0.9,split,1000,0,0,,,,,0.8954081535339355,0.0,709.4439795918368,0.0,0.0,0.003826898586390522,0.0,0.0,0.003826898586390522
main,0.2,128,10441,0.95,cdf_empbernstein,1000,0,0,,,,,0.8954081535339355,0.0,709.4439795918368,0.0,0.0,0.003826898586390522,0.0,0.0,0.003826898586390522
main,0.2,128,10441,0.95,cdf_pacbayes,1000,0,0,,,,,0.8954081535339355,0.0,709.4439795918368,0.0,0.0,0.003826898586390522,0.0,0.0,0.003826898586390522
main,0.2,128,10441,0.95,exc_betting,1000,0,0,,,,,0.8954081535339355,0.0,709.4439795918368,0.0,0.0,0.003826898586390522,0.0,0.0,0.003826898586390522
main,0.2,128,10441,0.95,exc_empbernstein,1000,0,0,,,,,0.8954081535339355,0.0,709.4439795918368,0.0,0.0,0.003826898586390522,0.0,0.0,0.003826898586390522
main,0.2,128,10441,0.95,exceedance,1000,0,0,,,,,0.8954081535339355,0.0,709.4439795918368,0.0,0.0,0.003826898586390522,0.0,0.0,0.003826898586390522
main,0.2,128,10441,0.95,naive,1000,10,0,0.022322222590446472,0.9055129945278168,678.6550233934015,0.02607041418524884,0.8955092019438744,0.0011267800756057252,709.1360900298523,0.01,0.005440695309270557,0.01830966530539216,0.0,0.0,0.003826898586390522
main,0.2,128,10441,0.95,norm_betting,1000,0,0,,,,,0.8954081535339355,0.0,709.4439795918368,0.0,0.0,0.003826898586390522,0.0,0.0,0.003826898586390522
main,0.2,128,10441,0.95,split,1000,0,0,,,,,0.8954081535339355,0.0,709.4439795918368,0.0,0.0,0.003826898586390522,0.0,0.0,0.003826898586390522
main,0.2,128,22024,0.9,cdf_empbernstein,1000,1,0,0.05265305936336517,0.8954081535339355,709.4439795918368,0.04054381359502257,0.8954081535339355,0.0,709.4439795918368,0.001,0.0001765418290572713,0.0056427029601604705,0.0,0.0,0.003826898586390522
main,0.2,128,22024,0.9,cdf_pacbayes,1000,1,0,0.05265305936336517,0.8954081535339355,709.4439795918368,0.03971352929631322,0.8954081535339355,0.0,709.4439795918368,0.001,0.0001765418290572713,0.0056427029601604705,0.0,0.0,0.003826898586390522
main,0.2,128,22024,0.9,exc_betting,1000,943,0,0.05264947175869001,0.903366640289161,685.1441930165546,0.039903326718606996,0.9029130065441131,0.006276496677498523,686.5292808513458,0.943,0.9268626022720123,0.9557467655804457,0.0,0.0,0.003826898586390522
main,0.2,128,22024,0.9,exc_empbernstein,1000,154,0,0.05217393589290706,0.9025239116185672,681.547624658564,0.045843287789784595,0.8965039802789688,0.0036661933591753087,705.1479409321128,0.154,0.1329558947664042,0.17769231905537805,0.0,0.0,0.003826898586390522
main,0.2,128,22024,0.9,exceedance,1000,178,0,0.052109361573886334,0.9041182271550211,683.2633782919445,0.04500461973641447,0.8969585466384887,0.004098666622154594,704.783832560456,0.178,0.15553722047993956,0.20292730220969596,0.0,0.0,0.003826898586390522
main,0.2,128,22024,0.9,naive,1000,827,0,0.05227600927256327,0.9036311378934507,684.9020191443982,0.040429416778329036,0.9022085615992546,0.006079898946704991,689.147778301805,0.827,0.8023160584363541,0.8491811498881464,0.0,0.0,0.003826898586390522
main,0.2,128,22024,0.9,norm_betting,1000,963,0,0.052656755160815,0.9035660596032504,685.3337282762959,0.039009506904977405,0.9032642170786858,0.006153796000313828,686.2258075749709,0.963,0.9494173165894553,0.9730389753195472,0.0,0.0,0.003826898586390522
main,0.2,128,22024,0.9,split,1000,67,0,0.052235243647401015,0.9021511700615954,689.6490470423884,0.041994611242443934,0.8958599356412887,0.002341079752319043,708.1177191110237,0.067,0.05310169229975138,0.08421240187606284,0.0,0.0,0.003826898586390522
main,0.2,128,22024,0.95,cdf_empbernstein,1000,0,0,,,,,0.8954081535339355,0.0,709.4439795918368,0.0,0.0,0.003826898586390522,0.0,0.0,0.003826898586390522
main,0.2,128,22024,0.95,cdf_pacbayes,1000,0,0,,,,,0.8954081535339355,0.0,709.4439795918368,0.0,0.0,0.003826898586390522,0.0,0.0,0.003826898586390522
main,0.2,128,22024,0.95,exc_betting,1000,553,0,0.022487413077522573,0.9045495782148558,680.9518971407614,0.024820327099250368,0.9004633613824844,0.006104292781136655,693.687857996392,0.553,0.522039800841041,0.5835545479088018,0.0,0.0,0.003826898586390522
main,0.2,128,22024,0.95,exc_empbernstein,1000,3,0,0.02147688716650009,0.9068371852238973,671.0763575714915,0.025664002905124512,0.8954424406290055,0.0006362817425489732,709.3288767257758,0.003,0.0010207654054443255,0.008783171789427854,0.0,0.0,0.003826898586390522
main,0.2,128,22024,0.95,exceedance,1000,10,0,0.021707851067185403,0.9061768054962158,672.9231889253581,0.027557947658840187,0.8955158400535583,0.0011360969724092023,709.078771685172,0.01,0.005440695309270557,0.01830966530539216,0.0,0.0,0.003826898586390522
main,0.2,128,22024,0.95,naive,1000,380,0,0.022324066800310422,0.9056686341762543,679.0974061076182,0.024868078300756023,0.8993071361780166,0.005699558458479298,697.9122816678337,0.38,0.35042877333574113,0.41048968232499267,0.0,0.0,0.003826898586390522
main,0.2,128,22024,0.95,norm_betting,1000,538,0,0.02244132215357957,0.9045840191575231,680.3791168457184,0.024547365622297486,0.9003447692394256,0.006079418993240133,693.8070834344251,0.538,0.5070127271855177,0.5686964285219166,0.0,0.0,0.003826898586390522
main,0.2,128,22024,0.95,split,1000,1,0,0.02091836743056774,0.9071428775787354,666.9501020408163,0.0248050533362342,0.8954198882579804,0.0003710845569511197,709.4014857142857,0.001,0.0001765418290572713,0.0056427029601604705,0.0,0.0,0.003826898586390522
main,0.2,128,46459,0.9,cdf_empbernstein,1000,26,0,0.05235684663057327,0.8971481185693008,679.754665497927,0.04533771951615906,0.895453392624855,0.0011511537240203999,708.6720574253951,0.026,0.01780381535792082,0.0378240845019774,0.0,0.0,0.003826898586390522
main,0.2,128,46459,0.9,cdf_pacbayes,1000,1,0,0.051632653921842575,0.9081632494926453,671.0983673469387,0.04488764767322784,0.8954209086298942,0.0004033515500352859,709.4056339795919,0.001,0.0001765418290572713,0.0056427029601604705,0.0,0.0,0.003826898586390522
main,0.2,128,46459,0.9,exc_betting,1000,1000,0,0.053302460514009,0.9055034556388855,686.6398815450775,0.03168817694624971,0.9055034556388855,0.004886860031916249,686.6398815450775,1.0,0.9961731014136095,1.0,0.0,0.0,0.003826898586390522
main,0.2,128,46459,0.9,exc_empbernstein,1000,997,0,0.05258783224667446,0.9051887833605798,682.5321672647899,0.03932556509644535,0.9051594414710998,0.005100541242246763,682.612902701771,0.997,0.9912168282105721,0.9989792345945557,0.0,0.0,0.003826898586390522
main,0.2,128,46459,0.9,exceedance,1000,978,0,0.05245148512803338,0.9051604774953885,682.2644550358916,0.03949356780993984,0.9049459263682366,0.005262541614933472,682.8624045761226,0.978,0.9669140836251823,0.9854274013262284,0.0,0.0,0.003826898586390522
main,0.2,128,46459,0.9,naive,1000,1000,0,0.053408026441931725,0.9054641351103783,687.1822966661388,0.030009975212460894,0.9054641351103783,0.004996350704822569,687.1822966661388,1.0,0.9961731014136095,1.0,0.0,0.0,0.003826898586390522
main,0.2,128,46459,0.9,norm_betting,1000,1000,0,0.05342632470279932,0.9055054909586906,687.3523094608635,0.029827101873239444,0.9055054909586906,0.0049233818799128085,687.3523094608635,1.0,0.9961731014136095,1.0,0.0,0.0,0.003826898586390522
main,0.2,128,46459,0.9,split,1000,579,0,0.05210393739281952,0.9041226875802602,682.7388763381596,0.03785969046011784,0.9004538687467575,0.006095990808414789,693.9817248079577,0.579,0.5481537333387585,0.6092416166845918,0.0,0.0,0.003826898586390522
main,0.2,128,46459,0.95,cdf_empbernstein,1000,0,0,,,,,0.8954081535339355,0.0,709.4439795918368,0.0,0.0,0.003826898586390522,0.0,0.0,0.003826898586390522
main,0.2,128,46459,0.95,cdf_pacbayes,1000,0,0,,,,,0.8954081535339355,0.0,709.4439795918368,0.0,0.0,0.003826898586390522,0.0,0.0,0.003826898586390522
main,0.2,128,46459,0.95,exc_betting,1000,995,0,0.022768038670396683,0.9057879166387434,683.2667276637504,0.019673557315867268,0.9057360178232193,0.0046265432016455495,683.397613923391,0.995,0.9883488743952387,0.9978624960042348,0.0,0.0,0.003826898586390522
main,0.2,128,46459,0.95,exc_empbernstein,1000,572,0,0.02202613672593257,0.9046817014475802,676.9655245100249,0.02591887687906301,0.9007126229405403,0.006322238828035011,690.8663032850403,0.572,0.541114629509388,0.6023342970941716,0.0,0.0,0.003826898586390522
main,0.2,128,46459,0.95,exceedance,1000,563,0,0.021909393181571105,0.9065578751411574,674.9904524862584,0.025520896897651392,0.9016854467988015,0.006158921644652769,690.0466438313962,0.563,0.5320735047444565,0.5934443060336583,0.0,0.0,0.003826898586390522
main,0.2,128,46459,0.95,naive,1000,985,0,0.022549983528135392,0.905824797649674,680.6643831764604,0.02077217613496137,0.9056685479879379,0.0046832165632910636,681.0960771226911,0.985,0.9753988052083976,0.9908891031628037,0.0,0.0,0.003826898586390522
main,0.2,128,46459,0.95,norm_betting,1000,998,0,0.022820901519475217,0.9056424107962476,683.3969011958955,0.01919856456205618,0.905621942281723,0.004761345668858796,683.4489953526873,0.998,0.9927370411104123,0.9994513678975429,0.0,0.0,0.003826898586390522
main,0.2,128,46459,0.95,split,1000,194,0,0.022005104210189322,0.9052709350266408,676.0767238828782,0.023830771421615875,0.8973215331435204,0.004481738458463127,702.9707319842988,0.194,0.17068102312568378,0.21966103880918725,0.0,0.0,0.003826898586390522
main,0.2,128,98000,0.9,cdf_empbernstein,1000,363,0,0.05260460371197748,0.8977862115405479,681.5104737221506,0.043978258081278775,0.8962713885903358,0.004588801798710873,699.3041169611406,0.363,0.33377243706453497,0.39327613314813614,0.0,0.0,0.003826898586390522
main,0.2,128,98000,0.9,cdf_pacbayes,1000,23,0,0.05204192370824192,0.9063625309778296,677.2031339795403,0.042309407942792705,0.8956601042151451,0.0017659804360112027,708.7024401427539,0.023,0.015374164302931469,0.0342766969484851,0.0,0.0,0.003826898586390522
main,0.2,128,98000,0.9,exc_betting,1000,1000,0,0.054932652805000544,0.9059744694232941,694.9872021335517,0.023150678681015197,0.9059744694232941,0.004696020887849665,694.9872021335517,1.0,0.9961731014136095,1.0,0.0,0.0,0.003826898586390522
main,0.2,128,98000,0.9,exc_empbernstein,1000,1000,0,0.05457312793657183,0.9059392864108086,692.989679383601,0.025800614873852646,0.9059392864108086,0.004713633473578406,692.989679383601,1.0,0.9961731014136095,1.0,0.0,0.0,0.003826898586390522
main,0.2,128,98000,0.9,exceedance,1000,1000,0,0.05421537742763758,0.9059226832389832,690.879452170788,0.027025977899825606,0.9059226832389832,0.004733344198549417,690.879452170788,1.0,0.9961731014136095,1.0,0.0,0.0,0.003826898586390522
main,0.2,128,98000,0.9,naive,1000,1000,0,0.05576604449376464,0.9060486077666282,699.5209521462637,0.02030461779586556,0.9060486077666282,0.004679781593623538,699.5209521462637,1.0,0.9961731014136095,1.0,0.0,0.0,0.003826898586390522
main,0.2,128,98000,0.9,norm_betting,1000,1000,0,0.05544948577135801,0.9060093030333519,697.8643251871835,0.021704350048025383,0.9060093030333519,0.004695511016431476,697.8643251871835,1.0,0.9961731014136095,1.0,0.0,0.0,0.003826898586390522
main,0.2,128,98000,0.9,split,1000,962,0,0.053015234277984456,0.9049608068629759,686.3001803704838,0.028352394015716893,0.9045978060364723,0.005553139061978458,687.1796447408951,0.962,0.9482727912457906,0.9721911544603846,0.0,0.0,0.003826898586390522
main,0.2,128,98000,0.95,cdf_empbernstein,1000,11,0,0.021738798611543396,0.9037528308955106,673.7457209575357,0.025680410153303003,0.8954999449849129,0.0010668992544475872,709.0512987468594,0.011,0.006153110089114165,0.01958959672837577,0.0,0.0,0.003826898586390522
main,0.2,128,98000,0.95,cdf_pacbayes,1000,2,0,0.021326529793441296,0.9077550768852234,668.9732653061225,0.027744036925375526,0.8954328473806381,0.0005518947673736703,709.3630381632653,0.002,0.000548632102457155,0.007262958889587807,0.0,0.0,0.003826898586390522
main,0.2,128,98000,0.95,exc_betting,1000,1000,0,0.023679187105968596,0.905838464975357,690.2064060340791,0.014626469465630312,0.905838464975357,0.004723212466479439,690.2064060340791,1.0,0.9961731014136095,1.0,0.0,0.0,0.003826898586390522
main,0.2,128,98000,0.95,exc_empbernstein,1000,1000,0,0.022990499030798674,0.9059010280370712,684.7290370726159,0.01874683472261046,0.9059010280370712,0.004577084702071956,684.7290370726159,1.0,0.9961731014136095,1.0,0.0,0.0,0.003826898586390522
main,0.2,128,98000,0.95,exceedance,1000,1000,0,0.022845906024798752,0.9059021463990211,683.0128473490735,0.018949018519405746,0.9059021463990211,0.004589259818283403,683.0128473490735,1.0,0.9961731014136095,1.0,0.0,0.0,0.003826898586390522
main,0.2,128,98000,0.95,naive,1000,1000,0,0.023693621696904303,0.9058763035535813,689.5082312064892,0.014001912348189404,0.9058763035535813,0.004720566627768131,689.5082312064892,1.0,0.9961731014136095,1.0,0.0,0.0,0.003826898586390522
main,0.2,128,98000,0.95,norm_betting,1000,1000,0,0.023710905941203238,0.9058422933220863,690.1286828796053,0.014049533150145387,0.9058422933220863,0.004737934768469314,690.1286828796053,1.0,0.9961731014136095,1.0,0.0,0.0,0.003826898586390522
main,0.2,128,98000,0.95,split,1000,853,0,0.022247970488538216,0.9061288679191124,678.0866311670379,0.019457880730976148,0.9045529229044914,0.005460703524977253,682.6961613854834,0.853,0.8297018143400393,0.873596395257969,0.0,0.0,0.003826898586390522
main,0.5,8,250,0.9,cdf_empbernstein,1000,0,0,,,,,0.8954081535339355,0.0,709.4439795918368,0.0,0.0,0.003826898586390522,0.0,0.0,0.003826898586390522
main,0.5,8,250,0.9,cdf_pacbayes,1000,0,0,,,,,0.8954081535339355,0.0,709.4439795918368,0.0,0.0,0.003826898586390522,0.0,0.0,0.003826898586390522
main,0.5,8,250,0.9,exc_betting,1000,0,0,,,,,0.8954081535339355,0.0,709.4439795918368,0.0,0.0,0.003826898586390522,0.0,0.0,0.003826898586390522
main,0.5,8,250,0.9,exc_empbernstein,1000,0,0,,,,,0.8954081535339355,0.0,709.4439795918368,0.0,0.0,0.003826898586390522,0.0,0.0,0.003826898586390522
main,0.5,8,250,0.9,exceedance,1000,0,0,,,,,0.8954081535339355,0.0,709.4439795918368,0.0,0.0,0.003826898586390522,0.0,0.0,0.003826898586390522
main,0.5,8,250,0.9,naive,1000,0,0,,,,,0.8954081535339355,0.0,709.4439795918368,0.0,0.0,0.003826898586390522,0.0,0.0,0.003826898586390522
main,0.5,8,250,0.9,norm_betting,1000,0,0,,,,,0.8954081535339355,0.0,709.4439795918368,0.0,0.0,0.003826898586390522,0.0,0.0,0.003826898586390522
main,0.5,8,250,0.9,split,1000,0,0,,,,,0.8954081535339355,0.0,709.4439795918368,0.0,0.0,0.003826898586390522,0.0,0.0,0.003826898586390522
main,0.5,8,250,0.95,cdf_empbernstein,1000,0,0,,,,,0.8954081535339355,0.0,709.4439795918368,0.0,0.0,0.003826898586390522,0.0,0.0,0.003826898586390522
main,0.5,8,250,0.95,cdf_pacbayes,1000,0,0,,,,,0.8954081535339355,0.0,709.4439795918368,0.0,0.0,0.003826898586390522,0.0,0.0,0.003826898586390522
main,0.5,8,250,0.95,exc_betting,1000,0,0,,,,,0.8954081535339355,0.0,709.4439795918368,0.0,0.0,0.003826898586390522,0.0,0.0,0.003826898586390522
main,0.5,8,250,0.95,exc_empbernstein,1000,0,0,,,,,0.8954081535339355,0.0,709.4439795918368,0.0,0.0,0.003826898586390522,0.0,0.0,0.003826898586390522
main,0.5,8,250,0.95,exceedance,1000,0,0,,,,,0.8954081535339355,0.0,709.4439795918368,0.0,0.0,0.003826898586390522,0.0,0.0,0.003826898586390522
main,0.5,8,250,0.95,naive,1000,0,0,,,,,0.8954081535339355,0.0,709.4439795918368,0.0,0.0,0.003826898586390522,0.0,0.0,0.003826898586390522
main,0.5,8,250,0.95,norm_betting,1000,0,0,,,,,0.8954081535339355,0.0,709.4439795918368,0.0,0.0,0.003826898586390522,0.0,0.0,0.003826898586390522
main,0.5,8,250,0.95,split,1000,0,0,,,,,0.8954081535339355,0.0,709.4439795918368,0.0,0.0,0.003826898586390522,0.0,0.0,0.003826898586390522
main,0.5,8,527,0.9,cdf_empbernstein,1000,0,0,,,,,0.8954081535339355,0.0,709.4439795918368,0.0,0.0,0.003826898586390522,0.0,0.0,0.003826898586390522
main,0.5,8,527,0.9,cdf_pacbayes,1000,0,0,,,,,0.8954081535339355,0.0,709.4439795918368,0.0,0.0,0.003826898586390522,0.0,0.0,0.003826898586390522
main,0.5,8,527,0.9,exc_betting,1000,0,0,,,,,0.8954081535339355,0.0,709.4439795918368,0.0,0.0,0.003826898586390522,0.0,0.0,0.003826898586390522
main,0.5,8,527,0.9,exc_empbernstein,1000,0,0,,,,,0.8954081535339355,0.0,709.4439795918368,0.0,0.0,0.003826898586390522,0.0,0.0,0.003826898586390522
main,0.5,8,527,0.9,exceedance,1000,0,0,,,,,0.8954081535339355,0.0,709.4439795918368,0.0,0.0,0.003826898586390522,0.0,0.0,0.003826898586390522
main,0.5,8,527,0.9,naive,1000,0,0,,,,,0.8954081535339355,0.0,709.4439795918368,0.0,0.0,0.003826898586390522,0.0,0.0,0.003826898586390522
main,0.5,8,527,0.9,norm_betting,1000,0,0,,,,,0.8954081535339355,0.0,709.4439795918368,0.0,0.0,0.003826898586390522,0.0,0.0,0.003826898586390522
main,0.5,8,527,0.9,split,1000,0,0,,,,,0.8954081535339355,0.0,709.4439795918368,0.0,0.0,0.003826898586390522,0.0,0.0,0.003826898586390522
main,0.5,8,527,0.95,cdf_empbernstein,1000,0,0,,,,,0.8954081535339355,0.0,709.4439795918368,0.0,0.0,0.003826898586390522,0.0,0.0,0.003826898586390522
main,0.5,8,527,0.95,cdf_pacbayes,1000,0,0,,,,,0.8954081535339355,0.0,709.4439795918368,0.0,0.0,0.003826898586390522,0.0,0.0,0.003826898586390522
main,0.5,8,527,0.95,exc_betting,1000,0,0,,,,,0.8954081535339355,0.0,709.4439795918368,0.0,0.0,0.003826898586390522,0.0,0.0,0.003826898586390522
main,0.5,8,527,0.95,exc_empbernstein,1000,0,0,,,,,0.8954081535339355,0.0,709.4439795918368,0.0,0.0,0.003826898586390522,0.0,0.0,0.003826898586390522
main,0.5,8,527,0.95,exceedance,1000,0,0,,,,,0.8954081535339355,0.0,709.4439795918368,0.0,0.0,0.003826898586390522,0.0,0.0,0.003826898586390522
main,0.5,8,527,0.95,naive,1000,0,0,,,,,0.8954081535339355,0.0,709.4439795918368,0.0,0.0,0.003826898586390522,0.0,0.0,0.003826898586390522
main,0.5,8,527,0.95,norm_betting,1000,0,0,,,,,0.8954081535339355,0.0,709.4439795918368,0.0,0.0,0.003826898586390522,0.0,0.0,0.003826898586390522
main,0.5,8,527,0.95,split,1000,0,0,,,,,0.8954081535339355,0.0,709.4439795918368,0.0,0.0,0.003826898586390522,0.0,0.0,0.003826898586390522
main,0.5,8,1112,0.9,cdf_empbernstein,1000,0,0,,,,,0.8954081535339355,0.0,709.4439795918368,0.0,0.0,0.003826898586390522,0.0,0.0,0.003826898586390522
main,0.5,8,1112,0.9,cdf_pacbayes,1000,0,0,,,,,0.8954081535339355,0.0,709.4439795918368,0.0,0.0,0.003826898586390522,0.0,0.0,0.003826898586390522
main,0.5,8,1112,0.9,exc_betting,1000,0,0,,,,,0.8954081535339355,0.0,709.4439795918368,0.0,0.0,0.003826898586390522,0.0,0.0,0.003826898586390522
main,0.5,8,1112,0.9,exc_empbernstein,1000,0,0,,,,,0.8954081535339355,0.0,709.4439795918368,0.0,0.0,0.003826898586390522,0.0,0.0,0.003826898586390522
main,0.5,8,1112,0.9,exceedance,1000,0,0,,,,,0.8954081535339355,0.0,709.4439795918368,0.0,0.0,0.003826898586390522,0.0,0.0,0.003826898586390522
main,0.5,8,1112,0.9,naive,1000,0,0,,,,,0.8954081535339355,0.0,709.4439795918368,0.0,0.0,0.003826898586390522,0.0,0.0,0.003826898586390522
main,0.5,8,1112,0.9,norm_betting,1000,0,0,,,,,0.8954081535339355,0.0,709.4439795918368,0.0,0.0,0.003826898586390522,0.0,0.0,0.003826898586390522
main,0.5,8,1112,0.9,split,1000,0,0,,,,,0.8954081535339355,0.0,709.4439795918368,0.0,0.0,0.003826898586390522,0.0,0.0,0.003826898586390522
main,0.5,8,1112,0.95,cdf_empbernstein,1000,0,0,,,,,0.8954081535339355,0.0,709.4439795918368,0.0,0.0,0.003826898586390522,0.0,0.0,0.003826898586390522
main,0.5,8,1112,0.95,cdf_pacbayes,1000,0,0,,,,,0.8954081535339355,0.0,709.4439795918368,0.0,0.0,0.003826898586390522,0.0,0.0,0.003826898586390522
main,0.5,8,1112,0.95,exc_betting,1000,0,0,,,,,0.8954081535339355,0.0,709.4439795918368,0.0,0.0,0.003826898586390522,0.0,0.0,0.003826898586390522
main,0.5,8,1112,0.95,exc_empbernstein,1000,0,0,,,,,0.8954081535339355,0.0,709.4439795918368,0.0,0.0,0.003826898586390522,0.0,0.0,0.003826898586390522
main,0.5,8,1112,0.95,exceedance,1000,0,0,,,,,0.8954081535339355,0.0,709.4439795918368,0.0,0.0,0.003826898586390522,0.0,0.0,0.003826898586390522
main,0.5,8,1112,0.95,naive,1000,0,0,,,,,0.8954081535339355,0.0,709.4439795918368,0.0,0.0,0.003826898586390522,0.0,0.0,0.003826898586390522
main,0.5,8,1112,0.95,norm_betting,1000,0,0,,,,,0.8954081535339355,0.0,709.4439795918368,0.0,0.0,0.003826898586390522,0.0,0.0,0.003826898586390522
main,0.5,8,1112,0.95,split,1000,0,0,,,,,0.8954081535339355,0.0,709.4439795918368,0.0,0.0,0.003826898586390522,0.0,0.0,0.003826898586390522
main,0.5,8,2347,0.9,cdf_empbernstein,1000,0,0,,,,,0.8954081535339355,0.0,709.4439795918368,0.0,0.0,0.003826898586390522,0.0,0.0,0.003826898586390522
main,0.5,8,2347,0.9,cdf_pacbayes,1000,0,0,,,,,0.8954081535339355,0.0,709.4439795918368,0.0,0.0,0.003826898586390522,0.0,0.0,0.003826898586390522
main,0.5,8,2347,0.9,exc_betting,1000,164,0,0.05200286191411135,0.9043230418024993,681.731205823793,0.040606079522598974,0.89687019520998,0.004005058017971951,704.8990846938776,0.164,0.1423438135383711,0.18822786231168337,0.0,0.0,0.003826898586390522
main,0.5,8,2347,0.9,exc_empbernstein,1000,1,0,0.0525510199368,0.9079591631889343,679.3879591836735,0.027769443132266855,0.8954207045435906,0.0003968977744456025,709.4139235714287,0.001,0.0001765418290572713,0.0056427029601604705,0.0,0.0,0.003826898586390522
main,0.5,8,2347,0.9,exceedance,1000,0,0,,,,,0.8954081535339355,0.0,709.4439795918368,0.0,0.0,0.003826898586390522,0.0,0.0,0.003826898586390522
main,0.5,8,2347,0.9,naive,1000,5,0,0.052408162504434586,0.9056326389312744,683.4545510204082,0.041929225445949334,0.8954592759609222,0.0008074941221847198,709.3140324489796,0.005,0.0021375039957652504,0.011651125604761368,0.0,0.0,0.003826898586390522
main,0.5,8,2347,0.9,norm_betting,1000,141,0,0.05207627686731359,0.9036980685612834,684.3338717614706,0.04107376130894355,0.8965770315527916,0.003657695501575827,705.9034543877551,0.141,0.1208007805062944,0.163946932678734,0.0,0.0,0.003826898586390522
main,0.5,8,2347,0.9,split,1000,0,0,,,,,0.8954081535339355,0.0,709.4439795918368,0.0,0.0,0.003826898586390522,0.0,0.0,0.003826898586390522
main,0.5,8,2347,0.95,cdf_empbernstein,1000,0,0,,,,,0.8954081535339355,0.0,709.4439795918368,0.0,0.0,0.003826898586390522,0.0,0.0,0.003826898586390522
main,0.5,8,2347,0.95,cdf_pacbayes,1000,0,0,,,,,0.8954081535339355,0.0,709.4439795918368,0.0,0.0,0.003826898586390522,0.0,0.0,0.003826898586390522
main,0.5,8,2347,0.95,exc_betting,1000,0,0,,,,,0.8954081535339355,0.0,709.4439795918368,0.0,0.0,0.003826898586390522,0.0,0.0,0.003826898586390522
main,0.5,8,2347,0.95,exc_empbernstein,1000,0,0,,,,,0.8954081535339355,0.0,709.4439795918368,0.0,0.0,0.003826898586390522,0.0,0.0,0.003826898586390522
main,0.5,8,2347,0.95,exceedance,1000,0,0,,,,,0.8954081535339355,0.0,709.4439795918368,0.0,0.0,0.003826898586390522,0.0,0.0,0.003826898586390522
main,0.5,8,2347,0.95,naive,1000,0,0,,,,,0.8954081535339355,0.0,709.4439795918368,0.0,0.0,0.003826898586390522,0.0,0.0,0.003826898586390522
main,0.5,8,2347,0.95,norm_betting,1000,0,0,,,,,0.8954081535339355,0.0,709.4439795918368,0.0,0.0,0.003826898586390522,0.0,0.0,0.003826898586390522
main,0.5,8,2347,0.95,split,1000,0,0,,,,,0.8954081535339355,0.0,709.4439795918368,0.0,0.0,0.003826898586390522,0.0,0.0,0.003826898586390522
main,0.5,8,4950,0.9,cdf_empbernstein,1000,0,0,,,,,0.8954081535339355,0.0,709.4439795918368,0.0,0.0,0.003826898586390522,0.0,0.0,0.003826898586390522
main,0.5,8,4950,0.9,cdf_pacbayes,1000,0,0,,,,,0.8954081535339355,0.0,709.4439795918368,0.0,0.0,0.003826898586390522,0.0,0.0,0.003826898586390522
main,0.5,8,4950,0.9,exc_betting,1000,756,0,0.05210020470496996,0.9034570997984952,684.8046347586654,0.036096428915595065,0.9014931569099426,0.006252755242465755,690.8166348979591,0.756,0.7284330086156625,0.7816076193081056,0.0,0.0,0.003826898586390522
main,0.5,8,4950,0.9,exc_empbernstein,1000,69,0,0.05199349282876305,0.9050177422122679,680.0294217687075,0.042248184339769915,0.8960712151527405,0.002808530316825125,707.4143751020408,0.069,0.05488371422135517,0.08641507236011349,0.0,0.0,0.003826898586390522
main,0.5,8,4950,0.9,exceedance,1000,32,0,0.0518845662008971,0.9056760165840387,677.7764891581633,0.04244064929631321,0.8957367251515389,0.0020153257620271104,708.4306198979592,0.032,0.02275696612786701,0.04482501094899452,0.0,0.0,0.003826898586390522
main,0.5,8,4950,0.9,naive,1000,192,0,0.05198873276822269,0.90433779420952,681.4697305484693,0.04020963582797321,0.8971226445436478,0.004294406053987036,704.0729237755102,0.192,0.1687844428851688,0.21757292664404781,0.0,0.0,0.003826898586390522
main,0.5,8,4950,0.9,norm_betting,1000,794,0,0.05212653525436405,0.9033962569999454,685.2447672595487,0.03677253237491377,0.9017507076859475,0.0062619577904487024,690.229805,0.794,0.7678307565977307,0.8179190270334717,0.0,0.0,0.003826898586390522
main,0.5,8,4950,0.9,split,1000,2,0,0.05260203965008259,0.9016836583614349,694.4159693877551,0.03887742828888363,0.8954207045435906,0.0003968977744456034,709.4139235714287,0.002,0.000548632102457155,0.007262958889587807,0.0,0.0,0.003826898586390522
main,0.5,8,4950,0.95,cdf_empbernstein,1000,0,0,,,,,0.8954081535339355,0.0,709.4439795918368,0.0,0.0,0.003826898586390522,0.0,0.0,0.003826898586390522
main,0.5,8,4950,0.95,cdf_pacbayes,1000,0,0,,,,,0.8954081535339355,0.0,709.4439795918368,0.0,0.0,0.003826898586390522,0.0,0.0,0.003826898586390522
main,0.5,8,4950,0.95,exc_betting,1000,430,0,0.02244684374349755,0.9048640206802723,680.2987717133365,0.023775318270570157,0.8994741764068603,0.005861821096306962,696.9115402040817,0.43,0.3996403690487447,0.46089539675335006,0.0,0.0,0.003826898586390522
main,0.5,8,4950,0.95,exc_empbernstein,1000,1,0,0.02091836743056774,0.9071428775787354,666.9501020408163,0.01715635602064075,0.8954198882579804,0.0003710845569511183,709.4014857142857,0.001,0.0001765418290572713,0.0056427029601604705,0.0,0.0,0.003826898586390522
main,0.5,8,4950,0.95,exceedance,1000,0,0,,,,,0.8954081535339355,0.0,709.4439795918368,0.0,0.0,0.003826898586390522,0.0,0.0,0.003826898586390522
main,0.5,8,4950,0.95,naive,1000,13,0,0.021491365507245064,0.9078571383769696,670.8757299843014,0.023859725524012866,0.895569990336895,0.0014127049865800766,708.9425923469388,0.013,0.0076127471221297755,0.022114652101014598,0.0,0.0,0.003826898586390522
main,0.5,8,4950,0.95,norm_betting,1000,372,0,0.02236586558302083,0.9050833847253553,679.5725581522931,0.023150046237509454,0.8990073395371437,0.005673891084777498,698.3318108163265,0.372,0.3425855843534176,0.4023941016846984,0.0,0.0,0.003826898586390522
main,0.5,8,4950,0.95,split,1000,0,0,,,,,0.8954081535339355,0.0,709.4439795918368,0.0,0.0,0.003826898586390522,0.0,0.0,0.003826898586390522
main,0.5,8,9800,0.9,cdf_empbernstein,1000,7,0,0.05218658862369401,0.9040233237402779,682.6448833819242,0.039800096584023406,0.8954684597253799,0.0008516192521112857,709.2563859183674,0.007,0.0033948250792319975,0.01437849692694906,0.0,0.0,0.003826898586390522
main,0.5,8,9800,0.9,cdf_pacbayes,1000,0,0,,,,,0.8954081535339355,0.0,709.4439795918368,0.0,0.0,0.003826898586390522,0.0,0.0,0.003826898586390522
main,0.5,8,9800,0.9,exc_betting,1000,987,0,0.052068833246630856,0.9041407634301267,682.9227106465687,0.0331254645851952,0.9040272395014763,0.0058053892596225485,683.2674871428571,0.987,0.9778853478989854,0.9923872528778702,0.0,0.0,0.003826898586390522
main,0.5,8,9800,0.9,exc_empbernstein,1000,809,0,0.05208042137352439,0.9039655856060599,683.5112054438586,0.04093601234034581,0.9023311160802842,0.006246499676940165,688.4643653061224,0.809,0.7834715055777532,0.8321634710958576,0.0,0.0,0.003826898586390522
main,0.5,8,9800,0.9,exceedance,1000,684,0,0.05208557063158144,0.9038381611394604,683.903801915503,0.04212365458980816,0.9011742787361146,0.006266667729270107,691.9744980612245,0.684,0.6545268222727973,0.7120648790474111,0.0,0.0,0.003826898586390522
main,0.5,8,9800,0.9,naive,1000,887,0,0.05208292068848481,0.9040563181798649,683.3262755677243,0.038763611734396186,0.9030790755748749,0.006132657629476244,686.277576122449,0.887,0.86587803145935,0.9051599490347838,0.0,0.0,0.003826898586390522
main,0.5,8,9800,0.9,norm_betting,1000,989,0,0.052070943294027096,0.9041576678398526,682.8668689255277,0.03161767782131033,0.9040614231824875,0.005773659195170197,683.1592171428572,0.989,0.9804104032716243,0.9938468899108859,0.0,0.0,0.003826898586390522
main,0.5,8,9800,0.9,split,1000,75,0,0.052076190014680224,0.9031006717681884,686.1028367346938,0.039908816347551,0.8959850924015045,0.002632027697522964,707.6933938775511,0.075,0.0602515618187045,0.09300130197972745,0.0,0.0,0.003826898586390522
main,0.5,8,9800,0.95,cdf_empbernstein,1000,0,0,,,,,0.8954081535339355,0.0,709.4439795918368,0.0,0.0,0.003826898586390522,0.0,0.0,0.003826898586390522
main,0.5,8,9800,0.95,cdf_pacbayes,1000,0,0,,,,,0.8954081535339355,0.0,709.4439795918368,0.0,0.0,0.003826898586390522,0.0,0.0,0.003826898586390522
main,0.5,8,9800,0.95,exc_betting,1000,928,0,0.022379266224592794,0.9051744991849209,679.5792208391978,0.019717450416656276,0.9044713222980499,0.005614148373843188,681.7294834693878,0.928,0.9102878591617453,0.9424363156483045,0.0,0.0,0.003826898586390522
main,0.5,8,9800,0.95,exc_empbernstein,1000,226,0,0.021917554450971363,0.9064375998172085,675.2059581000542,0.02466562064011994,0.8979008083939553,0.004997246662345592,701.7061867346939,0.226,0.20115424829035228,0.25294289213498977,0.0,0.0,0.003826898586390522
main,0.5,8,9800,0.95,exceedance,1000,150,0,0.021886394396424293,0.9063748284180959,675.052169387755,0.025126345486983052,0.8970531547665596,0.004228007518081878,704.2852080612246,0.15,0.1292097149821607,0.1734691140283127,0.0,0.0,0.003826898586390522
main,0.5,8,9800,0.95,naive,1000,448,0,0.02202327791435112,0.9060012740748269,676.3386762026239,0.023519496440317957,0.9001538715362549,0.006067294498213528,694.6128036734693,0.448,0.4174351187157854,0.47896287873719934,0.0,0.0,0.003826898586390522
main,0.5,8,9800,0.95,norm_betting,1000,934,0,0.022460778622750425,0.9049076787664753,680.3650364899707,0.01943037874166458,0.9042807101011276,0.0056876626866537,682.2842467346939,0.934,0.9168903772338006,0.9477878747932127,0.0,0.0,0.003826898586390522
main,0.5,8,9800,0.95,split,1000,2,0,0.023316326551139355,0.9021428525447845,689.5544387755102,0.02033818298688568,0.8954216229319573,0.00042593976459931823,709.4042005102041,0.002,0.000548632102457155,0.007262958889587807,0.0,0.0,0.003826898586390522
main,0.5,8,10441,0.9,cdf_empbernstein,1000,14,0,0.052069970805730136,0.9059693813323975,678.2999854227406,0.036975086552353195,0.895556010723114,0.001343396774033097,709.0079636734694,0.014,0.008357497449441328,0.023362247976530262,0.0,0.0,0.003826898586390522
main,0.5,8,10441,0.9,cdf_pacbayes,1000,2,0,0.05209183692932129,0.9075510203838348,673.1690306122449,0.0461826756958017,0.8954324392676354,0.0005430807781884463,709.3714296938775,0.002,0.000548632102457155,0.007262958889587807,0.0,0.0,0.003826898586390522
main,0.5,8,10441,0.9,exc_betting,1000,982,0,0.05208923857348029,0.9041828365044293,683.012834698034,0.03278380222336327,0.9040248922109604,0.005802822848706812,683.4885953061224,0.982,0.9717265156214581,0.9885843541412616,0.0,0.0,0.003826898586390522
main,0.5,8,10441,0.9,exc_empbernstein,1000,831,0,0.05209644102949815,0.9038179909853011,683.9631175863848,0.039757676697950384,0.9023967284560204,0.0062296016363174245,688.2693832653061,0.831,0.8065158387363724,0.852950754399437,0.0,0.0,0.003826898586390522
main,0.5,8,10441,0.9,exceedance,1000,713,0,0.052070011346905296,0.9037898161969713,683.8044342673955,0.040865514594325775,0.90138427901268,0.006251994261811576,691.1629837755103,0.713,0.6841890401871134,0.7401807010150843,0.0,0.0,0.003826898586390522
main,0.5,8,10441,0.9,naive,1000,904,0,0.052096690001806854,0.9038899618044364,683.8447123893806,0.037909162323667485,0.9030757082104683,0.006129818246579783,686.3022420408164,0.904,0.884164485462243,0.9207433804799536,0.0,0.0,0.003826898586390522
main,0.5,8,10441,0.9,norm_betting,1000,986,0,0.05210239227113085,0.9040772801843183,683.415400091071,0.031013995842541588,0.9039559124112129,0.005836608214179401,683.7798002040817,0.986,0.9766377520234698,0.9916425025505587,0.0,0.0,0.003826898586390522
main,0.5,8,10441,0.9,split,1000,129,0,0.05217212401041689,0.9022638770036919,688.2732566049676,0.040882425379386717,0.8962925418615341,0.0032056219892829785,706.7129563265306,0.129,0.10963511503514137,0.15120444371596045,0.0,0.0,0.003826898586390522
main,0.5,8,10441,0.95,cdf_empbernstein,1000,3,0,0.021768707161148388,0.907619039217631,672.5971428571429,0.02437340065121918,0.8954447861909867,0.0006684182368747805,709.3334390816326,0.003,0.0010207654054443255,0.008783171789427854,0.0,0.0,0.003826898586390522
main,0.5,8,10441,0.95,cdf_pacbayes,1000,0,0,,,,,0.8954081535339355,0.0,709.4439795918368,0.0,0.0,0.003826898586390522,0.0,0.0,0.003826898586390522
main,0.5,8,10441,0.95,exc_betting,1000,944,0,0.022507242165837375,0.9049093045168004,680.6860078692494,0.019825988783894317,0.9043772400617599,0.005651184215279068,682.2964542857143,0.944,0.9279763237468875,0.9566253903083978,0.0,0.0,0.003826898586390522
main,0.5,8,10441,0.95,exc_empbernstein,1000,321,0,0.022160658520005202,0.9056437134371368,677.5985212028736,0.025534692439867928,0.8986937682628632,0.005499998777878359,699.2215874489796,0.321,0.29279598173175475,0.3505740479621731,0.0,0.0,0.003826898586390522
main,0.5,8,10441,0.95,exceedance,1000,218,0,0.022029114246300056,0.906017129574347,676.3266944392435,0.02583971916855084,0.8977209103107452,0.00484945631714983,702.2244114285714,0.218,0.19351438529371368,0.24464398550901062,0.0,0.0,0.003826898586390522
main,0.5,8,10441,0.95,naive,1000,570,0,0.022228786120550674,0.9054597179094951,678.2383594701038,0.024215606500367266,0.9011375452280045,0.006227760646663091,691.656776122449,0.57,0.53910460324665,0.6003596309512553,0.0,0.0,0.003826898586390522
main,0.5,8,10441,0.95,norm_betting,1000,944,0,0.022504431722385778,0.9048967655684989,680.6786962772397,0.019327925855166187,0.9043654032945633,0.005657643715314895,682.2895521428571,0.944,0.9279763237468875,0.9566253903083978,0.0,0.0,0.003826898586390522
main,0.5,8,10441,0.95,split,1000,11,0,0.022152133285999298,0.9066419222138145,676.4016141001856,0.024261697786476376,0.8955317249894142,0.001231172699429719,709.0805135714286,0.011,0.006153110089114165,0.01958959672837577,0.0,0.0,0.003826898586390522
main,0.5,8,22024,0.9,cdf_empbernstein,1000,96,0,0.052151360044566296,0.9037297988931338,684.5523161139455,0.03889971645055483,0.8962070314884186,0.0030609122701088396,707.0543798979592,0.096,0.0792566195200465,0.11583551453775706,0.0,0.0,0.003826898586390522
main,0.5,8,22024,0.9,cdf_pacbayes,1000,12,0,0.05224489731093248,0.9027040700117747,688.7421258503401,0.04003553041894022,0.8954957045316696,0.001044044944761363,709.1955573469388,0.012,0.006877579092159561,0.020857473928157594,0.0,0.0,0.003826898586390522
main,0.5,8,22024,0.9,exc_betting,1000,1000,0,0.05208336699381471,0.9046982600092888,681.6781723469387,0.023806830579164447,0.9046982600092888,0.0055091819135569394,681.6781723469387,1.0,0.9961731014136095,1.0,0.0,0.0,0.003826898586390522
main,0.5,8,22024,0.9,exc_empbernstein,1000,1000,0,0.052082550667226314,0.9046991783976555,681.6684492857144,0.027901099615428797,0.9046991783976555,0.005509802568195346,681.6684492857144,1.0,0.9961731014136095,1.0,0.0,0.0,0.003826898586390522
main,0.5,8,22024,0.9,exceedance,1000,1000,0,0.052079897612333295,0.9046953008770943,681.6471505102041,0.030999023631602996,0.9046953008770943,0.0055074795931341295,681.6471505102041,1.0,0.9961731014136095,1.0,0.0,0.0,0.003826898586390522
main,0.5,8,22024,0.9,naive,1000,1000,0,0.05208357107266784,0.9047017293572426,681.6836019387755,0.026656904068954466,0.9047017293572426,0.005511268180503067,681.6836019387755,1.0,0.9961731014136095,1.0,0.0,0.0,0.003826898586390522
main,0.5,8,22024,0.9,norm_betting,1000,1000,0,0.05208040781319141,0.9047124437093734,681.620735612245,0.02219189134021685,0.9047124437093734,0.005503410274208033,681.620735612245,1.0,0.9961731014136095,1.0,0.0,0.0,0.003826898586390522
main,0.5,8,22024,0.9,split,1000,752,0,0.05208695139934091,0.9040118803052192,683.5608649044724,0.03636273081948056,0.9018781560659409,0.0062735168531815304,689.9798773469388,0.752,0.7243030327449996,0.7777682103674596,0.0,0.0,0.003826898586390522
main,0.5,8,22024,0.95,cdf_empbernstein,1000,8,0,0.022755101788789034,0.9049999862909317,682.4875510204082,0.019990628639658226,0.8954848881959915,0.0009888820782796308,709.2283281632654,0.008,0.004059147003819634,0.01570652120518864,0.0,0.0,0.003826898586390522
main,0.5,8,22024,0.95,cdf_pacbayes,1000,1,0,0.02540816366672516,0.8954081535339355,709.4439795918368,0.017594620700466468,0.8954081535339355,0.0,709.4439795918368,0.001,0.0001765418290572713,0.0056427029601604705,0.0,0.0,0.003826898586390522
main,0.5,8,22024,0.95,exc_betting,1000,1000,0,0.022531632497906684,0.9049609132409095,680.8283927551021,0.014940920228218506,0.9049609132409095,0.005356886606653051,680.8283927551021,1.0,0.9961731014136095,1.0,0.0,0.0,0.003826898586390522
main,0.5,8,22024,0.95,exc_empbernstein,1000,990,0,0.022323747498519494,0.9055733824619139,678.8156289424861,0.020291120765037994,0.9054717301726342,0.004989985839613274,679.1219124489795,0.99,0.981690334694608,0.9945593046907295,0.0,0.0,0.003826898586390522
main,0.5,8,22024,0.95,exceedance,1000,966,0,0.022242468220661886,0.9058243501507224,678.0201199983098,0.02147515527830092,0.9054701994657517,0.004989099540949009,679.0885312244898,0.966,0.952864531539886,0.9755687989775981,0.0,0.0,0.003826898586390522
main,0.5,8,22024,0.95,naive,1000,998,0,0.022444480628835296,0.9052365907805716,679.966128890434,0.018914911136005023,0.9052169339060784,0.005183155342379785,680.0250845918367,0.998,0.9927370411104123,0.9994513678975429,0.0,0.0,0.003826898586390522
main,0.5,8,22024,0.95,norm_betting,1000,1000,0,0.022574183525517582,0.9048267295956611,681.2518646938776,0.014384644214269321,0.9048267295956611,0.005441049640465237,681.2518646938776,1.0,0.9961731014136095,1.0,0.0,0.0,0.003826898586390522
main,0.5,8,22024,0.95,split,1000,349,0,0.021812174554626033,0.9066004903405307,674.3635100286533,0.022943233007778174,0.8993142790794373,0.005803463253649292,697.2008957142858,0.349,0.32008546510610214,0.3790702582669878,0.0,0.0,0.003826898586390522
main,0.5,8,46459,0.9,cdf_empbernstein,1000,485,0,0.052075110053278736,0.904093198555032,683.2047946560067,0.03733883752308504,0.8996204003691674,0.005936677614982957,696.7179748979592,0.485,0.45414030643565373,0.515974500521938,0.0,0.0,0.003826898586390522
main,0.5,8,46459,0.9,cdf_pacbayes,1000,128,0,0.05207589239580557,0.9044100707396865,682.598879942602,0.040778926315273134,0.8965603989362717,0.003649212358709497,706.0078068367347,0.128,0.10870719327761863,0.15014001927065596,0.0,0.0,0.003826898586390522
main,0.5,8,46459,0.9,exc_betting,1000,1000,0,0.05199999979138374,0.9053936694860458,679.1670372448979,0.016764647981214232,0.9053936694860458,0.005077920957517228,679.1670372448979,1.0,0.9961731014136095,1.0,0.0,0.0,0.003826898586390522
main,0.5,8,46459,0.9,exc_empbernstein,1000,1000,0,0.05199999979138374,0.9053936694860458,679.1670372448979,0.017852046187665636,0.9053936694860458,0.005077920957517228,679.1670372448979,1.0,0.9961731014136095,1.0,0.0,0.0,0.003826898586390522
main,0.5,8,46459,0.9,exceedance,1000,1000,0,0.05200010183081031,0.9053954041600227,679.1697520408163,0.020388417884373428,0.9053954041600227,0.005078815317650586,679.1697520408163,1.0,0.9961731014136095,1.0,0.0,0.0,0.003826898586390522
main,0.5,8,46459,0.9,naive,1000,1000,0,0.05199999979138374,0.9053936694860458,679.1670372448979,0.017672193372031363,0.9053936694860458,0.005077920957517228,679.1670372448979,1.0,0.9961731014136095,1.0,0.0,0.0,0.003826898586390522
main,0.5,8,46459,0.9,norm_betting,1000,1000,0,0.05200010183081031,0.9053954041600227,679.1697520408163,0.015641178840767316,0.9053954041600227,0.005078815317650586,679.1697520408163,1.0,0.9961731014136095,1.0,0.0,0.0,0.003826898586390522
main,0.5,8,46459,0.9,split,1000,1000,0,0.052057040501385925,0.9049105051159859,680.9533545918368,0.025979472802368144,0.9049105051159859,0.005402203896094163,680.9533545918368,1.0,0.9961731014136095,1.0,0.0,0.0,0.003826898586390522
main,0.5,8,46459,0.95,cdf_empbernstein,1000,66,0,0.02218460091248606,0.9059616534998922,677.7034925788497,0.021690875812072796,0.8961046845316887,0.002893249476639358,707.3491074489797,0.066,0.052212125206787474,0.08310962276619951,0.0,0.0,0.003826898586390522
main,0.5,8,46459,0.95,cdf_pacbayes,1000,4,0,0.021326530259102583,0.908596932888031,670.1120153061224,0.021022228440291224,0.895460908651352,0.000833445916136644,709.2866517346939,0.004,0.0015565629678934295,0.010239720429805971,0.0,0.0,0.003826898586390522
main,0.5,8,46459,0.95,exc_betting,1000,1000,0,0.02234469371661544,0.9053936694860458,679.1670372448979,0.011030611052266848,0.9053936694860458,0.005077920957517228,679.1670372448979,1.0,0.9961731014136095,1.0,0.0,0.0,0.003826898586390522
main,0.5,8,46459,0.95,exc_empbernstein,1000,1000,0,0.022344999838620424,0.9053954041600227,679.1697520408163,0.013049997152554752,0.9053954041600227,0.005078815317650586,679.1697520408163,1.0,0.9961731014136095,1.0,0.0,0.0,0.003826898586390522
main,0.5,8,46459,0.95,exceedance,1000,1000,0,0.02234469371661544,0.9053936694860458,679.1670372448979,0.014429499761439217,0.9053936694860458,0.005077920957517228,679.1670372448979,1.0,0.9961731014136095,1.0,0.0,0.0,0.003826898586390522
main,0.5,8,46459,0.95,naive,1000,1000,0,0.022344999838620424,0.9053954041600227,679.1697520408163,0.012391984474078596,0.9053954041600227,0.005078815317650586,679.1697520408163,1.0,0.9961731014136095,1.0,0.0,0.0,0.003826898586390522
main,0.5,8,46459,0.95,norm_betting,1000,1000,0,0.02234469371661544,0.9053936694860458,679.1670372448979,0.010570057743511963,0.9053936694860458,0.005077920957517228,679.1670372448979,1.0,0.9961731014136095,1.0,0.0,0.0,0.003826898586390522
main,0.5,8,46459,0.95,split,1000,931,0,0.022284793432413828,0.9056641926826903,678.5012870733686,0.018404468063636555,0.9049565259814263,0.005370553584859076,680.6363328571429,0.931,0.9135849276398866,0.945116285778645,0.0,0.0,0.003826898586390522
main,0.5,8,98000,0.9,cdf_empbernstein,1000,966,0,0.05201662626063478,0.9057849484571019,678.6878243968396,0.03280855474109913,0.9054321374297142,0.005158177749033789,679.7335336734694,0.966,0.952864531539886,0.9755687989775981,0.0,0.0,0.003826898586390522
main,0.5,8,98000,0.9,cdf_pacbayes,1000,690,0,0.05206817467899426,0.9047159069690152,681.7189648033127,0.03962235411433823,0.9018305034041405,0.006341758370650251,690.3137193877551,0.69,0.6606529259973887,0.7178928525397829,0.0,0.0,0.003826898586390522
main,0.5,8,98000,0.9,exc_betting,1000,1000,0,0.051989999804645776,0.9062980558872223,677.2571495918368,0.01143545000004452,0.9062980558872223,0.004420533671194504,677.2571495918368,1.0,0.9961731014136095,1.0,0.0,0.0,0.003826898586390522
main,0.5,8,98000,0.9,exc_empbernstein,1000,1000,0,0.05198877531662583,0.9062978518009186,677.2492149999999,0.01140350407772986,0.9062978518009186,0.0044204616152827255,677.2492149999999,1.0,0.9961731014136095,1.0,0.0,0.0,0.003826898586390522
main,0.5,8,98000,0.9,exceedance,1000,1000,0,0.051990101844072344,0.9062997905611991,677.2598643877552,0.013389114891524728,0.9062997905611991,0.004421205824918308,677.2598643877552,1.0,0.9961731014136095,1.0,0.0,0.0,0.003826898586390522
main,0.5,8,98000,0.9,naive,1000,1000,0,0.051989999804645776,0.9062980558872223,677.2571495918368,0.011583200632559331,0.9062980558872223,0.004420533671194504,677.2571495918368,1.0,0.9961731014136095,1.0,0.0,0.0,0.003826898586390522
main,0.5,8,98000,0.9,norm_betting,1000,1000,0,0.051990101844072344,0.9062997905611991,677.2598643877552,0.010749380864970034,0.9062997905611991,0.0044212058249183134,677.2598643877552,1.0,0.9961731014136095,1.0,0.0,0.0,0.003826898586390522
main,0.5,8,98000,0.9,split,1000,1000,0,0.05201438752189279,0.9055311180949212,679.0333322448979,0.01671378054832931,0.9055311180949212,0.0050053501469670735,679.0333322448979,1.0,0.9961731014136095,1.0,0.0,0.0,0.003826898586390522
main,0.5,8,98000,0.95,cdf_empbernstein,1000,276,0,0.022334368359567463,0.9054654648770457,679.1335381543922,0.022146275368615038,0.8981839714646339,0.005239434870027566,701.0782977551021,0.276,0.2491906205347866,0.3045238300319165,0.0,0.0,0.003826898586390522
main,0.5,8,98000,0.95,cdf_pacbayes,1000,42,0,0.021972788896943842,0.9065208903380803,675.6727113702624,0.02424334122960797,0.8958748884797096,0.002386049161722907,708.0255863265306,0.042,0.031220715828023885,0.05628472327710986,0.0,0.0,0.003826898586390522
main,0.5,8,98000,0.95,exc_betting,1000,1000,0,0.022168673219159246,0.9062993823885918,677.2439952040817,0.007466013118462282,0.9062993823885918,0.004421061884713138,677.2439952040817,1.0,0.9961731014136095,1.0,0.0,0.0,0.003826898586390522
main,0.5,8,98000,0.95,exc_empbernstein,1000,1000,0,0.022170918116346,0.9062997905611991,677.2598643877552,0.008045124734111059,0.9062997905611991,0.004421205824918306,677.2598643877552,1.0,0.9961731014136095,1.0,0.0,0.0,0.003826898586390522
main,0.5,8,98000,0.95,exceedance,1000,1000,0,0.02216948954574764,0.9062978518009186,677.2492149999999,0.009144056205170214,0.9062978518009186,0.004420461615282726,677.2492149999999,1.0,0.9961731014136095,1.0,0.0,0.0,0.003826898586390522
main,0.5,8,98000,0.95,naive,1000,1000,0,0.02217204056493938,0.9062999946475029,677.2677989795918,0.00792589956129461,0.9062999946475029,0.0044212777791184975,677.2677989795918,1.0,0.9961731014136095,1.0,0.0,0.0,0.003826898586390522
main,0.5,8,98000,0.95,norm_betting,1000,1000,0,0.022170611994341016,0.9062980558872223,677.2571495918368,0.007198942509298268,0.9062980558872223,0.004420533671194504,677.2571495918368,1.0,0.9961731014136095,1.0,0.0,0.0,0.003826898586390522
main,0.5,8,98000,0.95,split,1000,1000,0,0.022342346757650376,0.905520301759243,679.0661030612245,0.011896083282684752,0.905520301759243,0.005015844707071312,679.0661030612245,1.0,0.9961731014136095,1.0,0.0,0.0,0.003826898586390522
main,0.5,32,250,0.9,cdf_empbernstein,1000,0,0,,,,,0.8954081535339355,0.0,709.4439795918368,0.0,0.0,0.003826898586390522,0.0,0.0,0.003826898586390522
main,0.5,32,250,0.9,cdf_pacbayes,1000,0,0,,,,,0.8954081535339355,0.0,709.4439795918368,0.0,0.0,0.003826898586390522,0.0,0.0,0.003826898586390522
main,0.5,32,250,0.9,exc_betting,1000,0,0,,,,,0.8954081535339355,0.0,709.4439795918368,0.0,0.0,0.003826898586390522,0.0,0.0,0.003826898586390522
main,0.5,32,250,0.9,exc_empbernstein,1000,0,0,,,,,0.8954081535339355,0.0,709.4439795918368,0.0,0.0,0.003826898586390522,0.0,0.0,0.003826898586390522
main,0.5,32,250,0.9,exceedance,1000,0,0,,,,,0.8954081535339355,0.0,709.4439795918368,0.0,0.0,0.003826898586390522,0.0,0.0,0.003826898586390522
main,0.5,32,250,0.9,naive,1000,0,0,,,,,0.8954081535339355,0.0,709.4439795918368,0.0,0.0,0.003826898586390522,0.0,0.0,0.003826898586390522
main,0.5,32,250,0.9,norm_betting,1000,0,0,,,,,0.8954081535339355,0.0,709.4439795918368,0.0,0.0,0.003826898586390522,0.0,0.0,0.003826898586390522
main,0.5,32,250,0.9,split,1000,0,0,,,,,0.8954081535339355,0.0,709.4439795918368,0.0,0.0,0.003826898586390522,0.0,0.0,0.003826898586390522
main,0.5,32,250,0.95,cdf_empbernstein,1000,0,0,,,,,0.8954081535339355,0.0,709.4439795918368,0.0,0.0,0.003826898586390522,0.0,0.0,0.003826898586390522
main,0.5,32,250,0.95,cdf_pacbayes,1000,0,0,,,,,0.8954081535339355,0.0,709.4439795918368,0.0,0.0,0.003826898586390522,0.0,0.0,0.003826898586390522
main,0.5,32,250,0.95,exc_betting,1000,0,0,,,,,0.8954081535339355,0.0,709.4439795918368,0.0,0.0,0.003826898586390522,0.0,0.0,0.003826898586390522
main,0.5,32,250,0.95,exc_empbernstein,1000,0,0,,,,,0.8954081535339355,0.0,709.4439795918368,0.0,0.0,0.003826898586390522,0.0,0.0,0.003826898586390522
main,0.5,32,250,0.95,exceedance,1000,0,0,,,,,0.8954081535339355,0.0,709.4439795918368,0.0,0.0,0.003826898586390522,0.0,0.0,0.003826898586390522
main,0.5,32,250,0.95,naive,1000,0,0,,,,,0.8954081535339355,0.0,709.4439795918368,0.0,0.0,0.003826898586390522,0.0,0.0,0.003826898586390522
main,0.5,32,250,0.95,norm_betting,1000,0,0,,,,,0.8954081535339355,0.0,709.4439795918368,0.0,0.0,0.003826898586390522,0.0,0.0,0.003826898586390522
main,0.5,32,250,0.95,split,1000,0,0,,,,,0.8954081535339355,0.0,709.4439795918368,0.0,0.0,0.003826898586390522,0.0,0.0,0.003826898586390522
main,0.5,32,527,0.9,cdf_empbernstein,1000,0,0,,,,,0.8954081535339355,0.0,709.4439795918368,0.0,0.0,0.003826898586390522,0.0,0.0,0.003826898586390522
main,0.5,32,527,0.9,cdf_pacbayes,1000,0,0,,,,,0.8954081535339355,0.0,709.4439795918368,0.0,0.0,0.003826898586390522,0.0,0.0,0.003826898586390522
main,0.5,32,527,0.9,exc_betting,1000,0,0,,,,,0.8954081535339355,0.0,709.4439795918368,0.0,0.0,0.003826898586390522,0.0,0.0,0.003826898586390522
main,0.5,32,527,0.9,exc_empbernstein,1000,0,0,,,,,0.8954081535339355,0.0,709.4439795918368,0.0,0.0,0.003826898586390522,0.0,0.0,0.003826898586390522
main,0.5,32,527,0.9,exceedance,1000,0,0,,,,,0.8954081535339355,0.0,709.4439795918368,0.0,0.0,0.003826898586390522,0.0,0.0,0.003826898586390522
main,0.5,32,527,0.9,naive,1000,0,0,,,,,0.8954081535339355,0.0,709.4439795918368,0.0,0.0,0.003826898586390522,0.0,0.0,0.003826898586390522
main,0.5,32,527,0.9,norm_betting,1000,0,0,,,,,0.8954081535339355,0.0,709.4439795918368,0.0,0.0,0.003826898586390522,0.0,0.0,0.003826898586390522
main,0.5,32,527,0.9,split,1000,0,0,,,,,0.8954081535339355,0.0,709.4439795918368,0.0,0.0,0.003826898586390522,0.0,0.0,0.003826898586390522
main,0.5,32,527,0.95,cdf_empbernstein,1000,0,0,,,,,0.8954081535339355,0.0,709.4439795918368,0.0,0.0,0.003826898586390522,0.0,0.0,0.003826898586390522
main,0.5,32,527,0.95,cdf_pacbayes,1000,0,0,,,,,0.8954081535339355,0.0,709.4439795918368,0.0,0.0,0.003826898586390522,0.0,0.0,0.003826898586390522
main,0.5,32,527,0.95,exc_betting,1000,0,0,,,,,0.8954081535339355,0.0,709.4439795918368,0.0,0.0,0.003826898586390522,0.0,0.0,0.003826898586390522
main,0.5,32,527,0.95,exc_empbernstein,1000,0,0,,,,,0.8954081535339355,0.0,709.4439795918368,0.0,0.0,0.003826898586390522,0.0,0.0,0.003826898586390522
main,0.5,32,527,0.95,exceedance,1000,0,0,,,,,0.8954081535339355,0.0,709.4439795918368,0.0,0.0,0.003826898586390522,0.0,0.0,0.003826898586390522
main,0.5,32,527,0.95,naive,1000,0,0,,,,,0.8954081535339355,0.0,709.4439795918368,0.0,0.0,0.003826898586390522,0.0,0.0,0.003826898586390522
main,0.5,32,527,0.95,norm_betting,1000,0,0,,,,,0.8954081535339355,0.0,709.4439795918368,0.0,0.0,0.003826898586390522,0.0,0.0,0.003826898586390522
main,0.5,32,527,0.95,split,1000,0,0,,,,,0.8954081535339355,0.0,709.4439795918368,0.0,0.0,0.003826898586390522,0.0,0.0,0.003826898586390522
main,0.5,32,1112,0.9,cdf_empbernstein,1000,0,0,,,,,0.8954081535339355,0.0,709.4439795918368,0.0,0.0,0.003826898586390522,0.0,0.0,0.003826898586390522
main,0.5,32,1112,0.9,cdf_pacbayes,1000,0,0,,,,,0.8954081535339355,0.0,709.4439795918368,0.0,0.0,0.003826898586390522,0.0,0.0,0.003826898586390522
main,0.5,32,1112,0.9,exc_betting,1000,0,0,,,,,0.8954081535339355,0.0,709.4439795918368,0.0,0.0,0.003826898586390522,0.0,0.0,0.003826898586390522
main,0.5,32,1112,0.9,exc_empbernstein,1000,0,0,,,,,0.8954081535339355,0.0,709.4439795918368,0.0,0.0,0.003826898586390522,0.0,0.0,0.003826898586390522
main,0.5,32,1112,0.9,exceedance,1000,0,0,,,,,0.8954081535339355,0.0,709.4439795918368,0.0,0.0,0.003826898586390522,0.0,0.0,0.003826898586390522
main,0.5,32,1112,0.9,naive,1000,0,0,,,,,0.8954081535339355,0.0,709.4439795918368,0.0,0.0,0.003826898586390522,0.0,0.0,0.003826898586390522
main,0.5,32,1112,0.9,norm_betting,1000,0,0,,,,,0.8954081535339355,0.0,709.4439795918368,0.0,0.0,0.003826898586390522,0.0,0.0,0.003826898586390522
main,0.5,32,1112,0.9,split,1000,0,0,,,,,0.8954081535339355,0.0,709.4439795918368,0.0,0.0,0.003826898586390522,0.0,0.0,0.003826898586390522
main,0.5,32,1112,0.95,cdf_empbernstein,1000,0,0,,,,,0.8954081535339355,0.0,709.4439795918368,0.0,0.0,0.003826898586390522,0.0,0.0,0.003826898586390522
main,0.5,32,1112,0.95,cdf_pacbayes,1000,0,0,,,,,0.8954081535339355,0.0,709.4439795918368,0.0,0.0,0.003826898586390522,0.0,0.0,0.003826898586390522
main,0.5,32,1112,0.95,exc_betting,1000,0,0,,,,,0.8954081535339355,0.0,709.4439795918368,0.0,0.0,0.003826898586390522,0.0,0.0,0.003826898586390522
main,0.5,32,1112,0.95,exc_empbernstein,1000,0,0,,,,,0.8954081535339355,0.0,709.4439795918368,0.0,0.0,0.003826898586390522,0.0,0.0,0.003826898586390522
main,0.5,32,1112,0.95,exceedance,1000,0,0,,,,,0.8954081535339355,0.0,709.4439795918368,0.0,0.0,0.003826898586390522,0.0,0.0,0.003826898586390522
main,0.5,32,1112,0.95,naive,1000,0,0,,,,,0.8954081535339355,0.0,709.4439795918368,0.0,0.0,0.003826898586390522,0.0,0.0,0.003826898586390522
main,0.5,32,1112,0.95,norm_betting,1000,0,0,,,,,0.8954081535339355,0.0,709.4439795918368,0.0,0.0,0.003826898586390522,0.0,0.0,0.003826898586390522
main,0.5,32,1112,0.95,split,1000,0,0,,,,,0.8954081535339355,0.0,709.4439795918368,0.0,0.0,0.003826898586390522,0.0,0.0,0.003826898586390522
main,0.5,32,2347,0.9,cdf_empbernstein,1000,0,0,,,,,0.8954081535339355,0.0,709.4439795918368,0.0,0.0,0.003826898586390522,0.0,0.0,0.003826898586390522
main,0.5,32,2347,0.9,cdf_pacbayes,1000,0,0,,,,,0.8954081535339355,0.0,709.4439795918368,0.0,0.0,0.003826898586390522,0.0,0.0,0.003826898586390522
main,0.5,32,2347,0.9,exc_betting,1000,24,0,0.05192176811397076,0.905348631242911,679.4058843537415,0.04225994062723892,0.8956467249989509,0.0017163822329331428,708.7230653061224,0.024,0.016180052367186296,0.03546315508705749,0.0,0.0,0.003826898586390522
main,0.5,32,2347,0.9,exc_empbernstein,1000,1,0,0.0525510199368,0.9079591631889343,679.3879591836735,0.047072773358927275,0.8954207045435906,0.0003968977744456025,709.4139235714287,0.001,0.0001765418290572713,0.0056427029601604705,0.0,0.0,0.003826898586390522
main,0.5,32,2347,0.9,exceedance,1000,0,0,,,,,0.8954081535339355,0.0,709.4439795918368,0.0,0.0,0.003826898586390522,0.0,0.0,0.003826898586390522
main,0.5,32,2347,0.9,naive,1000,5,0,0.05197959095239639,0.9054693818092346,680.6677959183673,0.04235779699798753,0.895458459675312,0.0007946657029239203,709.3000986734694,0.005,0.0021375039957652504,0.011651125604761368,0.0,0.0,0.003826898586390522
main,0.5,32,2347,0.9,norm_betting,1000,20,0,0.05175510160624981,0.9058673411607743,675.9321071428571,0.044217353450719685,0.8956173372864723,0.0015925143631186954,708.7737421428571,0.02,0.012983581129037627,0.03069024151389728,0.0,0.0,0.003826898586390522
main,0.5,32,2347,0.9,split,1000,0,0,,,,,0.8954081535339355,0.0,709.4439795918368,0.0,0.0,0.003826898586390522,0.0,0.0,0.003826898586390522
main,0.5,32,2347,0.95,cdf_empbernstein,1000,0,0,,,,,0.8954081535339355,0.0,709.4439795918368,0.0,0.0,0.003826898586390522,0.0,0.0,0.003826898586390522
main,0.5,32,2347,0.95,cdf_pacbayes,1000,0,0,,,,,0.8954081535339355,0.0,709.4439795918368,0.0,0.0,0.003826898586390522,0.0,0.0,0.003826898586390522
main,0.5,32,2347,0.95,exc_betting,1000,0,0,,,,,0.8954081535339355,0.0,709.4439795918368,0.0,0.0,0.003826898586390522,0.0,0.0,0.003826898586390522
main,0.5,32,2347,0.95,exc_empbernstein,1000,0,0,,,,,0.8954081535339355,0.0,709.4439795918368,0.0,0.0,0.003826898586390522,0.0,0.0,0.003826898586390522
main,0.5,32,2347,0.95,exceedance,1000,0,0,,,,,0.8954081535339355,0.0,709.4439795918368,0.0,0.0,0.003826898586390522,0.0,0.0,0.003826898586390522
main,0.5,32,2347,0.95,naive,1000,0,0,,,,,0.8954081535339355,0.0,709.4439795918368,0.0,0.0,0.003826898586390522,0.0,0.0,0.003826898586390522
main,0.5,32,2347,0.95,norm_betting,1000,0,0,,,,,0.8954081535339355,0.0,709.4439795918368,0.0,0.0,0.003826898586390522,0.0,0.0,0.003826898586390522
main,0.5,32,2347,0.95,split,1000,0,0,,,,,0.8954081535339355,0.0,709.4439795918368,0.0,0.0,0.003826898586390522,0.0,0.0,0.003826898586390522
main,0.5,32,4950,0.9,cdf_empbernstein,1000,0,0,,,,,0.8954081535339355,0.0,709.4439795918368,0.0,0.0,0.003826898586390522,0.0,0.0,0.003826898586390522
main,0.5,32,4950,0.9,cdf_pacbayes,1000,0,0,,,,,0.8954081535339355,0.0,709.4439795918368,0.0,0.0,0.003826898586390522,0.0,0.0,0.003826898586390522
main,0.5,32,4950,0.9,exc_betting,1000,558,0,0.05220100895157852,0.9039823277235886,684.0753020993343,0.038920288593557485,0.900192542731762,0.006084405196837764,695.2882575510205,0.558,0.5270550806162058,0.588500999147773,0.0,0.0,0.003826898586390522
main,0.5,32,4950,0.9,exc_empbernstein,1000,5,0,0.05253061205148697,0.9053673505783081,682.4575918367348,0.04077429292301969,0.8954579495191574,0.0007869291054770924,709.3090476530613,0.005,0.0021375039957652504,0.011651125604761368,0.0,0.0,0.003826898586390522
main,0.5,32,4950,0.9,exceedance,1000,5,0,0.05253061205148697,0.9053673505783081,682.4575918367348,0.041390926877348855,0.8954579495191574,0.0007869291054770924,709.3090476530613,0.005,0.0021375039957652504,0.011651125604761368,0.0,0.0,0.003826898586390522
main,0.5,32,4950,0.9,naive,1000,214,0,0.05201363678429728,0.9047405995498193,681.1155998474155,0.04103708479784561,0.8974052969813346,0.004582619759468404,703.3817063265307,0.214,0.18969965956953844,0.24048932642187698,0.0,0.0,0.003826898586390522
main,0.5,32,4950,0.9,norm_betting,1000,585,0,0.05225100247269003,0.9039419076381585,684.4265736961452,0.03974658285922182,0.900400399684906,0.006126233708016872,694.8087971428571,0.585,0.554192241352641,0.6151571858876725,0.0,0.0,0.003826898586390522
main,0.5,32,4950,0.9,split,1000,2,0,0.05209183506667614,0.9014796018600464,691.6111734693877,0.03938763287229008,0.8954202964305877,0.00038399210813053474,709.4083139795919,0.002,0.000548632102457155,0.007262958889587807,0.0,0.0,0.003826898586390522
main,0.5,32,4950,0.95,cdf_empbernstein,1000,0,0,,,,,0.8954081535339355,0.0,709.4439795918368,0.0,0.0,0.003826898586390522,0.0,0.0,0.003826898586390522
main,0.5,32,4950,0.95,cdf_pacbayes,1000,0,0,,,,,0.8954081535339355,0.0,709.4439795918368,0.0,0.0,0.003826898586390522,0.0,0.0,0.003826898586390522
main,0.5,32,4950,0.95,exc_betting,1000,118,0,0.02212037344984079,0.9059218203617354,676.8602014873746,0.02567751336166738,0.896648766219616,0.003748562756735541,705.5990937755103,0.118,0.0994512436719432,0.13947250684805915,0.0,0.0,0.003826898586390522
main,0.5,32,4950,0.95,exc_empbernstein,1000,2,0,0.021071428433060646,0.907908171415329,667.7260204081633,0.02615375222399658,0.8954331535696983,0.0005597862111529854,709.3605436734695,0.002,0.000548632102457155,0.007262958889587807,0.0,0.0,0.003826898586390522
main,0.5,32,4950,0.95,exceedance,1000,0,0,,,,,0.8954081535339355,0.0,709.4439795918368,0.0,0.0,0.003826898586390522,0.0,0.0,0.003826898586390522
main,0.5,32,4950,0.95,naive,1000,15,0,0.021346938610076905,0.907972784837087,669.7363945578231,0.024055971479611048,0.8955966230034829,0.0015298315931004658,708.8483658163266,0.015,0.00911089683719635,0.02460119479160246,0.0,0.0,0.003826898586390522
main,0.5,32,4950,0.95,norm_betting,1000,100,0,0.02218877537176013,0.9059581553936005,677.3146561224489,0.024934045523679494,0.896463153719902,0.0034891837361939026,706.2310472448979,0.1,0.08290915646323203,0.12015236240588041,0.0,0.0,0.003826898586390522
main,0.5,32,4950,0.95,split,1000,0,0,,,,,0.8954081535339355,0.0,709.4439795918368,0.0,0.0,0.003826898586390522,0.0,0.0,0.003826898586390522
main,0.5,32,9800,0.9,cdf_empbernstein,1000,0,0,,,,,0.8954081535339355,0.0,709.4439795918368,0.0,0.0,0.003826898586390522,0.0,0.0,0.003826898586390522
main,0.5,32,9800,0.9,cdf_pacbayes,1000,0,0,,,,,0.8954081535339355,0.0,709.4439795918368,0.0,0.0,0.003826898586390522,0.0,0.0,0.003826898586390522
main,0.5,32,9800,0.9,exc_betting,1000,965,0,0.05231595601056524,0.9046248209291171,683.2366512636142,0.03564321283182182,0.9043022375702858,0.005717698343246464,684.1539077551021,0.965,0.9517130967996695,0.9747278875149873,0.0,0.0,0.003826898586390522
main,0.5,32,9800,0.9,exc_empbernstein,1000,470,0,0.052021058957944524,0.904052749212752,683.0382911419887,0.042630581724579876,0.8994711135029793,0.005879104603397277,697.0333060204082,0.47,0.43923935362476774,0.5009902602904157,0.0,0.0,0.003826898586390522
main,0.5,32,9800,0.9,exceedance,1000,470,0,0.052023012928189116,0.9040573084608038,683.0527909248806,0.04357333010818318,0.8994732563495635,0.0058822401408065925,697.0401209183674,0.47,0.43923935362476774,0.5009902602904157,0.0,0.0,0.003826898586390522
main,0.5,32,9800,0.9,naive,1000,903,0,0.05219664562035636,0.9045312601334496,682.8658763305987,0.03931504512008433,0.9036463187932968,0.005969819720497145,685.4439523469388,0.903,0.8830843992979197,0.9198311204414497,0.0,0.0,0.003826898586390522
main,0.5,32,9800,0.9,norm_betting,1000,973,0,0.052425907268155394,0.9046297933435391,683.7937422656627,0.034541538284462575,0.9043808090686798,0.0056852477484032595,684.4862986734694,0.973,0.9610010105865644,0.9813787433507103,0.0,0.0,0.003826898586390522
main,0.5,32,9800,0.9,split,1000,72,0,0.052130101455582514,0.9032128618823158,686.1074107142857,0.03995079387603878,0.8959700925350189,0.002592632038220394,707.763746632653,0.072,0.05756368435169555,0.08971214083825475,0.0,0.0,0.003826898586390522
main,0.5,32,9800,0.95,cdf_empbernstein,1000,0,0,,,,,0.8954081535339355,0.0,709.4439795918368,0.0,0.0,0.003826898586390522,0.0,0.0,0.003826898586390522
main,0.5,32,9800,0.95,cdf_pacbayes,1000,0,0,,,,,0.8954081535339355,0.0,709.4439795918368,0.0,0.0,0.003826898586390522,0.0,0.0,0.003826898586390522
main,0.5,32,9800,0.95,exc_betting,1000,798,0,0.02242289392282267,0.9056128775864317,679.1715665439109,0.021806260345431257,0.9035515233278274,0.005993930969200503,685.2865939795919,0.798,0.7719963323687683,0.8217228360737431,0.0,0.0,0.003826898586390522
main,0.5,32,9800,0.95,exc_empbernstein,1000,54,0,0.021972788980713597,0.9065589496382961,675.2201455026456,0.025429590927019102,0.896010296523571,0.002685488852014408,707.5958925510204,0.054,0.04162111458513981,0.06979247895392054,0.0,0.0,0.003826898586390522
main,0.5,32,9800,0.95,exceedance,1000,54,0,0.021970899327209702,0.9065608393262934,675.2213983371126,0.025733709195921245,0.8960103985667228,0.0026859335972437078,707.5959602040816,0.054,0.04162111458513981,0.06979247895392054,0.0,0.0,0.003826898586390522
main,0.5,32,9800,0.95,naive,1000,467,0,0.022174321477973487,0.906189960126448,676.8554457457501,0.023732686493216526,0.9004432572126388,0.0061409817928500315,694.2251342857143,0.467,0.4362625046284455,0.4979900706782564,0.0,0.0,0.003826898586390522
main,0.5,32,9800,0.95,norm_betting,1000,821,0,0.022439285055547046,0.905599684721079,679.261166074225,0.021827447596231456,0.9037754006385803,0.005917603329092746,684.6638896938775,0.821,0.7960248554543453,0.8435182756531919,0.0,0.0,0.003826898586390522
main,0.5,32,9800,0.95,split,1000,2,0,0.023316326551139355,0.9021428525447845,689.5544387755102,0.02033818298688568,0.8954216229319573,0.00042593976459931823,709.4042005102041,0.002,0.000548632102457155,0.007262958889587807,0.0,0.0,0.003826898586390522
main,0.5,32,10441,0.9,cdf_empbernstein,1000,3,0,0.05221088354786237,0.9037074645360311,685.1642857142857,0.04505209696874176,0.8954330514669419,0.0005564747223828995,709.3711405102041,0.003,0.0010207654054443255,0.008783171789427854,0.0,0.0,0.003826898586390522
main,0.5,32,10441,0.9,cdf_pacbayes,1000,0,0,,,,,0.8954081535339355,0.0,709.4439795918368,0.0,0.0,0.003826898586390522,0.0,0.0,0.003826898586390522
main,0.5,32,10441,0.9,exc_betting,1000,969,0,0.0523921143498091,0.9046485876766398,683.5595303384512,0.035294302619210176,0.904362134218216,0.005714266119249486,684.3619482653062,0.969,0.956334233864468,0.9780761352614977,0.0,0.0,0.003826898586390522
main,0.5,32,10441,0.9,exc_empbernstein,1000,590,0,0.05208094032891726,0.9042454077025591,682.8696553095815,0.042659333507652414,0.9006221334934235,0.0061888511992110795,693.7651282653061,0.59,0.5592278714615878,0.620083286792862,0.0,0.0,0.003826898586390522
main,0.5,32,10441,0.9,exceedance,1000,522,0,0.05201129820126455,0.9041967616912505,682.6484731018844,0.04231319057126554,0.899995806992054,0.00604810725404539,695.4567252040816,0.522,0.4910146833982431,0.5528169330639557,0.0,0.0,0.003826898586390522
main,0.5,32,10441,0.9,naive,1000,911,0,0.05229026142152028,0.9043315178607351,683.8862537243218,0.038192414952149464,0.9035373384356499,0.006035121509144609,686.1608913265306,0.911,0.891742264575647,0.9271120247863402,0.0,0.0,0.003826898586390522
main,0.5,32,10441,0.9,norm_betting,1000,970,0,0.05253303137790297,0.9044991498755426,684.8410166210814,0.03374444528026193,0.9042264199852943,0.005806271158594004,685.579105510204,0.97,0.95749631851849,0.978906396810303,0.0,0.0,0.003826898586390522
main,0.5,32,10441,0.9,split,1000,130,0,0.05207535249109452,0.9025941857924829,686.9065510204082,0.04123523524752627,0.8963423377275467,0.0032858108842157853,706.514113877551,0.13,0.11056344299877965,0.1522684619551494,0.0,0.0,0.003826898586390522
main,0.5,32,10441,0.95,cdf_empbernstein,1000,0,0,,,,,0.8954081535339355,0.0,709.4439795918368,0.0,0.0,0.003826898586390522,0.0,0.0,0.003826898586390522
main,0.5,32,10441,0.95,cdf_pacbayes,1000,0,0,,,,,0.8954081535339355,0.0,709.4439795918368,0.0,0.0,0.003826898586390522,0.0,0.0,0.003826898586390522
main,0.5,32,10441,0.95,exc_betting,1000,867,0,0.022509356612616757,0.9054999568058133,679.8668682767225,0.022112217642670337,0.9041577469706535,0.005788035219861864,683.8006240816327,0.867,0.8445418814116622,0.8866491750259272,0.0,0.0,0.003826898586390522
main,0.5,32,10441,0.95,exc_empbernstein,1000,90,0,0.021654194800390138,0.9070952322747973,672.4042925170069,0.02678240039114759,0.8964599906206131,0.0034787690179509966,706.1104077551021,0.09,0.07379587888497004,0.10934217795587022,0.0,0.0,0.003826898586390522
main,0.5,32,10441,0.95,exceedance,1000,90,0,0.021654194800390138,0.9070952322747973,672.4042925170069,0.02708502457644419,0.8964599906206131,0.0034787690179510027,706.1104077551021,0.09,0.07379587888497004,0.10934217795587022,0.0,0.0,0.003826898586390522
main,0.5,32,10441,0.95,naive,1000,591,0,0.02227200517925716,0.9057332716012364,677.9434419351497,0.024344714259528177,0.9015102983117104,0.006264680117155728,690.8271618367347,0.591,0.5602353853201139,0.621068119137163,0.0,0.0,0.003826898586390522
main,0.5,32,10441,0.95,norm_betting,1000,864,0,0.022577711585822894,0.9054382711786915,680.414954176115,0.021658215550410115,0.9040741751790047,0.005841258124065432,684.3629016326531,0.864,0.84135574270147,0.8838582751276378,0.0,0.0,0.003826898586390522
main,0.5,32,10441,0.95,split,1000,9,0,0.02197278891172674,0.9064399070209928,675.4436167800454,0.024586197062091957,0.8955074393153191,0.0011075553182546768,709.1379763265306,0.009,0.004742006589011481,0.017016007822824013,0.0,0.0,0.003826898586390522
main,0.5,32,22024,0.9,cdf_empbernstein,1000,36,0,0.05213151882506079,0.9044557727045484,682.5222335600906,0.04027946730073396,0.8957338678240776,0.001996242443302984,708.4747967346939,0.036,0.026115418024352906,0.0494359438638175,0.0,0.0,0.003826898586390522
main,0.5,32,22024,0.9,cdf_pacbayes,1000,4,0,0.05232142750173807,0.8984948843717575,699.9463265306123,0.038726224501786644,0.8954205004572868,0.0003904439988558785,709.4059889795918,0.004,0.0015565629678934295,0.010239720429805971,0.0,0.0,0.003826898586390522
main,0.5,32,22024,0.9,exc_betting,1000,1000,0,0.05356846931949258,0.9051372367739677,689.0354179591836,0.02735791543036864,0.9051372367739677,0.005386619935454806,689.0354179591836,1.0,0.9961731014136095,1.0,0.0,0.0,0.003826898586390522
main,0.5,32,22024,0.9,exc_empbernstein,1000,1000,0,0.05301785696297884,0.905094991505146,686.0536870408163,0.03243600186183148,0.905094991505146,0.005376727227044991,686.0536870408163,1.0,0.9961731014136095,1.0,0.0,0.0,0.003826898586390522
main,0.5,32,22024,0.9,exceedance,1000,999,0,0.052852137642609584,0.9051466690408098,685.0054220547078,0.033957814853082045,0.9051369305253029,0.005340027346307183,685.0298606122449,0.999,0.9943572970398398,0.9998234581709429,0.0,0.0,0.003826898586390522
main,0.5,32,22024,0.9,naive,1000,1000,0,0.05368806117027998,0.905180298268795,689.59276,0.027224993840220098,0.905180298268795,0.0053657274855577535,689.59276,1.0,0.9961731014136095,1.0,0.0,0.0,0.003826898586390522
main,0.5,32,22024,0.9,norm_betting,1000,1000,0,0.053858877517282966,0.9051769311428071,690.5478753061225,0.0256322353086321,0.9051769311428071,0.005379395409682744,690.5478753061225,1.0,0.9961731014136095,1.0,0.0,0.0,0.003826898586390522
main,0.5,32,22024,0.9,split,1000,738,0,0.052176870264335054,0.9044207928949578,682.9517876500194,0.03637747297739397,0.90205948138237,0.006265498015286711,689.8927419387755,0.738,0.709871862427285,0.7643065338455931,0.0,0.0,0.003826898586390522
main,0.5,32,22024,0.95,cdf_empbernstein,1000,1,0,0.02540816366672516,0.8954081535339355,709.4439795918368,0.012612178749374814,0.8954081535339355,0.0,709.4439795918368,0.001,0.0001765418290572713,0.0056427029601604705,0.0,0.0,0.003826898586390522
main,0.5,32,22024,0.95,cdf_pacbayes,1000,0,0,,,,,0.8954081535339355,0.0,709.4439795918368,0.0,0.0,0.003826898586390522,0.0,0.0,0.003826898586390522
main,0.5,32,22024,0.95,exc_betting,1000,1000,0,0.02306836735457182,0.9054641754627227,683.8128971428572,0.016773409495860935,0.9054641754627227,0.005099701258912998,683.8128971428572,1.0,0.9961731014136095,1.0,0.0,0.0,0.003826898586390522
main,0.5,32,22024,0.95,exc_empbernstein,1000,941,0,0.022345854298040414,0.906279351898765,678.0873742653279,0.022960158219037678,0.90563795119524,0.004930932875911889,679.9374139795918,0.941,0.9246387632925527,0.9539859121542508,0.0,0.0,0.003826898586390522
main,0.5,32,22024,0.95,exceedance,1000,915,0,0.02224668218179153,0.9063889743851834,677.2715564848891,0.023060832313265594,0.9054556046128273,0.005048051869918785,680.0062124489796,0.915,0.8960867310553456,0.9307369431179503,0.0,0.0,0.003826898586390522
main,0.5,32,22024,0.95,naive,1000,998,0,0.022940370522976997,0.9055817673105993,682.8189393071858,0.019083436253741183,0.905561420083046,0.0050219763335735265,682.8721893877552,0.998,0.9927370411104123,0.9994513678975429,0.0,0.0,0.003826898586390522
main,0.5,32,22024,0.95,norm_betting,1000,1000,0,0.023204795943573116,0.9053393794298172,684.8772030612246,0.016199779482932355,0.9053393794298172,0.005206147300065002,684.8772030612246,1.0,0.9961731014136095,1.0,0.0,0.0,0.003826898586390522
main,0.5,32,22024,0.95,split,1000,338,0,0.021808960105805002,0.9066628369353932,673.9086281850018,0.022952719294893304,0.8992122365236282,0.005753829275695459,697.4330308163265,0.338,0.30935093183582213,0.36788898330616854,0.0,0.0,0.003826898586390522
main,0.5,32,46459,0.9,cdf_empbernstein,1000,315,0,0.052591512340401846,0.9044755337730287,685.277071590541,0.039275417495557664,0.8982643783092499,0.005294382083315281,701.8314035714286,0.315,0.28696340678905985,0.34445254568790473,0.0,0.0,0.003826898586390522
main,0.5,32,46459,0.9,cdf_pacbayes,1000,77,0,0.052030214289953185,0.9059448629230648,678.6969255234561,0.041590990897962664,0.8962194801568985,0.0031068904380825,707.0764564285715,0.077,0.06204766009579463,0.09518989610829176,0.0,0.0,0.003826898586390522
main,0.5,32,46459,0.9,exc_betting,1000,1000,0,0.05482428585737944,0.9059871356487275,693.765331122449,0.019401133099626662,0.9059871356487275,0.0048536357886421275,693.765331122449,1.0,0.9961731014136095,1.0,0.0,0.0,0.003826898586390522
main,0.5,32,46459,0.9,exc_empbernstein,1000,1000,0,0.0547041838131845,0.9059677478671074,693.1234604081633,0.020806565311398066,0.9059677478671074,0.004861364608524676,693.1234604081633,1.0,0.9961731014136095,1.0,0.0,0.0,0.003826898586390522
main,0.5,32,46459,0.9,exceedance,1000,1000,0,0.05429755115509033,0.9059417273402214,690.8588558163266,0.02252939304179781,0.9059417273402214,0.0048654779785523095,690.8588558163266,1.0,0.9961731014136095,1.0,0.0,0.0,0.003826898586390522
main,0.5,32,46459,0.9,naive,1000,1000,0,0.05542775526642799,0.90600978910923,697.1508903061225,0.01826019580618956,0.90600978910923,0.004865074097200997,697.1508903061225,1.0,0.9961731014136095,1.0,0.0,0.0,0.003826898586390522
main,0.5,32,46459,0.9,norm_betting,1000,1000,0,0.0553504083044827,0.9059931564331055,696.7740858163265,0.018187881600360604,0.9059931564331055,0.0048741669053737205,696.7740858163265,1.0,0.9961731014136095,1.0,0.0,0.0,0.003826898586390522
main,0.5,32,46459,0.9,split,1000,980,0,0.053091628328726,0.9052506170102528,685.9005639316952,0.026090090509674934,0.9050537677407264,0.005414222114989433,686.371432244898,0.98,0.9693097584861028,0.9870164188709625,0.0,0.0,0.003826898586390522
main,0.5,32,46459,0.95,cdf_empbernstein,1000,28,0,0.021880466357937882,0.9071975180080959,674.0163265306122,0.022879450820878604,0.8957382557392121,0.002023197614821521,708.4520053061225,0.028,0.019442147463132154,0.040170444802420505,0.0,0.0,0.003826898586390522
main,0.5,32,46459,0.95,cdf_pacbayes,1000,4,0,0.021403060760349035,0.9084183573722839,670.4703826530613,0.025536254187603524,0.8954601943492889,0.000822165472939931,709.2880852040817,0.004,0.0015565629678934295,0.010239720429805971,0.0,0.0,0.003826898586390522
main,0.5,32,46459,0.95,exc_betting,1000,1000,0,0.023462142907083035,0.9058816246986389,686.141771122449,0.012637275677719063,0.9058816246986389,0.004869216297647725,686.141771122449,1.0,0.9961731014136095,1.0,0.0,0.0,0.003826898586390522
main,0.5,32,46459,0.95,exc_empbernstein,1000,1000,0,0.023219591869041323,0.9058529509902,684.4901105102041,0.015179065431417824,0.9058529509902,0.004871796683106572,684.4901105102041,1.0,0.9961731014136095,1.0,0.0,0.0,0.003826898586390522
main,0.5,32,46459,0.95,exceedance,1000,1000,0,0.02306295920908451,0.9058347875475884,683.4114925510205,0.015866510114785685,0.9058347875475884,0.004862826476236937,683.4114925510205,1.0,0.9961731014136095,1.0,0.0,0.0,0.003826898586390522
main,0.5,32,46459,0.95,naive,1000,1000,0,0.02353377556614578,0.9058706042766571,686.6549131632653,0.01262579894782324,0.9058706042766571,0.00488081126658658,686.6549131632653,1.0,0.9961731014136095,1.0,0.0,0.0,0.003826898586390522
main,0.5,32,46459,0.95,norm_betting,1000,1000,0,0.023528469445183872,0.9058848901391029,686.610392244898,0.012116738731927798,0.9058848901391029,0.004870868591836672,686.610392244898,1.0,0.9961731014136095,1.0,0.0,0.0,0.003826898586390522
main,0.5,32,46459,0.95,split,1000,909,0,0.022493096207841262,0.9058176658072226,679.4741850205428,0.018415542812078262,0.9048704001903534,0.00547074138599117,682.2014363265306,0.909,0.8895740291786208,0.9252955677777118,0.0,0.0,0.003826898586390522
main,0.5,32,98000,0.9,cdf_empbernstein,1000,904,0,0.053109648633352685,0.9058143989702242,684.6742022981759,0.03570085052705482,0.9048153994083404,0.0056124548534030195,687.0521009183674,0.904,0.884164485462243,0.9207433804799536,0.0,0.0,0.003826898586390522
main,0.5,32,98000,0.9,cdf_pacbayes,1000,554,0,0.05244161165739655,0.9049668372322937,683.0941344949532,0.04096718866527858,0.9007036643028259,0.006260831087336631,694.8461654081633,0.554,0.5230426057684469,0.5845440891842232,0.0,0.0,0.003826898586390522
main,0.5,32,98000,0.9,exc_betting,1000,1000,0,0.05734571466594934,0.9068875448703766,705.9945035714286,0.013865785800196673,0.9068875448703766,0.004115965581626007,705.9945035714286,1.0,0.9961731014136095,1.0,0.0,0.0,0.003826898586390522
main,0.5,32,98000,0.9,exc_empbernstein,1000,1000,0,0.05734091874584556,0.9068863203525543,705.9695714285715,0.013802813123307913,0.9068863203525543,0.004115557615160079,705.9695714285715,1.0,0.9961731014136095,1.0,0.0,0.0,0.003826898586390522
main,0.5,32,98000,0.9,exceedance,1000,1000,0,0.05713530649617314,0.9068692795038223,704.8367042857143,0.015341610413898242,0.9068692795038223,0.004129484990933379,704.8367042857143,1.0,0.9961731014136095,1.0,0.0,0.0,0.003826898586390522
main,0.5,32,98000,0.9,naive,1000,1000,0,0.057344490174204114,0.9068986673355103,705.9581895918368,0.012489272564273403,0.9068986673355103,0.0040996005756943,705.9581895918368,1.0,0.9961731014136095,1.0,0.0,0.0,0.003826898586390522
main,0.5,32,98000,0.9,norm_betting,1000,1000,0,0.05733949017524719,0.9068989733457565,705.9325919387755,0.012987826400610362,0.9068989733457565,0.004099546339359052,705.9325919387755,1.0,0.9961731014136095,1.0,0.0,0.0,0.003826898586390522
main,0.5,32,98000,0.9,split,1000,978,0,0.0551497226310532,0.9061101304485266,695.3478667417887,0.017020577962194316,0.9058746869564056,0.004968086909527788,695.6579812244897,0.978,0.9669140836251823,0.9854274013262284,0.0,0.0,0.003826898586390522
main,0.5,32,98000,0.95,cdf_empbernstein,1000,151,0,0.02255845379503752,0.9059744469377379,679.8374692526017,0.02294484950108632,0.8970036638379097,0.004208310422116124,704.9733965306123,0.151,0.13014576187205482,0.1745254133412458,0.0,0.0,0.003826898586390522
main,0.5,32,98000,0.95,cdf_pacbayes,1000,23,0,0.021854480809491615,0.9080479041389797,672.6637888198758,0.024745839578472567,0.8956988677978516,0.0018970421561267023,708.5980352040817,0.023,0.015374164302931469,0.0342766969484851,0.0,0.0,0.003826898586390522
main,0.5,32,98000,0.95,exc_betting,1000,1000,0,0.02396581638045609,0.9067227469682694,688.9757710204082,0.008776041620039365,0.9067227469682694,0.0041516534813007076,688.9757710204082,1.0,0.9961731014136095,1.0,0.0,0.0,0.003826898586390522
main,0.5,32,98000,0.95,exc_empbernstein,1000,1000,0,0.02394642862305045,0.9067226449847221,688.8321282653061,0.009521568730478805,0.9067226449847221,0.004151561560526597,688.8321282653061,1.0,0.9961731014136095,1.0,0.0,0.0,0.003826898586390522
main,0.5,32,98000,0.95,exceedance,1000,1000,0,0.023703163301572204,0.9067090734839439,687.1087163265307,0.010295683760033468,0.9067090734839439,0.004145954028464973,687.1087163265307,1.0,0.9961731014136095,1.0,0.0,0.0,0.003826898586390522
main,0.5,32,98000,0.95,naive,1000,1000,0,0.02423540824279189,0.9067587677240372,690.8624303061224,0.00826823780490346,0.9067587677240372,0.004125841926923016,690.8624303061224,1.0,0.9961731014136095,1.0,0.0,0.0,0.003826898586390522
main,0.5,32,98000,0.95,norm_betting,1000,1000,0,0.024070408226922156,0.9067382574081421,689.7142185714285,0.008463718957495321,0.9067382574081421,0.004137999631275294,689.7142185714285,1.0,0.9961731014136095,1.0,0.0,0.0,0.003826898586390522
main,0.5,32,98000,0.95,split,1000,989,0,0.023453395559449648,0.9060085351956505,685.960840882359,0.012076292619749343,0.9058919309973716,0.004873373149940543,686.2191554081634,0.989,0.9804104032716243,0.9938468899108859,0.0,0.0,0.003826898586390522
main,0.5,128,250,0.9,cdf_empbernstein,1000,0,0,,,,,0.8954081535339355,0.0,709.4439795918368,0.0,0.0,0.003826898586390522,0.0,0.0,0.003826898586390522
main,0.5,128,250,0.9,cdf_pacbayes,1000,0,0,,,,,0.8954081535339355,0.0,709.4439795918368,0.0,0.0,0.003826898586390522,0.0,0.0,0.003826898586390522
main,0.5,128,250,0.9,exc_betting,1000,0,0,,,,,0.8954081535339355,0.0,709.4439795918368,0.0,0.0,0.003826898586390522,0.0,0.0,0.003826898586390522
main,0.5,128,250,0.9,exc_empbernstein,1000,0,0,,,,,0.8954081535339355,0.0,709.4439795918368,0.0,0.0,0.003826898586390522,0.0,0.0,0.003826898586390522
main,0.5,128,250,0.9,exceedance,1000,0,0,,,,,0.8954081535339355,0.0,709.4439795918368,0.0,0.0,0.003826898586390522,0.0,0.0,0.003826898586390522
main,0.5,128,250,0.9,naive,1000,0,0,,,,,0.8954081535339355,0.0,709.4439795918368,0.0,0.0,0.003826898586390522,0.0,0.0,0.003826898586390522
main,0.5,128,250,0.9,norm_betting,1000,0,0,,,,,0.8954081535339355,0.0,709.4439795918368,0.0,0.0,0.003826898586390522,0.0,0.0,0.003826898586390522
main,0.5,128,250,0.9,split,1000,0,0,,,,,0.8954081535339355,0.0,709.4439795918368,0.0,0.0,0.003826898586390522,0.0,0.0,0.003826898586390522
main,0.5,128,250,0.95,cdf_empbernstein,1000,0,0,,,,,0.8954081535339355,0.0,709.4439795918368,0.0,0.0,0.003826898586390522,0.0,0.0,0.003826898586390522
main,0.5,128,250,0.95,cdf_pacbayes,1000,0,0,,,,,0.8954081535339355,0.0,709.4439795918368,0.0,0.0,0.003826898586390522,0.0,0.0,0.003826898586390522
main,0.5,128,250,0.95,exc_betting,1000,0,0,,,,,0.8954081535339355,0.0,709.4439795918368,0.0,0.0,0.003826898586390522,0.0,0.0,0.003826898586390522
main,0.5,128,250,0.95,exc_empbernstein,1000,0,0,,,,,0.8954081535339355,0.0,709.4439795918368,0.0,0.0,0.003826898586390522,0.0,0.0,0.003826898586390522
main,0.5,128,250,0.95,exceedance,1000,0,0,,,,,0.8954081535339355,0.0,709.4439795918368,0.0,0.0,0.003826898586390522,0.0,0.0,0.003826898586390522
main,0.5,128,250,0.95,naive,1000,0,0,,,,,0.8954081535339355,0.0,709.4439795918368,0.0,0.0,0.003826898586390522,0.0,0.0,0.003826898586390522
main,0.5,128,250,0.95,norm_betting,1000,0,0,,,,,0.8954081535339355,0.0,709.4439795918368,0.0,0.0,0.003826898586390522,0.0,0.0,0.003826898586390522
main,0.5,128,250,0.95,split,1000,0,0,,,,,0.8954081535339355,0.0,709.4439795918368,0.0,0.0,0.003826898586390522,0.0,0.0,0.003826898586390522
main,0.5,128,527,0.9,cdf_empbernstein,1000,0,0,,,,,0.8954081535339355,0.0,709.4439795918368,0.0,0.0,0.003826898586390522,0.0,0.0,0.003826898586390522
main,0.5,128,527,0.9,cdf_pacbayes,1000,0,0,,,,,0.8954081535339355,0.0,709.4439795918368,0.0,0.0,0.003826898586390522,0.0,0.0,0.003826898586390522
main,0.5,128,527,0.9,exc_betting,1000,0,0,,,,,0.8954081535339355,0.0,709.4439795918368,0.0,0.0,0.003826898586390522,0.0,0.0,0.003826898586390522
main,0.5,128,527,0.9,exc_empbernstein,1000,0,0,,,,,0.8954081535339355,0.0,709.4439795918368,0.0,0.0,0.003826898586390522,0.0,0.0,0.003826898586390522
main,0.5,128,527,0.9,exceedance,1000,0,0,,,,,0.8954081535339355,0.0,709.4439795918368,0.0,0.0,0.003826898586390522,0.0,0.0,0.003826898586390522
main,0.5,128,527,0.9,naive,1000,0,0,,,,,0.8954081535339355,0.0,709.4439795918368,0.0,0.0,0.003826898586390522,0.0,0.0,0.003826898586390522
main,0.5,128,527,0.9,norm_betting,1000,0,0,,,,,0.8954081535339355,0.0,709.4439795918368,0.0,0.0,0.003826898586390522,0.0,0.0,0.003826898586390522
main,0.5,128,527,0.9,split,1000,0,0,,,,,0.8954081535339355,0.0,709.4439795918368,0.0,0.0,0.003826898586390522,0.0,0.0,0.003826898586390522
main,0.5,128,527,0.95,cdf_empbernstein,1000,0,0,,,,,0.8954081535339355,0.0,709.4439795918368,0.0,0.0,0.003826898586390522,0.0,0.0,0.003826898586390522
main,0.5,128,527,0.95,cdf_pacbayes,1000,0,0,,,,,0.8954081535339355,0.0,709.4439795918368,0.0,0.0,0.003826898586390522,0.0,0.0,0.003826898586390522
main,0.5,128,527,0.95,exc_betting,1000,0,0,,,,,0.8954081535339355,0.0,709.4439795918368,0.0,0.0,0.003826898586390522,0.0,0.0,0.003826898586390522
main,0.5,128,527,0.95,exc_empbernstein,1000,0,0,,,,,0.8954081535339355,0.0,709.4439795918368,0.0,0.0,0.003826898586390522,0.0,0.0,0.003826898586390522
main,0.5,128,527,0.95,exceedance,1000,0,0,,,,,0.8954081535339355,0.0,709.4439795918368,0.0,0.0,0.003826898586390522,0.0,0.0,0.003826898586390522
main,0.5,128,527,0.95,naive,1000,0,0,,,,,0.8954081535339355,0.0,709.4439795918368,0.0,0.0,0.003826898586390522,0.0,0.0,0.003826898586390522
main,0.5,128,527,0.95,norm_betting,1000,0,0,,,,,0.8954081535339355,0.0,709.4439795918368,0.0,0.0,0.003826898586390522,0.0,0.0,0.003826898586390522
main,0.5,128,527,0.95,split,1000,0,0,,,,,0.8954081535339355,0.0,709.4439795918368,0.0,0.0,0.003826898586390522,0.0,0.0,0.003826898586390522
main,0.5,128,1112,0.9,cdf_empbernstein,1000,0,0,,,,,0.8954081535339355,0.0,709.4439795918368,0.0,0.0,0.003826898586390522,0.0,0.0,0.003826898586390522
main,0.5,128,1112,0.9,cdf_pacbayes,1000,0,0,,,,,0.8954081535339355,0.0,709.4439795918368,0.0,0.0,0.003826898586390522,0.0,0.0,0.003826898586390522
main,0.5,128,1112,0.9,exc_betting,1000,0,0,,,,,0.8954081535339355,0.0,709.4439795918368,0.0,0.0,0.003826898586390522,0.0,0.0,0.003826898586390522
main,0.5,128,1112,0.9,exc_empbernstein,1000,0,0,,,,,0.8954081535339355,0.0,709.4439795918368,0.0,0.0,0.003826898586390522,0.0,0.0,0.003826898586390522
main,0.5,128,1112,0.9,exceedance,1000,0,0,,,,,0.8954081535339355,0.0,709.4439795918368,0.0,0.0,0.003826898586390522,0.0,0.0,0.003826898586390522
main,0.5,128,1112,0.9,naive,1000,0,0,,,,,0.8954081535339355,0.0,709.4439795918368,0.0,0.0,0.003826898586390522,0.0,0.0,0.003826898586390522
main,0.5,128,1112,0.9,norm_betting,1000,0,0,,,,,0.8954081535339355,0.0,709.4439795918368,0.0,0.0,0.003826898586390522,0.0,0.0,0.003826898586390522
main,0.5,128,1112,0.9,split,1000,0,0,,,,,0.8954081535339355,0.0,709.4439795918368,0.0,0.0,0.003826898586390522,0.0,0.0,0.003826898586390522
main,0.5,128,1112,0.95,cdf_empbernstein,1000,0,0,,,,,0.8954081535339355,0.0,709.4439795918368,0.0,0.0,0.003826898586390522,0.0,0.0,0.003826898586390522
main,0.5,128,1112,0.95,cdf_pacbayes,1000,0,0,,,,,0.8954081535339355,0.0,709.4439795918368,0.0,0.0,0.003826898586390522,0.0,0.0,0.003826898586390522
main,0.5,128,1112,0.95,exc_betting,1000,0,0,,,,,0.8954081535339355,0.0,709.4439795918368,0.0,0.0,0.003826898586390522,0.0,0.0,0.003826898586390522
main,0.5,128,1112,0.95,exc_empbernstein,1000,0,0,,,,,0.8954081535339355,0.0,709.4439795918368,0.0,0.0,0.003826898586390522,0.0,0.0,0.003826898586390522
main,0.5,128,1112,0.95,exceedance,1000,0,0,,,,,0.8954081535339355,0.0,709.4439795918368,0.0,0.0,0.003826898586390522,0.0,0.0,0.003826898586390522
main,0.5,128,1112,0.95,naive,1000,0,0,,,,,0.8954081535339355,0.0,709.4439795918368,0.0,0.0,0.003826898586390522,0.0,0.0,0.003826898586390522
main,0.5,128,1112,0.95,norm_betting,1000,0,0,,,,,0.8954081535339355,0.0,709.4439795918368,0.0,0.0,0.003826898586390522,0.0,0.0,0.003826898586390522
main,0.5,128,1112,0.95,split,1000,0,0,,,,,0.8954081535339355,0.0,709.4439795918368,0.0,0.0,0.003826898586390522,0.0,0.0,0.003826898586390522
main,0.5,128,2347,0.9,cdf_empbernstein,1000,0,0,,,,,0.8954081535339355,0.0,709.4439795918368,0.0,0.0,0.003826898586390522,0.0,0.0,0.003826898586390522
main,0.5,128,2347,0.9,cdf_pacbayes,1000,0,0,,,,,0.8954081535339355,0.0,709.4439795918368,0.0,0.0,0.003826898586390522,0.0,0.0,0.003826898586390522
main,0.5,128,2347,0.9,exc_betting,1000,2,0,0.05225394852459431,0.8998774886131287,689.9389438769878,0.0451008758594626,0.8954170922040939,0.0002826655695347843,709.404969520407,0.002,0.000548632102457155,0.007262958889587807,0.0,0.0,0.003826898586390522
main,0.5,128,2347,0.9,exc_empbernstein,1000,0,0,,,,,0.8954081535339355,0.0,709.4439795918368,0.0,0.0,0.003826898586390522,0.0,0.0,0.003826898586390522
main,0.5,128,2347,0.9,exceedance,1000,0,0,,,,,0.8954081535339355,0.0,709.4439795918368,0.0,0.0,0.003826898586390522,0.0,0.0,0.003826898586390522
main,0.5,128,2347,0.9,naive,1000,5,0,0.05184035450220108,0.9047469139099121,678.8769857140604,0.04291736503493045,0.8954548473358155,0.0007444048642995985,709.2911446224479,0.005,0.0021375039957652504,0.011651125604761368,0.0,0.0,0.003826898586390522
main,0.5,128,2347,0.9,norm_betting,1000,0,0,,,,,0.8954081535339355,0.0,709.4439795918368,0.0,0.0,0.003826898586390522,0.0,0.0,0.003826898586390522
main,0.5,128,2347,0.9,split,1000,0,0,,,,,0.8954081535339355,0.0,709.4439795918368,0.0,0.0,0.003826898586390522,0.0,0.0,0.003826898586390522
main,0.5,128,2347,0.95,cdf_empbernstein,1000,0,0,,,,,0.8954081535339355,0.0,709.4439795918368,0.0,0.0,0.003826898586390522,0.0,0.0,0.003826898586390522
main,0.5,128,2347,0.95,cdf_pacbayes,1000,0,0,,,,,0.8954081535339355,0.0,709.4439795918368,0.0,0.0,0.003826898586390522,0.0,0.0,0.003826898586390522
main,0.5,128,2347,0.95,exc_betting,1000,0,0,,,,,0.8954081535339355,0.0,709.4439795918368,0.0,0.0,0.003826898586390522,0.0,0.0,0.003826898586390522
main,0.5,128,2347,0.95,exc_empbernstein,1000,0,0,,,,,0.8954081535339355,0.0,709.4439795918368,0.0,0.0,0.003826898586390522,0.0,0.0,0.003826898586390522
main,0.5,128,2347,0.95,exceedance,1000,0,0,,,,,0.8954081535339355,0.0,709.4439795918368,0.0,0.0,0.003826898586390522,0.0,0.0,0.003826898586390522
main,0.5,128,2347,0.95,naive,1000,0,0,,,,,0.8954081535339355,0.0,709.4439795918368,0.0,0.0,0.003826898586390522,0.0,0.0,0.003826898586390522
main,0.5,128,2347,0.95,norm_betting,1000,0,0,,,,,0.8954081535339355,0.0,709.4439795918368,0.0,0.0,0.003826898586390522,0.0,0.0,0.003826898586390522
main,0.5,128,2347,0.95,split,1000,0,0,,,,,0.8954081535339355,0.0,709.4439795918368,0.0,0.0,0.003826898586390522,0.0,0.0,0.003826898586390522
main,0.5,128,4950,0.9,cdf_empbernstein,1000,0,0,,,,,0.8954081535339355,0.0,709.4439795918368,0.0,0.0,0.003826898586390522,0.0,0.0,0.003826898586390522
main,0.5,128,4950,0.9,cdf_pacbayes,1000,0,0,,,,,0.8954081535339355,0.0,709.4439795918368,0.0,0.0,0.003826898586390522,0.0,0.0,0.003826898586390522
main,0.5,128,4950,0.9,exc_betting,1000,384,0,0.05249850519855196,0.902303407744815,685.1539317686116,0.04241665763137318,0.8980559311509132,0.005247255113796223,700.1166012277183,0.384,0.35435360677146754,0.4145342337005752,0.0,0.0,0.003826898586390522
main,0.5,128,4950,0.9,exc_empbernstein,1000,1,0,0.05265305936336517,0.8954081535339355,709.4439795918368,0.043991639280218556,0.8954081535339355,0.0,709.4439795918368,0.001,0.0001765418290572713,0.0056427029601604705,0.0,0.0,0.003826898586390522
main,0.5,128,4950,0.9,exceedance,1000,2,0,0.052040815353393555,0.9015816152095795,690.8353571428572,0.04427857112795895,0.8954205004572868,0.0003904439988558751,709.4067623469389,0.002,0.000548632102457155,0.007262958889587807,0.0,0.0,0.003826898586390522
main,0.5,128,4950,0.9,naive,1000,222,0,0.0520923016844569,0.9041643639405569,682.401507939777,0.042242014126676296,0.8973520322442055,0.0044187159051775424,703.4405508850796,0.222,0.19733260399021366,0.24879515162381952,0.0,0.0,0.003826898586390522
main,0.5,128,4950,0.9,norm_betting,1000,392,0,0.05226690185313322,0.9028163553804768,683.5851097300193,0.04291585018554346,0.8983121686577797,0.005365280272957902,699.3073026060043,0.392,0.36220968734103354,0.42261692275362694,0.0,0.0,0.003826898586390522
main,0.5,128,4950,0.9,split,1000,2,0,0.05209183506667614,0.9014796018600464,691.6111734693877,0.03938763287229008,0.8954202964305877,0.00038399210813053474,709.4083139795919,0.002,0.000548632102457155,0.007262958889587807,0.0,0.0,0.003826898586390522
main,0.5,128,4950,0.95,cdf_empbernstein,1000,0,0,,,,,0.8954081535339355,0.0,709.4439795918368,0.0,0.0,0.003826898586390522,0.0,0.0,0.003826898586390522
main,0.5,128,4950,0.95,cdf_pacbayes,1000,0,0,,,,,0.8954081535339355,0.0,709.4439795918368,0.0,0.0,0.003826898586390522,0.0,0.0,0.003826898586390522
main,0.5,128,4950,0.95,exc_betting,1000,15,0,0.021419842665394147,0.9077567458152771,670.4222462348149,0.02736686574922651,0.8955933824181557,0.0015036568211434476,708.8586535914814,0.015,0.00911089683719635,0.02460119479160246,0.0,0.0,0.003826898586390522
main,0.5,128,4950,0.95,exc_empbernstein,1000,0,0,,,,,0.8954081535339355,0.0,709.4439795918368,0.0,0.0,0.003826898586390522,0.0,0.0,0.003826898586390522
main,0.5,128,4950,0.95,exceedance,1000,0,0,,,,,0.8954081535339355,0.0,709.4439795918368,0.0,0.0,0.003826898586390522,0.0,0.0,0.003826898586390522
main,0.5,128,4950,0.95,naive,1000,18,0,0.02142274162421624,0.9077038400703006,670.5348412837691,0.02541531888537256,0.8956294758915901,0.0016375062026358813,708.7436151022915,0.018,0.011415645858738454,0.02827348437854201,0.0,0.0,0.003826898586390522
main,0.5,128,4950,0.95,norm_betting,1000,15,0,0.02136988105873267,0.9076984405517579,669.9860756243863,0.02679958143328139,0.8955925078392029,0.0014962885820203737,708.852111032325,0.015,0.00911089683719635,0.02460119479160246,0.0,0.0,0.003826898586390522
main,0.5,128,4950,0.95,split,1000,0,0,,,,,0.8954081535339355,0.0,709.4439795918368,0.0,0.0,0.003826898586390522,0.0,0.0,0.003826898586390522
main,0.5,128,9800,0.9,cdf_empbernstein,1000,0,0,,,,,0.8954081535339355,0.0,709.4439795918368,0.0,0.0,0.003826898586390522,0.0,0.0,0.003826898586390522
main,0.5,128,9800,0.9,cdf_pacbayes,1000,0,0,,,,,0.8954081535339355,0.0,709.4439795918368,0.0,0.0,0.003826898586390522,0.0,0.0,0.003826898586390522
main,0.5,128,9800,0.9,exc_betting,1000,978,0,0.05273387586061818,0.9039187436211085,684.8753486555323,0.03859246199143812,0.9037315106391907,0.006040853536872658,685.4158585361309,0.978,0.9669140836251823,0.9854274013262284,0.0,0.0,0.003826898586390522
main,0.5,128,9800,0.9,exc_empbernstein,1000,296,0,0.05218543312386484,0.9017533287405968,683.1918864378508,0.04558092019521752,0.8972863253951072,0.004740179885016177,701.673360018257,0.296,0.26853048540606317,0.32503088921718415,0.0,0.0,0.003826898586390522
main,0.5,128,9800,0.9,exceedance,1000,248,0,0.05197990349223537,0.9039282873272896,682.8052146175407,0.04417036226590452,0.8975211467146873,0.004592769167049213,702.8375658782114,0.248,0.2222317896325405,0.27569696725500037,0.0,0.0,0.003826898586390522
main,0.5,128,9800,0.9,naive,1000,904,0,0.052329740083191245,0.9042586378950989,683.7539765619407,0.039635296330919584,0.9034089913964272,0.005938884104757299,686.2202168528107,0.904,0.884164485462243,0.9207433804799536,0.0,0.0,0.003826898586390522
main,0.5,128,9800,0.9,norm_betting,1000,982,0,0.05265934550622573,0.9040541988769034,684.8251416688258,0.0374705440101269,0.9038985700607299,0.005961319594109309,685.26828075144,0.982,0.9717265156214581,0.9885843541412616,0.0,0.0,0.003826898586390522
main,0.5,128,9800,0.9,split,1000,73,0,0.05212637220751749,0.9030155637492873,685.665931113367,0.04048281978915738,0.8959634944796562,0.002536551909221107,707.7081820529085,0.073,0.058458786926264744,0.09080938446651277,0.0,0.0,0.003826898586390522
main,0.5,128,9800,0.95,cdf_empbernstein,1000,0,0,,,,,0.8954081535339355,0.0,709.4439795918368,0.0,0.0,0.003826898586390522,0.0,0.0,0.003826898586390522
main,0.5,128,9800,0.95,cdf_pacbayes,1000,0,0,,,,,0.8954081535339355,0.0,709.4439795918368,0.0,0.0,0.003826898586390522,0.0,0.0,0.003826898586390522
main,0.5,128,9800,0.95,exc_betting,1000,658,0,0.02245300692027735,0.9045450917493246,680.9886939383201,0.02387670090900474,0.9014202588796616,0.006297938202201147,690.7204016318228,0.658,0.6280430834689386,0.6867476165777622,0.0,0.0,0.003826898586390522
main,0.5,128,9800,0.95,exc_empbernstein,1000,9,0,0.02213417241970698,0.9057013856040107,676.9729775232918,0.02690944650999163,0.8955007926225662,0.0010422043196732826,709.1517405732199,0.009,0.004742006589011481,0.017016007822824013,0.0,0.0,0.003826898586390522
main,0.5,128,9800,0.95,exceedance,1000,24,0,0.021940080914646387,0.9063107271989187,675.0369259022558,0.027561129288582353,0.8956698153018952,0.0017889185614282088,708.6182103032868,0.024,0.016180052367186296,0.03546315508705749,0.0,0.0,0.003826898586390522
main,0.5,128,9800,0.95,naive,1000,478,0,0.022212952445553436,0.9056944496711428,677.8235213252226,0.024157650602188982,0.9003250030875206,0.006008177260041925,694.3294005403952,0.478,0.4471830669360443,0.5089853166017569,0.0,0.0,0.003826898586390522
main,0.5,128,9800,0.95,norm_betting,1000,673,0,0.02249901421523112,0.9046138639258772,681.0385880155355,0.02376208658836653,0.9016035966277123,0.0063101741145374,690.327151060986,0.673,0.6433098960832607,0.7013659970058482,0.0,0.0,0.003826898586390522
main,0.5,128,9800,0.95,split,1000,3,0,0.022604687760273617,0.9038868546485901,682.39929566508,0.02035725215849247,0.8954335896372795,0.0005694769775957122,709.3628455400565,0.003,0.0010207654054443255,0.008783171789427854,0.0,0.0,0.003826898586390522
main,0.5,128,10441,0.9,cdf_empbernstein,1000,1,0,0.05225375294685364,0.8918536901473999,678.441517351226,0.046915003896412344,0.895404599070549,0.00011240200161128105,709.4129771295961,0.001,0.0001765418290572713,0.0056427029601604705,0.0,0.0,0.003826898586390522
main,0.5,128,10441,0.9,cdf_pacbayes,1000,0,0,,,,,0.8954081535339355,0.0,709.4439795918368,0.0,0.0,0.003826898586390522,0.0,0.0,0.003826898586390522
main,0.5,128,10441,0.9,exc_betting,1000,978,0,0.05276234138277045,0.9040801988301346,685.303833764167,0.03805673982819375,0.9038894138336182,0.005844600307956626,685.8349169723757,0.978,0.9669140836251823,0.9854274013262284,0.0,0.0,0.003826898586390522
main,0.5,128,10441,0.9,exc_empbernstein,1000,380,0,0.05233065421251874,0.9017476381439912,683.3064863583522,0.044762040288591966,0.8978171576857567,0.005285718792660746,699.5117321631126,0.38,0.35042877333574113,0.41048968232499267,0.0,0.0,0.003826898586390522
main,0.5,128,10441,0.9,exceedance,1000,377,0,0.052066955695655046,0.9038174560278733,683.3240477838629,0.04458047755871901,0.8985784605741501,0.005394918518574805,699.5967653002306,0.377,0.3474865616414689,0.40745485541078325,0.0,0.0,0.003826898586390522
main,0.5,128,10441,0.9,naive,1000,915,0,0.052433691010937665,0.9041923670169434,684.5982751735017,0.0386733861381871,0.9034457088708877,0.005899453365820042,686.7101600490603,0.915,0.8960867310553456,0.9307369431179503,0.0,0.0,0.003826898586390522
main,0.5,128,10441,0.9,norm_betting,1000,988,0,0.05275665452847114,0.9040694066025468,685.670393358525,0.03676330651322478,0.9039654715657234,0.0058965309255785605,685.9556763933248,0.988,0.9791425260718425,0.9931224209078404,0.0,0.0,0.003826898586390522
main,0.5,128,10441,0.9,split,1000,126,0,0.05205687392680418,0.9023851809047517,686.8199935875421,0.04135890101612501,0.8962872589826584,0.003188423282274822,706.5933573552956,0.126,0.10685258457167218,0.14800993557094794,0.0,0.0,0.003826898586390522
main,0.5,128,10441,0.95,cdf_empbernstein,1000,0,0,,,,,0.8954081535339355,0.0,709.4439795918368,0.0,0.0,0.003826898586390522,0.0,0.0,0.003826898586390522
main,0.5,128,10441,0.95,cdf_pacbayes,1000,0,0,,,,,0.8954081535339355,0.0,709.4439795918368,0.0,0.0,0.003826898586390522,0.0,0.0,0.003826898586390522
main,0.5,128,10441,0.95,exc_betting,1000,764,0,0.02258161843037574,0.9046035877853164,682.1334818674345,0.023977309517756555,0.9024334653019905,0.006268284988180795,688.5787593303934,0.764,0.7367023285873138,0.789277068959072,0.0,0.0,0.003826898586390522
main,0.5,128,10441,0.95,exc_empbernstein,1000,11,0,0.021460625766353172,0.906980346549641,671.1304058286579,0.026544591157110754,0.8955354476571084,0.0012143911403439856,709.0225302804417,0.011,0.006153110089114165,0.01958959672837577,0.0,0.0,0.003826898586390522
main,0.5,128,10441,0.95,exceedance,1000,24,0,0.02135112090036273,0.9078266695141792,669.6720167163234,0.027168508009064906,0.8957061979174614,0.001903638920529318,708.4894524828244,0.024,0.016180052367186296,0.03546315508705749,0.0,0.0,0.003826898586390522
main,0.5,128,10441,0.95,naive,1000,595,0,0.022364397337581932,0.9053346289306128,679.2993154826539,0.0245735838194544,0.9013144063949585,0.006148631171790228,691.507904446873,0.595,0.5642667383571589,0.6250061509114269,0.0,0.0,0.003826898586390522
main,0.5,128,10441,0.95,norm_betting,1000,760,0,0.02256898540072143,0.9045695493880072,681.7200257127429,0.02370964357831751,0.9023708143830299,0.006300935087616935,688.3737746437254,0.76,0.7325660897012628,0.7854439230338143,0.0,0.0,0.003826898586390522
main,0.5,128,10441,0.95,split,1000,7,0,0.022280788315193995,0.9055918114525932,677.9801938773901,0.02443045272108443,0.8954794391393661,0.0009242023194626489,709.2237330918356,0.007,0.0033948250792319975,0.01437849692694906,0.0,0.0,0.003826898586390522
main,0.5,128,22024,0.9,cdf_empbernstein,1000,60,0,0.05223172617455323,0.896966486175855,680.3132369223607,0.0448319636628497,0.8955016534924507,0.0016693204088253956,707.6961350316683,0.06,0.046896260125365796,0.07647141063065788,0.0,0.0,0.003826898586390522
main,0.5,128,22024,0.9,cdf_pacbayes,1000,3,0,0.05221088354786237,0.8995237946510315,696.7804421768707,0.044371245810318184,0.8954205004572868,0.0003904439988558785,709.4059889795918,0.003,0.0010207654054443255,0.008783171789427854,0.0,0.0,0.003826898586390522
main,0.5,128,22024,0.9,exc_betting,1000,1000,0,0.05357993448898196,0.9051046928167343,689.3978142532625,0.029660420830779112,0.9051046928167343,0.005269882440516137,689.3978142532625,1.0,0.9961731014136095,1.0,0.0,0.0,0.003826898586390522
main,0.5,128,22024,0.9,exc_empbernstein,1000,1000,0,0.05288868548721075,0.9051403481960296,685.0673325201902,0.03598951231681166,0.9051403481960296,0.0052096972629333375,685.0673325201902,1.0,0.9961731014136095,1.0,0.0,0.0,0.003826898586390522
main,0.5,128,22024,0.9,exceedance,1000,997,0,0.052813550672207096,0.9051456709682881,684.7436121278961,0.03649836170356363,0.9051164584159851,0.005222361442375998,684.8177132302878,0.997,0.9912168282105721,0.9989792345945557,0.0,0.0,0.003826898586390522
main,0.5,128,22024,0.9,naive,1000,1000,0,0.053982084669172765,0.9051596477627755,691.408435749807,0.02734306377748421,0.9051596477627755,0.005280516786080748,691.408435749807,1.0,0.9961731014136095,1.0,0.0,0.0,0.003826898586390522
main,0.5,128,22024,0.9,norm_betting,1000,1000,0,0.053840259432792664,0.9050947203040123,690.8861191564698,0.027896965575112374,0.9050947203040123,0.005294132170919697,690.8861191564698,1.0,0.9961731014136095,1.0,0.0,0.0,0.003826898586390522
main,0.5,128,22024,0.9,split,1000,731,0,0.05229050374593683,0.9041919356005625,683.7212817889282,0.03651591471615863,0.9018290982246399,0.006202545784234278,690.6406874979106,0.731,0.7026696935780132,0.7575622792750745,0.0,0.0,0.003826898586390522
main,0.5,128,22024,0.95,cdf_empbernstein,1000,1,0,0.02540816366672516,0.8954081535339355,709.4439795918368,0.023436968277501746,0.8954081535339355,0.0,709.4439795918368,0.001,0.0001765418290572713,0.0056427029601604705,0.0,0.0,0.003826898586390522
main,0.5,128,22024,0.95,cdf_pacbayes,1000,0,0,,,,,0.8954081535339355,0.0,709.4439795918368,0.0,0.0,0.003826898586390522,0.0,0.0,0.003826898586390522
main,0.5,128,22024,0.95,exc_betting,1000,1000,0,0.023176284862682223,0.9054549999833107,685.9014212794852,0.01833306776715543,0.9054549999833107,0.004952002147903237,685.9014212794852,1.0,0.9961731014136095,1.0,0.0,0.0,0.003826898586390522
main,0.5,128,22024,0.95,exc_empbernstein,1000,857,0,0.02224288579150426,0.9051464257051118,678.8092645991678,0.025001976917820086,0.9037538527846336,0.005990089464298065,683.1900288431194,0.857,0.833934563145855,0.8773330312634622,0.0,0.0,0.003826898586390522
main,0.5,128,22024,0.95,exceedance,1000,826,0,0.022184116653105827,0.9062776616785775,677.4766406151742,0.02471194597583471,0.9043863672614098,0.005447513724115637,683.0389575971135,0.826,0.8012668269449458,0.8482380351767277,0.0,0.0,0.003826898586390522
main,0.5,128,22024,0.95,naive,1000,998,0,0.023040997973066534,0.9054486973132782,684.2452916793534,0.0192311874775067,0.9054286162257195,0.004981670002796506,684.2956890551783,0.998,0.9927370411104123,0.9994513678975429,0.0,0.0,0.003826898586390522
main,0.5,128,22024,0.95,norm_betting,1000,1000,0,0.023236286388710142,0.9053936329483986,686.3817122637582,0.017719458081329274,0.9053936329483986,0.0049837130601038055,686.3817122637582,1.0,0.9961731014136095,1.0,0.0,0.0,0.003826898586390522
main,0.5,128,22024,0.95,split,1000,340,0,0.021882969245095463,0.9061351486865212,674.9275658238595,0.02297295010006532,0.8990553318858147,0.005633905910397415,697.7083989107244,0.34,0.31130136795291313,0.369923239594732,0.0,0.0,0.003826898586390522
main,0.5,128,46459,0.9,cdf_empbernstein,1000,639,0,0.052627304210349425,0.8984858461762072,682.1286321981389,0.043858260352015226,0.8973747991323471,0.006024810351165152,691.9894726072638,0.639,0.6087515993621762,0.6681845228308074,0.0,0.0,0.003826898586390522
main,0.5,128,46459,0.9,cdf_pacbayes,1000,41,0,0.05198540393172241,0.9059055796483668,678.6706765004134,0.0425852548326709,0.8958385480046273,0.0022971920632807214,708.1822741650884,0.041,0.03036480400090244,0.055148288901404066,0.0,0.0,0.003826898586390522
main,0.5,128,46459,0.9,exc_betting,1000,1000,0,0.055410257164388896,0.9060355572104454,697.4989958548642,0.021200327997681807,0.9060355572104454,0.004719408476650737,697.4989958548642,1.0,0.9961731014136095,1.0,0.0,0.0,0.003826898586390522
main,0.5,128,46459,0.9,exc_empbernstein,1000,1000,0,0.054866360064595936,0.905990909576416,694.3848468205485,0.023079048456751596,0.905990909576416,0.004733565164807252,694.3848468205485,1.0,0.9961731014136095,1.0,0.0,0.0,0.003826898586390522
main,0.5,128,46459,0.9,exceedance,1000,1000,0,0.05420831698551774,0.9059377910494805,690.6027061838063,0.024183372215100255,0.9059377910494805,0.004747226958826619,690.6027061838063,1.0,0.9961731014136095,1.0,0.0,0.0,0.003826898586390522
main,0.5,128,46459,0.9,naive,1000,1000,0,0.05618854995444417,0.9060665367245674,701.8420331879596,0.01842726942962207,0.9060665367245674,0.004735394832896503,701.8420331879596,1.0,0.9961731014136095,1.0,0.0,0.0,0.003826898586390522
main,0.5,128,46459,0.9,norm_betting,1000,1000,0,0.0558303577452898,0.9060463721752167,699.8930766947885,0.019895261953623313,0.9060463721752167,0.0047248193953869375,699.8930766947885,1.0,0.9961731014136095,1.0,0.0,0.0,0.003826898586390522
main,0.5,128,46459,0.9,split,1000,976,0,0.05330592900377194,0.9052711724624282,687.1774296002507,0.026004914491211843,0.9050344600081444,0.005336072880727709,687.7118268000487,0.976,0.9645368449129426,0.9838199476328138,0.0,0.0,0.003826898586390522
main,0.5,128,46459,0.95,cdf_empbernstein,1000,43,0,0.022261837107497594,0.8975748447484748,679.777770667299,0.026221611915392382,0.8955013212561608,0.0015751642456654873,708.1683326080816,0.043,0.03207848108830104,0.057419304219659906,0.0,0.0,0.003826898586390522
main,0.5,128,46459,0.95,cdf_pacbayes,1000,1,0,0.02163265272974968,0.9077550768852234,671.4533673469388,0.027867482865661097,0.8954205004572868,0.0003904439988558885,709.4059889795918,0.001,0.0001765418290572713,0.0056427029601604705,0.0,0.0,0.003826898586390522
main,0.5,128,46459,0.95,exc_betting,1000,1000,0,0.023731430597603322,0.9059201585650444,690.0045406742179,0.013705291879819377,0.9059201585650444,0.004710938890417891,690.0045406742179,1.0,0.9961731014136095,1.0,0.0,0.0,0.003826898586390522
main,0.5,128,46459,0.95,exc_empbernstein,1000,1000,0,0.023211094634607434,0.9058932973742485,685.6803179046651,0.016943495349414806,0.9058932973742485,0.0046939009408949765,685.6803179046651,1.0,0.9961731014136095,1.0,0.0,0.0,0.003826898586390522
main,0.5,128,46459,0.95,exceedance,1000,1000,0,0.023092684019356966,0.9059123294949532,684.6054762120938,0.017182496982101267,0.9059123294949532,0.004668893921988388,684.6054762120938,1.0,0.9961731014136095,1.0,0.0,0.0,0.003826898586390522
main,0.5,128,46459,0.95,naive,1000,1000,0,0.023781626457348465,0.9059224668741226,689.6946471119843,0.012702384079302298,0.9059224668741226,0.004741534859926022,689.6946471119843,1.0,0.9961731014136095,1.0,0.0,0.0,0.003826898586390522
main,0.5,128,46459,0.95,norm_betting,1000,1000,0,0.023878105986863376,0.9059292697906494,691.1291986592641,0.01319407830208942,0.9059292697906494,0.004713639174918761,691.1291986592641,1.0,0.9961731014136095,1.0,0.0,0.0,0.003826898586390522
main,0.5,128,46459,0.95,split,1000,901,0,0.022579030504865732,0.9057255118059927,680.5795049149898,0.01834445717233713,0.904704093337059,0.00544950336318863,683.4370879079977,0.901,0.8809259831949872,0.9180048441387278,0.0,0.0,0.003826898586390522
main,0.5,128,98000,0.9,cdf_empbernstein,1000,998,0,0.05299017572391009,0.9052610639221443,683.5421364587538,0.03946754790741746,0.905241358101368,0.005213911984217216,683.5939401450202,0.998,0.9927370411104123,0.9994513678975429,0.0,0.0,0.003826898586390522
main,0.5,128,98000,0.9,cdf_pacbayes,1000,379,0,0.05241327655150268,0.9048490032042551,683.3233532805009,0.042164970332320154,0.8989862355589867,0.00570623367593829,699.5442622198404,0.379,0.3494479011548619,0.4094782083030447,0.0,0.0,0.003826898586390522
main,0.5,128,98000,0.9,exc_betting,1000,1000,0,0.05880216424167156,0.9070675693750382,714.7439870114139,0.015083512738672871,0.9070675693750382,0.0038230930609695355,714.7439870114139,1.0,0.9961731014136095,1.0,0.0,0.0,0.003826898586390522
main,0.5,128,98000,0.9,exc_empbernstein,1000,1000,0,0.05888777985796333,0.9070561817288398,715.2610545714273,0.01518226937913302,0.9070561817288398,0.00384135877057396,715.2610545714273,1.0,0.9961731014136095,1.0,0.0,0.0,0.003826898586390522
main,0.5,128,98000,0.9,exceedance,1000,1000,0,0.058020080421119925,0.9070223343968391,710.1328251313089,0.016512631837015054,0.9070223343968391,0.0038536066592740384,710.1328251313089,1.0,0.9961731014136095,1.0,0.0,0.0,0.003826898586390522
main,0.5,128,98000,0.9,naive,1000,1000,0,0.0590280724838376,0.9070721406340599,716.0350799436187,0.012649857425720073,0.9070721406340599,0.0038248474506355403,716.0350799436187,1.0,0.9961731014136095,1.0,0.0,0.0,0.003826898586390522
main,0.5,128,98000,0.9,norm_betting,1000,1000,0,0.05902623575553298,0.9070731611251831,716.0107422905575,0.014191488416100797,0.9070731611251831,0.0038251114498198775,716.0107422905575,1.0,0.9961731014136095,1.0,0.0,0.0,0.003826898586390522
main,0.5,128,98000,0.9,split,1000,957,0,0.05555337875334073,0.9061564862914967,697.8590674220895,0.01702016100215188,0.9056943079829216,0.005024921776430732,698.3572186453887,0.957,0.9425806957803401,0.9679215189116991,0.0,0.0,0.003826898586390522
main,0.5,128,98000,0.95,cdf_empbernstein,1000,367,0,0.022338968993491956,0.8977596665598067,680.4487820887001,0.025760160645209303,0.8962711588144302,0.0044478313345363805,698.8027421081856,0.367,0.3376880168364738,0.3973299381875061,0.0,0.0,0.003826898586390522
main,0.5,128,98000,0.95,cdf_pacbayes,1000,6,0,0.02195578223715226,0.908112237850825,673.0749659863945,0.022520814696748787,0.8954843780398369,0.000982169622356207,709.2257655102042,0.006,0.0027526315709082315,0.013028344232445605,0.0,0.0,0.003826898586390522
main,0.5,128,98000,0.95,exc_betting,1000,1000,0,0.024524922523647547,0.9068415260910988,695.7438489933304,0.009610594936367968,0.9068415260910988,0.0039047373722354175,695.7438489933304,1.0,0.9961731014136095,1.0,0.0,0.0,0.003826898586390522
main,0.5,128,98000,0.95,exc_empbernstein,1000,1000,0,0.024228263134136795,0.9068242107629776,692.8271181227875,0.010590950740576739,0.9068242107629776,0.003916518015637913,692.8271181227875,1.0,0.9961731014136095,1.0,0.0,0.0,0.003826898586390522
main,0.5,128,98000,0.95,exceedance,1000,1000,0,0.023862752625718714,0.9067466951012612,689.5883026502759,0.011143244878142082,0.9067466951012612,0.0039933312657086046,689.5883026502759,1.0,0.9961731014136095,1.0,0.0,0.0,0.003826898586390522
main,0.5,128,98000,0.95,naive,1000,1000,0,0.024882872067391874,0.9068880615234375,697.8862791895651,0.008371718220355494,0.9068880615234375,0.0038930138240093003,697.8862791895651,1.0,0.9961731014136095,1.0,0.0,0.0,0.003826898586390522
main,0.5,128,98000,0.95,norm_betting,1000,1000,0,0.02468275252357125,0.9068548029661179,696.8537476277667,0.009286876202175411,0.9068548029661179,0.003906263365265757,696.8537476277667,1.0,0.9961731014136095,1.0,0.0,0.0,0.003826898586390522
main,0.5,128,98000,0.95,split,1000,988,0,0.023707856963339605,0.9060547378985023,689.1078498580109,0.012143287099524162,0.9059269788861275,0.00473787823504369,689.3518834148168,0.988,0.9791425260718425,0.9931224209078404,0.0,0.0,0.003826898586390522
main,1.0,8,250,0.9,cdf_empbernstein,1000,0,0,,,,,0.8954081535339355,0.0,709.4439795918368,0.0,0.0,0.003826898586390522,0.0,0.0,0.003826898586390522
main,1.0,8,250,0.9,cdf_pacbayes,1000,0,0,,,,,0.8954081535339355,0.0,709.4439795918368,0.0,0.0,0.003826898586390522,0.0,0.0,0.003826898586390522
main,1.0,8,250,0.9,exc_betting,1000,0,0,,,,,0.8954081535339355,0.0,709.4439795918368,0.0,0.0,0.003826898586390522,0.0,0.0,0.003826898586390522
main,1.0,8,250,0.9,exc_empbernstein,1000,0,0,,,,,0.8954081535339355,0.0,709.4439795918368,0.0,0.0,0.003826898586390522,0.0,0.0,0.003826898586390522
main,1.0,8,250,0.9,exceedance,1000,0,0,,,,,0.8954081535339355,0.0,709.4439795918368,0.0,0.0,0.003826898586390522,0.0,0.0,0.003826898586390522
main,1.0,8,250,0.9,naive,1000,0,0,,,,,0.8954081535339355,0.0,709.4439795918368,0.0,0.0,0.003826898586390522,0.0,0.0,0.003826898586390522
main,1.0,8,250,0.9,norm_betting,1000,0,0,,,,,0.8954081535339355,0.0,709.4439795918368,0.0,0.0,0.003826898586390522,0.0,0.0,0.003826898586390522
main,1.0,8,250,0.9,split,1000,0,0,,,,,0.8954081535339355,0.0,709.4439795918368,0.0,0.0,0.003826898586390522,0.0,0.0,0.003826898586390522
main,1.0,8,250,0.95,cdf_empbernstein,1000,0,0,,,,,0.8954081535339355,0.0,709.4439795918368,0.0,0.0,0.003826898586390522,0.0,0.0,0.003826898586390522
main,1.0,8,250,0.95,cdf_pacbayes,1000,0,0,,,,,0.8954081535339355,0.0,709.4439795918368,0.0,0.0,0.003826898586390522,0.0,0.0,0.003826898586390522
main,1.0,8,250,0.95,exc_betting,1000,0,0,,,,,0.8954081535339355,0.0,709.4439795918368,0.0,0.0,0.003826898586390522,0.0,0.0,0.003826898586390522
main,1.0,8,250,0.95,exc_empbernstein,1000,0,0,,,,,0.8954081535339355,0.0,709.4439795918368,0.0,0.0,0.003826898586390522,0.0,0.0,0.003826898586390522
main,1.0,8,250,0.95,exceedance,1000,0,0,,,,,0.8954081535339355,0.0,709.4439795918368,0.0,0.0,0.003826898586390522,0.0,0.0,0.003826898586390522
main,1.0,8,250,0.95,naive,1000,0,0,,,,,0.8954081535339355,0.0,709.4439795918368,0.0,0.0,0.003826898586390522,0.0,0.0,0.003826898586390522
main,1.0,8,250,0.95,norm_betting,1000,0,0,,,,,0.8954081535339355,0.0,709.4439795918368,0.0,0.0,0.003826898586390522,0.0,0.0,0.003826898586390522
main,1.0,8,250,0.95,split,1000,0,0,,,,,0.8954081535339355,0.0,709.4439795918368,0.0,0.0,0.003826898586390522,0.0,0.0,0.003826898586390522
main,1.0,8,527,0.9,cdf_empbernstein,1000,0,0,,,,,0.8954081535339355,0.0,709.4439795918368,0.0,0.0,0.003826898586390522,0.0,0.0,0.003826898586390522
main,1.0,8,527,0.9,cdf_pacbayes,1000,0,0,,,,,0.8954081535339355,0.0,709.4439795918368,0.0,0.0,0.003826898586390522,0.0,0.0,0.003826898586390522
main,1.0,8,527,0.9,exc_betting,1000,0,0,,,,,0.8954081535339355,0.0,709.4439795918368,0.0,0.0,0.003826898586390522,0.0,0.0,0.003826898586390522
main,1.0,8,527,0.9,exc_empbernstein,1000,0,0,,,,,0.8954081535339355,0.0,709.4439795918368,0.0,0.0,0.003826898586390522,0.0,0.0,0.003826898586390522
main,1.0,8,527,0.9,exceedance,1000,0,0,,,,,0.8954081535339355,0.0,709.4439795918368,0.0,0.0,0.003826898586390522,0.0,0.0,0.003826898586390522
main,1.0,8,527,0.9,naive,1000,0,0,,,,,0.8954081535339355,0.0,709.4439795918368,0.0,0.0,0.003826898586390522,0.0,0.0,0.003826898586390522
main,1.0,8,527,0.9,norm_betting,1000,0,0,,,,,0.8954081535339355,0.0,709.4439795918368,0.0,0.0,0.003826898586390522,0.0,0.0,0.003826898586390522
main,1.0,8,527,0.9,split,1000,0,0,,,,,0.8954081535339355,0.0,709.4439795918368,0.0,0.0,0.003826898586390522,0.0,0.0,0.003826898586390522
main,1.0,8,527,0.95,cdf_empbernstein,1000,0,0,,,,,0.8954081535339355,0.0,709.4439795918368,0.0,0.0,0.003826898586390522,0.0,0.0,0.003826898586390522
main,1.0,8,527,0.95,cdf_pacbayes,1000,0,0,,,,,0.8954081535339355,0.0,709.4439795918368,0.0,0.0,0.003826898586390522,0.0,0.0,0.003826898586390522
main,1.0,8,527,0.95,exc_betting,1000,0,0,,,,,0.8954081535339355,0.0,709.4439795918368,0.0,0.0,0.003826898586390522,0.0,0.0,0.003826898586390522
main,1.0,8,527,0.95,exc_empbernstein,1000,0,0,,,,,0.8954081535339355,0.0,709.4439795918368,0.0,0.0,0.003826898586390522,0.0,0.0,0.003826898586390522
main,1.0,8,527,0.95,exceedance,1000,0,0,,,,,0.8954081535339355,0.0,709.4439795918368,0.0,0.0,0.003826898586390522,0.0,0.0,0.003826898586390522
main,1.0,8,527,0.95,naive,1000,0,0,,,,,0.8954081535339355,0.0,709.4439795918368,0.0,0.0,0.003826898586390522,0.0,0.0,0.003826898586390522
main,1.0,8,527,0.95,norm_betting,1000,0,0,,,,,0.8954081535339355,0.0,709.4439795918368,0.0,0.0,0.003826898586390522,0.0,0.0,0.003826898586390522
main,1.0,8,527,0.95,split,1000,0,0,,,,,0.8954081535339355,0.0,709.4439795918368,0.0,0.0,0.003826898586390522,0.0,0.0,0.003826898586390522
main,1.0,8,1112,0.9,cdf_empbernstein,1000,0,0,,,,,0.8954081535339355,0.0,709.4439795918368,0.0,0.0,0.003826898586390522,0.0,0.0,0.003826898586390522
main,1.0,8,1112,0.9,cdf_pacbayes,1000,0,0,,,,,0.8954081535339355,0.0,709.4439795918368,0.0,0.0,0.003826898586390522,0.0,0.0,0.003826898586390522
main,1.0,8,1112,0.9,exc_betting,1000,139,0,0.05212156755997122,0.9036103298338197,684.8236888856262,0.03925605814367853,0.8965482560396194,0.0036103590688377238,706.0217591836736,0.139,0.11893604544071834,0.1618269753386557,0.0,0.0,0.003826898586390522
main,1.0,8,1112,0.9,exc_empbernstein,1000,3,0,0.05217687040567398,0.9037074645360311,686.761768707483,0.032625922735654025,0.8954330514669419,0.0005564747223828629,709.3759329591837,0.003,0.0010207654054443255,0.008783171789427854,0.0,0.0,0.003826898586390522
main,1.0,8,1112,0.9,exceedance,1000,0,0,,,,,0.8954081535339355,0.0,709.4439795918368,0.0,0.0,0.003826898586390522,0.0,0.0,0.003826898586390522
main,1.0,8,1112,0.9,naive,1000,3,0,0.05217687040567398,0.9037074645360311,686.761768707483,0.038381812181624175,0.8954330514669419,0.0005564747223828629,709.3759329591837,0.003,0.0010207654054443255,0.008783171789427854,0.0,0.0,0.003826898586390522
main,1.0,8,1112,0.9,norm_betting,1000,120,0,0.05211054381603996,0.9040416598320007,683.6887831632653,0.04026377358600212,0.8964441742897034,0.003449808623947196,706.3533560204082,0.12,0.101298942978377,0.1416094999472798,0.0,0.0,0.003826898586390522
main,1.0,8,1112,0.9,split,1000,0,0,,,,,0.8954081535339355,0.0,709.4439795918368,0.0,0.0,0.003826898586390522,0.0,0.0,0.003826898586390522
main,1.0,8,1112,0.95,cdf_empbernstein,1000,0,0,,,,,0.8954081535339355,0.0,709.4439795918368,0.0,0.0,0.003826898586390522,0.0,0.0,0.003826898586390522
main,1.0,8,1112,0.95,cdf_pacbayes,1000,0,0,,,,,0.8954081535339355,0.0,709.4439795918368,0.0,0.0,0.003826898586390522,0.0,0.0,0.003826898586390522
main,1.0,8,1112,0.95,exc_betting,1000,0,0,,,,,0.8954081535339355,0.0,709.4439795918368,0.0,0.0,0.003826898586390522,0.0,0.0,0.003826898586390522
main,1.0,8,1112,0.95,exc_empbernstein,1000,0,0,,,,,0.8954081535339355,0.0,709.4439795918368,0.0,0.0,0.003826898586390522,0.0,0.0,0.003826898586390522
main,1.0,8,1112,0.95,exceedance,1000,0,0,,,,,0.8954081535339355,0.0,709.4439795918368,0.0,0.0,0.003826898586390522,0.0,0.0,0.003826898586390522
main,1.0,8,1112,0.95,naive,1000,0,0,,,,,0.8954081535339355,0.0,709.4439795918368,0.0,0.0,0.003826898586390522,0.0,0.0,0.003826898586390522
main,1.0,8,1112,0.95,norm_betting,1000,0,0,,,,,0.8954081535339355,0.0,709.4439795918368,0.0,0.0,0.003826898586390522,0.0,0.0,0.003826898586390522
main,1.0,8,1112,0.95,split,1000,0,0,,,,,0.8954081535339355,0.0,709.4439795918368,0.0,0.0,0.003826898586390522,0.0,0.0,0.003826898586390522
main,1.0,8,2347,0.9,cdf_empbernstein,1000,3,0,0.05187074840068817,0.908197263876597,673.502074829932,0.03481837785010444,0.8954465208649636,0.0007002980850946046,709.336153877551,0.003,0.0010207654054443255,0.008783171789427854,0.0,0.0,0.003826898586390522
main,1.0,8,2347,0.9,cdf_pacbayes,1000,0,0,,,,,0.8954081535339355,0.0,709.4439795918368,0.0,0.0,0.003826898586390522,0.0,0.0,0.003826898586390522
main,1.0,8,2347,0.9,exc_betting,1000,785,0,0.05214493639624802,0.9030476999130977,686.2515598596127,0.037410708673219745,0.9014051974415779,0.006261475409049714,691.2379301020409,0.785,0.7584716775357235,0.809346990270034,0.0,0.0,0.003826898586390522
main,1.0,8,2347,0.9,exc_empbernstein,1000,68,0,0.05209033574689837,0.903424363802461,684.8248949579832,0.042600147172683706,0.8959532558321953,0.0025452869726460257,707.7698818367347,0.068,0.05399222846448211,0.08531421191415932,0.0,0.0,0.003826898586390522
main,1.0,8,2347,0.9,exceedance,1000,36,0,0.05216836680968603,0.9026360462109247,687.7056377551021,0.04315536134057781,0.8956683576703072,0.0017792701613254778,708.6613992857143,0.036,0.026115418024352906,0.0494359438638175,0.0,0.0,0.003826898586390522
main,1.0,8,2347,0.9,naive,1000,173,0,0.05206617874475573,0.9037159312667186,683.9307030789195,0.04058225686049113,0.896845399081707,0.003974872172930627,705.030182755102,0.173,0.15081885011185353,0.19768394156364588,0.0,0.0,0.003826898586390522
main,1.0,8,2347,0.9,norm_betting,1000,767,0,0.05215975248790316,0.9028708397021039,686.8571868930102,0.03644307642499857,0.9011320338249207,0.006245233260160542,692.1199095918367,0.767,0.7398066130145089,0.7921498231403588,0.0,0.0,0.003826898586390522
main,1.0,8,2347,0.9,split,1000,0,0,,,,,0.8954081535339355,0.0,709.4439795918368,0.0,0.0,0.003826898586390522,0.0,0.0,0.003826898586390522
main,1.0,8,2347,0.95,cdf_empbernstein,1000,0,0,,,,,0.8954081535339355,0.0,709.4439795918368,0.0,0.0,0.003826898586390522,0.0,0.0,0.003826898586390522
main,1.0,8,2347,0.95,cdf_pacbayes,1000,0,0,,,,,0.8954081535339355,0.0,709.4439795918368,0.0,0.0,0.003826898586390522,0.0,0.0,0.003826898586390522
main,1.0,8,2347,0.95,exc_betting,1000,307,0,0.022362228167464755,0.9050644787592685,679.4652110616233,0.023325328414457086,0.8983726453781128,0.00530214795446633,700.2404976530613,0.307,0.2791952556296626,0.33628192722468425,0.0,0.0,0.003826898586390522
main,1.0,8,2347,0.95,exc_empbernstein,1000,2,0,0.023316326551139355,0.9021428525447845,689.5544387755102,0.016843904983394074,0.8954216229319573,0.00042593976459931676,709.4042005102041,0.002,0.000548632102457155,0.007262958889587807,0.0,0.0,0.003826898586390522
main,1.0,8,2347,0.95,exceedance,1000,0,0,,,,,0.8954081535339355,0.0,709.4439795918368,0.0,0.0,0.003826898586390522,0.0,0.0,0.003826898586390522
main,1.0,8,2347,0.95,naive,1000,19,0,0.022234156629756877,0.905805578357295,677.7489957035447,0.02571970192349556,0.8956057046055794,0.0015514808183301181,708.8417748979592,0.019,0.012196787737404147,0.029484688702703543,0.0,0.0,0.003826898586390522
main,1.0,8,2347,0.95,norm_betting,1000,304,0,0.022383189999106292,0.9050688076960413,679.6578192132116,0.023481405783378928,0.8983449923992157,0.005296884894489555,700.3889868367347,0.304,0.2762847753794863,0.33321536886637887,0.0,0.0,0.003826898586390522
main,1.0,8,2347,0.95,split,1000,0,0,,,,,0.8954081535339355,0.0,709.4439795918368,0.0,0.0,0.003826898586390522,0.0,0.0,0.003826898586390522
main,1.0,8,4950,0.9,cdf_empbernstein,1000,15,0,0.052278911074002586,0.9044557770093282,683.4379319727891,0.037841835425625005,0.8955438678860664,0.0012886617090931095,709.0538888775511,0.015,0.00911089683719635,0.02460119479160246,0.0,0.0,0.003826898586390522
main,1.0,8,4950,0.9,cdf_pacbayes,1000,1,0,0.05265305936336517,0.8954081535339355,709.4439795918368,0.04510728356063898,0.8954081535339355,0.0,709.4439795918368,0.001,0.0001765418290572713,0.0056427029601604705,0.0,0.0,0.003826898586390522
main,1.0,8,4950,0.9,exc_betting,1000,994,0,0.052089783233745954,0.9043615723639666,682.5019785036751,0.033093881455184895,0.9043078518509865,0.005675107584717799,682.6636305102041,0.994,0.9869716557675544,0.9972473684290918,0.0,0.0,0.003826898586390522
main,1.0,8,4950,0.9,exc_empbernstein,1000,794,0,0.05205957915737137,0.9040213538056957,683.1128796329615,0.04030770503271322,0.9022470345497131,0.006219828680935263,688.5370862244898,0.794,0.7678307565977307,0.8179190270334717,0.0,0.0,0.003826898586390522
main,1.0,8,4950,0.9,exceedance,1000,670,0,0.052041882093050586,0.9040293884811117,682.9893374961925,0.04150149148038846,0.9011843809485436,0.006239661256041327,691.7193693877551,0.67,0.6402538859604785,0.6984449685201488,0.0,0.0,0.003826898586390522
main,1.0,8,4950,0.9,naive,1000,894,0,0.05207460131121162,0.9040818561110188,682.9466188421678,0.03838540191087296,0.9031624436378479,0.006043208890872648,685.7553390816327,0.894,0.8733891741189649,0.9115952297949595,0.0,0.0,0.003826898586390522
main,1.0,8,4950,0.9,norm_betting,1000,995,0,0.05209034935538493,0.904374930786727,682.421853245821,0.03127351832375764,0.9043300969004631,0.005647500921907279,682.556963877551,0.995,0.9883488743952387,0.9978624960042348,0.0,0.0,0.003826898586390522
main,1.0,8,4950,0.9,split,1000,71,0,0.0521098013809869,0.9040931228181006,683.4490902558207,0.03962056452553119,0.8960247863531112,0.0026916024245441997,707.5983424489796,0.071,0.05666945999361375,0.08861401899350932,0.0,0.0,0.003826898586390522
main,1.0,8,4950,0.95,cdf_empbernstein,1000,2,0,0.024081632494926453,0.9016836583614349,694.4159693877551,0.02316197188287278,0.8954207045435906,0.00039689777444559994,709.4139235714287,0.002,0.000548632102457155,0.007262958889587807,0.0,0.0,0.003826898586390522
main,1.0,8,4950,0.95,cdf_pacbayes,1000,0,0,,,,,0.8954081535339355,0.0,709.4439795918368,0.0,0.0,0.003826898586390522,0.0,0.0,0.003826898586390522
main,1.0,8,4950,0.95,exc_betting,1000,922,0,0.02237084408143208,0.905186812944888,679.4372593961663,0.01987667099090318,0.9044240775108338,0.00558320129828582,681.7777835714286,0.922,0.9037170163353195,0.937053081257767,0.0,0.0,0.003826898586390522
main,1.0,8,4950,0.95,exc_empbernstein,1000,208,0,0.02196870081556531,0.9060051999986172,675.8878007260597,0.024666373897755264,0.8976123391985893,0.004747901702087979,702.4642943877551,0.208,0.18398427572166207,0.23425063305279,0.0,0.0,0.003826898586390522
main,1.0,8,4950,0.95,exceedance,1000,121,0,0.02186456384245029,0.9064521838810818,674.8845134086692,0.025086298241244264,0.8967444812059402,0.0038696391247495204,705.2622841836735,0.121,0.1022234632314399,0.14267732589704413,0.0,0.0,0.003826898586390522
main,1.0,8,4950,0.95,naive,1000,414,0,0.02208049873403017,0.9057916774266008,676.8879924578526,0.023336559699352326,0.8997069324254989,0.005926774549818957,695.9658009183673,0.414,0.38385733584089365,0.4448008907159655,0.0,0.0,0.003826898586390522
main,1.0,8,4950,0.95,norm_betting,1000,937,0,0.022421862953914014,0.9050827615416291,679.8851379783505,0.01978593154174312,0.9044732612371444,0.005557535759679982,681.747345,0.937,0.9202047348625318,0.9504505557729631,0.0,0.0,0.003826898586390522
main,1.0,8,4950,0.95,split,1000,1,0,0.022755101323127747,0.9079591631889343,679.3879591836735,0.022984632646355377,0.8954207045435906,0.00039689777444560135,709.4139235714287,0.001,0.0001765418290572713,0.0056427029601604705,0.0,0.0,0.003826898586390522
main,1.0,8,9800,0.9,cdf_empbernstein,1000,84,0,0.05200315821206286,0.9047436778034482,680.9031681243926,0.037661913265087846,0.8961923375725747,0.0030299082195883024,707.0465514285714,0.084,0.068358553811171,0.10282542581270594,0.0,0.0,0.003826898586390522
main,1.0,8,9800,0.9,cdf_pacbayes,1000,8,0,0.05220663221552968,0.9030229523777962,686.5576785714286,0.04151971405489452,0.8954690719246864,0.000860196830983389,709.2608891836735,0.008,0.004059147003819634,0.01570652120518864,0.0,0.0,0.003826898586390522
main,1.0,8,9800,0.9,exc_betting,1000,1000,0,0.05209142817556858,0.9043946882486343,682.5560953061224,0.025983109252323153,0.9043946882486343,0.0056753915960591934,682.5560953061224,1.0,0.9961731014136095,1.0,0.0,0.0,0.003826898586390522
main,1.0,8,9800,0.9,exc_empbernstein,1000,1000,0,0.05208683634921908,0.9044329534173012,682.45113,0.03061589279381253,0.9044329534173012,0.005657515842881134,682.45113,1.0,0.9961731014136095,1.0,0.0,0.0,0.003826898586390522
main,1.0,8,9800,0.9,exceedance,1000,999,0,0.052072378134614114,0.9045132828785015,682.1883762333763,0.033545357582312044,0.9045041777491569,0.005632031473162473,682.2156318367347,0.999,0.9943572970398398,0.9998234581709429,0.0,0.0,0.003826898586390522
main,1.0,8,9800,0.9,naive,1000,1000,0,0.052090509809553626,0.904422443330288,682.488975,0.029088621880404494,0.904422443330288,0.005665069445083489,682.488975,1.0,0.9961731014136095,1.0,0.0,0.0,0.003826898586390522
main,1.0,8,9800,0.9,norm_betting,1000,1000,0,0.05209102001413703,0.9043935657739639,682.5578837755103,0.024262408492254008,0.9043935657739639,0.005674615039199092,682.5578837755103,1.0,0.9961731014136095,1.0,0.0,0.0,0.003826898586390522
main,1.0,8,9800,0.9,split,1000,639,0,0.05207882172111801,0.9037997776726975,683.8200822394687,0.03694746660680134,0.9007704013586044,0.006204766862316556,693.0703091836734,0.639,0.6087515993621762,0.6681845228308074,0.0,0.0,0.003826898586390522
main,1.0,8,9800,0.95,cdf_empbernstein,1000,12,0,0.022831632445255916,0.9046938717365265,682.9822448979593,0.021798594242742803,0.8955195821523666,0.001170952577187347,709.1264387755102,0.012,0.006877579092159561,0.020857473928157594,0.0,0.0,0.003826898586390522
main,1.0,8,9800,0.95,cdf_pacbayes,1000,0,0,,,,,0.8954081535339355,0.0,709.4439795918368,0.0,0.0,0.003826898586390522,0.0,0.0,0.003826898586390522
main,1.0,8,9800,0.95,exc_betting,1000,998,0,0.0226007114894285,0.9047054259595508,681.5404749294509,0.015730020647484022,0.9046868314146995,0.005516919124081359,681.5962819387755,0.998,0.9927370411104123,0.9994513678975429,0.0,0.0,0.003826898586390522
main,1.0,8,9800,0.95,exc_empbernstein,1000,987,0,0.022367718960738834,0.9053580168532745,679.3055463887683,0.0218710713832323,0.9052286686301232,0.0051591326719662885,679.6973460204082,0.987,0.9778853478989854,0.9923872528778702,0.0,0.0,0.003826898586390522
main,1.0,8,9800,0.95,exceedance,1000,946,0,0.022233140438275283,0.9057171939543387,678.0645161151141,0.022825534552245102,0.905160505771637,0.005214965333824718,679.7590071428572,0.946,0.9302075210460795,0.9583788854148602,0.0,0.0,0.003826898586390522
main,1.0,8,9800,0.95,naive,1000,995,0,0.022464465020439733,0.9051450056047295,680.2088671931084,0.02007746960123133,0.9050963213443756,0.005284093178757509,680.3550427551021,0.995,0.9883488743952387,0.9978624960042348,0.0,0.0,0.003826898586390522
main,1.0,8,9800,0.95,norm_betting,1000,998,0,0.022627806496285725,0.9046437720019737,681.8038180442518,0.01513534338102809,0.9046253007650376,0.005565656024817036,681.8590983673469,0.998,0.9927370411104123,0.9994513678975429,0.0,0.0,0.003826898586390522
main,1.0,8,9800,0.95,split,1000,221,0,0.021845045545859035,0.9064955198926623,674.5420144981069,0.023021688137083,0.8978584614992142,0.004942569268060587,701.7306453061225,0.221,0.1963777255878074,0.24775768382339855,0.0,0.0,0.003826898586390522
main,1.0,8,10441,0.9,cdf_empbernstein,1000,100,0,0.05213877495378256,0.9037193822860717,684.6122357142858,0.04011223431933533,0.8962392764091491,0.003132914867062934,706.9608052040817,0.1,0.08290915646323203,0.12015236240588041,0.0,0.0,0.003826898586390522
main,1.0,8,10441,0.9,cdf_pacbayes,1000,5,0,0.051999999582767485,0.9029183626174927,685.3912653061225,0.041518307023084275,0.8954457045793534,0.0006860287910921361,709.3237160204083,0.005,0.0021375039957652504,0.011651125604761368,0.0,0.0,0.003826898586390522
main,1.0,8,10441,0.9,exc_betting,1000,1000,0,0.05204744865372777,0.9045213214755058,681.817377755102,0.025152426306356356,0.9045213214755058,0.005601756170970676,681.817377755102,1.0,0.9961731014136095,1.0,0.0,0.0,0.003826898586390522
main,1.0,8,10441,0.9,exc_empbernstein,1000,1000,0,0.052043469075113535,0.9045007090568542,681.8520184693878,0.029463106657123646,0.9045007090568542,0.00560263238773869,681.8520184693878,1.0,0.9961731014136095,1.0,0.0,0.0,0.003826898586390522
main,1.0,8,10441,0.9,exceedance,1000,1000,0,0.05204316295683384,0.9045642805695534,681.6812203061224,0.03245943747546706,0.9045642805695534,0.005571361825236526,681.6812203061224,1.0,0.9961731014136095,1.0,0.0,0.0,0.003826898586390522
main,1.0,8,10441,0.9,naive,1000,1000,0,0.05204683641344309,0.9045050968527794,681.8670255102041,0.028159143766667415,0.9045050968527794,0.005605492828106802,681.8670255102041,1.0,0.9961731014136095,1.0,0.0,0.0,0.003826898586390522
main,1.0,8,10441,0.9,norm_betting,1000,1000,0,0.05204234662279487,0.9045054029822349,681.8334986734694,0.02344444929010358,0.9045054029822349,0.005605768101888617,681.8334986734694,1.0,0.9961731014136095,1.0,0.0,0.0,0.003826898586390522
main,1.0,8,10441,0.9,split,1000,669,0,0.05209282770062419,0.903673615958124,684.4061634788445,0.03703294304409146,0.9009377478957176,0.006244093816626568,692.6936806122449,0.669,0.6392355125320964,0.6974709957457036,0.0,0.0,0.003826898586390522
main,1.0,8,10441,0.95,cdf_empbernstein,1000,6,0,0.022636054394145805,0.9039115607738495,682.7702040816326,0.023898015477746504,0.8954591739773751,0.000806875202697405,709.2839369387755,0.006,0.0027526315709082315,0.013028344232445605,0.0,0.0,0.003826898586390522
main,1.0,8,10441,0.95,cdf_pacbayes,1000,0,0,,,,,0.8954081535339355,0.0,709.4439795918368,0.0,0.0,0.003826898586390522,0.0,0.0,0.003826898586390522
main,1.0,8,10441,0.95,exc_betting,1000,998,0,0.022550713547126563,0.9047299650365221,681.1568918449144,0.015538582181701099,0.904711321413517,0.005489019782027636,681.2134660204082,0.998,0.9927370411104123,0.9994513678975429,0.0,0.0,0.003826898586390522
main,1.0,8,10441,0.95,exc_empbernstein,1000,981,0,0.02225904412203061,0.9056170254672339,678.3533386382076,0.021235950106635662,0.9054230569005013,0.005045574912766778,678.9440608163266,0.981,0.9705153112972965,0.9878032122625958,0.0,0.0,0.003826898586390522
main,1.0,8,10441,0.95,exceedance,1000,936,0,0.022148089821681254,0.9059468172172196,677.2882262776906,0.022271065640738195,0.9052723427414894,0.005153744709076874,679.346194489796,0.936,0.9190989242389269,0.9495640201937408,0.0,0.0,0.003826898586390522
main,1.0,8,10441,0.95,naive,1000,995,0,0.02235832206867448,0.9053213984522988,679.3063107373603,0.019717728219273697,0.9052718322277069,0.005152745078921447,679.4569990816327,0.995,0.9883488743952387,0.9978624960042348,0.0,0.0,0.003826898586390522
main,1.0,8,10441,0.95,norm_betting,1000,999,0,0.022591571037371357,0.9046467845146362,681.5357608629037,0.014968080099942589,0.9046375458836555,0.005545069833502454,681.5636690816326,0.999,0.9943572970398398,0.9998234581709429,0.0,0.0,0.003826898586390522
main,1.0,8,10441,0.95,split,1000,298,0,0.02187542787334263,0.9063419397645349,675.0651253252979,0.02401213658635616,0.8986664218306541,0.005498031137897093,699.1990810204082,0.298,0.27046809653354564,0.32707797049535614,0.0,0.0,0.003826898586390522
main,1.0,8,22024,0.9,cdf_empbernstein,1000,518,0,0.0521243395693744,0.9035682708140046,684.8915158379955,0.03778493914046649,0.8996350942850113,0.005944084204800189,696.725803367347,0.518,0.48702012301568326,0.5488421086352068,0.0,0.0,0.003826898586390522
main,1.0,8,22024,0.9,cdf_pacbayes,1000,84,0,0.05209791008383036,0.9037985865558896,683.9345080174927,0.04098973293583292,0.8961129499077797,0.002899932867069436,707.3011839795918,0.084,0.068358553811171,0.10282542581270594,0.0,0.0,0.003826898586390522
main,1.0,8,22024,0.9,exc_betting,1000,1000,0,0.05202071400731802,0.9051334648728371,680.0931305102041,0.017125446522208345,0.9051334648728371,0.005291436182927586,680.0931305102041,1.0,0.9961731014136095,1.0,0.0,0.0,0.003826898586390522
main,1.0,8,22024,0.9,exc_empbernstein,1000,1000,0,0.05202224461734295,0.9051330567598342,680.0965618367346,0.01832067931035891,0.9051330567598342,0.005291273154682887,680.0965618367346,1.0,0.9961731014136095,1.0,0.0,0.0,0.003826898586390522
main,1.0,8,22024,0.9,exceedance,1000,1000,0,0.05202520379424095,0.9051220363974571,680.1406985714285,0.02088789392513202,0.9051220363974571,0.00530033045888843,680.1406985714285,1.0,0.9961731014136095,1.0,0.0,0.0,0.003826898586390522
main,1.0,8,22024,0.9,naive,1000,1000,0,0.05202469359338283,0.9051218321323394,680.1657198979591,0.018127601893401447,0.9051218321323394,0.005299888674350481,680.1657198979591,1.0,0.9961731014136095,1.0,0.0,0.0,0.003826898586390522
main,1.0,8,22024,0.9,norm_betting,1000,1000,0,0.052021632377058265,0.9051311178207397,680.118868367347,0.01601113499952194,0.9051311178207397,0.005289886342477198,680.118868367347,1.0,0.9961731014136095,1.0,0.0,0.0,0.003826898586390522
main,1.0,8,22024,0.9,split,1000,997,0,0.05203590332086729,0.9045758663472105,681.4348789224817,0.02684226258733014,0.9045483632087707,0.005577481521195476,681.5189062244898,0.997,0.9912168282105721,0.9989792345945557,0.0,0.0,0.003826898586390522
main,1.0,8,22024,0.95,cdf_empbernstein,1000,65,0,0.022549450397491455,0.9049042344093323,681.1037189952905,0.021463955882715963,0.8960253987908363,0.002724830782021607,707.6018626530613,0.065,0.05132354738787931,0.08200585438228047,0.0,0.0,0.003826898586390522
main,1.0,8,22024,0.95,cdf_pacbayes,1000,3,0,0.024149660021066666,0.8995237946510315,696.7804421768707,0.025322687934714965,0.8954205004572868,0.0003904439988558877,709.4059889795918,0.003,0.0010207654054443255,0.008783171789427854,0.0,0.0,0.003826898586390522
main,1.0,8,22024,0.95,exc_betting,1000,1000,0,0.022440612092614175,0.9051308118104935,680.1001387755102,0.011096069525124845,0.9051308118104935,0.005289920579965212,680.1001387755102,1.0,0.9961731014136095,1.0,0.0,0.0,0.003826898586390522
main,1.0,8,22024,0.95,exc_empbernstein,1000,1000,0,0.022447856990620494,0.9051155056357384,680.1593639795918,0.013277748194245906,0.9051155056357384,0.005296367506435302,680.1593639795918,1.0,0.9961731014136095,1.0,0.0,0.0,0.003826898586390522
main,1.0,8,22024,0.95,exceedance,1000,1000,0,0.022431938622146846,0.90515601593256,680.0178658163265,0.014665188641719973,0.90515601593256,0.005273658977720236,680.0178658163265,1.0,0.9961731014136095,1.0,0.0,0.0,0.003826898586390522
main,1.0,8,22024,0.95,naive,1000,1000,0,0.022444999847561122,0.905121934235096,680.1435589795918,0.012550721553173053,0.905121934235096,0.005300085961506266,680.1435589795918,1.0,0.9961731014136095,1.0,0.0,0.0,0.003826898586390522
main,1.0,8,22024,0.95,norm_betting,1000,1000,0,0.022434897808358074,0.9051333628892898,680.063035,0.010641796226459088,0.9051333628892898,0.0052915284091418135,680.063035,1.0,0.9961731014136095,1.0,0.0,0.0,0.003826898586390522
main,1.0,8,22024,0.95,split,1000,936,0,0.02225547254833783,0.9055397444937983,678.3839747950462,0.018761486027479277,0.904891322672367,0.005378720395868315,680.3718151020407,0.936,0.9190989242389269,0.9495640201937408,0.0,0.0,0.003826898586390522
main,1.0,8,46459,0.9,cdf_empbernstein,1000,964,0,0.052010119177741135,0.9057341809094694,678.6207898636634,0.032639920627358494,0.9053624439239502,0.005153394334018277,679.7304246938776,0.964,0.9505640561361824,0.9738845819756471,0.0,0.0,0.003826898586390522
main,1.0,8,46459,0.9,cdf_pacbayes,1000,617,0,0.052065788661061846,0.904570332126061,681.8663700261304,0.04005528432479476,0.9010612177252769,0.006269097548337779,692.428594489796,0.617,0.5864767028397472,0.6466278028910374,0.0,0.0,0.003826898586390522
main,1.0,8,46459,0.9,exc_betting,1000,1000,0,0.05198551004752517,0.9063058116436005,677.0263766326531,0.011670963517032907,0.9063058116436005,0.00435156111250773,677.0263766326531,1.0,0.9961731014136095,1.0,0.0,0.0,0.003826898586390522
main,1.0,8,46459,0.9,exc_empbernstein,1000,1000,0,0.051987244740128516,0.906305709540844,677.0485375510204,0.011698820099732483,0.906305709540844,0.0043513486269583235,677.0485375510204,1.0,0.9961731014136095,1.0,0.0,0.0,0.003826898586390522
main,1.0,8,46459,0.9,exceedance,1000,1000,0,0.051984285563230516,0.9063024442195893,677.0317420408163,0.013716612472548092,0.9063024442195893,0.004350002158816362,677.0317420408163,1.0,0.9961731014136095,1.0,0.0,0.0,0.003826898586390522
main,1.0,8,46459,0.9,naive,1000,1000,0,0.051987959027290344,0.9063030564785004,677.0555458163265,0.01189434831612338,0.9063030564785004,0.004350221148441909,677.0555458163265,1.0,0.9961731014136095,1.0,0.0,0.0,0.003826898586390522
main,1.0,8,46459,0.9,norm_betting,1000,1000,0,0.05198499984666705,0.9063172401785851,676.9981090816327,0.011017887631159138,0.9063172401785851,0.004337659951729889,676.9981090816327,1.0,0.9961731014136095,1.0,0.0,0.0,0.003826898586390522
main,1.0,8,46459,0.9,split,1000,1000,0,0.052019999772310255,0.9053589746952057,679.5438641836735,0.017177441494763808,0.9053589746952057,0.005104750437749465,679.5438641836735,1.0,0.9961731014136095,1.0,0.0,0.0,0.003826898586390522
main,1.0,8,46459,0.95,cdf_empbernstein,1000,282,0,0.022278911394483233,0.9055930629689642,678.4785008684325,0.02163167695047354,0.8982802979946136,0.005267307737830656,700.7117145918368,0.282,0.2549855455295956,0.31068298225407065,0.0,0.0,0.003826898586390522
main,1.0,8,46459,0.95,cdf_pacbayes,1000,39,0,0.02220565128402832,0.9059759240884048,677.6075876504448,0.024150818015980083,0.8958202965855598,0.0022351730895041606,708.2023603061225,0.039,0.028658799196088068,0.052869601300564,0.0,0.0,0.003826898586390522
main,1.0,8,46459,0.95,exc_betting,1000,1000,0,0.022151530370116235,0.9062960156798363,677.0795198979592,0.007533307509320898,0.9062960156798363,0.004365858154999956,677.0795198979592,1.0,0.9961731014136095,1.0,0.0,0.0,0.003826898586390522
main,1.0,8,46459,0.95,exc_empbernstein,1000,1000,0,0.022146020166575908,0.90630468916893,677.0281651020408,0.008198282469953126,0.90630468916893,0.004351041813204028,677.0281651020408,1.0,0.9961731014136095,1.0,0.0,0.0,0.003826898586390522
main,1.0,8,46459,0.95,exceedance,1000,1000,0,0.022148163022473456,0.9063072401285172,677.0433177551021,0.009311795717548825,0.9063072401285172,0.00435195566287269,677.0433177551021,1.0,0.9961731014136095,1.0,0.0,0.0,0.003826898586390522
main,1.0,8,46459,0.95,naive,1000,1000,0,0.022150918126106263,0.9062925463318825,677.0740903061225,0.008046749789927202,0.9062925463318825,0.00436449300264539,677.0740903061225,1.0,0.9961731014136095,1.0,0.0,0.0,0.003826898586390522
main,1.0,8,46459,0.95,norm_betting,1000,1000,0,0.02214979567565024,0.9063034645915031,677.0521144897958,0.007280264593105756,0.9063034645915031,0.0043503095729777366,677.0521144897958,1.0,0.9961731014136095,1.0,0.0,0.0,0.003826898586390522
main,1.0,8,46459,0.95,split,1000,1000,0,0.022404999826103448,0.9053420357704163,679.6111695918368,0.01199725769792212,0.9053420357704163,0.005111060071721731,679.6111695918368,1.0,0.9961731014136095,1.0,0.0,0.0,0.003826898586390522
main,1.0,8,98000,0.9,cdf_empbernstein,1000,1000,0,0.05193091825395822,0.9072844853997231,674.3785776530613,0.023587280730926346,0.9072844853997231,0.003225143487166788,674.3785776530613,1.0,0.9961731014136095,1.0,0.0,0.0,0.003826898586390522
main,1.0,8,98000,0.9,cdf_pacbayes,1000,997,0,0.05193396504135165,0.9071739664527334,674.6667775776309,0.03293161203960662,0.9071386690139771,0.0034512579813645175,674.7711091836735,0.997,0.9912168282105721,0.9989792345945557,0.0,0.0,0.003826898586390522
main,1.0,8,98000,0.9,exc_betting,1000,1000,0,0.05193193866312504,0.9072838730216026,674.4070303061225,0.00787464656613082,0.9072838730216026,0.0032245594798298335,674.4070303061225,1.0,0.9961731014136095,1.0,0.0,0.0,0.003826898586390522
main,1.0,8,98000,0.9,exc_empbernstein,1000,1000,0,0.05193112233653665,0.9072847914099693,674.3973072448979,0.0074922345457648035,0.9072847914099693,0.003224882769190069,674.3973072448979,1.0,0.9961731014136095,1.0,0.0,0.0,0.003826898586390522
main,1.0,8,98000,0.9,exceedance,1000,1000,0,0.05192846927791834,0.9072840772271157,674.3627084693877,0.009006882223215978,0.9072840772271157,0.0032250709155863784,674.3627084693877,1.0,0.9961731014136095,1.0,0.0,0.0,0.003826898586390522
main,1.0,8,98000,0.9,naive,1000,1000,0,0.05193040804937482,0.9072874444723129,674.3902989795918,0.007790290617509195,0.9072874444723129,0.003225595338169575,674.3902989795918,1.0,0.9961731014136095,1.0,0.0,0.0,0.003826898586390522
main,1.0,8,98000,0.9,norm_betting,1000,1000,0,0.051930203970521685,0.9072839751243591,674.3848693877552,0.007492247889541262,0.9072839751243591,0.003224815209464915,674.3848693877552,1.0,0.9961731014136095,1.0,0.0,0.0,0.003826898586390522
main,1.0,8,98000,0.9,split,1000,1000,0,0.051952754963189365,0.9065196896195412,676.2665669387754,0.011270146464671619,0.9065196896195412,0.0041736735087880995,676.2665669387754,1.0,0.9961731014136095,1.0,0.0,0.0,0.003826898586390522
main,1.0,8,98000,0.95,cdf_empbernstein,1000,794,0,0.022164704442324507,0.9061833605057646,677.3903117771038,0.020724690773037884,0.9039636678695678,0.0059794041038038525,683.9933673469388,0.794,0.7678307565977307,0.8179190270334717,0.0,0.0,0.003826898586390522
main,1.0,8,98000,0.95,cdf_pacbayes,1000,289,0,0.022289386160903736,0.9056182427389812,678.7274083751148,0.023782167141410453,0.8983588693141937,0.005366641543163193,700.5668905102041,0.289,0.2617539675950579,0.31786098360839893,0.0,0.0,0.003826898586390522
main,1.0,8,98000,0.95,exc_betting,1000,1000,0,0.02186693846806884,0.9072864241003991,674.3699265306122,0.005079259368230608,0.9072864241003991,0.0032254923263768686,674.3699265306122,1.0,0.9961731014136095,1.0,0.0,0.0,0.003826898586390522
main,1.0,8,98000,0.95,exc_empbernstein,1000,1000,0,0.021869183365255594,0.9072861179113388,674.3841528571428,0.005131721151435018,0.9072861179113388,0.0032252005662967635,674.3841528571428,1.0,0.9961731014136095,1.0,0.0,0.0,0.003826898586390522
main,1.0,8,98000,0.95,exceedance,1000,1000,0,0.02186704050935805,0.9072835669517517,674.3690002040817,0.005985396467319142,0.9072835669517517,0.0032247425658438484,674.3690002040817,1.0,0.9961731014136095,1.0,0.0,0.0,0.003826898586390522
main,1.0,8,98000,0.95,naive,1000,1000,0,0.021869183365255594,0.9072868322730064,674.3857957142857,0.005207694378218626,0.9072868322730064,0.003225564591198385,674.3857957142857,1.0,0.9961731014136095,1.0,0.0,0.0,0.003826898586390522
main,1.0,8,98000,0.95,norm_betting,1000,1000,0,0.021869285406544803,0.9072839751243591,674.3848693877552,0.004936637215804219,0.9072839751243591,0.0032248152094649066,674.3848693877552,1.0,0.9961731014136095,1.0,0.0,0.0,0.003826898586390522
main,1.0,8,98000,0.95,split,1000,1000,0,0.022064591590315104,0.9065012201070786,676.3390921428571,0.007758021389422306,0.9065012201070786,0.004185532982003787,676.3390921428571,1.0,0.9961731014136095,1.0,0.0,0.0,0.003826898586390522
main,1.0,32,250,0.9,cdf_empbernstein,1000,0,0,,,,,0.8954081535339355,0.0,709.4439795918368,0.0,0.0,0.003826898586390522,0.0,0.0,0.003826898586390522
main,1.0,32,250,0.9,cdf_pacbayes,1000,0,0,,,,,0.8954081535339355,0.0,709.4439795918368,0.0,0.0,0.003826898586390522,0.0,0.0,0.003826898586390522
main,1.0,32,250,0.9,exc_betting,1000,0,0,,,,,0.8954081535339355,0.0,709.4439795918368,0.0,0.0,0.003826898586390522,0.0,0.0,0.003826898586390522
main,1.0,32,250,0.9,exc_empbernstein,1000,0,0,,,,,0.8954081535339355,0.0,709.4439795918368,0.0,0.0,0.003826898586390522,0.0,0.0,0.003826898586390522
main,1.0,32,250,0.9,exceedance,1000,0,0,,,,,0.8954081535339355,0.0,709.4439795918368,0.0,0.0,0.003826898586390522,0.0,0.0,0.003826898586390522
main,1.0,32,250,0.9,naive,1000,0,0,,,,,0.8954081535339355,0.0,709.4439795918368,0.0,0.0,0.003826898586390522,0.0,0.0,0.003826898586390522
main,1.0,32,250,0.9,norm_betting,1000,0,0,,,,,0.8954081535339355,0.0,709.4439795918368,0.0,0.0,0.003826898586390522,0.0,0.0,0.003826898586390522
main,1.0,32,250,0.9,split,1000,0,0,,,,,0.8954081535339355,0.0,709.4439795918368,0.0,0.0,0.003826898586390522,0.0,0.0,0.003826898586390522
main,1.0,32,250,0.95,cdf_empbernstein,1000,0,0,,,,,0.8954081535339355,0.0,709.4439795918368,0.0,0.0,0.003826898586390522,0.0,0.0,0.003826898586390522
main,1.0,32,250,0.95,cdf_pacbayes,1000,0,0,,,,,0.8954081535339355,0.0,709.4439795918368,0.0,0.0,0.003826898586390522,0.0,0.0,0.003826898586390522
main,1.0,32,250,0.95,exc_betting,1000,0,0,,,,,0.8954081535339355,0.0,709.4439795918368,0.0,0.0,0.003826898586390522,0.0,0.0,0.003826898586390522
main,1.0,32,250,0.95,exc_empbernstein,1000,0,0,,,,,0.8954081535339355,0.0,709.4439795918368,0.0,0.0,0.003826898586390522,0.0,0.0,0.003826898586390522
main,1.0,32,250,0.95,exceedance,1000,0,0,,,,,0.8954081535339355,0.0,709.4439795918368,0.0,0.0,0.003826898586390522,0.0,0.0,0.003826898586390522
main,1.0,32,250,0.95,naive,1000,0,0,,,,,0.8954081535339355,0.0,709.4439795918368,0.0,0.0,0.003826898586390522,0.0,0.0,0.003826898586390522
main,1.0,32,250,0.95,norm_betting,1000,0,0,,,,,0.8954081535339355,0.0,709.4439795918368,0.0,0.0,0.003826898586390522,0.0,0.0,0.003826898586390522
main,1.0,32,250,0.95,split,1000,0,0,,,,,0.8954081535339355,0.0,709.4439795918368,0.0,0.0,0.003826898586390522,0.0,0.0,0.003826898586390522
main,1.0,32,527,0.9,cdf_empbernstein,1000,0,0,,,,,0.8954081535339355,0.0,709.4439795918368,0.0,0.0,0.003826898586390522,0.0,0.0,0.003826898586390522
main,1.0,32,527,0.9,cdf_pacbayes,1000,0,0,,,,,0.8954081535339355,0.0,709.4439795918368,0.0,0.0,0.003826898586390522,0.0,0.0,0.003826898586390522
main,1.0,32,527,0.9,exc_betting,1000,0,0,,,,,0.8954081535339355,0.0,709.4439795918368,0.0,0.0,0.003826898586390522,0.0,0.0,0.003826898586390522
main,1.0,32,527,0.9,exc_empbernstein,1000,0,0,,,,,0.8954081535339355,0.0,709.4439795918368,0.0,0.0,0.003826898586390522,0.0,0.0,0.003826898586390522
main,1.0,32,527,0.9,exceedance,1000,0,0,,,,,0.8954081535339355,0.0,709.4439795918368,0.0,0.0,0.003826898586390522,0.0,0.0,0.003826898586390522
main,1.0,32,527,0.9,naive,1000,0,0,,,,,0.8954081535339355,0.0,709.4439795918368,0.0,0.0,0.003826898586390522,0.0,0.0,0.003826898586390522
main,1.0,32,527,0.9,norm_betting,1000,0,0,,,,,0.8954081535339355,0.0,709.4439795918368,0.0,0.0,0.003826898586390522,0.0,0.0,0.003826898586390522
main,1.0,32,527,0.9,split,1000,0,0,,,,,0.8954081535339355,0.0,709.4439795918368,0.0,0.0,0.003826898586390522,0.0,0.0,0.003826898586390522
main,1.0,32,527,0.95,cdf_empbernstein,1000,0,0,,,,,0.8954081535339355,0.0,709.4439795918368,0.0,0.0,0.003826898586390522,0.0,0.0,0.003826898586390522
main,1.0,32,527,0.95,cdf_pacbayes,1000,0,0,,,,,0.8954081535339355,0.0,709.4439795918368,0.0,0.0,0.003826898586390522,0.0,0.0,0.003826898586390522
main,1.0,32,527,0.95,exc_betting,1000,0,0,,,,,0.8954081535339355,0.0,709.4439795918368,0.0,0.0,0.003826898586390522,0.0,0.0,0.003826898586390522
main,1.0,32,527,0.95,exc_empbernstein,1000,0,0,,,,,0.8954081535339355,0.0,709.4439795918368,0.0,0.0,0.003826898586390522,0.0,0.0,0.003826898586390522
main,1.0,32,527,0.95,exceedance,1000,0,0,,,,,0.8954081535339355,0.0,709.4439795918368,0.0,0.0,0.003826898586390522,0.0,0.0,0.003826898586390522
main,1.0,32,527,0.95,naive,1000,0,0,,,,,0.8954081535339355,0.0,709.4439795918368,0.0,0.0,0.003826898586390522,0.0,0.0,0.003826898586390522
main,1.0,32,527,0.95,norm_betting,1000,0,0,,,,,0.8954081535339355,0.0,709.4439795918368,0.0,0.0,0.003826898586390522,0.0,0.0,0.003826898586390522
main,1.0,32,527,0.95,split,1000,0,0,,,,,0.8954081535339355,0.0,709.4439795918368,0.0,0.0,0.003826898586390522,0.0,0.0,0.003826898586390522
main,1.0,32,1112,0.9,cdf_empbernstein,1000,0,0,,,,,0.8954081535339355,0.0,709.4439795918368,0.0,0.0,0.003826898586390522,0.0,0.0,0.003826898586390522
main,1.0,32,1112,0.9,cdf_pacbayes,1000,0,0,,,,,0.8954081535339355,0.0,709.4439795918368,0.0,0.0,0.003826898586390522,0.0,0.0,0.003826898586390522
main,1.0,32,1112,0.9,exc_betting,1000,18,0,0.0520238091962205,0.905068020025889,680.9152437641724,0.041968025897352004,0.8955820311307907,0.001461142985727853,708.9304623469388,0.018,0.011415645858738454,0.02827348437854201,0.0,0.0,0.003826898586390522
main,1.0,32,1112,0.9,exc_empbernstein,1000,0,0,,,,,0.8954081535339355,0.0,709.4439795918368,0.0,0.0,0.003826898586390522,0.0,0.0,0.003826898586390522
main,1.0,32,1112,0.9,exceedance,1000,0,0,,,,,0.8954081535339355,0.0,709.4439795918368,0.0,0.0,0.003826898586390522,0.0,0.0,0.003826898586390522
main,1.0,32,1112,0.9,naive,1000,3,0,0.05316326518853506,0.9037754933039347,692.1828231292517,0.0373954173987631,0.8954332555532456,0.0005610915268354138,709.392196122449,0.003,0.0010207654054443255,0.008783171789427854,0.0,0.0,0.003826898586390522
main,1.0,32,1112,0.9,norm_betting,1000,17,0,0.05234693845405298,0.9056602611261255,680.9137094837936,0.042549938320998695,0.8955824393630027,0.0014645932260041591,708.9589649999999,0.017,0.010640599663218203,0.027056184371235047,0.0,0.0,0.003826898586390522
main,1.0,32,1112,0.9,split,1000,0,0,,,,,0.8954081535339355,0.0,709.4439795918368,0.0,0.0,0.003826898586390522,0.0,0.0,0.003826898586390522
main,1.0,32,1112,0.95,cdf_empbernstein,1000,0,0,,,,,0.8954081535339355,0.0,709.4439795918368,0.0,0.0,0.003826898586390522,0.0,0.0,0.003826898586390522
main,1.0,32,1112,0.95,cdf_pacbayes,1000,0,0,,,,,0.8954081535339355,0.0,709.4439795918368,0.0,0.0,0.003826898586390522,0.0,0.0,0.003826898586390522
main,1.0,32,1112,0.95,exc_betting,1000,0,0,,,,,0.8954081535339355,0.0,709.4439795918368,0.0,0.0,0.003826898586390522,0.0,0.0,0.003826898586390522
main,1.0,32,1112,0.95,exc_empbernstein,1000,0,0,,,,,0.8954081535339355,0.0,709.4439795918368,0.0,0.0,0.003826898586390522,0.0,0.0,0.003826898586390522
main,1.0,32,1112,0.95,exceedance,1000,0,0,,,,,0.8954081535339355,0.0,709.4439795918368,0.0,0.0,0.003826898586390522,0.0,0.0,0.003826898586390522
main,1.0,32,1112,0.95,naive,1000,0,0,,,,,0.8954081535339355,0.0,709.4439795918368,0.0,0.0,0.003826898586390522,0.0,0.0,0.003826898586390522
main,1.0,32,1112,0.95,norm_betting,1000,0,0,,,,,0.8954081535339355,0.0,709.4439795918368,0.0,0.0,0.003826898586390522,0.0,0.0,0.003826898586390522
main,1.0,32,1112,0.95,split,1000,0,0,,,,,0.8954081535339355,0.0,709.4439795918368,0.0,0.0,0.003826898586390522,0.0,0.0,0.003826898586390522
main,1.0,32,2347,0.9,cdf_empbernstein,1000,0,0,,,,,0.8954081535339355,0.0,709.4439795918368,0.0,0.0,0.003826898586390522,0.0,0.0,0.003826898586390522
main,1.0,32,2347,0.9,cdf_pacbayes,1000,0,0,,,,,0.8954081535339355,0.0,709.4439795918368,0.0,0.0,0.003826898586390522,0.0,0.0,0.003826898586390522
main,1.0,32,2347,0.9,exc_betting,1000,571,0,0.05224882896774287,0.9040678646643817,684.3845055219987,0.04064035823302321,0.9003528485894203,0.006130885061774643,695.1350198979592,0.571,0.540109552848234,0.6013470275524984,0.0,0.0,0.003826898586390522
main,1.0,32,2347,0.9,exc_empbernstein,1000,5,0,0.05169387683272362,0.9079387784004211,672.186163265306,0.0436192150823513,0.895470806658268,0.0008849613909981518,709.257690510204,0.005,0.0021375039957652504,0.011651125604761368,0.0,0.0,0.003826898586390522
main,1.0,32,2347,0.9,exceedance,1000,5,0,0.05169387683272362,0.9079387784004211,672.186163265306,0.044153185800676543,0.895470806658268,0.0008849613909981518,709.257690510204,0.005,0.0021375039957652504,0.011651125604761368,0.0,0.0,0.003826898586390522
main,1.0,32,2347,0.9,naive,1000,188,0,0.052107033854786385,0.9041614107629086,683.3036544724273,0.04096777067348016,0.8970537658929825,0.004225426002895216,704.5295984693878,0.188,0.1649943095437335,0.21339367517417424,0.0,0.0,0.003826898586390522
main,1.0,32,2347,0.9,norm_betting,1000,549,0,0.05229898464810001,0.9038230837585713,685.3171748262146,0.04000617919890128,0.9000279502272606,0.006051630479657319,696.1983637755102,0.549,0.5180298338358857,0.5795951301026481,0.0,0.0,0.003826898586390522
main,1.0,32,2347,0.9,split,1000,0,0,,,,,0.8954081535339355,0.0,709.4439795918368,0.0,0.0,0.003826898586390522,0.0,0.0,0.003826898586390522
main,1.0,32,2347,0.95,cdf_empbernstein,1000,0,0,,,,,0.8954081535339355,0.0,709.4439795918368,0.0,0.0,0.003826898586390522,0.0,0.0,0.003826898586390522
main,1.0,32,2347,0.95,cdf_pacbayes,1000,0,0,,,,,0.8954081535339355,0.0,709.4439795918368,0.0,0.0,0.003826898586390522,0.0,0.0,0.003826898586390522
main,1.0,32,2347,0.95,exc_betting,1000,74,0,0.022280750041072432,0.9051875294865789,678.6949489795919,0.02475234999308845,0.8961318273544312,0.0029212235224805095,707.1685513265306,0.074,0.05935475135620055,0.09190576623940419,0.0,0.0,0.003826898586390522
main,1.0,32,2347,0.95,exc_empbernstein,1000,2,0,0.02346938755363226,0.9017857015132904,690.2711734693878,0.02634250909423138,0.8954209086298942,0.00040335155003531556,709.4056339795919,0.002,0.000548632102457155,0.007262958889587807,0.0,0.0,0.003826898586390522
main,1.0,32,2347,0.95,exceedance,1000,0,0,,,,,0.8954081535339355,0.0,709.4439795918368,0.0,0.0,0.003826898586390522,0.0,0.0,0.003826898586390522
main,1.0,32,2347,0.95,naive,1000,21,0,0.021997084308947836,0.9060641356876918,675.9683090379009,0.025729770879899368,0.8956319291591645,0.0016547956347151755,708.7409905102041,0.021,0.013775634089646441,0.03189053475611568,0.0,0.0,0.003826898586390522
main,1.0,32,2347,0.95,norm_betting,1000,74,0,0.0219649750537969,0.9061665696066779,675.4028102592388,0.025410574637248405,0.8962042763233184,0.0030491811214783376,706.9249330612246,0.074,0.05935475135620055,0.09190576623940419,0.0,0.0,0.003826898586390522
main,1.0,32,2347,0.95,split,1000,0,0,,,,,0.8954081535339355,0.0,709.4439795918368,0.0,0.0,0.003826898586390522,0.0,0.0,0.003826898586390522
main,1.0,32,4950,0.9,cdf_empbernstein,1000,4,0,0.05278061144053936,0.9047958999872208,684.862806122449,0.04417780003183838,0.8954457045197487,0.000684963396448156,709.3456548979592,0.004,0.0015565629678934295,0.010239720429805971,0.0,0.0,0.003826898586390522
main,1.0,32,4950,0.9,cdf_pacbayes,1000,0,0,,,,,0.8954081535339355,0.0,709.4439795918368,0.0,0.0,0.003826898586390522,0.0,0.0,0.003826898586390522
main,1.0,32,4950,0.9,exc_betting,1000,979,0,0.05229940961768605,0.9046570770708849,683.0573990535948,0.03602473260593412,0.9044628496766091,0.005624426070417437,683.611517244898,0.979,0.9681094652438844,0.9862243659103536,0.0,0.0,0.003826898586390522
main,1.0,32,4950,0.9,exc_empbernstein,1000,536,0,0.0520394832007031,0.9043993605161781,682.1369878921719,0.04321580242351105,0.9002274404764176,0.006088859177643082,694.8074320408163,0.536,0.5050112354571252,0.5667132278446547,0.0,0.0,0.003826898586390522
main,1.0,32,4950,0.9,exceedance,1000,458,0,0.05202967597082192,0.904416711049309,682.0256302914179,0.04259232670219953,0.8995340728759765,0.005875520911240351,696.8863756122449,0.458,0.42733866245855345,0.48898279702270353,0.0,0.0,0.003826898586390522
main,1.0,32,4950,0.9,naive,1000,909,0,0.052180687025009075,0.9045950841195513,682.4710447677421,0.0388444688973268,0.9037590734362603,0.005904445398867793,684.9255818367346,0.909,0.8895740291786208,0.9252955677777118,0.0,0.0,0.003826898586390522
main,1.0,32,4950,0.9,norm_betting,1000,981,0,0.052487569581052704,0.9047080157486063,683.9456270153322,0.03447620655916346,0.9045313183665276,0.005611008861906211,684.4300957142857,0.981,0.9705153112972965,0.9878032122625958,0.0,0.0,0.003826898586390522
main,1.0,32,4950,0.9,split,1000,70,0,0.05203061173004764,0.9040131160191127,683.1565903790088,0.03988116682453348,0.8960105009078979,0.0026566897616465087,707.6038623469389,0.07,0.055776130777577704,0.08751500200671816,0.0,0.0,0.003826898586390522
main,1.0,32,4950,0.95,cdf_empbernstein,1000,0,0,,,,,0.8954081535339355,0.0,709.4439795918368,0.0,0.0,0.003826898586390522,0.0,0.0,0.003826898586390522
main,1.0,32,4950,0.95,cdf_pacbayes,1000,0,0,,,,,0.8954081535339355,0.0,709.4439795918368,0.0,0.0,0.003826898586390522,0.0,0.0,0.003826898586390522
main,1.0,32,4950,0.95,exc_betting,1000,788,0,0.022257199756763307,0.905774233910033,677.7992955557858,0.021897127216234408,0.9035766248703003,0.005959381468882762,684.5079685714286,0.788,0.7615893349217455,0.8122063714924936,0.0,0.0,0.003826898586390522
main,1.0,32,4950,0.95,exc_empbernstein,1000,28,0,0.021902332215436866,0.9064832308462688,674.5369132653061,0.02513790582087986,0.8957182556986809,0.001938928040266407,708.4665817346938,0.028,0.019442147463132154,0.040170444802420505,0.0,0.0,0.003826898586390522
main,1.0,32,4950,0.95,exceedance,1000,28,0,0.02190962087895189,0.9064795864479882,674.5621173469389,0.025430075595808132,0.895718153655529,0.0019382965069313974,708.4672874489796,0.028,0.019442147463132154,0.040170444802420505,0.0,0.0,0.003826898586390522
main,1.0,32,4950,0.95,naive,1000,436,0,0.022174920335651264,0.9061084000069067,676.8742215877177,0.02356414206430192,0.9000734609961509,0.006046964199489938,695.2435651020409,0.436,0.4055674109108249,0.4669224321082332,0.0,0.0,0.003826898586390522
main,1.0,32,4950,0.95,norm_betting,1000,818,0,0.022326979615377184,0.9058017240322598,678.3228792225937,0.02202451905232534,0.9039100942015648,0.005864598716128904,683.9869194897959,0.818,0.792882955656012,0.8406831368430436,0.0,0.0,0.003826898586390522
main,1.0,32,4950,0.95,split,1000,1,0,0.022755101323127747,0.9079591631889343,679.3879591836735,0.022984632646355377,0.8954207045435906,0.00039689777444560135,709.4139235714287,0.001,0.0001765418290572713,0.0056427029601604705,0.0,0.0,0.003826898586390522
main,1.0,32,9800,0.9,cdf_empbernstein,1000,35,0,0.05291545156921659,0.9054839594023568,684.3236763848396,0.039469544732848645,0.8957608067393303,0.002080807707454935,708.5647689795919,0.035,0.025272112485012703,0.0482869032003305,0.0,0.0,0.003826898586390522
main,1.0,32,9800,0.9,cdf_pacbayes,1000,2,0,0.05209183506667614,0.9014796018600464,691.6111734693877,0.03584450503663894,0.8954202964305877,0.0003839921081305386,709.4083139795919,0.002,0.000548632102457155,0.007262958889587807,0.0,0.0,0.003826898586390522
main,1.0,32,9800,0.9,exc_betting,1000,1000,0,0.05304102020338178,0.9049657059907913,686.4263971428572,0.029292627698606178,0.9049657059907913,0.005437164163963807,686.4263971428572,1.0,0.9961731014136095,1.0,0.0,0.0,0.003826898586390522
main,1.0,32,9800,0.9,exc_empbernstein,1000,999,0,0.05260250015227167,0.9048979502540451,684.1757031521316,0.03503160179013035,0.904888460457325,0.005465157078686129,684.2009714285714,0.999,0.9943572970398398,0.9998234581709429,0.0,0.0,0.003826898586390522
main,1.0,32,9800,0.9,exceedance,1000,998,0,0.052502351318428175,0.9049039828872871,683.5919571796654,0.036391389901793615,0.9048849912285805,0.005448381574534125,683.6436612244898,0.998,0.9927370411104123,0.9994513678975429,0.0,0.0,0.003826898586390522
main,1.0,32,9800,0.9,naive,1000,1000,0,0.05309673450142145,0.9049538690447807,686.7946291836736,0.02938975822390268,0.9049538690447807,0.0054597931299604175,686.7946291836736,1.0,0.9961731014136095,1.0,0.0,0.0,0.003826898586390522
main,1.0,32,9800,0.9,norm_betting,1000,1000,0,0.05322499981150031,0.9049594816565514,687.5082235714285,0.027462193300171245,0.9049594816565514,0.005463672658597386,687.5082235714285,1.0,0.9961731014136095,1.0,0.0,0.0,0.003826898586390522
main,1.0,32,9800,0.9,split,1000,632,0,0.05205357087115887,0.9041318380379979,682.9007428636011,0.03690803130594966,0.9009215221405029,0.006232624537226,692.6686539795918,0.632,0.6016569549774633,0.6613327437957297,0.0,0.0,0.003826898586390522
main,1.0,32,9800,0.95,cdf_empbernstein,1000,1,0,0.02173469401896,0.9077550768852234,672.2267346938776,0.02469863825070573,0.8954205004572868,0.0003904439988558712,709.4067623469389,0.001,0.0001765418290572713,0.0056427029601604705,0.0,0.0,0.003826898586390522
main,1.0,32,9800,0.95,cdf_pacbayes,1000,0,0,,,,,0.8954081535339355,0.0,709.4439795918368,0.0,0.0,0.003826898586390522,0.0,0.0,0.003826898586390522
main,1.0,32,9800,0.95,exc_betting,1000,997,0,0.022843428219527513,0.9053548313789406,682.3136548420773,0.017647860584918143,0.9053249913454056,0.005165801497584925,682.3950458163265,0.997,0.9912168282105721,0.9989792345945557,0.0,0.0,0.003826898586390522
main,1.0,32,9800,0.95,exc_empbernstein,1000,839,0,0.022098829849879563,0.9062145087375117,676.3228699131619,0.0238096397479628,0.904474685549736,0.005617675984539444,681.6553685714285,0.839,0.8149295245985896,0.8604758381598377,0.0,0.0,0.003826898586390522
main,1.0,32,9800,0.95,exceedance,1000,839,0,0.022093113618364493,0.9062432113222343,676.2516572206953,0.024269492949049044,0.9044987670183182,0.005604413187397743,681.595621122449,0.839,0.8149295245985896,0.8604758381598377,0.0,0.0,0.003826898586390522
main,1.0,32,9800,0.95,naive,1000,996,0,0.022651319519194014,0.9055376528017971,680.8202555118434,0.02026612494547178,0.9054971348047256,0.005036489369688709,680.9347504081633,0.996,0.9897602795701941,0.9984434370321067,0.0,0.0,0.003826898586390522
main,1.0,32,9800,0.95,norm_betting,1000,998,0,0.02294783444071043,0.905198756403818,683.1810939225389,0.017126604995832535,0.9051791751980781,0.0052715966329605676,683.2336196938775,0.998,0.9927370411104123,0.9994513678975429,0.0,0.0,0.003826898586390522
main,1.0,32,9800,0.95,split,1000,221,0,0.02184781592288708,0.9065841676422913,674.3006108597285,0.0229605965993517,0.8978780526518821,0.004964648225680478,701.6772951020408,0.221,0.1963777255878074,0.24775768382339855,0.0,0.0,0.003826898586390522
main,1.0,32,10441,0.9,cdf_empbernstein,1000,30,0,0.05219727866351605,0.9056122402350107,679.5049659863946,0.0416183313070211,0.8957142761349678,0.001955261583773689,708.5458091836734,0.03,0.021093603189697094,0.04250368148151,0.0,0.0,0.003826898586390522
main,1.0,32,10441,0.9,cdf_pacbayes,1000,2,0,0.05158163234591484,0.9081632494926453,671.1888265306122,0.03930113968914517,0.895433663725853,0.0005705965269599072,709.3674692857144,0.002,0.000548632102457155,0.007262958889587807,0.0,0.0,0.003826898586390522
main,1.0,32,10441,0.9,exc_betting,1000,1000,0,0.05320775496587157,0.9048683592677116,687.5207631632653,0.02867354868654385,0.9048683592677116,0.0054996966361525795,687.5207631632653,1.0,0.9961731014136095,1.0,0.0,0.0,0.003826898586390522
main,1.0,32,10441,0.9,exc_empbernstein,1000,1000,0,0.05273336711898446,0.9048109102249146,684.9881397959184,0.03402762963503481,0.9048109102249146,0.005494664037816621,684.9881397959184,1.0,0.9961731014136095,1.0,0.0,0.0,0.003826898586390522
main,1.0,32,10441,0.9,exceedance,1000,999,0,0.05260852662039114,0.9048037752732858,684.3126372290658,0.03560949636695123,0.9047943796515465,0.005498992364194411,684.3377685714286,0.999,0.9943572970398398,0.9998234581709429,0.0,0.0,0.003826898586390522
main,1.0,32,10441,0.9,naive,1000,1000,0,0.053306530486792326,0.9048908085227013,688.0104817346938,0.028665449214905332,0.9048908085227013,0.005498900019923072,688.0104817346938,1.0,0.9961731014136095,1.0,0.0,0.0,0.003826898586390522
main,1.0,32,10441,0.9,norm_betting,1000,1000,0,0.05348438765108585,0.9048967270851135,688.9703702040816,0.026848905582817675,0.9048967270851135,0.005502749108138829,688.9703702040816,1.0,0.9961731014136095,1.0,0.0,0.0,0.003826898586390522
main,1.0,32,10441,0.9,split,1000,673,0,0.05205537135786146,0.9040435681902813,683.2403073354155,0.037048694847672196,0.9012197875976562,0.006272333616824957,691.8089081632653,0.673,0.6433098960832607,0.7013659970058482,0.0,0.0,0.003826898586390522
main,1.0,32,10441,0.95,cdf_empbernstein,1000,1,0,0.02132653072476387,0.9086734652519226,670.2185714285714,0.022810673400267323,0.8954214188456535,0.0004194859890095956,709.4047541836735,0.001,0.0001765418290572713,0.0056427029601604705,0.0,0.0,0.003826898586390522
main,1.0,32,10441,0.95,cdf_pacbayes,1000,0,0,,,,,0.8954081535339355,0.0,709.4439795918368,0.0,0.0,0.003826898586390522,0.0,0.0,0.003826898586390522
main,1.0,32,10441,0.95,exc_betting,1000,997,0,0.02293810004381502,0.9051108347138048,683.1963609194933,0.01749173946359318,0.9050817266702652,0.005325402253170117,683.2751037755102,0.997,0.9912168282105721,0.9989792345945557,0.0,0.0,0.003826898586390522
main,1.0,32,10441,0.95,exc_empbernstein,1000,881,0,0.022095716713793432,0.9064436213247622,676.163750028956,0.023675913095695902,0.9051304006576538,0.005262209334854864,680.1240973469388,0.881,0.8594587714640507,0.8996251318131199,0.0,0.0,0.003826898586390522
main,1.0,32,10441,0.95,exceedance,1000,846,0,0.022104139411139433,0.906419156009142,676.2123797462248,0.02373528366807194,0.9047234616279602,0.005500388426308071,681.330046122449,0.846,0.8223076809446219,0.8670441052335958,0.0,0.0,0.003826898586390522
main,1.0,32,10441,0.95,naive,1000,995,0,0.02266905956606769,0.9055319375728242,680.9384119577479,0.019908613305811663,0.9054813186526298,0.0050303324482948225,681.0809397959184,0.995,0.9883488743952387,0.9978624960042348,0.0,0.0,0.003826898586390522
main,1.0,32,10441,0.95,norm_betting,1000,997,0,0.023032567120991356,0.9050594556893604,683.875456573803,0.016883117272322962,0.9050305017828941,0.0053560632110270946,683.9521621428571,0.997,0.9912168282105721,0.9989792345945557,0.0,0.0,0.003826898586390522
main,1.0,32,10441,0.95,split,1000,298,0,0.02187234611444225,0.9064248022217078,674.7111799753458,0.024055810724628708,0.8986911148428917,0.005507735635956977,699.0936053061224,0.298,0.27046809653354564,0.32707797049535614,0.0,0.0,0.003826898586390522
main,1.0,32,22024,0.9,cdf_empbernstein,1000,333,0,0.05243580273769281,0.9043920365897743,684.4832686768401,0.03974178842314903,0.8983997865915299,0.005376735793989941,701.1320628571428,0.333,0.30447739268635393,0.3628007914415006,0.0,0.0,0.003826898586390522
main,1.0,32,22024,0.9,cdf_pacbayes,1000,55,0,0.05243413678624413,0.9041038892485879,685.5156586270872,0.042193235490828825,0.8958864189982414,0.0024098081275127814,708.1279219387756,0.055,0.04249722594783333,0.07090871379405425,0.0,0.0,0.003826898586390522
main,1.0,32,22024,0.9,exc_betting,1000,1000,0,0.054453061234205964,0.905744788646698,692.370688367347,0.019787617695072018,0.905744788646698,0.0050347264846348746,692.370688367347,1.0,0.9961731014136095,1.0,0.0,0.0,0.003826898586390522
main,1.0,32,22024,0.9,exc_empbernstein,1000,1000,0,0.054295612256973984,0.9057291762232781,691.5191483673469,0.021348231544753512,0.9057291762232781,0.005042794737539061,691.5191483673469,1.0,0.9961731014136095,1.0,0.0,0.0,0.003826898586390522
main,1.0,32,22024,0.9,exceedance,1000,1000,0,0.05366999998688698,0.9057074409127236,687.978130612245,0.023112740208992393,0.9057074409127236,0.005030901979414922,687.978130612245,1.0,0.9961731014136095,1.0,0.0,0.0,0.003826898586390522
main,1.0,32,22024,0.9,naive,1000,1000,0,0.05495867348834872,0.9057496867775917,695.2235126530612,0.018719932139343722,0.9057496867775917,0.005054428198870473,695.2235126530612,1.0,0.9961731014136095,1.0,0.0,0.0,0.003826898586390522
main,1.0,32,22024,0.9,norm_betting,1000,1000,0,0.05487785715982318,0.9057714210152626,694.7074669387755,0.018615865606778016,0.9057714210152626,0.005031981475605214,694.7074669387755,1.0,0.9961731014136095,1.0,0.0,0.0,0.003826898586390522
main,1.0,32,22024,0.9,split,1000,977,0,0.05294330815423352,0.9049341933632092,685.654289056462,0.0268910896339211,0.9047150944471359,0.00558309634679796,686.2014519387754,0.977,0.9657233030515149,0.9846258356970685,0.0,0.0,0.003826898586390522
main,1.0,32,22024,0.95,cdf_empbernstein,1000,26,0,0.023057299809387095,0.9051255744237167,684.0294623233908,0.02213395763055144,0.8956608064770698,0.0017704778545168701,708.7832021428571,0.026,0.01780381535792082,0.0378240845019774,0.0,0.0,0.003826898586390522
main,1.0,32,22024,0.95,cdf_pacbayes,1000,0,0,,,,,0.8954081535339355,0.0,709.4439795918368,0.0,0.0,0.003826898586390522,0.0,0.0,0.003826898586390522
main,1.0,32,22024,0.95,exc_betting,1000,1000,0,0.023351326543837786,0.9056379508376121,685.5924464285715,0.012742955788528947,0.9056379508376121,0.005060338063309131,685.5924464285715,1.0,0.9961731014136095,1.0,0.0,0.0,0.003826898586390522
main,1.0,32,22024,0.95,exc_empbernstein,1000,1000,0,0.023168367352336645,0.9056270325779915,684.3216454081634,0.01549725857795935,0.9056270325779915,0.005038538132281417,684.3216454081634,1.0,0.9961731014136095,1.0,0.0,0.0,0.003826898586390522
main,1.0,32,22024,0.95,exceedance,1000,1000,0,0.02304704081453383,0.9056464201807976,683.4637836734695,0.016204263708221606,0.9056464201807976,0.005015699348879526,683.4637836734695,1.0,0.9961731014136095,1.0,0.0,0.0,0.003826898586390522
main,1.0,32,22024,0.95,naive,1000,1000,0,0.023396632673218846,0.9056798896789551,685.8570382653062,0.012831006498138542,0.9056798896789551,0.005032866430223248,685.8570382653062,1.0,0.9961731014136095,1.0,0.0,0.0,0.003826898586390522
main,1.0,32,22024,0.95,norm_betting,1000,1000,0,0.023409081656485795,0.9056523387432098,685.9705729591838,0.012237312594875626,0.9056523387432098,0.005051393267854074,685.9705729591838,1.0,0.9961731014136095,1.0,0.0,0.0,0.003826898586390522
main,1.0,32,22024,0.95,split,1000,925,0,0.022333921602851636,0.9057586246567804,678.381326199669,0.018815757662798062,0.904982339322567,0.005359403286424485,680.7110252040817,0.925,0.9069986980202727,0.9397484381812955,0.0,0.0,0.003826898586390522
main,1.0,32,46459,0.9,cdf_empbernstein,1000,905,0,0.05291081280010181,0.9056881193298003,683.8253983538167,0.03553975473803188,0.9047115225791931,0.005637535156993399,686.2591635714286,0.905,0.8852451678097385,0.9216550443352852,0.0,0.0,0.003826898586390522
main,1.0,32,46459,0.9,cdf_pacbayes,1000,459,0,0.05236583485517626,0.9048866132245864,682.816580854564,0.04128455258392526,0.8997587665319443,0.006005853013820666,697.2220035714286,0.459,0.42832970302474194,0.4899841026593422,0.0,0.0,0.003826898586390522
main,1.0,32,46459,0.9,exc_betting,1000,1000,0,0.05662061256542802,0.906862137556076,701.823658367347,0.013934028744482857,0.906862137556076,0.004069854127686624,701.823658367347,1.0,0.9961731014136095,1.0,0.0,0.0,0.003826898586390522
main,1.0,32,46459,0.9,exc_empbernstein,1000,1000,0,0.05668122482672334,0.9068422394394875,702.2270901020408,0.013972294838352259,0.9068422394394875,0.004103230174749316,702.2270901020408,1.0,0.9961731014136095,1.0,0.0,0.0,0.003826898586390522
main,1.0,32,46459,0.9,exceedance,1000,1000,0,0.05659010237455368,0.906843974173069,701.6961183673469,0.015568145029567517,0.906843974173069,0.004084036295593991,701.6961183673469,1.0,0.9961731014136095,1.0,0.0,0.0,0.003826898586390522
main,1.0,32,46459,0.9,naive,1000,1000,0,0.05676530645415187,0.9068712191581726,702.6460347959184,0.012626419309526748,0.9068712191581726,0.0040728836170072485,702.6460347959184,1.0,0.9961731014136095,1.0,0.0,0.0,0.003826898586390522
main,1.0,32,46459,0.9,norm_betting,1000,1000,0,0.05668173501640558,0.9068636681437492,702.1615702040816,0.01311057176593678,0.9068636681437492,0.004070560009741413,702.1615702040816,1.0,0.9961731014136095,1.0,0.0,0.0,0.003826898586390522
main,1.0,32,46459,0.9,split,1000,975,0,0.05477791746457418,0.905791934759189,693.9586824699111,0.017336942041459566,0.9055323402285576,0.005186694565143407,694.3458148979593,0.975,0.9633544581334902,0.9830099882094389,0.0,0.0,0.003826898586390522
main,1.0,32,46459,0.95,cdf_empbernstein,1000,155,0,0.022606978216959586,0.9060618750510677,680.0181415404871,0.02222170051830406,0.897059480369091,0.004259412145637446,704.8829746938776,0.155,0.13389326100256138,0.1787472990220481,0.0,0.0,0.003826898586390522
main,1.0,32,46459,0.95,cdf_pacbayes,1000,17,0,0.022238895406617838,0.9058883470647475,677.9170888355342,0.02428641912210836,0.8955863168239594,0.0014973977350777926,708.9080224489795,0.017,0.010640599663218203,0.027056184371235047,0.0,0.0,0.003826898586390522
main,1.0,32,46459,0.95,exc_betting,1000,1000,0,0.02382469394803047,0.9067611156105995,687.9291801020408,0.008865007007571984,0.9067611156105995,0.004048885178175447,687.9291801020408,1.0,0.9961731014136095,1.0,0.0,0.0,0.003826898586390522
main,1.0,32,46459,0.95,exc_empbernstein,1000,1000,0,0.02375744904950261,0.9067070336937905,687.4896148979592,0.00969102681556663,0.9067070336937905,0.00410913918507574,687.4896148979592,1.0,0.9961731014136095,1.0,0.0,0.0,0.003826898586390522
main,1.0,32,46459,0.95,exceedance,1000,1000,0,0.023721122505143286,0.9067208090424538,687.2036170408163,0.010484070590222478,0.9067208090424538,0.0040938384309764375,687.2036170408163,1.0,0.9961731014136095,1.0,0.0,0.0,0.003826898586390522
main,1.0,32,46459,0.95,naive,1000,1000,0,0.024085306212306024,0.9067635647654534,689.7915163265307,0.008379008228622281,0.9067635647654534,0.0040705396909867814,689.7915163265307,1.0,0.9961731014136095,1.0,0.0,0.0,0.003826898586390522
main,1.0,32,46459,0.95,norm_betting,1000,1000,0,0.02386551027186215,0.9067339725494384,688.2396017346939,0.008543779402187335,0.9067339725494384,0.0040794328657211805,688.2396017346939,1.0,0.9961731014136095,1.0,0.0,0.0,0.003826898586390522
main,1.0,32,46459,0.95,split,1000,991,0,0.02341872777725926,0.9057372398260984,685.9610396630903,0.012132087994094305,0.905644278049469,0.005033079857255962,686.172386122449,0.991,0.982983992177176,0.9952579934109885,0.0,0.0,0.003826898586390522
main,1.0,32,98000,0.9,cdf_empbernstein,1000,1000,0,0.055343979999423025,0.9076069322228432,692.6992464285714,0.026113382718153014,0.9076069322228432,0.0029659582356007922,692.6992464285714,1.0,0.9961731014136095,1.0,0.0,0.0,0.003826898586390522
main,1.0,32,98000,0.9,cdf_pacbayes,1000,992,0,0.05335520920644124,0.9072972477804269,682.1990684660962,0.034834763660710456,0.907202135026455,0.00349405739431194,682.417027755102,0.992,0.9842934787948114,0.9959408529961804,0.0,0.0,0.003826898586390522
main,1.0,32,98000,0.9,exc_betting,1000,1000,0,0.05790479638054967,0.9077501989006996,706.9846363265306,0.009516792949769575,0.9077501989006996,0.0028604978364050564,706.9846363265306,1.0,0.9961731014136095,1.0,0.0,0.0,0.003826898586390522
main,1.0,32,98000,0.9,exc_empbernstein,1000,1000,0,0.05783469433709979,0.9077505049109459,706.5849235714285,0.009021337146504847,0.9077505049109459,0.0028601467062278224,706.5849235714285,1.0,0.9961731014136095,1.0,0.0,0.0,0.003826898586390522
main,1.0,32,98000,0.9,exceedance,1000,1000,0,0.05777428618073464,0.9077463212609291,706.2573724489796,0.010323954764788972,0.9077463212609291,0.002858764575086306,706.2573724489796,1.0,0.9961731014136095,1.0,0.0,0.0,0.003826898586390522
main,1.0,32,98000,0.9,naive,1000,1000,0,0.05789234740659595,0.9077521376609802,706.9214814285714,0.008369313986701321,0.9077521376609802,0.002860378429459737,706.9214814285714,1.0,0.9961731014136095,1.0,0.0,0.0,0.003826898586390522
main,1.0,32,98000,0.9,norm_betting,1000,1000,0,0.05788561271131039,0.9077489743232727,706.869181122449,0.008998984429549713,0.9077489743232727,0.002860105568966249,706.869181122449,1.0,0.9961731014136095,1.0,0.0,0.0,0.003826898586390522
main,1.0,32,98000,0.9,split,1000,999,0,0.056961247281686916,0.9069751328056878,703.5300038814324,0.011743946127921838,0.906963565826416,0.003999965820405229,703.5359178571429,0.999,0.9943572970398398,0.9998234581709429,0.0,0.0,0.003826898586390522
main,1.0,32,98000,0.95,cdf_empbernstein,1000,652,0,0.022564636226286367,0.9063784818342127,679.6139928947039,0.02193212227591761,0.9025608075857162,0.006343169407205466,689.9948282653061,0.652,0.6219455045708008,0.6808911182589367,0.0,0.0,0.003826898586390522
main,1.0,32,98000,0.95,cdf_pacbayes,1000,189,0,0.022194687267223363,0.9063902298609415,677.0796139725732,0.024295660314319897,0.8974837659597397,0.004710702201371391,703.327114489796,0.189,0.1659414607063728,0.21443887021436217,0.0,0.0,0.003826898586390522
main,1.0,32,98000,0.95,exc_betting,1000,1000,0,0.025497959362342955,0.9076890758872033,699.1462160204082,0.006154368101844529,0.9076890758872033,0.002901189965095114,699.1462160204082,1.0,0.9961731014136095,1.0,0.0,0.0,0.003826898586390522
main,1.0,32,98000,0.95,exc_empbernstein,1000,1000,0,0.02563612263277173,0.9076930555105209,700.1429982653061,0.0062199357238672546,0.9076930555105209,0.0029026517183777575,700.1429982653061,1.0,0.9961731014136095,1.0,0.0,0.0,0.003826898586390522
main,1.0,32,98000,0.95,exceedance,1000,1000,0,0.025166938925161957,0.9076756063103676,696.7995712244898,0.0068702177209694956,0.9076756063103676,0.0028973212618391654,696.7995712244898,1.0,0.9961731014136095,1.0,0.0,0.0,0.003826898586390522
main,1.0,32,98000,0.95,naive,1000,1000,0,0.025914898170158268,0.9077157088518143,702.111132244898,0.005627797987771338,0.9077157088518143,0.0028795441574327473,702.111132244898,1.0,0.9961731014136095,1.0,0.0,0.0,0.003826898586390522
main,1.0,32,98000,0.95,norm_betting,1000,1000,0,0.0256806124355644,0.9076962189674378,700.4526195918367,0.005989644740930645,0.9076962189674378,0.002903376491848086,700.4526195918367,1.0,0.9961731014136095,1.0,0.0,0.0,0.003826898586390522
main,1.0,32,98000,0.95,split,1000,968,0,0.023612645508582927,0.906803311272101,686.4363471917693,0.00795456823533831,0.9064386662244797,0.004445397191473672,687.1725914285714,0.968,0.9551749890510055,0.977243033872133,0.0,0.0,0.003826898586390522
main,1.0,128,250,0.9,cdf_empbernstein,1000,0,0,,,,,0.8954081535339355,0.0,709.4439795918368,0.0,0.0,0.003826898586390522,0.0,0.0,0.003826898586390522
main,1.0,128,250,0.9,cdf_pacbayes,1000,0,0,,,,,0.8954081535339355,0.0,709.4439795918368,0.0,0.0,0.003826898586390522,0.0,0.0,0.003826898586390522
main,1.0,128,250,0.9,exc_betting,1000,0,0,,,,,0.8954081535339355,0.0,709.4439795918368,0.0,0.0,0.003826898586390522,0.0,0.0,0.003826898586390522
main,1.0,128,250,0.9,exc_empbernstein,1000,0,0,,,,,0.8954081535339355,0.0,709.4439795918368,0.0,0.0,0.003826898586390522,0.0,0.0,0.003826898586390522
main,1.0,128,250,0.9,exceedance,1000,0,0,,,,,0.8954081535339355,0.0,709.4439795918368,0.0,0.0,0.003826898586390522,0.0,0.0,0.003826898586390522
main,1.0,128,250,0.9,naive,1000,0,0,,,,,0.8954081535339355,0.0,709.4439795918368,0.0,0.0,0.003826898586390522,0.0,0.0,0.003826898586390522
main,1.0,128,250,0.9,norm_betting,1000,0,0,,,,,0.8954081535339355,0.0,709.4439795918368,0.0,0.0,0.003826898586390522,0.0,0.0,0.003826898586390522
main,1.0,128,250,0.9,split,1000,0,0,,,,,0.8954081535339355,0.0,709.4439795918368,0.0,0.0,0.003826898586390522,0.0,0.0,0.003826898586390522
main,1.0,128,250,0.95,cdf_empbernstein,1000,0,0,,,,,0.8954081535339355,0.0,709.4439795918368,0.0,0.0,0.003826898586390522,0.0,0.0,0.003826898586390522
main,1.0,128,250,0.95,cdf_pacbayes,1000,0,0,,,,,0.8954081535339355,0.0,709.4439795918368,0.0,0.0,0.003826898586390522,0.0,0.0,0.003826898586390522
main,1.0,128,250,0.95,exc_betting,1000,0,0,,,,,0.8954081535339355,0.0,709.4439795918368,0.0,0.0,0.003826898586390522,0.0,0.0,0.003826898586390522
main,1.0,128,250,0.95,exc_empbernstein,1000,0,0,,,,,0.8954081535339355,0.0,709.4439795918368,0.0,0.0,0.003826898586390522,0.0,0.0,0.003826898586390522
main,1.0,128,250,0.95,exceedance,1000,0,0,,,,,0.8954081535339355,0.0,709.4439795918368,0.0,0.0,0.003826898586390522,0.0,0.0,0.003826898586390522
main,1.0,128,250,0.95,naive,1000,0,0,,,,,0.8954081535339355,0.0,709.4439795918368,0.0,0.0,0.003826898586390522,0.0,0.0,0.003826898586390522
main,1.0,128,250,0.95,norm_betting,1000,0,0,,,,,0.8954081535339355,0.0,709.4439795918368,0.0,0.0,0.003826898586390522,0.0,0.0,0.003826898586390522
main,1.0,128,250,0.95,split,1000,0,0,,,,,0.8954081535339355,0.0,709.4439795918368,0.0,0.0,0.003826898586390522,0.0,0.0,0.003826898586390522
main,1.0,128,527,0.9,cdf_empbernstein,1000,0,0,,,,,0.8954081535339355,0.0,709.4439795918368,0.0,0.0,0.003826898586390522,0.0,0.0,0.003826898586390522
main,1.0,128,527,0.9,cdf_pacbayes,1000,0,0,,,,,0.8954081535339355,0.0,709.4439795918368,0.0,0.0,0.003826898586390522,0.0,0.0,0.003826898586390522
main,1.0,128,527,0.9,exc_betting,1000,0,0,,,,,0.8954081535339355,0.0,709.4439795918368,0.0,0.0,0.003826898586390522,0.0,0.0,0.003826898586390522
main,1.0,128,527,0.9,exc_empbernstein,1000,0,0,,,,,0.8954081535339355,0.0,709.4439795918368,0.0,0.0,0.003826898586390522,0.0,0.0,0.003826898586390522
main,1.0,128,527,0.9,exceedance,1000,0,0,,,,,0.8954081535339355,0.0,709.4439795918368,0.0,0.0,0.003826898586390522,0.0,0.0,0.003826898586390522
main,1.0,128,527,0.9,naive,1000,0,0,,,,,0.8954081535339355,0.0,709.4439795918368,0.0,0.0,0.003826898586390522,0.0,0.0,0.003826898586390522
main,1.0,128,527,0.9,norm_betting,1000,0,0,,,,,0.8954081535339355,0.0,709.4439795918368,0.0,0.0,0.003826898586390522,0.0,0.0,0.003826898586390522
main,1.0,128,527,0.9,split,1000,0,0,,,,,0.8954081535339355,0.0,709.4439795918368,0.0,0.0,0.003826898586390522,0.0,0.0,0.003826898586390522
main,1.0,128,527,0.95,cdf_empbernstein,1000,0,0,,,,,0.8954081535339355,0.0,709.4439795918368,0.0,0.0,0.003826898586390522,0.0,0.0,0.003826898586390522
main,1.0,128,527,0.95,cdf_pacbayes,1000,0,0,,,,,0.8954081535339355,0.0,709.4439795918368,0.0,0.0,0.003826898586390522,0.0,0.0,0.003826898586390522
main,1.0,128,527,0.95,exc_betting,1000,0,0,,,,,0.8954081535339355,0.0,709.4439795918368,0.0,0.0,0.003826898586390522,0.0,0.0,0.003826898586390522
main,1.0,128,527,0.95,exc_empbernstein,1000,0,0,,,,,0.8954081535339355,0.0,709.4439795918368,0.0,0.0,0.003826898586390522,0.0,0.0,0.003826898586390522
main,1.0,128,527,0.95,exceedance,1000,0,0,,,,,0.8954081535339355,0.0,709.4439795918368,0.0,0.0,0.003826898586390522,0.0,0.0,0.003826898586390522
main,1.0,128,527,0.95,naive,1000,0,0,,,,,0.8954081535339355,0.0,709.4439795918368,0.0,0.0,0.003826898586390522,0.0,0.0,0.003826898586390522
main,1.0,128,527,0.95,norm_betting,1000,0,0,,,,,0.8954081535339355,0.0,709.4439795918368,0.0,0.0,0.003826898586390522,0.0,0.0,0.003826898586390522
main,1.0,128,527,0.95,split,1000,0,0,,,,,0.8954081535339355,0.0,709.4439795918368,0.0,0.0,0.003826898586390522,0.0,0.0,0.003826898586390522
main,1.0,128,1112,0.9,cdf_empbernstein,1000,0,0,,,,,0.8954081535339355,0.0,709.4439795918368,0.0,0.0,0.003826898586390522,0.0,0.0,0.003826898586390522
main,1.0,128,1112,0.9,cdf_pacbayes,1000,0,0,,,,,0.8954081535339355,0.0,709.4439795918368,0.0,0.0,0.003826898586390522,0.0,0.0,0.003826898586390522
main,1.0,128,1112,0.9,exc_betting,1000,0,0,,,,,0.8954081535339355,0.0,709.4439795918368,0.0,0.0,0.003826898586390522,0.0,0.0,0.003826898586390522
main,1.0,128,1112,0.9,exc_empbernstein,1000,0,0,,,,,0.8954081535339355,0.0,709.4439795918368,0.0,0.0,0.003826898586390522,0.0,0.0,0.003826898586390522
main,1.0,128,1112,0.9,exceedance,1000,0,0,,,,,0.8954081535339355,0.0,709.4439795918368,0.0,0.0,0.003826898586390522,0.0,0.0,0.003826898586390522
main,1.0,128,1112,0.9,naive,1000,4,0,0.05270031746476889,0.9043731242418289,688.1003024457714,0.042251803314943846,0.8954440134167672,0.0006547954531662025,709.3586048832525,0.004,0.0015565629678934295,0.010239720429805971,0.0,0.0,0.003826898586390522
main,1.0,128,1112,0.9,norm_betting,1000,1,0,0.051326531916856766,0.9077550768852234,671.4533673469388,0.04797352660261926,0.8954205004572868,0.0003904439988558679,709.4059889795918,0.001,0.0001765418290572713,0.0056427029601604705,0.0,0.0,0.003826898586390522
main,1.0,128,1112,0.9,split,1000,0,0,,,,,0.8954081535339355,0.0,709.4439795918368,0.0,0.0,0.003826898586390522,0.0,0.0,0.003826898586390522
main,1.0,128,1112,0.95,cdf_empbernstein,1000,0,0,,,,,0.8954081535339355,0.0,709.4439795918368,0.0,0.0,0.003826898586390522,0.0,0.0,0.003826898586390522
main,1.0,128,1112,0.95,cdf_pacbayes,1000,0,0,,,,,0.8954081535339355,0.0,709.4439795918368,0.0,0.0,0.003826898586390522,0.0,0.0,0.003826898586390522
main,1.0,128,1112,0.95,exc_betting,1000,0,0,,,,,0.8954081535339355,0.0,709.4439795918368,0.0,0.0,0.003826898586390522,0.0,0.0,0.003826898586390522
main,1.0,128,1112,0.95,exc_empbernstein,1000,0,0,,,,,0.8954081535339355,0.0,709.4439795918368,0.0,0.0,0.003826898586390522,0.0,0.0,0.003826898586390522
main,1.0,128,1112,0.95,exceedance,1000,0,0,,,,,0.8954081535339355,0.0,709.4439795918368,0.0,0.0,0.003826898586390522,0.0,0.0,0.003826898586390522
main,1.0,128,1112,0.95,naive,1000,0,0,,,,,0.8954081535339355,0.0,709.4439795918368,0.0,0.0,0.003826898586390522,0.0,0.0,0.003826898586390522
main,1.0,128,1112,0.95,norm_betting,1000,0,0,,,,,0.8954081535339355,0.0,709.4439795918368,0.0,0.0,0.003826898586390522,0.0,0.0,0.003826898586390522
main,1.0,128,1112,0.95,split,1000,0,0,,,,,0.8954081535339355,0.0,709.4439795918368,0.0,0.0,0.003826898586390522,0.0,0.0,0.003826898586390522
main,1.0,128,2347,0.9,cdf_empbernstein,1000,0,0,,,,,0.8954081535339355,0.0,709.4439795918368,0.0,0.0,0.003826898586390522,0.0,0.0,0.003826898586390522
main,1.0,128,2347,0.9,cdf_pacbayes,1000,0,0,,,,,0.8954081535339355,0.0,709.4439795918368,0.0,0.0,0.003826898586390522,0.0,0.0,0.003826898586390522
main,1.0,128,2347,0.9,exc_betting,1000,360,0,0.05254237481082479,0.9027119739188089,685.4587438036341,0.04303123265597246,0.8980375288724899,0.005234832772932694,700.8092947080838,0.36,0.33083720557943286,0.3902343260247565,0.0,0.0,0.003826898586390522
main,1.0,128,2347,0.9,exc_empbernstein,1000,1,0,0.05160566046833992,0.9070270657539368,667.4012059047012,0.04727016750669945,0.8954197724461556,0.0003674222654876727,709.4019368181497,0.001,0.0001765418290572713,0.0056427029601604705,0.0,0.0,0.003826898586390522
main,1.0,128,2347,0.9,exceedance,1000,2,0,0.05146307311952114,0.9075649678707123,669.7711883955791,0.04749012275629039,0.895432467162609,0.0005434636627466296,709.3646340094442,0.002,0.000548632102457155,0.007262958889587807,0.0,0.0,0.003826898586390522
main,1.0,128,2347,0.9,naive,1000,193,0,0.052161326988991064,0.9037280592276025,683.9944678796182,0.04167060557644071,0.8970138953328133,0.004114574269248483,704.5322238313786,0.193,0.16973260811821303,0.21861710761383082,0.0,0.0,0.003826898586390522
main,1.0,128,2347,0.9,norm_betting,1000,330,0,0.052392009036107495,0.9031155333374485,684.5219866463016,0.04249993413915109,0.8979515888690949,0.0051174513589545305,701.2197219198101,0.33,0.3015550314798513,0.3597461140395216,0.0,0.0,0.003826898586390522
main,1.0,128,2347,0.9,split,1000,0,0,,,,,0.8954081535339355,0.0,709.4439795918368,0.0,0.0,0.003826898586390522,0.0,0.0,0.003826898586390522
main,1.0,128,2347,0.95,cdf_empbernstein,1000,0,0,,,,,0.8954081535339355,0.0,709.4439795918368,0.0,0.0,0.003826898586390522,0.0,0.0,0.003826898586390522
main,1.0,128,2347,0.95,cdf_pacbayes,1000,0,0,,,,,0.8954081535339355,0.0,709.4439795918368,0.0,0.0,0.003826898586390522,0.0,0.0,0.003826898586390522
main,1.0,128,2347,0.95,exc_betting,1000,2,0,0.023367347195744514,0.9020408093929291,689.831275510204,0.024445438406611175,0.8954214188456535,0.0004194859890096021,709.4047541836735,0.002,0.000548632102457155,0.007262958889587807,0.0,0.0,0.003826898586390522
main,1.0,128,2347,0.95,exc_empbernstein,1000,0,0,,,,,0.8954081535339355,0.0,709.4439795918368,0.0,0.0,0.003826898586390522,0.0,0.0,0.003826898586390522
main,1.0,128,2347,0.95,exceedance,1000,0,0,,,,,0.8954081535339355,0.0,709.4439795918368,0.0,0.0,0.003826898586390522,0.0,0.0,0.003826898586390522
main,1.0,128,2347,0.95,naive,1000,21,0,0.022182640575227282,0.9059361276172456,677.3156306263396,0.025754189627730566,0.8956292409896851,0.0016386298372447626,708.7692842635614,0.021,0.013775634089646441,0.03189053475611568,0.0,0.0,0.003826898586390522
main,1.0,128,2347,0.95,norm_betting,1000,5,0,0.023029838874936103,0.9023183345794678,686.3534346936523,0.025940341688422082,0.8954427044391632,0.0006383796667856138,709.3285268673458,0.005,0.0021375039957652504,0.011651125604761368,0.0,0.0,0.003826898586390522
main,1.0,128,2347,0.95,split,1000,0,0,,,,,0.8954081535339355,0.0,709.4439795918368,0.0,0.0,0.003826898586390522,0.0,0.0,0.003826898586390522
main,1.0,128,4950,0.9,cdf_empbernstein,1000,0,0,,,,,0.8954081535339355,0.0,709.4439795918368,0.0,0.0,0.003826898586390522,0.0,0.0,0.003826898586390522
main,1.0,128,4950,0.9,cdf_pacbayes,1000,0,0,,,,,0.8954081535339355,0.0,709.4439795918368,0.0,0.0,0.003826898586390522,0.0,0.0,0.003826898586390522
main,1.0,128,4950,0.9,exc_betting,1000,991,0,0.05257821124795106,0.9039120057637228,683.9635359542702,0.03908662534599286,0.9038354710936546,0.006035381455223542,684.1928599470083,0.991,0.982983992177176,0.9952579934109885,0.0,0.0,0.003826898586390522
main,1.0,128,4950,0.9,exc_empbernstein,1000,282,0,0.05219171966379839,0.9017628706093376,682.1487392858521,0.04487839849544055,0.897200183749199,0.004649667750762681,701.7467218255491,0.282,0.2549855455295956,0.31068298225407065,0.0,0.0,0.003826898586390522
main,1.0,128,4950,0.9,exceedance,1000,281,0,0.051946625113487244,0.9037779240845786,682.3356744663738,0.04462917461694109,0.8977600590586662,0.004864470912498427,701.8265458515816,0.281,0.2540192993057282,0.309656882275111,0.0,0.0,0.003826898586390522
main,1.0,128,4950,0.9,naive,1000,919,0,0.052325972977121715,0.9042487399362765,683.2149814470617,0.03941693003442665,0.9035326524376869,0.00593945610048811,685.3395302967886,0.919,0.9004424261087147,0.9343506328758902,0.0,0.0,0.003826898586390522
main,1.0,128,4950,0.9,norm_betting,1000,996,0,0.05254378916329169,0.9040948241709705,683.772880363849,0.03774585787976456,0.9040600774884224,0.005904422491149123,683.875564760761,0.996,0.9897602795701941,0.9984434370321067,0.0,0.0,0.003826898586390522
main,1.0,128,4950,0.9,split,1000,73,0,0.0520541261218182,0.9036651637456189,682.8728226431167,0.04037797482222931,0.8960109152793885,0.002654353375502047,707.5042851345802,0.073,0.058458786926264744,0.09080938446651277,0.0,0.0,0.003826898586390522
main,1.0,128,4950,0.95,cdf_empbernstein,1000,0,0,,,,,0.8954081535339355,0.0,709.4439795918368,0.0,0.0,0.003826898586390522,0.0,0.0,0.003826898586390522
main,1.0,128,4950,0.95,cdf_pacbayes,1000,0,0,,,,,0.8954081535339355,0.0,709.4439795918368,0.0,0.0,0.003826898586390522,0.0,0.0,0.003826898586390522
main,1.0,128,4950,0.95,exc_betting,1000,662,0,0.022313432323428438,0.9043438253626003,679.5865101528141,0.024211803867655524,0.9013235682845115,0.006381781363706336,689.6783348232037,0.662,0.6321110166938316,0.690649068164178,0.0,0.0,0.003826898586390522
main,1.0,128,4950,0.95,exc_empbernstein,1000,3,0,0.021559000636140507,0.9064717491467794,672.306204652168,0.027622455798908874,0.895441344320774,0.0006115931658013883,709.3325662670178,0.003,0.0010207654054443255,0.008783171789427854,0.0,0.0,0.003826898586390522
main,1.0,128,4950,0.95,exceedance,1000,11,0,0.021785362538966267,0.9063877463340759,673.50603246743,0.027678466170615038,0.8955289290547371,0.001208066306808755,709.0486621734683,0.011,0.006153110089114165,0.01958959672837577,0.0,0.0,0.003826898586390522
main,1.0,128,4950,0.95,naive,1000,463,0,0.022134534873824656,0.9056813994957613,677.0108616371401,0.024307034678383375,0.9001646664142609,0.005949208611459948,694.4274459788123,0.463,0.4322951096837456,0.49398808081164747,0.0,0.0,0.003826898586390522
main,1.0,128,4950,0.95,norm_betting,1000,684,0,0.022316040691772576,0.904638434275549,679.2297975078327,0.024156071017250046,0.9017216655611991,0.006376232948947668,688.777479046378,0.684,0.6545268222727973,0.7120648790474111,0.0,0.0,0.003826898586390522
main,1.0,128,4950,0.95,split,1000,1,0,0.022735945880413055,0.9071313142776489,682.2929304032908,0.02645346405321263,0.8954198766946793,0.0003707188932640799,709.4168285426482,0.001,0.0001765418290572713,0.0056427029601604705,0.0,0.0,0.003826898586390522
main,1.0,128,9800,0.9,cdf_empbernstein,1000,55,0,0.05222635492682457,0.8968088117512789,679.5547760879788,0.04463771401727305,0.8954851897358894,0.0017248942103202177,707.8000733991246,0.055,0.04249722594783333,0.07090871379405425,0.0,0.0,0.003826898586390522
main,1.0,128,9800,0.9,cdf_pacbayes,1000,1,0,0.051632653921842575,0.9085714221000671,668.804081632653,0.0432816207740222,0.8954213168025017,0.0004162591012147386,709.4033396938776,0.001,0.0001765418290572713,0.0056427029601604705,0.0,0.0,0.003826898586390522
main,1.0,128,9800,0.9,exc_betting,1000,1000,0,0.05334062219038606,0.9049995747208596,688.2950439464696,0.03154921572440135,0.9049995747208596,0.005247574887634486,688.2950439464696,1.0,0.9961731014136095,1.0,0.0,0.0,0.003826898586390522
main,1.0,128,9800,0.9,exc_empbernstein,1000,999,0,0.05273998199819444,0.9047002343682794,684.9762643421293,0.038483551418435374,0.9046909422874451,0.005427319296941214,685.000732057379,0.999,0.9943572970398398,0.9998234581709429,0.0,0.0,0.003826898586390522
main,1.0,128,9800,0.9,exceedance,1000,988,0,0.05252049686877351,0.9048006798212345,683.8449572196397,0.03895547742097331,0.9046879695057869,0.005383665820760298,684.152145488106,0.988,0.9791425260718425,0.9931224209078404,0.0,0.0,0.003826898586390522
main,1.0,128,9800,0.9,naive,1000,1000,0,0.053402101222425696,0.9049426121115685,688.7492158187729,0.02946184093791851,0.9049426121115685,0.005320705843436235,688.7492158187729,1.0,0.9961731014136095,1.0,0.0,0.0,0.003826898586390522
main,1.0,128,9800,0.9,norm_betting,1000,1000,0,0.05347376736998558,0.9049421294331551,689.2023132987573,0.02964081818393549,0.9049421294331551,0.005309864658098769,689.2023132987573,1.0,0.9961731014136095,1.0,0.0,0.0,0.003826898586390522
main,1.0,128,9800,0.9,split,1000,634,0,0.052122817266062604,0.9037627730083766,683.195341118176,0.037093241412771094,0.9007049822807311,0.006170501928654417,692.8023427995358,0.634,0.6036833061797525,0.6632910849990948,0.0,0.0,0.003826898586390522
main,1.0,128,9800,0.95,cdf_empbernstein,1000,0,0,,,,,0.8954081535339355,0.0,709.4439795918368,0.0,0.0,0.003826898586390522,0.0,0.0,0.003826898586390522
main,1.0,128,9800,0.95,cdf_pacbayes,1000,0,0,,,,,0.8954081535339355,0.0,709.4439795918368,0.0,0.0,0.003826898586390522,0.0,0.0,0.003826898586390522
main,1.0,128,9800,0.95,exc_betting,1000,998,0,0.023042194461282008,0.9053307301654128,686.0791800759856,0.019235723082006582,0.9053108850121498,0.004953309353478627,686.1259096750174,0.998,0.9927370411104123,0.9994513678975429,0.0,0.0,0.003826898586390522
main,1.0,128,9800,0.95,exc_empbernstein,1000,693,0,0.022149999976738707,0.904597025154989,678.2038420724709,0.025787084203699347,0.9017760415673256,0.006435167868647617,687.7945642909162,0.693,0.6637180727753157,0.7208047443703375,0.0,0.0,0.003826898586390522
main,1.0,128,9800,0.95,exceedance,1000,622,0,0.022051780451676085,0.9060769334100067,676.5674205899693,0.025045832746964994,0.9020441346168518,0.006071263051372917,688.9947598926752,0.622,0.5915334005989225,0.6515328361459983,0.0,0.0,0.003826898586390522
main,1.0,128,9800,0.95,naive,1000,996,0,0.022798701479327846,0.9053425572244039,683.2206081323639,0.02035704429435967,0.905302819609642,0.004987383032819612,683.3255016182018,0.996,0.9897602795701941,0.9984434370321067,0.0,0.0,0.003826898586390522
main,1.0,128,9800,0.95,norm_betting,1000,998,0,0.023084266301625238,0.9052075064015054,686.1524091883272,0.018679788953797224,0.9051879076957703,0.005026768881360745,686.1989923291342,0.998,0.9927370411104123,0.9994513678975429,0.0,0.0,0.003826898586390522
main,1.0,128,9800,0.95,split,1000,225,0,0.021844282001256942,0.9058690187666151,674.4945089123493,0.02323744428828683,0.8977618482112885,0.004846146614861064,701.5803486889521,0.225,0.20019851963259613,0.25190627458991877,0.0,0.0,0.003826898586390522
main,1.0,128,10441,0.9,cdf_empbernstein,1000,71,0,0.05218362913165294,0.8962574231792504,677.8657489593178,0.04496645254948293,0.8954684516787529,0.0017540938772007634,707.2019252169279,0.071,0.05666945999361375,0.08861401899350932,0.0,0.0,0.003826898586390522
main,1.0,128,10441,0.9,cdf_pacbayes,1000,1,0,0.051734693348407745,0.9086734652519226,670.2185714285714,0.042680599650223194,0.8954214188456535,0.0004194859890095956,709.4047541836735,0.001,0.0001765418290572713,0.0056427029601604705,0.0,0.0,0.003826898586390522
main,1.0,128,10441,0.9,exc_betting,1000,1000,0,0.053441125754266974,0.9049462633132934,688.9151873692088,0.030986414332522166,0.9049462633132934,0.00530755685069929,688.9151873692088,1.0,0.9961731014136095,1.0,0.0,0.0,0.003826898586390522
main,1.0,128,10441,0.9,exc_empbernstein,1000,1000,0,0.05271861244365573,0.9048407259583473,684.8454884848782,0.03775250399693712,0.9048407259583473,0.005294897780232037,684.8454884848782,1.0,0.9961731014136095,1.0,0.0,0.0,0.003826898586390522
main,1.0,128,10441,0.9,exceedance,1000,996,0,0.05251688835581383,0.9047204038823944,683.8402183306412,0.038159041531405154,0.9046831548810005,0.005409926429899573,683.9426333756859,0.996,0.9897602795701941,0.9984434370321067,0.0,0.0,0.003826898586390522
main,1.0,128,10441,0.9,naive,1000,1000,0,0.05367875262722373,0.9049574729204178,690.1487752037947,0.0287369982800203,0.9049574729204178,0.005352491947663049,690.1487752037947,1.0,0.9961731014136095,1.0,0.0,0.0,0.003826898586390522
main,1.0,128,10441,0.9,norm_betting,1000,1000,0,0.05356130322813988,0.9049263182878494,689.6431647483906,0.029039328784914942,0.9049263182878494,0.005337491450901015,689.6431647483906,1.0,0.9961731014136095,1.0,0.0,0.0,0.003826898586390522
main,1.0,128,10441,0.9,split,1000,664,0,0.05216250964720924,0.9037641074104481,683.4557109556545,0.0370200434810724,0.9009565069079399,0.006209216586399921,692.1877692174118,0.664,0.6341458548269566,0.6925989224367074,0.0,0.0,0.003826898586390522
main,1.0,128,10441,0.95,cdf_empbernstein,1000,0,0,,,,,0.8954081535339355,0.0,709.4439795918368,0.0,0.0,0.003826898586390522,0.0,0.0,0.003826898586390522
main,1.0,128,10441,0.95,cdf_pacbayes,1000,0,0,,,,,0.8954081535339355,0.0,709.4439795918368,0.0,0.0,0.003826898586390522,0.0,0.0,0.003826898586390522
main,1.0,128,10441,0.95,exc_betting,1000,999,0,0.023052073336459016,0.9052501120366849,685.9145635667993,0.01909213973088698,0.9052402700781822,0.005000402633392734,685.9380929828243,0.999,0.9943572970398398,0.9998234581709429,0.0,0.0,0.003826898586390522
main,1.0,128,10441,0.95,exc_empbernstein,1000,771,0,0.02210843357971438,0.9047261608713796,677.7811333673121,0.02561470530235258,0.9025923371911049,0.006351652900510254,685.0319251527283,0.771,0.7439485117358441,0.7959773092303323,0.0,0.0,0.003826898586390522
main,1.0,128,10441,0.95,exceedance,1000,748,0,0.02204714616621162,0.9061829696364582,676.2492963309635,0.025381356917197822,0.9034677159786224,0.005804485492258356,684.6143565127036,0.748,0.7201761117294745,0.7739257465716758,0.0,0.0,0.003826898586390522
main,1.0,128,10441,0.95,naive,1000,996,0,0.022870831516941626,0.9054128168577171,683.7965557894381,0.020092381577153366,0.905372798204422,0.004884094411991826,683.8991454846478,0.996,0.9897602795701941,0.9984434370321067,0.0,0.0,0.003826898586390522
main,1.0,128,10441,0.95,norm_betting,1000,999,0,0.023121153650520084,0.9050872727438017,686.5385072575635,0.018450417926598947,0.9050775936245918,0.0051383892113245335,686.5614127298978,0.999,0.9943572970398398,0.9998234581709429,0.0,0.0,0.003826898586390522
main,1.0,128,10441,0.95,split,1000,285,0,0.021941576904633588,0.9057323652401305,675.5505436437184,0.02399052091038679,0.8983505538702011,0.005279354492668445,699.784350346623,0.285,0.25788529526982207,0.31376027112232585,0.0,0.0,0.003826898586390522
main,1.0,128,22024,0.9,cdf_empbernstein,1000,678,0,0.05274070941109573,0.8992859938327542,683.0991699230242,0.04370721885733056,0.8980373292565346,0.006170673781014538,691.5821986363818,0.678,0.6484062333218128,0.7062313907814324,0.0,0.0,0.003826898586390522
main,1.0,128,22024,0.9,cdf_pacbayes,1000,28,0,0.05231918953359127,0.9049048232180732,683.3182424123625,0.04333358030192282,0.8956740602850914,0.0018177262138675523,708.7124589508114,0.028,0.019442147463132154,0.040170444802420505,0.0,0.0,0.003826898586390522
main,1.0,128,22024,0.9,exc_betting,1000,1000,0,0.054769684754312035,0.9057873377799988,694.5273369658157,0.021521088176221552,0.9057873377799988,0.004868706125853292,694.5273369658157,1.0,0.9961731014136095,1.0,0.0,0.0,0.003826898586390522
main,1.0,128,22024,0.9,exc_empbernstein,1000,1000,0,0.054358574230223895,0.9057548826932907,692.206704648651,0.023671030360280107,0.9057548826932907,0.0048707789222840895,692.206704648651,1.0,0.9961731014136095,1.0,0.0,0.0,0.003826898586390522
main,1.0,128,22024,0.9,exceedance,1000,1000,0,0.053962787862867116,0.9057248299717903,689.9393925153393,0.024897099636309893,0.9057248299717903,0.004887443522340289,689.9393925153393,1.0,0.9961731014136095,1.0,0.0,0.0,0.003826898586390522
main,1.0,128,22024,0.9,naive,1000,1000,0,0.05564290639013052,0.905815255522728,699.4008468981644,0.018825208434379157,0.905815255522728,0.004883970447343787,699.4008468981644,1.0,0.9961731014136095,1.0,0.0,0.0,0.003826898586390522
main,1.0,128,22024,0.9,norm_betting,1000,1000,0,0.05518276612833142,0.9058104200959206,696.8244321570035,0.020217278773642832,0.9058104200959206,0.004864032781372838,696.8244321570035,1.0,0.9961731014136095,1.0,0.0,0.0,0.003826898586390522
main,1.0,128,22024,0.9,split,1000,974,0,0.05302873894847639,0.9048992261994301,686.3234003128143,0.026953561185500692,0.9046524583101273,0.005514525445257102,686.924535374069,0.974,0.9621759154980226,0.9821961846420791,0.0,0.0,0.003826898586390522
main,1.0,128,22024,0.95,cdf_empbernstein,1000,41,0,0.022485306759069606,0.8977489573199574,680.3412438879477,0.025702751008561106,0.8955041264891624,0.00153258063677776,708.2507674279773,0.041,0.03036480400090244,0.055148288901404066,0.0,0.0,0.003826898586390522
main,1.0,128,22024,0.95,cdf_pacbayes,1000,0,0,,,,,0.8954081535339355,0.0,709.4439795918368,0.0,0.0,0.003826898586390522,0.0,0.0,0.003826898586390522
main,1.0,128,22024,0.95,exc_betting,1000,1000,0,0.02358287913352251,0.9056865313053131,688.9613066417943,0.01374617486999554,0.9056865313053131,0.004872160930121848,688.9613066417943,1.0,0.9961731014136095,1.0,0.0,0.0,0.003826898586390522
main,1.0,128,22024,0.95,exc_empbernstein,1000,1000,0,0.023168680645525457,0.9056646235585213,685.7849421530382,0.017306638668309077,0.9056646235585213,0.004849154082321605,685.7849421530382,1.0,0.9961731014136095,1.0,0.0,0.0,0.003826898586390522
main,1.0,128,22024,0.95,exceedance,1000,1000,0,0.02306964847818017,0.9056875291466713,684.5414262129584,0.017550234956987085,0.9056875291466713,0.004852765811472018,684.5414262129584,1.0,0.9961731014136095,1.0,0.0,0.0,0.003826898586390522
main,1.0,128,22024,0.95,naive,1000,1000,0,0.02363762845657766,0.9057473840713501,688.9294303202046,0.012877322849591534,0.9057473840713501,0.004849845683599012,688.9294303202046,1.0,0.9961731014136095,1.0,0.0,0.0,0.003826898586390522
main,1.0,128,22024,0.95,norm_betting,1000,1000,0,0.023647680824622513,0.9057087445259094,689.4171303116725,0.013236334406031546,0.9057087445259094,0.0048666470084028895,689.4171303116725,1.0,0.9961731014136095,1.0,0.0,0.0,0.003826898586390522
main,1.0,128,22024,0.95,split,1000,917,0,0.02246420872128582,0.9055322527625439,680.0044420380775,0.018838273920719118,0.9046919525265694,0.005391646166004022,682.4479236550395,0.917,0.8982631299588786,0.9325452366200719,0.0,0.0,0.003826898586390522
main,1.0,128,46459,0.9,cdf_empbernstein,1000,1000,0,0.05311867167055607,0.9055414867401123,683.9502036284695,0.039057767598329664,0.9055414867401123,0.004728830630011182,683.9502036284695,1.0,0.9961731014136095,1.0,0.0,0.0,0.003826898586390522
main,1.0,128,46459,0.9,cdf_pacbayes,1000,304,0,0.05221960252444995,0.9049833601242617,681.7630238739098,0.04210451520741197,0.8983190163373947,0.005293914880113175,701.0289690535869,0.304,0.2762847753794863,0.33321536886637887,0.0,0.0,0.003826898586390522
main,1.0,128,46459,0.9,exc_betting,1000,1000,0,0.05820710738375783,0.9069043439626694,711.5747068129021,0.015176751370592571,0.9069043439626694,0.003909016891983023,711.5747068129021,1.0,0.9961731014136095,1.0,0.0,0.0,0.003826898586390522
main,1.0,128,46459,0.9,exc_empbernstein,1000,1000,0,0.05817443727329373,0.9068948820829391,711.3890488643052,0.015395308652966427,0.9068948820829391,0.003925193855531493,711.3890488643052,1.0,0.9961731014136095,1.0,0.0,0.0,0.003826898586390522
main,1.0,128,46459,0.9,exceedance,1000,1000,0,0.05758231997489929,0.9068678741455078,707.9262900605399,0.01678008478625196,0.9068678741455078,0.003921189833433117,707.9262900605399,1.0,0.9961731014136095,1.0,0.0,0.0,0.003826898586390522
main,1.0,128,46459,0.9,naive,1000,1000,0,0.05831828520074487,0.9069068342447281,712.1745849934691,0.012774150046146243,0.9069068342447281,0.003926873849023535,712.1745849934691,1.0,0.9961731014136095,1.0,0.0,0.0,0.003826898586390522
main,1.0,128,46459,0.9,norm_betting,1000,1000,0,0.05836301602050662,0.9069315902590752,712.4111871859917,0.014335491848289413,0.9069315902590752,0.0038928530594504952,712.4111871859917,1.0,0.9961731014136095,1.0,0.0,0.0,0.003826898586390522
main,1.0,128,46459,0.9,split,1000,968,0,0.05525040842423385,0.9058272658177644,696.8558751516641,0.01745236167230595,0.9054938542246819,0.0051020397194234,697.2586944937497,0.968,0.9551749890510055,0.977243033872133,0.0,0.0,0.003826898586390522
main,1.0,128,46459,0.95,cdf_empbernstein,1000,407,0,0.022345970982012936,0.898216345679262,680.3163236885979,0.025644548698923606,0.8965510877370835,0.004815414965352144,697.5890236392186,0.407,0.37696260515879254,0.43774919797827616,0.0,0.0,0.003826898586390522
main,1.0,128,46459,0.95,cdf_pacbayes,1000,8,0,0.022321428637951612,0.9045790806412697,679.2738265306123,0.02489307501654303,0.8954815209507943,0.0009455283859721194,709.202618367347,0.008,0.004059147003819634,0.01570652120518864,0.0,0.0,0.003826898586390522
main,1.0,128,46459,0.95,exc_betting,1000,1000,0,0.024534102054312824,0.906795579135418,696.7061270058367,0.00966506763455537,0.906795579135418,0.003834736347023227,696.7061270058367,1.0,0.9961731014136095,1.0,0.0,0.0,0.003826898586390522
main,1.0,128,46459,0.95,exc_empbernstein,1000,1000,0,0.024286458875983952,0.9067386036515236,694.1009316633925,0.010800358720955945,0.9067386036515236,0.003913627077126558,694.1009316633925,1.0,0.9961731014136095,1.0,0.0,0.0,0.003826898586390522
main,1.0,128,46459,0.95,exceedance,1000,1000,0,0.02388944463431835,0.9067105956673622,690.3478728481473,0.011365552064101758,0.9067105956673622,0.00392411475446006,690.3478728481473,1.0,0.9961731014136095,1.0,0.0,0.0,0.003826898586390522
main,1.0,128,46459,0.95,naive,1000,1000,0,0.024716313723474742,0.906754859149456,697.3392695607582,0.00848002883886472,0.906754859149456,0.003921350529909361,697.3392695607582,1.0,0.9961731014136095,1.0,0.0,0.0,0.003826898586390522
main,1.0,128,46459,0.95,norm_betting,1000,1000,0,0.024628191733732818,0.9067493440508843,697.4347754219316,0.009350771021802578,0.9067493440508843,0.0039008086653895655,697.4347754219316,1.0,0.9961731014136095,1.0,0.0,0.0,0.003826898586390522
main,1.0,128,46459,0.95,split,1000,989,0,0.02368547346280969,0.905777561773063,689.1754370606416,0.012213707264950923,0.9056634982824325,0.004883140347913898,689.3983910284848,0.989,0.9804104032716243,0.9938468899108859,0.0,0.0,0.003826898586390522
main,1.0,128,98000,0.9,cdf_empbernstein,1000,1000,0,0.05522847982868552,0.9076254080533981,692.4423029241931,0.02839644097860275,0.9076254080533981,0.002740485041174876,692.4423029241931,1.0,0.9961731014136095,1.0,0.0,0.0,0.003826898586390522
main,1.0,128,98000,0.9,cdf_pacbayes,1000,981,0,0.05317460019122448,0.9071713231511558,681.5583226285039,0.03717803075742786,0.9069478229284287,0.0037284626916105957,682.0881501108072,0.981,0.9705153112972965,0.9878032122625958,0.0,0.0,0.003826898586390522
main,1.0,128,98000,0.9,exc_betting,1000,1000,0,0.06003368568047881,0.9078550351262092,720.0538104488048,0.010403195426342559,0.9078550351262092,0.002540317088375959,720.0538104488048,1.0,0.9961731014136095,1.0,0.0,0.0,0.003826898586390522
main,1.0,128,98000,0.9,exc_empbernstein,1000,1000,0,0.060047155063599346,0.9078557494878768,720.1284777957436,0.009930943471422685,0.9078557494878768,0.002540688872760305,720.1284777957436,1.0,0.9961731014136095,1.0,0.0,0.0,0.003826898586390522
main,1.0,128,98000,0.9,exceedance,1000,1000,0,0.06001338939368725,0.9078569003939628,719.941868525708,0.011210992215850238,0.9078569003939628,0.002537655029601583,719.941868525708,1.0,0.9961731014136095,1.0,0.0,0.0,0.003826898586390522
main,1.0,128,98000,0.9,naive,1000,1000,0,0.05995971591770649,0.9078560839295388,719.6199534236672,0.008524933765103507,0.9078560839295388,0.002537773901544706,719.6199534236672,1.0,0.9961731014136095,1.0,0.0,0.0,0.003826898586390522
main,1.0,128,98000,0.9,norm_betting,1000,1000,0,0.060034604050219056,0.9078562597036361,720.0527871834987,0.009850851551007752,0.9078562597036361,0.002540658327898069,720.0527871834987,1.0,0.9961731014136095,1.0,0.0,0.0,0.003826898586390522
main,1.0,128,98000,0.9,split,1000,995,0,0.058313187260424074,0.9070863659058384,711.7534275451004,0.01189749030625328,0.9070279748439789,0.0038611527266111047,711.7418803053342,0.995,0.9883488743952387,0.9978624960042348,0.0,0.0,0.003826898586390522
main,1.0,128,98000,0.95,cdf_empbernstein,1000,967,0,0.022458213122393995,0.9033711256754066,681.7461200283392,0.02446388197248755,0.903108347594738,0.006565898733924203,682.6601493939346,0.967,0.9540184599711052,0.9764072167492062,0.0,0.0,0.003826898586390522
main,1.0,128,98000,0.95,cdf_pacbayes,1000,111,0,0.021994200358922418,0.9066184834317044,675.4970936326514,0.024987730324933122,0.8966525001525879,0.0037812092965160775,705.6758752503672,0.111,0.09299890611775587,0.131978420982456,0.0,0.0,0.003826898586390522
main,1.0,128,98000,0.95,exc_betting,1000,1000,0,0.02658120289258659,0.9077833612561226,712.1057814941141,0.006749833234221301,0.9077833612561226,0.0025872105955744643,712.1057814941141,1.0,0.9961731014136095,1.0,0.0,0.0,0.003826898586390522
main,1.0,128,98000,0.95,exc_empbernstein,1000,1000,0,0.026706183044239877,0.9077872391343117,713.0280663435989,0.0068878709287079004,0.9077872391343117,0.0025882448447080543,713.0280663435989,1.0,0.9961731014136095,1.0,0.0,0.0,0.003826898586390522
main,1.0,128,98000,0.95,exceedance,1000,1000,0,0.025747799741104246,0.9077489666938782,704.7979329097018,0.0074794414784884675,0.9077489666938782,0.002609703044928394,704.7979329097018,1.0,0.9961731014136095,1.0,0.0,0.0,0.003826898586390522
main,1.0,128,98000,0.95,naive,1000,1000,0,0.027187675477936865,0.9078178649544716,716.3570970713777,0.005775257149427894,0.9078178649544716,0.0025635686153513155,716.3570970713777,1.0,0.9961731014136095,1.0,0.0,0.0,0.003826898586390522
main,1.0,128,98000,0.95,norm_betting,1000,1000,0,0.02681687748245895,0.9077911171913147,713.8592411930836,0.0065671247026833105,0.9077911171913147,0.002589321137786389,713.8592411930836,1.0,0.9961731014136095,1.0,0.0,0.0,0.003826898586390522
main,1.0,128,98000,0.95,split,1000,958,0,0.024035718984170847,0.9068865837035448,691.1881600824371,0.007980491766191632,0.9064044896364212,0.004408473515069196,691.9549045018318,0.958,0.9437152767228901,0.9687792841719761,0.0,0.0,0.003826898586390522
