tag,eps,K,n,p,method,reps,cert,false,G_sel,acc_sel,Ymean_sel,slack,acc_deploy,acc_deploy_sd,Ymean_deploy,cert_rate,cert_lo,cert_hi,false_rate,false_lo,false_hi
stress,0.2,8,250,0.9,cdf_empbernstein,1000,0,0,,,,,0.8954081535339355,0.0,709.4439795918368,0.0,0.0,0.003826898586390522,0.0,0.0,0.003826898586390522
stress,0.2,8,250,0.9,cdf_pacbayes,1000,0,0,,,,,0.8954081535339355,0.0,709.4439795918368,0.0,0.0,0.003826898586390522,0.0,0.0,0.003826898586390522
stress,0.2,8,250,0.9,exc_betting,1000,0,0,,,,,0.8954081535339355,0.0,709.4439795918368,0.0,0.0,0.003826898586390522,0.0,0.0,0.003826898586390522
stress,0.2,8,250,0.9,exc_empbernstein,1000,0,0,,,,,0.8954081535339355,0.0,709.4439795918368,0.0,0.0,0.003826898586390522,0.0,0.0,0.003826898586390522
stress,0.2,8,250,0.9,exceedance,1000,0,0,,,,,0.8954081535339355,0.0,709.4439795918368,0.0,0.0,0.003826898586390522,0.0,0.0,0.003826898586390522
stress,0.2,8,250,0.9,naive,1000,0,0,,,,,0.8954081535339355,0.0,709.4439795918368,0.0,0.0,0.003826898586390522,0.0,0.0,0.003826898586390522
stress,0.2,8,250,0.9,norm_betting,1000,0,0,,,,,0.8954081535339355,0.0,709.4439795918368,0.0,0.0,0.003826898586390522,0.0,0.0,0.003826898586390522
stress,0.2,8,250,0.9,split,1000,0,0,,,,,0.8954081535339355,0.0,709.4439795918368,0.0,0.0,0.003826898586390522,0.0,0.0,0.003826898586390522
stress,0.2,8,250,0.95,cdf_empbernstein,1000,0,0,,,,,0.8954081535339355,0.0,709.4439795918368,0.0,0.0,0.003826898586390522,0.0,0.0,0.003826898586390522
stress,0.2,8,250,0.95,cdf_pacbayes,1000,0,0,,,,,0.8954081535339355,0.0,709.4439795918368,0.0,0.0,0.003826898586390522,0.0,0.0,0.003826898586390522
stress,0.2,8,250,0.95,exc_betting,1000,0,0,,,,,0.8954081535339355,0.0,709.4439795918368,0.0,0.0,0.003826898586390522,0.0,0.0,0.003826898586390522
stress,0.2,8,250,0.95,exc_empbernstein,1000,0,0,,,,,0.8954081535339355,0.0,709.4439795918368,0.0,0.0,0.003826898586390522,0.0,0.0,0.003826898586390522
stress,0.2,8,250,0.95,exceedance,1000,0,0,,,,,0.8954081535339355,0.0,709.4439795918368,0.0,0.0,0.003826898586390522,0.0,0.0,0.003826898586390522
stress,0.2,8,250,0.95,naive,1000,0,0,,,,,0.8954081535339355,0.0,709.4439795918368,0.0,0.0,0.003826898586390522,0.0,0.0,0.003826898586390522
stress,0.2,8,250,0.95,norm_betting,1000,0,0,,,,,0.8954081535339355,0.0,709.4439795918368,0.0,0.0,0.003826898586390522,0.0,0.0,0.003826898586390522
stress,0.2,8,250,0.95,split,1000,0,0,,,,,0.8954081535339355,0.0,709.4439795918368,0.0,0.0,0.003826898586390522,0.0,0.0,0.003826898586390522
stress,0.2,8,527,0.9,cdf_empbernstein,1000,0,0,,,,,0.8954081535339355,0.0,709.4439795918368,0.0,0.0,0.003826898586390522,0.0,0.0,0.003826898586390522
stress,0.2,8,527,0.9,cdf_pacbayes,1000,0,0,,,,,0.8954081535339355,0.0,709.4439795918368,0.0,0.0,0.003826898586390522,0.0,0.0,0.003826898586390522
stress,0.2,8,527,0.9,exc_betting,1000,0,0,,,,,0.8954081535339355,0.0,709.4439795918368,0.0,0.0,0.003826898586390522,0.0,0.0,0.003826898586390522
stress,0.2,8,527,0.9,exc_empbernstein,1000,0,0,,,,,0.8954081535339355,0.0,709.4439795918368,0.0,0.0,0.003826898586390522,0.0,0.0,0.003826898586390522
stress,0.2,8,527,0.9,exceedance,1000,0,0,,,,,0.8954081535339355,0.0,709.4439795918368,0.0,0.0,0.003826898586390522,0.0,0.0,0.003826898586390522
stress,0.2,8,527,0.9,naive,1000,0,0,,,,,0.8954081535339355,0.0,709.4439795918368,0.0,0.0,0.003826898586390522,0.0,0.0,0.003826898586390522
stress,0.2,8,527,0.9,norm_betting,1000,0,0,,,,,0.8954081535339355,0.0,709.4439795918368,0.0,0.0,0.003826898586390522,0.0,0.0,0.003826898586390522
stress,0.2,8,527,0.9,split,1000,0,0,,,,,0.8954081535339355,0.0,709.4439795918368,0.0,0.0,0.003826898586390522,0.0,0.0,0.003826898586390522
stress,0.2,8,527,0.95,cdf_empbernstein,1000,0,0,,,,,0.8954081535339355,0.0,709.4439795918368,0.0,0.0,0.003826898586390522,0.0,0.0,0.003826898586390522
stress,0.2,8,527,0.95,cdf_pacbayes,1000,0,0,,,,,0.8954081535339355,0.0,709.4439795918368,0.0,0.0,0.003826898586390522,0.0,0.0,0.003826898586390522
stress,0.2,8,527,0.95,exc_betting,1000,0,0,,,,,0.8954081535339355,0.0,709.4439795918368,0.0,0.0,0.003826898586390522,0.0,0.0,0.003826898586390522
stress,0.2,8,527,0.95,exc_empbernstein,1000,0,0,,,,,0.8954081535339355,0.0,709.4439795918368,0.0,0.0,0.003826898586390522,0.0,0.0,0.003826898586390522
stress,0.2,8,527,0.95,exceedance,1000,0,0,,,,,0.8954081535339355,0.0,709.4439795918368,0.0,0.0,0.003826898586390522,0.0,0.0,0.003826898586390522
stress,0.2,8,527,0.95,naive,1000,0,0,,,,,0.8954081535339355,0.0,709.4439795918368,0.0,0.0,0.003826898586390522,0.0,0.0,0.003826898586390522
stress,0.2,8,527,0.95,norm_betting,1000,0,0,,,,,0.8954081535339355,0.0,709.4439795918368,0.0,0.0,0.003826898586390522,0.0,0.0,0.003826898586390522
stress,0.2,8,527,0.95,split,1000,0,0,,,,,0.8954081535339355,0.0,709.4439795918368,0.0,0.0,0.003826898586390522,0.0,0.0,0.003826898586390522
stress,0.2,8,1112,0.9,cdf_empbernstein,1000,0,0,,,,,0.8954081535339355,0.0,709.4439795918368,0.0,0.0,0.003826898586390522,0.0,0.0,0.003826898586390522
stress,0.2,8,1112,0.9,cdf_pacbayes,1000,0,0,,,,,0.8954081535339355,0.0,709.4439795918368,0.0,0.0,0.003826898586390522,0.0,0.0,0.003826898586390522
stress,0.2,8,1112,0.9,exc_betting,1000,0,0,,,,,0.8954081535339355,0.0,709.4439795918368,0.0,0.0,0.003826898586390522,0.0,0.0,0.003826898586390522
stress,0.2,8,1112,0.9,exc_empbernstein,1000,0,0,,,,,0.8954081535339355,0.0,709.4439795918368,0.0,0.0,0.003826898586390522,0.0,0.0,0.003826898586390522
stress,0.2,8,1112,0.9,exceedance,1000,0,0,,,,,0.8954081535339355,0.0,709.4439795918368,0.0,0.0,0.003826898586390522,0.0,0.0,0.003826898586390522
stress,0.2,8,1112,0.9,naive,1000,0,0,,,,,0.8954081535339355,0.0,709.4439795918368,0.0,0.0,0.003826898586390522,0.0,0.0,0.003826898586390522
stress,0.2,8,1112,0.9,norm_betting,1000,0,0,,,,,0.8954081535339355,0.0,709.4439795918368,0.0,0.0,0.003826898586390522,0.0,0.0,0.003826898586390522
stress,0.2,8,1112,0.9,split,1000,0,0,,,,,0.8954081535339355,0.0,709.4439795918368,0.0,0.0,0.003826898586390522,0.0,0.0,0.003826898586390522
stress,0.2,8,1112,0.95,cdf_empbernstein,1000,0,0,,,,,0.8954081535339355,0.0,709.4439795918368,0.0,0.0,0.003826898586390522,0.0,0.0,0.003826898586390522
stress,0.2,8,1112,0.95,cdf_pacbayes,1000,0,0,,,,,0.8954081535339355,0.0,709.4439795918368,0.0,0.0,0.003826898586390522,0.0,0.0,0.003826898586390522
stress,0.2,8,1112,0.95,exc_betting,1000,0,0,,,,,0.8954081535339355,0.0,709.4439795918368,0.0,0.0,0.003826898586390522,0.0,0.0,0.003826898586390522
stress,0.2,8,1112,0.95,exc_empbernstein,1000,0,0,,,,,0.8954081535339355,0.0,709.4439795918368,0.0,0.0,0.003826898586390522,0.0,0.0,0.003826898586390522
stress,0.2,8,1112,0.95,exceedance,1000,0,0,,,,,0.8954081535339355,0.0,709.4439795918368,0.0,0.0,0.003826898586390522,0.0,0.0,0.003826898586390522
stress,0.2,8,1112,0.95,naive,1000,0,0,,,,,0.8954081535339355,0.0,709.4439795918368,0.0,0.0,0.003826898586390522,0.0,0.0,0.003826898586390522
stress,0.2,8,1112,0.95,norm_betting,1000,0,0,,,,,0.8954081535339355,0.0,709.4439795918368,0.0,0.0,0.003826898586390522,0.0,0.0,0.003826898586390522
stress,0.2,8,1112,0.95,split,1000,0,0,,,,,0.8954081535339355,0.0,709.4439795918368,0.0,0.0,0.003826898586390522,0.0,0.0,0.003826898586390522
stress,0.2,8,2347,0.9,cdf_empbernstein,1000,0,0,,,,,0.8954081535339355,0.0,709.4439795918368,0.0,0.0,0.003826898586390522,0.0,0.0,0.003826898586390522
stress,0.2,8,2347,0.9,cdf_pacbayes,1000,0,0,,,,,0.8954081535339355,0.0,709.4439795918368,0.0,0.0,0.003826898586390522,0.0,0.0,0.003826898586390522
stress,0.2,8,2347,0.9,exc_betting,1000,0,0,,,,,0.8954081535339355,0.0,709.4439795918368,0.0,0.0,0.003826898586390522,0.0,0.0,0.003826898586390522
stress,0.2,8,2347,0.9,exc_empbernstein,1000,0,0,,,,,0.8954081535339355,0.0,709.4439795918368,0.0,0.0,0.003826898586390522,0.0,0.0,0.003826898586390522
stress,0.2,8,2347,0.9,exceedance,1000,0,0,,,,,0.8954081535339355,0.0,709.4439795918368,0.0,0.0,0.003826898586390522,0.0,0.0,0.003826898586390522
stress,0.2,8,2347,0.9,naive,1000,0,0,,,,,0.8954081535339355,0.0,709.4439795918368,0.0,0.0,0.003826898586390522,0.0,0.0,0.003826898586390522
stress,0.2,8,2347,0.9,norm_betting,1000,0,0,,,,,0.8954081535339355,0.0,709.4439795918368,0.0,0.0,0.003826898586390522,0.0,0.0,0.003826898586390522
stress,0.2,8,2347,0.9,split,1000,0,0,,,,,0.8954081535339355,0.0,709.4439795918368,0.0,0.0,0.003826898586390522,0.0,0.0,0.003826898586390522
stress,0.2,8,2347,0.95,cdf_empbernstein,1000,0,0,,,,,0.8954081535339355,0.0,709.4439795918368,0.0,0.0,0.003826898586390522,0.0,0.0,0.003826898586390522
stress,0.2,8,2347,0.95,cdf_pacbayes,1000,0,0,,,,,0.8954081535339355,0.0,709.4439795918368,0.0,0.0,0.003826898586390522,0.0,0.0,0.003826898586390522
stress,0.2,8,2347,0.95,exc_betting,1000,0,0,,,,,0.8954081535339355,0.0,709.4439795918368,0.0,0.0,0.003826898586390522,0.0,0.0,0.003826898586390522
stress,0.2,8,2347,0.95,exc_empbernstein,1000,0,0,,,,,0.8954081535339355,0.0,709.4439795918368,0.0,0.0,0.003826898586390522,0.0,0.0,0.003826898586390522
stress,0.2,8,2347,0.95,exceedance,1000,0,0,,,,,0.8954081535339355,0.0,709.4439795918368,0.0,0.0,0.003826898586390522,0.0,0.0,0.003826898586390522
stress,0.2,8,2347,0.95,naive,1000,0,0,,,,,0.8954081535339355,0.0,709.4439795918368,0.0,0.0,0.003826898586390522,0.0,0.0,0.003826898586390522
stress,0.2,8,2347,0.95,norm_betting,1000,0,0,,,,,0.8954081535339355,0.0,709.4439795918368,0.0,0.0,0.003826898586390522,0.0,0.0,0.003826898586390522
stress,0.2,8,2347,0.95,split,1000,0,0,,,,,0.8954081535339355,0.0,709.4439795918368,0.0,0.0,0.003826898586390522,0.0,0.0,0.003826898586390522
stress,0.2,8,4950,0.9,cdf_empbernstein,1000,0,0,,,,,0.8954081535339355,0.0,709.4439795918368,0.0,0.0,0.003826898586390522,0.0,0.0,0.003826898586390522
stress,0.2,8,4950,0.9,cdf_pacbayes,1000,0,0,,,,,0.8954081535339355,0.0,709.4439795918368,0.0,0.0,0.003826898586390522,0.0,0.0,0.003826898586390522
stress,0.2,8,4950,0.9,exc_betting,1000,0,0,,,,,0.8954081535339355,0.0,709.4439795918368,0.0,0.0,0.003826898586390522,0.0,0.0,0.003826898586390522
stress,0.2,8,4950,0.9,exc_empbernstein,1000,0,0,,,,,0.8954081535339355,0.0,709.4439795918368,0.0,0.0,0.003826898586390522,0.0,0.0,0.003826898586390522
stress,0.2,8,4950,0.9,exceedance,1000,0,0,,,,,0.8954081535339355,0.0,709.4439795918368,0.0,0.0,0.003826898586390522,0.0,0.0,0.003826898586390522
stress,0.2,8,4950,0.9,naive,1000,0,0,,,,,0.8954081535339355,0.0,709.4439795918368,0.0,0.0,0.003826898586390522,0.0,0.0,0.003826898586390522
stress,0.2,8,4950,0.9,norm_betting,1000,0,0,,,,,0.8954081535339355,0.0,709.4439795918368,0.0,0.0,0.003826898586390522,0.0,0.0,0.003826898586390522
stress,0.2,8,4950,0.9,split,1000,0,0,,,,,0.8954081535339355,0.0,709.4439795918368,0.0,0.0,0.003826898586390522,0.0,0.0,0.003826898586390522
stress,0.2,8,4950,0.95,cdf_empbernstein,1000,0,0,,,,,0.8954081535339355,0.0,709.4439795918368,0.0,0.0,0.003826898586390522,0.0,0.0,0.003826898586390522
stress,0.2,8,4950,0.95,cdf_pacbayes,1000,0,0,,,,,0.8954081535339355,0.0,709.4439795918368,0.0,0.0,0.003826898586390522,0.0,0.0,0.003826898586390522
stress,0.2,8,4950,0.95,exc_betting,1000,0,0,,,,,0.8954081535339355,0.0,709.4439795918368,0.0,0.0,0.003826898586390522,0.0,0.0,0.003826898586390522
stress,0.2,8,4950,0.95,exc_empbernstein,1000,0,0,,,,,0.8954081535339355,0.0,709.4439795918368,0.0,0.0,0.003826898586390522,0.0,0.0,0.003826898586390522
stress,0.2,8,4950,0.95,exceedance,1000,0,0,,,,,0.8954081535339355,0.0,709.4439795918368,0.0,0.0,0.003826898586390522,0.0,0.0,0.003826898586390522
stress,0.2,8,4950,0.95,naive,1000,0,0,,,,,0.8954081535339355,0.0,709.4439795918368,0.0,0.0,0.003826898586390522,0.0,0.0,0.003826898586390522
stress,0.2,8,4950,0.95,norm_betting,1000,0,0,,,,,0.8954081535339355,0.0,709.4439795918368,0.0,0.0,0.003826898586390522,0.0,0.0,0.003826898586390522
stress,0.2,8,4950,0.95,split,1000,0,0,,,,,0.8954081535339355,0.0,709.4439795918368,0.0,0.0,0.003826898586390522,0.0,0.0,0.003826898586390522
stress,0.2,8,9800,0.9,cdf_empbernstein,1000,0,0,,,,,0.8954081535339355,0.0,709.4439795918368,0.0,0.0,0.003826898586390522,0.0,0.0,0.003826898586390522
stress,0.2,8,9800,0.9,cdf_pacbayes,1000,0,0,,,,,0.8954081535339355,0.0,709.4439795918368,0.0,0.0,0.003826898586390522,0.0,0.0,0.003826898586390522
stress,0.2,8,9800,0.9,exc_betting,1000,4,4,0.10385204292833805,0.9045663177967072,681.8088520408163,-0.009438979042899202,0.8954447861909867,0.0006684182368747925,709.3334390816326,0.004,0.0015565629678934295,0.010239720429805971,0.004,0.0015565629678934295,0.010239720429805971
stress,0.2,8,9800,0.9,exc_empbernstein,1000,0,0,,,,,0.8954081535339355,0.0,709.4439795918368,0.0,0.0,0.003826898586390522,0.0,0.0,0.003826898586390522
stress,0.2,8,9800,0.9,exceedance,1000,0,0,,,,,0.8954081535339355,0.0,709.4439795918368,0.0,0.0,0.003826898586390522,0.0,0.0,0.003826898586390522
stress,0.2,8,9800,0.9,naive,1000,0,0,,,,,0.8954081535339355,0.0,709.4439795918368,0.0,0.0,0.003826898586390522,0.0,0.0,0.003826898586390522
stress,0.2,8,9800,0.9,norm_betting,1000,1,1,0.10265306383371353,0.9071428775787354,666.9501020408163,-0.005901257340768254,0.8954198882579804,0.00037108455695111065,709.4014857142857,0.001,0.0001765418290572713,0.0056427029601604705,0.001,0.0001765418290572713,0.0056427029601604705
stress,0.2,8,9800,0.9,split,1000,0,0,,,,,0.8954081535339355,0.0,709.4439795918368,0.0,0.0,0.003826898586390522,0.0,0.0,0.003826898586390522
stress,0.2,8,9800,0.95,cdf_empbernstein,1000,0,0,,,,,0.8954081535339355,0.0,709.4439795918368,0.0,0.0,0.003826898586390522,0.0,0.0,0.003826898586390522
stress,0.2,8,9800,0.95,cdf_pacbayes,1000,0,0,,,,,0.8954081535339355,0.0,709.4439795918368,0.0,0.0,0.003826898586390522,0.0,0.0,0.003826898586390522
stress,0.2,8,9800,0.95,exc_betting,1000,0,0,,,,,0.8954081535339355,0.0,709.4439795918368,0.0,0.0,0.003826898586390522,0.0,0.0,0.003826898586390522
stress,0.2,8,9800,0.95,exc_empbernstein,1000,0,0,,,,,0.8954081535339355,0.0,709.4439795918368,0.0,0.0,0.003826898586390522,0.0,0.0,0.003826898586390522
stress,0.2,8,9800,0.95,exceedance,1000,0,0,,,,,0.8954081535339355,0.0,709.4439795918368,0.0,0.0,0.003826898586390522,0.0,0.0,0.003826898586390522
stress,0.2,8,9800,0.95,naive,1000,0,0,,,,,0.8954081535339355,0.0,709.4439795918368,0.0,0.0,0.003826898586390522,0.0,0.0,0.003826898586390522
stress,0.2,8,9800,0.95,norm_betting,1000,0,0,,,,,0.8954081535339355,0.0,709.4439795918368,0.0,0.0,0.003826898586390522,0.0,0.0,0.003826898586390522
stress,0.2,8,9800,0.95,split,1000,0,0,,,,,0.8954081535339355,0.0,709.4439795918368,0.0,0.0,0.003826898586390522,0.0,0.0,0.003826898586390522
stress,0.2,8,10441,0.9,cdf_empbernstein,1000,0,0,,,,,0.8954081535339355,0.0,709.4439795918368,0.0,0.0,0.003826898586390522,0.0,0.0,0.003826898586390522
stress,0.2,8,10441,0.9,cdf_pacbayes,1000,0,0,,,,,0.8954081535339355,0.0,709.4439795918368,0.0,0.0,0.003826898586390522,0.0,0.0,0.003826898586390522
stress,0.2,8,10441,0.9,exc_betting,1000,2,2,0.1036224514245987,0.9012755155563354,688.1970408163265,-0.009288397156514056,0.8954198882579804,0.0003710845569511215,709.4014857142857,0.002,0.000548632102457155,0.007262958889587807,0.002,0.000548632102457155,0.007262958889587807
stress,0.2,8,10441,0.9,exc_empbernstein,1000,0,0,,,,,0.8954081535339355,0.0,709.4439795918368,0.0,0.0,0.003826898586390522,0.0,0.0,0.003826898586390522
stress,0.2,8,10441,0.9,exceedance,1000,0,0,,,,,0.8954081535339355,0.0,709.4439795918368,0.0,0.0,0.003826898586390522,0.0,0.0,0.003826898586390522
stress,0.2,8,10441,0.9,naive,1000,0,0,,,,,0.8954081535339355,0.0,709.4439795918368,0.0,0.0,0.003826898586390522,0.0,0.0,0.003826898586390522
stress,0.2,8,10441,0.9,norm_betting,1000,3,3,0.10350340356429417,0.9034353693326315,682.6158163265305,-0.00814230850301905,0.8954322351813316,0.0005383866631965898,709.3634951020408,0.003,0.0010207654054443255,0.008783171789427854,0.003,0.0010207654054443255,0.008783171789427854
stress,0.2,8,10441,0.9,split,1000,0,0,,,,,0.8954081535339355,0.0,709.4439795918368,0.0,0.0,0.003826898586390522,0.0,0.0,0.003826898586390522
stress,0.2,8,10441,0.95,cdf_empbernstein,1000,0,0,,,,,0.8954081535339355,0.0,709.4439795918368,0.0,0.0,0.003826898586390522,0.0,0.0,0.003826898586390522
stress,0.2,8,10441,0.95,cdf_pacbayes,1000,0,0,,,,,0.8954081535339355,0.0,709.4439795918368,0.0,0.0,0.003826898586390522,0.0,0.0,0.003826898586390522
stress,0.2,8,10441,0.95,exc_betting,1000,2,2,0.05346938781440258,0.9016836583614349,694.4159693877551,-0.007565085966033322,0.8954207045435906,0.0003968977744456085,709.4139235714287,0.002,0.000548632102457155,0.007262958889587807,0.002,0.000548632102457155,0.007262958889587807
stress,0.2,8,10441,0.95,exc_empbernstein,1000,0,0,,,,,0.8954081535339355,0.0,709.4439795918368,0.0,0.0,0.003826898586390522,0.0,0.0,0.003826898586390522
stress,0.2,8,10441,0.95,exceedance,1000,0,0,,,,,0.8954081535339355,0.0,709.4439795918368,0.0,0.0,0.003826898586390522,0.0,0.0,0.003826898586390522
stress,0.2,8,10441,0.95,naive,1000,0,0,,,,,0.8954081535339355,0.0,709.4439795918368,0.0,0.0,0.003826898586390522,0.0,0.0,0.003826898586390522
stress,0.2,8,10441,0.95,norm_betting,1000,2,2,0.05346938781440258,0.9016836583614349,694.4159693877551,-0.007393360723002104,0.8954207045435906,0.0003968977744456085,709.4139235714287,0.002,0.000548632102457155,0.007262958889587807,0.002,0.000548632102457155,0.007262958889587807
stress,0.2,8,10441,0.95,split,1000,0,0,,,,,0.8954081535339355,0.0,709.4439795918368,0.0,0.0,0.003826898586390522,0.0,0.0,0.003826898586390522
stress,0.2,8,22024,0.9,cdf_empbernstein,1000,0,0,,,,,0.8954081535339355,0.0,709.4439795918368,0.0,0.0,0.003826898586390522,0.0,0.0,0.003826898586390522
stress,0.2,8,22024,0.9,cdf_pacbayes,1000,0,0,,,,,0.8954081535339355,0.0,709.4439795918368,0.0,0.0,0.003826898586390522,0.0,0.0,0.003826898586390522
stress,0.2,8,22024,0.9,exc_betting,1000,0,0,,,,,0.8954081535339355,0.0,709.4439795918368,0.0,0.0,0.003826898586390522,0.0,0.0,0.003826898586390522
stress,0.2,8,22024,0.9,exc_empbernstein,1000,0,0,,,,,0.8954081535339355,0.0,709.4439795918368,0.0,0.0,0.003826898586390522,0.0,0.0,0.003826898586390522
stress,0.2,8,22024,0.9,exceedance,1000,0,0,,,,,0.8954081535339355,0.0,709.4439795918368,0.0,0.0,0.003826898586390522,0.0,0.0,0.003826898586390522
stress,0.2,8,22024,0.9,naive,1000,0,0,,,,,0.8954081535339355,0.0,709.4439795918368,0.0,0.0,0.003826898586390522,0.0,0.0,0.003826898586390522
stress,0.2,8,22024,0.9,norm_betting,1000,0,0,,,,,0.8954081535339355,0.0,709.4439795918368,0.0,0.0,0.003826898586390522,0.0,0.0,0.003826898586390522
stress,0.2,8,22024,0.9,split,1000,0,0,,,,,0.8954081535339355,0.0,709.4439795918368,0.0,0.0,0.003826898586390522,0.0,0.0,0.003826898586390522
stress,0.2,8,22024,0.95,cdf_empbernstein,1000,0,0,,,,,0.8954081535339355,0.0,709.4439795918368,0.0,0.0,0.003826898586390522,0.0,0.0,0.003826898586390522
stress,0.2,8,22024,0.95,cdf_pacbayes,1000,0,0,,,,,0.8954081535339355,0.0,709.4439795918368,0.0,0.0,0.003826898586390522,0.0,0.0,0.003826898586390522
stress,0.2,8,22024,0.95,exc_betting,1000,1,1,0.0535714291036129,0.8954081535339355,709.4439795918368,-0.004174444627255726,0.8954081535339355,0.0,709.4439795918368,0.001,0.0001765418290572713,0.0056427029601604705,0.001,0.0001765418290572713,0.0056427029601604705
stress,0.2,8,22024,0.95,exc_empbernstein,1000,0,0,,,,,0.8954081535339355,0.0,709.4439795918368,0.0,0.0,0.003826898586390522,0.0,0.0,0.003826898586390522
stress,0.2,8,22024,0.95,exceedance,1000,0,0,,,,,0.8954081535339355,0.0,709.4439795918368,0.0,0.0,0.003826898586390522,0.0,0.0,0.003826898586390522
stress,0.2,8,22024,0.95,naive,1000,0,0,,,,,0.8954081535339355,0.0,709.4439795918368,0.0,0.0,0.003826898586390522,0.0,0.0,0.003826898586390522
stress,0.2,8,22024,0.95,norm_betting,1000,0,0,,,,,0.8954081535339355,0.0,709.4439795918368,0.0,0.0,0.003826898586390522,0.0,0.0,0.003826898586390522
stress,0.2,8,22024,0.95,split,1000,0,0,,,,,0.8954081535339355,0.0,709.4439795918368,0.0,0.0,0.003826898586390522,0.0,0.0,0.003826898586390522
stress,0.2,8,46459,0.9,cdf_empbernstein,1000,0,0,,,,,0.8954081535339355,0.0,709.4439795918368,0.0,0.0,0.003826898586390522,0.0,0.0,0.003826898586390522
stress,0.2,8,46459,0.9,cdf_pacbayes,1000,0,0,,,,,0.8954081535339355,0.0,709.4439795918368,0.0,0.0,0.003826898586390522,0.0,0.0,0.003826898586390522
stress,0.2,8,46459,0.9,exc_betting,1000,0,0,,,,,0.8954081535339355,0.0,709.4439795918368,0.0,0.0,0.003826898586390522,0.0,0.0,0.003826898586390522
stress,0.2,8,46459,0.9,exc_empbernstein,1000,0,0,,,,,0.8954081535339355,0.0,709.4439795918368,0.0,0.0,0.003826898586390522,0.0,0.0,0.003826898586390522
stress,0.2,8,46459,0.9,exceedance,1000,0,0,,,,,0.8954081535339355,0.0,709.4439795918368,0.0,0.0,0.003826898586390522,0.0,0.0,0.003826898586390522
stress,0.2,8,46459,0.9,naive,1000,0,0,,,,,0.8954081535339355,0.0,709.4439795918368,0.0,0.0,0.003826898586390522,0.0,0.0,0.003826898586390522
stress,0.2,8,46459,0.9,norm_betting,1000,0,0,,,,,0.8954081535339355,0.0,709.4439795918368,0.0,0.0,0.003826898586390522,0.0,0.0,0.003826898586390522
stress,0.2,8,46459,0.9,split,1000,0,0,,,,,0.8954081535339355,0.0,709.4439795918368,0.0,0.0,0.003826898586390522,0.0,0.0,0.003826898586390522
stress,0.2,8,46459,0.95,cdf_empbernstein,1000,0,0,,,,,0.8954081535339355,0.0,709.4439795918368,0.0,0.0,0.003826898586390522,0.0,0.0,0.003826898586390522
stress,0.2,8,46459,0.95,cdf_pacbayes,1000,0,0,,,,,0.8954081535339355,0.0,709.4439795918368,0.0,0.0,0.003826898586390522,0.0,0.0,0.003826898586390522
stress,0.2,8,46459,0.95,exc_betting,1000,1,1,0.0525510199368,0.9088775515556335,669.6648979591837,-0.004451178849912668,0.8954216229319573,0.00042593976459931953,709.4042005102041,0.001,0.0001765418290572713,0.0056427029601604705,0.001,0.0001765418290572713,0.0056427029601604705
stress,0.2,8,46459,0.95,exc_empbernstein,1000,0,0,,,,,0.8954081535339355,0.0,709.4439795918368,0.0,0.0,0.003826898586390522,0.0,0.0,0.003826898586390522
stress,0.2,8,46459,0.95,exceedance,1000,0,0,,,,,0.8954081535339355,0.0,709.4439795918368,0.0,0.0,0.003826898586390522,0.0,0.0,0.003826898586390522
stress,0.2,8,46459,0.95,naive,1000,0,0,,,,,0.8954081535339355,0.0,709.4439795918368,0.0,0.0,0.003826898586390522,0.0,0.0,0.003826898586390522
stress,0.2,8,46459,0.95,norm_betting,1000,1,1,0.0525510199368,0.9088775515556335,669.6648979591837,-0.003517380819705644,0.8954216229319573,0.00042593976459931953,709.4042005102041,0.001,0.0001765418290572713,0.0056427029601604705,0.001,0.0001765418290572713,0.0056427029601604705
stress,0.2,8,46459,0.95,split,1000,0,0,,,,,0.8954081535339355,0.0,709.4439795918368,0.0,0.0,0.003826898586390522,0.0,0.0,0.003826898586390522
stress,0.2,8,98000,0.9,cdf_empbernstein,1000,0,0,,,,,0.8954081535339355,0.0,709.4439795918368,0.0,0.0,0.003826898586390522,0.0,0.0,0.003826898586390522
stress,0.2,8,98000,0.9,cdf_pacbayes,1000,0,0,,,,,0.8954081535339355,0.0,709.4439795918368,0.0,0.0,0.003826898586390522,0.0,0.0,0.003826898586390522
stress,0.2,8,98000,0.9,exc_betting,1000,0,0,,,,,0.8954081535339355,0.0,709.4439795918368,0.0,0.0,0.003826898586390522,0.0,0.0,0.003826898586390522
stress,0.2,8,98000,0.9,exc_empbernstein,1000,0,0,,,,,0.8954081535339355,0.0,709.4439795918368,0.0,0.0,0.003826898586390522,0.0,0.0,0.003826898586390522
stress,0.2,8,98000,0.9,exceedance,1000,0,0,,,,,0.8954081535339355,0.0,709.4439795918368,0.0,0.0,0.003826898586390522,0.0,0.0,0.003826898586390522
stress,0.2,8,98000,0.9,naive,1000,0,0,,,,,0.8954081535339355,0.0,709.4439795918368,0.0,0.0,0.003826898586390522,0.0,0.0,0.003826898586390522
stress,0.2,8,98000,0.9,norm_betting,1000,0,0,,,,,0.8954081535339355,0.0,709.4439795918368,0.0,0.0,0.003826898586390522,0.0,0.0,0.003826898586390522
stress,0.2,8,98000,0.9,split,1000,0,0,,,,,0.8954081535339355,0.0,709.4439795918368,0.0,0.0,0.003826898586390522,0.0,0.0,0.003826898586390522
stress,0.2,8,98000,0.95,cdf_empbernstein,1000,0,0,,,,,0.8954081535339355,0.0,709.4439795918368,0.0,0.0,0.003826898586390522,0.0,0.0,0.003826898586390522
stress,0.2,8,98000,0.95,cdf_pacbayes,1000,0,0,,,,,0.8954081535339355,0.0,709.4439795918368,0.0,0.0,0.003826898586390522,0.0,0.0,0.003826898586390522
stress,0.2,8,98000,0.95,exc_betting,1000,0,0,,,,,0.8954081535339355,0.0,709.4439795918368,0.0,0.0,0.003826898586390522,0.0,0.0,0.003826898586390522
stress,0.2,8,98000,0.95,exc_empbernstein,1000,0,0,,,,,0.8954081535339355,0.0,709.4439795918368,0.0,0.0,0.003826898586390522,0.0,0.0,0.003826898586390522
stress,0.2,8,98000,0.95,exceedance,1000,0,0,,,,,0.8954081535339355,0.0,709.4439795918368,0.0,0.0,0.003826898586390522,0.0,0.0,0.003826898586390522
stress,0.2,8,98000,0.95,naive,1000,0,0,,,,,0.8954081535339355,0.0,709.4439795918368,0.0,0.0,0.003826898586390522,0.0,0.0,0.003826898586390522
stress,0.2,8,98000,0.95,norm_betting,1000,0,0,,,,,0.8954081535339355,0.0,709.4439795918368,0.0,0.0,0.003826898586390522,0.0,0.0,0.003826898586390522
stress,0.2,8,98000,0.95,split,1000,0,0,,,,,0.8954081535339355,0.0,709.4439795918368,0.0,0.0,0.003826898586390522,0.0,0.0,0.003826898586390522
stress,0.2,32,250,0.9,cdf_empbernstein,1000,0,0,,,,,0.8954081535339355,0.0,709.4439795918368,0.0,0.0,0.003826898586390522,0.0,0.0,0.003826898586390522
stress,0.2,32,250,0.9,cdf_pacbayes,1000,0,0,,,,,0.8954081535339355,0.0,709.4439795918368,0.0,0.0,0.003826898586390522,0.0,0.0,0.003826898586390522
stress,0.2,32,250,0.9,exc_betting,1000,0,0,,,,,0.8954081535339355,0.0,709.4439795918368,0.0,0.0,0.003826898586390522,0.0,0.0,0.003826898586390522
stress,0.2,32,250,0.9,exc_empbernstein,1000,0,0,,,,,0.8954081535339355,0.0,709.4439795918368,0.0,0.0,0.003826898586390522,0.0,0.0,0.003826898586390522
stress,0.2,32,250,0.9,exceedance,1000,0,0,,,,,0.8954081535339355,0.0,709.4439795918368,0.0,0.0,0.003826898586390522,0.0,0.0,0.003826898586390522
stress,0.2,32,250,0.9,naive,1000,0,0,,,,,0.8954081535339355,0.0,709.4439795918368,0.0,0.0,0.003826898586390522,0.0,0.0,0.003826898586390522
stress,0.2,32,250,0.9,norm_betting,1000,0,0,,,,,0.8954081535339355,0.0,709.4439795918368,0.0,0.0,0.003826898586390522,0.0,0.0,0.003826898586390522
stress,0.2,32,250,0.9,split,1000,0,0,,,,,0.8954081535339355,0.0,709.4439795918368,0.0,0.0,0.003826898586390522,0.0,0.0,0.003826898586390522
stress,0.2,32,250,0.95,cdf_empbernstein,1000,0,0,,,,,0.8954081535339355,0.0,709.4439795918368,0.0,0.0,0.003826898586390522,0.0,0.0,0.003826898586390522
stress,0.2,32,250,0.95,cdf_pacbayes,1000,0,0,,,,,0.8954081535339355,0.0,709.4439795918368,0.0,0.0,0.003826898586390522,0.0,0.0,0.003826898586390522
stress,0.2,32,250,0.95,exc_betting,1000,0,0,,,,,0.8954081535339355,0.0,709.4439795918368,0.0,0.0,0.003826898586390522,0.0,0.0,0.003826898586390522
stress,0.2,32,250,0.95,exc_empbernstein,1000,0,0,,,,,0.8954081535339355,0.0,709.4439795918368,0.0,0.0,0.003826898586390522,0.0,0.0,0.003826898586390522
stress,0.2,32,250,0.95,exceedance,1000,0,0,,,,,0.8954081535339355,0.0,709.4439795918368,0.0,0.0,0.003826898586390522,0.0,0.0,0.003826898586390522
stress,0.2,32,250,0.95,naive,1000,0,0,,,,,0.8954081535339355,0.0,709.4439795918368,0.0,0.0,0.003826898586390522,0.0,0.0,0.003826898586390522
stress,0.2,32,250,0.95,norm_betting,1000,0,0,,,,,0.8954081535339355,0.0,709.4439795918368,0.0,0.0,0.003826898586390522,0.0,0.0,0.003826898586390522
stress,0.2,32,250,0.95,split,1000,0,0,,,,,0.8954081535339355,0.0,709.4439795918368,0.0,0.0,0.003826898586390522,0.0,0.0,0.003826898586390522
stress,0.2,32,527,0.9,cdf_empbernstein,1000,0,0,,,,,0.8954081535339355,0.0,709.4439795918368,0.0,0.0,0.003826898586390522,0.0,0.0,0.003826898586390522
stress,0.2,32,527,0.9,cdf_pacbayes,1000,0,0,,,,,0.8954081535339355,0.0,709.4439795918368,0.0,0.0,0.003826898586390522,0.0,0.0,0.003826898586390522
stress,0.2,32,527,0.9,exc_betting,1000,0,0,,,,,0.8954081535339355,0.0,709.4439795918368,0.0,0.0,0.003826898586390522,0.0,0.0,0.003826898586390522
stress,0.2,32,527,0.9,exc_empbernstein,1000,0,0,,,,,0.8954081535339355,0.0,709.4439795918368,0.0,0.0,0.003826898586390522,0.0,0.0,0.003826898586390522
stress,0.2,32,527,0.9,exceedance,1000,0,0,,,,,0.8954081535339355,0.0,709.4439795918368,0.0,0.0,0.003826898586390522,0.0,0.0,0.003826898586390522
stress,0.2,32,527,0.9,naive,1000,0,0,,,,,0.8954081535339355,0.0,709.4439795918368,0.0,0.0,0.003826898586390522,0.0,0.0,0.003826898586390522
stress,0.2,32,527,0.9,norm_betting,1000,0,0,,,,,0.8954081535339355,0.0,709.4439795918368,0.0,0.0,0.003826898586390522,0.0,0.0,0.003826898586390522
stress,0.2,32,527,0.9,split,1000,0,0,,,,,0.8954081535339355,0.0,709.4439795918368,0.0,0.0,0.003826898586390522,0.0,0.0,0.003826898586390522
stress,0.2,32,527,0.95,cdf_empbernstein,1000,0,0,,,,,0.8954081535339355,0.0,709.4439795918368,0.0,0.0,0.003826898586390522,0.0,0.0,0.003826898586390522
stress,0.2,32,527,0.95,cdf_pacbayes,1000,0,0,,,,,0.8954081535339355,0.0,709.4439795918368,0.0,0.0,0.003826898586390522,0.0,0.0,0.003826898586390522
stress,0.2,32,527,0.95,exc_betting,1000,0,0,,,,,0.8954081535339355,0.0,709.4439795918368,0.0,0.0,0.003826898586390522,0.0,0.0,0.003826898586390522
stress,0.2,32,527,0.95,exc_empbernstein,1000,0,0,,,,,0.8954081535339355,0.0,709.4439795918368,0.0,0.0,0.003826898586390522,0.0,0.0,0.003826898586390522
stress,0.2,32,527,0.95,exceedance,1000,0,0,,,,,0.8954081535339355,0.0,709.4439795918368,0.0,0.0,0.003826898586390522,0.0,0.0,0.003826898586390522
stress,0.2,32,527,0.95,naive,1000,0,0,,,,,0.8954081535339355,0.0,709.4439795918368,0.0,0.0,0.003826898586390522,0.0,0.0,0.003826898586390522
stress,0.2,32,527,0.95,norm_betting,1000,0,0,,,,,0.8954081535339355,0.0,709.4439795918368,0.0,0.0,0.003826898586390522,0.0,0.0,0.003826898586390522
stress,0.2,32,527,0.95,split,1000,0,0,,,,,0.8954081535339355,0.0,709.4439795918368,0.0,0.0,0.003826898586390522,0.0,0.0,0.003826898586390522
stress,0.2,32,1112,0.9,cdf_empbernstein,1000,0,0,,,,,0.8954081535339355,0.0,709.4439795918368,0.0,0.0,0.003826898586390522,0.0,0.0,0.003826898586390522
stress,0.2,32,1112,0.9,cdf_pacbayes,1000,0,0,,,,,0.8954081535339355,0.0,709.4439795918368,0.0,0.0,0.003826898586390522,0.0,0.0,0.003826898586390522
stress,0.2,32,1112,0.9,exc_betting,1000,0,0,,,,,0.8954081535339355,0.0,709.4439795918368,0.0,0.0,0.003826898586390522,0.0,0.0,0.003826898586390522
stress,0.2,32,1112,0.9,exc_empbernstein,1000,0,0,,,,,0.8954081535339355,0.0,709.4439795918368,0.0,0.0,0.003826898586390522,0.0,0.0,0.003826898586390522
stress,0.2,32,1112,0.9,exceedance,1000,0,0,,,,,0.8954081535339355,0.0,709.4439795918368,0.0,0.0,0.003826898586390522,0.0,0.0,0.003826898586390522
stress,0.2,32,1112,0.9,naive,1000,0,0,,,,,0.8954081535339355,0.0,709.4439795918368,0.0,0.0,0.003826898586390522,0.0,0.0,0.003826898586390522
stress,0.2,32,1112,0.9,norm_betting,1000,0,0,,,,,0.8954081535339355,0.0,709.4439795918368,0.0,0.0,0.003826898586390522,0.0,0.0,0.003826898586390522
stress,0.2,32,1112,0.9,split,1000,0,0,,,,,0.8954081535339355,0.0,709.4439795918368,0.0,0.0,0.003826898586390522,0.0,0.0,0.003826898586390522
stress,0.2,32,1112,0.95,cdf_empbernstein,1000,0,0,,,,,0.8954081535339355,0.0,709.4439795918368,0.0,0.0,0.003826898586390522,0.0,0.0,0.003826898586390522
stress,0.2,32,1112,0.95,cdf_pacbayes,1000,0,0,,,,,0.8954081535339355,0.0,709.4439795918368,0.0,0.0,0.003826898586390522,0.0,0.0,0.003826898586390522
stress,0.2,32,1112,0.95,exc_betting,1000,0,0,,,,,0.8954081535339355,0.0,709.4439795918368,0.0,0.0,0.003826898586390522,0.0,0.0,0.003826898586390522
stress,0.2,32,1112,0.95,exc_empbernstein,1000,0,0,,,,,0.8954081535339355,0.0,709.4439795918368,0.0,0.0,0.003826898586390522,0.0,0.0,0.003826898586390522
stress,0.2,32,1112,0.95,exceedance,1000,0,0,,,,,0.8954081535339355,0.0,709.4439795918368,0.0,0.0,0.003826898586390522,0.0,0.0,0.003826898586390522
stress,0.2,32,1112,0.95,naive,1000,0,0,,,,,0.8954081535339355,0.0,709.4439795918368,0.0,0.0,0.003826898586390522,0.0,0.0,0.003826898586390522
stress,0.2,32,1112,0.95,norm_betting,1000,0,0,,,,,0.8954081535339355,0.0,709.4439795918368,0.0,0.0,0.003826898586390522,0.0,0.0,0.003826898586390522
stress,0.2,32,1112,0.95,split,1000,0,0,,,,,0.8954081535339355,0.0,709.4439795918368,0.0,0.0,0.003826898586390522,0.0,0.0,0.003826898586390522
stress,0.2,32,2347,0.9,cdf_empbernstein,1000,0,0,,,,,0.8954081535339355,0.0,709.4439795918368,0.0,0.0,0.003826898586390522,0.0,0.0,0.003826898586390522
stress,0.2,32,2347,0.9,cdf_pacbayes,1000,0,0,,,,,0.8954081535339355,0.0,709.4439795918368,0.0,0.0,0.003826898586390522,0.0,0.0,0.003826898586390522
stress,0.2,32,2347,0.9,exc_betting,1000,0,0,,,,,0.8954081535339355,0.0,709.4439795918368,0.0,0.0,0.003826898586390522,0.0,0.0,0.003826898586390522
stress,0.2,32,2347,0.9,exc_empbernstein,1000,0,0,,,,,0.8954081535339355,0.0,709.4439795918368,0.0,0.0,0.003826898586390522,0.0,0.0,0.003826898586390522
stress,0.2,32,2347,0.9,exceedance,1000,0,0,,,,,0.8954081535339355,0.0,709.4439795918368,0.0,0.0,0.003826898586390522,0.0,0.0,0.003826898586390522
stress,0.2,32,2347,0.9,naive,1000,0,0,,,,,0.8954081535339355,0.0,709.4439795918368,0.0,0.0,0.003826898586390522,0.0,0.0,0.003826898586390522
stress,0.2,32,2347,0.9,norm_betting,1000,0,0,,,,,0.8954081535339355,0.0,709.4439795918368,0.0,0.0,0.003826898586390522,0.0,0.0,0.003826898586390522
stress,0.2,32,2347,0.9,split,1000,0,0,,,,,0.8954081535339355,0.0,709.4439795918368,0.0,0.0,0.003826898586390522,0.0,0.0,0.003826898586390522
stress,0.2,32,2347,0.95,cdf_empbernstein,1000,0,0,,,,,0.8954081535339355,0.0,709.4439795918368,0.0,0.0,0.003826898586390522,0.0,0.0,0.003826898586390522
stress,0.2,32,2347,0.95,cdf_pacbayes,1000,0,0,,,,,0.8954081535339355,0.0,709.4439795918368,0.0,0.0,0.003826898586390522,0.0,0.0,0.003826898586390522
stress,0.2,32,2347,0.95,exc_betting,1000,0,0,,,,,0.8954081535339355,0.0,709.4439795918368,0.0,0.0,0.003826898586390522,0.0,0.0,0.003826898586390522
stress,0.2,32,2347,0.95,exc_empbernstein,1000,0,0,,,,,0.8954081535339355,0.0,709.4439795918368,0.0,0.0,0.003826898586390522,0.0,0.0,0.003826898586390522
stress,0.2,32,2347,0.95,exceedance,1000,0,0,,,,,0.8954081535339355,0.0,709.4439795918368,0.0,0.0,0.003826898586390522,0.0,0.0,0.003826898586390522
stress,0.2,32,2347,0.95,naive,1000,0,0,,,,,0.8954081535339355,0.0,709.4439795918368,0.0,0.0,0.003826898586390522,0.0,0.0,0.003826898586390522
stress,0.2,32,2347,0.95,norm_betting,1000,0,0,,,,,0.8954081535339355,0.0,709.4439795918368,0.0,0.0,0.003826898586390522,0.0,0.0,0.003826898586390522
stress,0.2,32,2347,0.95,split,1000,0,0,,,,,0.8954081535339355,0.0,709.4439795918368,0.0,0.0,0.003826898586390522,0.0,0.0,0.003826898586390522
stress,0.2,32,4950,0.9,cdf_empbernstein,1000,0,0,,,,,0.8954081535339355,0.0,709.4439795918368,0.0,0.0,0.003826898586390522,0.0,0.0,0.003826898586390522
stress,0.2,32,4950,0.9,cdf_pacbayes,1000,0,0,,,,,0.8954081535339355,0.0,709.4439795918368,0.0,0.0,0.003826898586390522,0.0,0.0,0.003826898586390522
stress,0.2,32,4950,0.9,exc_betting,1000,0,0,,,,,0.8954081535339355,0.0,709.4439795918368,0.0,0.0,0.003826898586390522,0.0,0.0,0.003826898586390522
stress,0.2,32,4950,0.9,exc_empbernstein,1000,0,0,,,,,0.8954081535339355,0.0,709.4439795918368,0.0,0.0,0.003826898586390522,0.0,0.0,0.003826898586390522
stress,0.2,32,4950,0.9,exceedance,1000,0,0,,,,,0.8954081535339355,0.0,709.4439795918368,0.0,0.0,0.003826898586390522,0.0,0.0,0.003826898586390522
stress,0.2,32,4950,0.9,naive,1000,0,0,,,,,0.8954081535339355,0.0,709.4439795918368,0.0,0.0,0.003826898586390522,0.0,0.0,0.003826898586390522
stress,0.2,32,4950,0.9,norm_betting,1000,0,0,,,,,0.8954081535339355,0.0,709.4439795918368,0.0,0.0,0.003826898586390522,0.0,0.0,0.003826898586390522
stress,0.2,32,4950,0.9,split,1000,0,0,,,,,0.8954081535339355,0.0,709.4439795918368,0.0,0.0,0.003826898586390522,0.0,0.0,0.003826898586390522
stress,0.2,32,4950,0.95,cdf_empbernstein,1000,0,0,,,,,0.8954081535339355,0.0,709.4439795918368,0.0,0.0,0.003826898586390522,0.0,0.0,0.003826898586390522
stress,0.2,32,4950,0.95,cdf_pacbayes,1000,0,0,,,,,0.8954081535339355,0.0,709.4439795918368,0.0,0.0,0.003826898586390522,0.0,0.0,0.003826898586390522
stress,0.2,32,4950,0.95,exc_betting,1000,0,0,,,,,0.8954081535339355,0.0,709.4439795918368,0.0,0.0,0.003826898586390522,0.0,0.0,0.003826898586390522
stress,0.2,32,4950,0.95,exc_empbernstein,1000,0,0,,,,,0.8954081535339355,0.0,709.4439795918368,0.0,0.0,0.003826898586390522,0.0,0.0,0.003826898586390522
stress,0.2,32,4950,0.95,exceedance,1000,0,0,,,,,0.8954081535339355,0.0,709.4439795918368,0.0,0.0,0.003826898586390522,0.0,0.0,0.003826898586390522
stress,0.2,32,4950,0.95,naive,1000,0,0,,,,,0.8954081535339355,0.0,709.4439795918368,0.0,0.0,0.003826898586390522,0.0,0.0,0.003826898586390522
stress,0.2,32,4950,0.95,norm_betting,1000,0,0,,,,,0.8954081535339355,0.0,709.4439795918368,0.0,0.0,0.003826898586390522,0.0,0.0,0.003826898586390522
stress,0.2,32,4950,0.95,split,1000,0,0,,,,,0.8954081535339355,0.0,709.4439795918368,0.0,0.0,0.003826898586390522,0.0,0.0,0.003826898586390522
stress,0.2,32,9800,0.9,cdf_empbernstein,1000,0,0,,,,,0.8954081535339355,0.0,709.4439795918368,0.0,0.0,0.003826898586390522,0.0,0.0,0.003826898586390522
stress,0.2,32,9800,0.9,cdf_pacbayes,1000,0,0,,,,,0.8954081535339355,0.0,709.4439795918368,0.0,0.0,0.003826898586390522,0.0,0.0,0.003826898586390522
stress,0.2,32,9800,0.9,exc_betting,1000,0,0,,,,,0.8954081535339355,0.0,709.4439795918368,0.0,0.0,0.003826898586390522,0.0,0.0,0.003826898586390522
stress,0.2,32,9800,0.9,exc_empbernstein,1000,0,0,,,,,0.8954081535339355,0.0,709.4439795918368,0.0,0.0,0.003826898586390522,0.0,0.0,0.003826898586390522
stress,0.2,32,9800,0.9,exceedance,1000,0,0,,,,,0.8954081535339355,0.0,709.4439795918368,0.0,0.0,0.003826898586390522,0.0,0.0,0.003826898586390522
stress,0.2,32,9800,0.9,naive,1000,0,0,,,,,0.8954081535339355,0.0,709.4439795918368,0.0,0.0,0.003826898586390522,0.0,0.0,0.003826898586390522
stress,0.2,32,9800,0.9,norm_betting,1000,0,0,,,,,0.8954081535339355,0.0,709.4439795918368,0.0,0.0,0.003826898586390522,0.0,0.0,0.003826898586390522
stress,0.2,32,9800,0.9,split,1000,0,0,,,,,0.8954081535339355,0.0,709.4439795918368,0.0,0.0,0.003826898586390522,0.0,0.0,0.003826898586390522
stress,0.2,32,9800,0.95,cdf_empbernstein,1000,0,0,,,,,0.8954081535339355,0.0,709.4439795918368,0.0,0.0,0.003826898586390522,0.0,0.0,0.003826898586390522
stress,0.2,32,9800,0.95,cdf_pacbayes,1000,0,0,,,,,0.8954081535339355,0.0,709.4439795918368,0.0,0.0,0.003826898586390522,0.0,0.0,0.003826898586390522
stress,0.2,32,9800,0.95,exc_betting,1000,0,0,,,,,0.8954081535339355,0.0,709.4439795918368,0.0,0.0,0.003826898586390522,0.0,0.0,0.003826898586390522
stress,0.2,32,9800,0.95,exc_empbernstein,1000,0,0,,,,,0.8954081535339355,0.0,709.4439795918368,0.0,0.0,0.003826898586390522,0.0,0.0,0.003826898586390522
stress,0.2,32,9800,0.95,exceedance,1000,0,0,,,,,0.8954081535339355,0.0,709.4439795918368,0.0,0.0,0.003826898586390522,0.0,0.0,0.003826898586390522
stress,0.2,32,9800,0.95,naive,1000,0,0,,,,,0.8954081535339355,0.0,709.4439795918368,0.0,0.0,0.003826898586390522,0.0,0.0,0.003826898586390522
stress,0.2,32,9800,0.95,norm_betting,1000,0,0,,,,,0.8954081535339355,0.0,709.4439795918368,0.0,0.0,0.003826898586390522,0.0,0.0,0.003826898586390522
stress,0.2,32,9800,0.95,split,1000,0,0,,,,,0.8954081535339355,0.0,709.4439795918368,0.0,0.0,0.003826898586390522,0.0,0.0,0.003826898586390522
stress,0.2,32,10441,0.9,cdf_empbernstein,1000,0,0,,,,,0.8954081535339355,0.0,709.4439795918368,0.0,0.0,0.003826898586390522,0.0,0.0,0.003826898586390522
stress,0.2,32,10441,0.9,cdf_pacbayes,1000,0,0,,,,,0.8954081535339355,0.0,709.4439795918368,0.0,0.0,0.003826898586390522,0.0,0.0,0.003826898586390522
stress,0.2,32,10441,0.9,exc_betting,1000,0,0,,,,,0.8954081535339355,0.0,709.4439795918368,0.0,0.0,0.003826898586390522,0.0,0.0,0.003826898586390522
stress,0.2,32,10441,0.9,exc_empbernstein,1000,0,0,,,,,0.8954081535339355,0.0,709.4439795918368,0.0,0.0,0.003826898586390522,0.0,0.0,0.003826898586390522
stress,0.2,32,10441,0.9,exceedance,1000,0,0,,,,,0.8954081535339355,0.0,709.4439795918368,0.0,0.0,0.003826898586390522,0.0,0.0,0.003826898586390522
stress,0.2,32,10441,0.9,naive,1000,0,0,,,,,0.8954081535339355,0.0,709.4439795918368,0.0,0.0,0.003826898586390522,0.0,0.0,0.003826898586390522
stress,0.2,32,10441,0.9,norm_betting,1000,1,1,0.10459183901548386,0.8954081535339355,709.4439795918368,-0.0057475867894780375,0.8954081535339355,0.0,709.4439795918368,0.001,0.0001765418290572713,0.0056427029601604705,0.001,0.0001765418290572713,0.0056427029601604705
stress,0.2,32,10441,0.9,split,1000,0,0,,,,,0.8954081535339355,0.0,709.4439795918368,0.0,0.0,0.003826898586390522,0.0,0.0,0.003826898586390522
stress,0.2,32,10441,0.95,cdf_empbernstein,1000,0,0,,,,,0.8954081535339355,0.0,709.4439795918368,0.0,0.0,0.003826898586390522,0.0,0.0,0.003826898586390522
stress,0.2,32,10441,0.95,cdf_pacbayes,1000,0,0,,,,,0.8954081535339355,0.0,709.4439795918368,0.0,0.0,0.003826898586390522,0.0,0.0,0.003826898586390522
stress,0.2,32,10441,0.95,exc_betting,1000,0,0,,,,,0.8954081535339355,0.0,709.4439795918368,0.0,0.0,0.003826898586390522,0.0,0.0,0.003826898586390522
stress,0.2,32,10441,0.95,exc_empbernstein,1000,0,0,,,,,0.8954081535339355,0.0,709.4439795918368,0.0,0.0,0.003826898586390522,0.0,0.0,0.003826898586390522
stress,0.2,32,10441,0.95,exceedance,1000,0,0,,,,,0.8954081535339355,0.0,709.4439795918368,0.0,0.0,0.003826898586390522,0.0,0.0,0.003826898586390522
stress,0.2,32,10441,0.95,naive,1000,0,0,,,,,0.8954081535339355,0.0,709.4439795918368,0.0,0.0,0.003826898586390522,0.0,0.0,0.003826898586390522
stress,0.2,32,10441,0.95,norm_betting,1000,0,0,,,,,0.8954081535339355,0.0,709.4439795918368,0.0,0.0,0.003826898586390522,0.0,0.0,0.003826898586390522
stress,0.2,32,10441,0.95,split,1000,0,0,,,,,0.8954081535339355,0.0,709.4439795918368,0.0,0.0,0.003826898586390522,0.0,0.0,0.003826898586390522
stress,0.2,32,22024,0.9,cdf_empbernstein,1000,0,0,,,,,0.8954081535339355,0.0,709.4439795918368,0.0,0.0,0.003826898586390522,0.0,0.0,0.003826898586390522
stress,0.2,32,22024,0.9,cdf_pacbayes,1000,0,0,,,,,0.8954081535339355,0.0,709.4439795918368,0.0,0.0,0.003826898586390522,0.0,0.0,0.003826898586390522
stress,0.2,32,22024,0.9,exc_betting,1000,0,0,,,,,0.8954081535339355,0.0,709.4439795918368,0.0,0.0,0.003826898586390522,0.0,0.0,0.003826898586390522
stress,0.2,32,22024,0.9,exc_empbernstein,1000,0,0,,,,,0.8954081535339355,0.0,709.4439795918368,0.0,0.0,0.003826898586390522,0.0,0.0,0.003826898586390522
stress,0.2,32,22024,0.9,exceedance,1000,0,0,,,,,0.8954081535339355,0.0,709.4439795918368,0.0,0.0,0.003826898586390522,0.0,0.0,0.003826898586390522
stress,0.2,32,22024,0.9,naive,1000,0,0,,,,,0.8954081535339355,0.0,709.4439795918368,0.0,0.0,0.003826898586390522,0.0,0.0,0.003826898586390522
stress,0.2,32,22024,0.9,norm_betting,1000,0,0,,,,,0.8954081535339355,0.0,709.4439795918368,0.0,0.0,0.003826898586390522,0.0,0.0,0.003826898586390522
stress,0.2,32,22024,0.9,split,1000,0,0,,,,,0.8954081535339355,0.0,709.4439795918368,0.0,0.0,0.003826898586390522,0.0,0.0,0.003826898586390522
stress,0.2,32,22024,0.95,cdf_empbernstein,1000,0,0,,,,,0.8954081535339355,0.0,709.4439795918368,0.0,0.0,0.003826898586390522,0.0,0.0,0.003826898586390522
stress,0.2,32,22024,0.95,cdf_pacbayes,1000,0,0,,,,,0.8954081535339355,0.0,709.4439795918368,0.0,0.0,0.003826898586390522,0.0,0.0,0.003826898586390522
stress,0.2,32,22024,0.95,exc_betting,1000,0,0,,,,,0.8954081535339355,0.0,709.4439795918368,0.0,0.0,0.003826898586390522,0.0,0.0,0.003826898586390522
stress,0.2,32,22024,0.95,exc_empbernstein,1000,0,0,,,,,0.8954081535339355,0.0,709.4439795918368,0.0,0.0,0.003826898586390522,0.0,0.0,0.003826898586390522
stress,0.2,32,22024,0.95,exceedance,1000,0,0,,,,,0.8954081535339355,0.0,709.4439795918368,0.0,0.0,0.003826898586390522,0.0,0.0,0.003826898586390522
stress,0.2,32,22024,0.95,naive,1000,0,0,,,,,0.8954081535339355,0.0,709.4439795918368,0.0,0.0,0.003826898586390522,0.0,0.0,0.003826898586390522
stress,0.2,32,22024,0.95,norm_betting,1000,0,0,,,,,0.8954081535339355,0.0,709.4439795918368,0.0,0.0,0.003826898586390522,0.0,0.0,0.003826898586390522
stress,0.2,32,22024,0.95,split,1000,0,0,,,,,0.8954081535339355,0.0,709.4439795918368,0.0,0.0,0.003826898586390522,0.0,0.0,0.003826898586390522
stress,0.2,32,46459,0.9,cdf_empbernstein,1000,0,0,,,,,0.8954081535339355,0.0,709.4439795918368,0.0,0.0,0.003826898586390522,0.0,0.0,0.003826898586390522
stress,0.2,32,46459,0.9,cdf_pacbayes,1000,0,0,,,,,0.8954081535339355,0.0,709.4439795918368,0.0,0.0,0.003826898586390522,0.0,0.0,0.003826898586390522
stress,0.2,32,46459,0.9,exc_betting,1000,0,0,,,,,0.8954081535339355,0.0,709.4439795918368,0.0,0.0,0.003826898586390522,0.0,0.0,0.003826898586390522
stress,0.2,32,46459,0.9,exc_empbernstein,1000,0,0,,,,,0.8954081535339355,0.0,709.4439795918368,0.0,0.0,0.003826898586390522,0.0,0.0,0.003826898586390522
stress,0.2,32,46459,0.9,exceedance,1000,0,0,,,,,0.8954081535339355,0.0,709.4439795918368,0.0,0.0,0.003826898586390522,0.0,0.0,0.003826898586390522
stress,0.2,32,46459,0.9,naive,1000,0,0,,,,,0.8954081535339355,0.0,709.4439795918368,0.0,0.0,0.003826898586390522,0.0,0.0,0.003826898586390522
stress,0.2,32,46459,0.9,norm_betting,1000,0,0,,,,,0.8954081535339355,0.0,709.4439795918368,0.0,0.0,0.003826898586390522,0.0,0.0,0.003826898586390522
stress,0.2,32,46459,0.9,split,1000,0,0,,,,,0.8954081535339355,0.0,709.4439795918368,0.0,0.0,0.003826898586390522,0.0,0.0,0.003826898586390522
stress,0.2,32,46459,0.95,cdf_empbernstein,1000,0,0,,,,,0.8954081535339355,0.0,709.4439795918368,0.0,0.0,0.003826898586390522,0.0,0.0,0.003826898586390522
stress,0.2,32,46459,0.95,cdf_pacbayes,1000,0,0,,,,,0.8954081535339355,0.0,709.4439795918368,0.0,0.0,0.003826898586390522,0.0,0.0,0.003826898586390522
stress,0.2,32,46459,0.95,exc_betting,1000,1,1,0.052244897931814194,0.9078571200370789,667.6952040816327,-0.0031258243006146436,0.8954206025004386,0.00039367088665072836,709.4022308163266,0.001,0.0001765418290572713,0.0056427029601604705,0.001,0.0001765418290572713,0.0056427029601604705
stress,0.2,32,46459,0.95,exc_empbernstein,1000,0,0,,,,,0.8954081535339355,0.0,709.4439795918368,0.0,0.0,0.003826898586390522,0.0,0.0,0.003826898586390522
stress,0.2,32,46459,0.95,exceedance,1000,0,0,,,,,0.8954081535339355,0.0,709.4439795918368,0.0,0.0,0.003826898586390522,0.0,0.0,0.003826898586390522
stress,0.2,32,46459,0.95,naive,1000,0,0,,,,,0.8954081535339355,0.0,709.4439795918368,0.0,0.0,0.003826898586390522,0.0,0.0,0.003826898586390522
stress,0.2,32,46459,0.95,norm_betting,1000,1,1,0.052244897931814194,0.9078571200370789,667.6952040816327,-0.002301944957642618,0.8954206025004386,0.00039367088665072836,709.4022308163266,0.001,0.0001765418290572713,0.0056427029601604705,0.001,0.0001765418290572713,0.0056427029601604705
stress,0.2,32,46459,0.95,split,1000,0,0,,,,,0.8954081535339355,0.0,709.4439795918368,0.0,0.0,0.003826898586390522,0.0,0.0,0.003826898586390522
stress,0.2,32,98000,0.9,cdf_empbernstein,1000,0,0,,,,,0.8954081535339355,0.0,709.4439795918368,0.0,0.0,0.003826898586390522,0.0,0.0,0.003826898586390522
stress,0.2,32,98000,0.9,cdf_pacbayes,1000,0,0,,,,,0.8954081535339355,0.0,709.4439795918368,0.0,0.0,0.003826898586390522,0.0,0.0,0.003826898586390522
stress,0.2,32,98000,0.9,exc_betting,1000,0,0,,,,,0.8954081535339355,0.0,709.4439795918368,0.0,0.0,0.003826898586390522,0.0,0.0,0.003826898586390522
stress,0.2,32,98000,0.9,exc_empbernstein,1000,0,0,,,,,0.8954081535339355,0.0,709.4439795918368,0.0,0.0,0.003826898586390522,0.0,0.0,0.003826898586390522
stress,0.2,32,98000,0.9,exceedance,1000,0,0,,,,,0.8954081535339355,0.0,709.4439795918368,0.0,0.0,0.003826898586390522,0.0,0.0,0.003826898586390522
stress,0.2,32,98000,0.9,naive,1000,0,0,,,,,0.8954081535339355,0.0,709.4439795918368,0.0,0.0,0.003826898586390522,0.0,0.0,0.003826898586390522
stress,0.2,32,98000,0.9,norm_betting,1000,0,0,,,,,0.8954081535339355,0.0,709.4439795918368,0.0,0.0,0.003826898586390522,0.0,0.0,0.003826898586390522
stress,0.2,32,98000,0.9,split,1000,0,0,,,,,0.8954081535339355,0.0,709.4439795918368,0.0,0.0,0.003826898586390522,0.0,0.0,0.003826898586390522
stress,0.2,32,98000,0.95,cdf_empbernstein,1000,0,0,,,,,0.8954081535339355,0.0,709.4439795918368,0.0,0.0,0.003826898586390522,0.0,0.0,0.003826898586390522
stress,0.2,32,98000,0.95,cdf_pacbayes,1000,0,0,,,,,0.8954081535339355,0.0,709.4439795918368,0.0,0.0,0.003826898586390522,0.0,0.0,0.003826898586390522
stress,0.2,32,98000,0.95,exc_betting,1000,0,0,,,,,0.8954081535339355,0.0,709.4439795918368,0.0,0.0,0.003826898586390522,0.0,0.0,0.003826898586390522
stress,0.2,32,98000,0.95,exc_empbernstein,1000,0,0,,,,,0.8954081535339355,0.0,709.4439795918368,0.0,0.0,0.003826898586390522,0.0,0.0,0.003826898586390522
stress,0.2,32,98000,0.95,exceedance,1000,0,0,,,,,0.8954081535339355,0.0,709.4439795918368,0.0,0.0,0.003826898586390522,0.0,0.0,0.003826898586390522
stress,0.2,32,98000,0.95,naive,1000,0,0,,,,,0.8954081535339355,0.0,709.4439795918368,0.0,0.0,0.003826898586390522,0.0,0.0,0.003826898586390522
stress,0.2,32,98000,0.95,norm_betting,1000,0,0,,,,,0.8954081535339355,0.0,709.4439795918368,0.0,0.0,0.003826898586390522,0.0,0.0,0.003826898586390522
stress,0.2,32,98000,0.95,split,1000,0,0,,,,,0.8954081535339355,0.0,709.4439795918368,0.0,0.0,0.003826898586390522,0.0,0.0,0.003826898586390522
stress,0.2,128,250,0.9,cdf_empbernstein,1000,0,0,,,,,0.8954081535339355,0.0,709.4439795918368,0.0,0.0,0.003826898586390522,0.0,0.0,0.003826898586390522
stress,0.2,128,250,0.9,cdf_pacbayes,1000,0,0,,,,,0.8954081535339355,0.0,709.4439795918368,0.0,0.0,0.003826898586390522,0.0,0.0,0.003826898586390522
stress,0.2,128,250,0.9,exc_betting,1000,0,0,,,,,0.8954081535339355,0.0,709.4439795918368,0.0,0.0,0.003826898586390522,0.0,0.0,0.003826898586390522
stress,0.2,128,250,0.9,exc_empbernstein,1000,0,0,,,,,0.8954081535339355,0.0,709.4439795918368,0.0,0.0,0.003826898586390522,0.0,0.0,0.003826898586390522
stress,0.2,128,250,0.9,exceedance,1000,0,0,,,,,0.8954081535339355,0.0,709.4439795918368,0.0,0.0,0.003826898586390522,0.0,0.0,0.003826898586390522
stress,0.2,128,250,0.9,naive,1000,0,0,,,,,0.8954081535339355,0.0,709.4439795918368,0.0,0.0,0.003826898586390522,0.0,0.0,0.003826898586390522
stress,0.2,128,250,0.9,norm_betting,1000,0,0,,,,,0.8954081535339355,0.0,709.4439795918368,0.0,0.0,0.003826898586390522,0.0,0.0,0.003826898586390522
stress,0.2,128,250,0.9,split,1000,0,0,,,,,0.8954081535339355,0.0,709.4439795918368,0.0,0.0,0.003826898586390522,0.0,0.0,0.003826898586390522
stress,0.2,128,250,0.95,cdf_empbernstein,1000,0,0,,,,,0.8954081535339355,0.0,709.4439795918368,0.0,0.0,0.003826898586390522,0.0,0.0,0.003826898586390522
stress,0.2,128,250,0.95,cdf_pacbayes,1000,0,0,,,,,0.8954081535339355,0.0,709.4439795918368,0.0,0.0,0.003826898586390522,0.0,0.0,0.003826898586390522
stress,0.2,128,250,0.95,exc_betting,1000,0,0,,,,,0.8954081535339355,0.0,709.4439795918368,0.0,0.0,0.003826898586390522,0.0,0.0,0.003826898586390522
stress,0.2,128,250,0.95,exc_empbernstein,1000,0,0,,,,,0.8954081535339355,0.0,709.4439795918368,0.0,0.0,0.003826898586390522,0.0,0.0,0.003826898586390522
stress,0.2,128,250,0.95,exceedance,1000,0,0,,,,,0.8954081535339355,0.0,709.4439795918368,0.0,0.0,0.003826898586390522,0.0,0.0,0.003826898586390522
stress,0.2,128,250,0.95,naive,1000,0,0,,,,,0.8954081535339355,0.0,709.4439795918368,0.0,0.0,0.003826898586390522,0.0,0.0,0.003826898586390522
stress,0.2,128,250,0.95,norm_betting,1000,0,0,,,,,0.8954081535339355,0.0,709.4439795918368,0.0,0.0,0.003826898586390522,0.0,0.0,0.003826898586390522
stress,0.2,128,250,0.95,split,1000,0,0,,,,,0.8954081535339355,0.0,709.4439795918368,0.0,0.0,0.003826898586390522,0.0,0.0,0.003826898586390522
stress,0.2,128,527,0.9,cdf_empbernstein,1000,0,0,,,,,0.8954081535339355,0.0,709.4439795918368,0.0,0.0,0.003826898586390522,0.0,0.0,0.003826898586390522
stress,0.2,128,527,0.9,cdf_pacbayes,1000,0,0,,,,,0.8954081535339355,0.0,709.4439795918368,0.0,0.0,0.003826898586390522,0.0,0.0,0.003826898586390522
stress,0.2,128,527,0.9,exc_betting,1000,0,0,,,,,0.8954081535339355,0.0,709.4439795918368,0.0,0.0,0.003826898586390522,0.0,0.0,0.003826898586390522
stress,0.2,128,527,0.9,exc_empbernstein,1000,0,0,,,,,0.8954081535339355,0.0,709.4439795918368,0.0,0.0,0.003826898586390522,0.0,0.0,0.003826898586390522
stress,0.2,128,527,0.9,exceedance,1000,0,0,,,,,0.8954081535339355,0.0,709.4439795918368,0.0,0.0,0.003826898586390522,0.0,0.0,0.003826898586390522
stress,0.2,128,527,0.9,naive,1000,0,0,,,,,0.8954081535339355,0.0,709.4439795918368,0.0,0.0,0.003826898586390522,0.0,0.0,0.003826898586390522
stress,0.2,128,527,0.9,norm_betting,1000,0,0,,,,,0.8954081535339355,0.0,709.4439795918368,0.0,0.0,0.003826898586390522,0.0,0.0,0.003826898586390522
stress,0.2,128,527,0.9,split,1000,0,0,,,,,0.8954081535339355,0.0,709.4439795918368,0.0,0.0,0.003826898586390522,0.0,0.0,0.003826898586390522
stress,0.2,128,527,0.95,cdf_empbernstein,1000,0,0,,,,,0.8954081535339355,0.0,709.4439795918368,0.0,0.0,0.003826898586390522,0.0,0.0,0.003826898586390522
stress,0.2,128,527,0.95,cdf_pacbayes,1000,0,0,,,,,0.8954081535339355,0.0,709.4439795918368,0.0,0.0,0.003826898586390522,0.0,0.0,0.003826898586390522
stress,0.2,128,527,0.95,exc_betting,1000,0,0,,,,,0.8954081535339355,0.0,709.4439795918368,0.0,0.0,0.003826898586390522,0.0,0.0,0.003826898586390522
stress,0.2,128,527,0.95,exc_empbernstein,1000,0,0,,,,,0.8954081535339355,0.0,709.4439795918368,0.0,0.0,0.003826898586390522,0.0,0.0,0.003826898586390522
stress,0.2,128,527,0.95,exceedance,1000,0,0,,,,,0.8954081535339355,0.0,709.4439795918368,0.0,0.0,0.003826898586390522,0.0,0.0,0.003826898586390522
stress,0.2,128,527,0.95,naive,1000,0,0,,,,,0.8954081535339355,0.0,709.4439795918368,0.0,0.0,0.003826898586390522,0.0,0.0,0.003826898586390522
stress,0.2,128,527,0.95,norm_betting,1000,0,0,,,,,0.8954081535339355,0.0,709.4439795918368,0.0,0.0,0.003826898586390522,0.0,0.0,0.003826898586390522
stress,0.2,128,527,0.95,split,1000,0,0,,,,,0.8954081535339355,0.0,709.4439795918368,0.0,0.0,0.003826898586390522,0.0,0.0,0.003826898586390522
stress,0.2,128,1112,0.9,cdf_empbernstein,1000,0,0,,,,,0.8954081535339355,0.0,709.4439795918368,0.0,0.0,0.003826898586390522,0.0,0.0,0.003826898586390522
stress,0.2,128,1112,0.9,cdf_pacbayes,1000,0,0,,,,,0.8954081535339355,0.0,709.4439795918368,0.0,0.0,0.003826898586390522,0.0,0.0,0.003826898586390522
stress,0.2,128,1112,0.9,exc_betting,1000,0,0,,,,,0.8954081535339355,0.0,709.4439795918368,0.0,0.0,0.003826898586390522,0.0,0.0,0.003826898586390522
stress,0.2,128,1112,0.9,exc_empbernstein,1000,0,0,,,,,0.8954081535339355,0.0,709.4439795918368,0.0,0.0,0.003826898586390522,0.0,0.0,0.003826898586390522
stress,0.2,128,1112,0.9,exceedance,1000,0,0,,,,,0.8954081535339355,0.0,709.4439795918368,0.0,0.0,0.003826898586390522,0.0,0.0,0.003826898586390522
stress,0.2,128,1112,0.9,naive,1000,0,0,,,,,0.8954081535339355,0.0,709.4439795918368,0.0,0.0,0.003826898586390522,0.0,0.0,0.003826898586390522
stress,0.2,128,1112,0.9,norm_betting,1000,0,0,,,,,0.8954081535339355,0.0,709.4439795918368,0.0,0.0,0.003826898586390522,0.0,0.0,0.003826898586390522
stress,0.2,128,1112,0.9,split,1000,0,0,,,,,0.8954081535339355,0.0,709.4439795918368,0.0,0.0,0.003826898586390522,0.0,0.0,0.003826898586390522
stress,0.2,128,1112,0.95,cdf_empbernstein,1000,0,0,,,,,0.8954081535339355,0.0,709.4439795918368,0.0,0.0,0.003826898586390522,0.0,0.0,0.003826898586390522
stress,0.2,128,1112,0.95,cdf_pacbayes,1000,0,0,,,,,0.8954081535339355,0.0,709.4439795918368,0.0,0.0,0.003826898586390522,0.0,0.0,0.003826898586390522
stress,0.2,128,1112,0.95,exc_betting,1000,0,0,,,,,0.8954081535339355,0.0,709.4439795918368,0.0,0.0,0.003826898586390522,0.0,0.0,0.003826898586390522
stress,0.2,128,1112,0.95,exc_empbernstein,1000,0,0,,,,,0.8954081535339355,0.0,709.4439795918368,0.0,0.0,0.003826898586390522,0.0,0.0,0.003826898586390522
stress,0.2,128,1112,0.95,exceedance,1000,0,0,,,,,0.8954081535339355,0.0,709.4439795918368,0.0,0.0,0.003826898586390522,0.0,0.0,0.003826898586390522
stress,0.2,128,1112,0.95,naive,1000,0,0,,,,,0.8954081535339355,0.0,709.4439795918368,0.0,0.0,0.003826898586390522,0.0,0.0,0.003826898586390522
stress,0.2,128,1112,0.95,norm_betting,1000,0,0,,,,,0.8954081535339355,0.0,709.4439795918368,0.0,0.0,0.003826898586390522,0.0,0.0,0.003826898586390522
stress,0.2,128,1112,0.95,split,1000,0,0,,,,,0.8954081535339355,0.0,709.4439795918368,0.0,0.0,0.003826898586390522,0.0,0.0,0.003826898586390522
stress,0.2,128,2347,0.9,cdf_empbernstein,1000,0,0,,,,,0.8954081535339355,0.0,709.4439795918368,0.0,0.0,0.003826898586390522,0.0,0.0,0.003826898586390522
stress,0.2,128,2347,0.9,cdf_pacbayes,1000,0,0,,,,,0.8954081535339355,0.0,709.4439795918368,0.0,0.0,0.003826898586390522,0.0,0.0,0.003826898586390522
stress,0.2,128,2347,0.9,exc_betting,1000,0,0,,,,,0.8954081535339355,0.0,709.4439795918368,0.0,0.0,0.003826898586390522,0.0,0.0,0.003826898586390522
stress,0.2,128,2347,0.9,exc_empbernstein,1000,0,0,,,,,0.8954081535339355,0.0,709.4439795918368,0.0,0.0,0.003826898586390522,0.0,0.0,0.003826898586390522
stress,0.2,128,2347,0.9,exceedance,1000,0,0,,,,,0.8954081535339355,0.0,709.4439795918368,0.0,0.0,0.003826898586390522,0.0,0.0,0.003826898586390522
stress,0.2,128,2347,0.9,naive,1000,0,0,,,,,0.8954081535339355,0.0,709.4439795918368,0.0,0.0,0.003826898586390522,0.0,0.0,0.003826898586390522
stress,0.2,128,2347,0.9,norm_betting,1000,0,0,,,,,0.8954081535339355,0.0,709.4439795918368,0.0,0.0,0.003826898586390522,0.0,0.0,0.003826898586390522
stress,0.2,128,2347,0.9,split,1000,0,0,,,,,0.8954081535339355,0.0,709.4439795918368,0.0,0.0,0.003826898586390522,0.0,0.0,0.003826898586390522
stress,0.2,128,2347,0.95,cdf_empbernstein,1000,0,0,,,,,0.8954081535339355,0.0,709.4439795918368,0.0,0.0,0.003826898586390522,0.0,0.0,0.003826898586390522
stress,0.2,128,2347,0.95,cdf_pacbayes,1000,0,0,,,,,0.8954081535339355,0.0,709.4439795918368,0.0,0.0,0.003826898586390522,0.0,0.0,0.003826898586390522
stress,0.2,128,2347,0.95,exc_betting,1000,0,0,,,,,0.8954081535339355,0.0,709.4439795918368,0.0,0.0,0.003826898586390522,0.0,0.0,0.003826898586390522
stress,0.2,128,2347,0.95,exc_empbernstein,1000,0,0,,,,,0.8954081535339355,0.0,709.4439795918368,0.0,0.0,0.003826898586390522,0.0,0.0,0.003826898586390522
stress,0.2,128,2347,0.95,exceedance,1000,0,0,,,,,0.8954081535339355,0.0,709.4439795918368,0.0,0.0,0.003826898586390522,0.0,0.0,0.003826898586390522
stress,0.2,128,2347,0.95,naive,1000,0,0,,,,,0.8954081535339355,0.0,709.4439795918368,0.0,0.0,0.003826898586390522,0.0,0.0,0.003826898586390522
stress,0.2,128,2347,0.95,norm_betting,1000,0,0,,,,,0.8954081535339355,0.0,709.4439795918368,0.0,0.0,0.003826898586390522,0.0,0.0,0.003826898586390522
stress,0.2,128,2347,0.95,split,1000,0,0,,,,,0.8954081535339355,0.0,709.4439795918368,0.0,0.0,0.003826898586390522,0.0,0.0,0.003826898586390522
stress,0.2,128,4950,0.9,cdf_empbernstein,1000,0,0,,,,,0.8954081535339355,0.0,709.4439795918368,0.0,0.0,0.003826898586390522,0.0,0.0,0.003826898586390522
stress,0.2,128,4950,0.9,cdf_pacbayes,1000,0,0,,,,,0.8954081535339355,0.0,709.4439795918368,0.0,0.0,0.003826898586390522,0.0,0.0,0.003826898586390522
stress,0.2,128,4950,0.9,exc_betting,1000,0,0,,,,,0.8954081535339355,0.0,709.4439795918368,0.0,0.0,0.003826898586390522,0.0,0.0,0.003826898586390522
stress,0.2,128,4950,0.9,exc_empbernstein,1000,0,0,,,,,0.8954081535339355,0.0,709.4439795918368,0.0,0.0,0.003826898586390522,0.0,0.0,0.003826898586390522
stress,0.2,128,4950,0.9,exceedance,1000,0,0,,,,,0.8954081535339355,0.0,709.4439795918368,0.0,0.0,0.003826898586390522,0.0,0.0,0.003826898586390522
stress,0.2,128,4950,0.9,naive,1000,0,0,,,,,0.8954081535339355,0.0,709.4439795918368,0.0,0.0,0.003826898586390522,0.0,0.0,0.003826898586390522
stress,0.2,128,4950,0.9,norm_betting,1000,0,0,,,,,0.8954081535339355,0.0,709.4439795918368,0.0,0.0,0.003826898586390522,0.0,0.0,0.003826898586390522
stress,0.2,128,4950,0.9,split,1000,0,0,,,,,0.8954081535339355,0.0,709.4439795918368,0.0,0.0,0.003826898586390522,0.0,0.0,0.003826898586390522
stress,0.2,128,4950,0.95,cdf_empbernstein,1000,0,0,,,,,0.8954081535339355,0.0,709.4439795918368,0.0,0.0,0.003826898586390522,0.0,0.0,0.003826898586390522
stress,0.2,128,4950,0.95,cdf_pacbayes,1000,0,0,,,,,0.8954081535339355,0.0,709.4439795918368,0.0,0.0,0.003826898586390522,0.0,0.0,0.003826898586390522
stress,0.2,128,4950,0.95,exc_betting,1000,0,0,,,,,0.8954081535339355,0.0,709.4439795918368,0.0,0.0,0.003826898586390522,0.0,0.0,0.003826898586390522
stress,0.2,128,4950,0.95,exc_empbernstein,1000,0,0,,,,,0.8954081535339355,0.0,709.4439795918368,0.0,0.0,0.003826898586390522,0.0,0.0,0.003826898586390522
stress,0.2,128,4950,0.95,exceedance,1000,0,0,,,,,0.8954081535339355,0.0,709.4439795918368,0.0,0.0,0.003826898586390522,0.0,0.0,0.003826898586390522
stress,0.2,128,4950,0.95,naive,1000,0,0,,,,,0.8954081535339355,0.0,709.4439795918368,0.0,0.0,0.003826898586390522,0.0,0.0,0.003826898586390522
stress,0.2,128,4950,0.95,norm_betting,1000,0,0,,,,,0.8954081535339355,0.0,709.4439795918368,0.0,0.0,0.003826898586390522,0.0,0.0,0.003826898586390522
stress,0.2,128,4950,0.95,split,1000,0,0,,,,,0.8954081535339355,0.0,709.4439795918368,0.0,0.0,0.003826898586390522,0.0,0.0,0.003826898586390522
stress,0.2,128,9800,0.9,cdf_empbernstein,1000,0,0,,,,,0.8954081535339355,0.0,709.4439795918368,0.0,0.0,0.003826898586390522,0.0,0.0,0.003826898586390522
stress,0.2,128,9800,0.9,cdf_pacbayes,1000,0,0,,,,,0.8954081535339355,0.0,709.4439795918368,0.0,0.0,0.003826898586390522,0.0,0.0,0.003826898586390522
stress,0.2,128,9800,0.9,exc_betting,1000,0,0,,,,,0.8954081535339355,0.0,709.4439795918368,0.0,0.0,0.003826898586390522,0.0,0.0,0.003826898586390522
stress,0.2,128,9800,0.9,exc_empbernstein,1000,0,0,,,,,0.8954081535339355,0.0,709.4439795918368,0.0,0.0,0.003826898586390522,0.0,0.0,0.003826898586390522
stress,0.2,128,9800,0.9,exceedance,1000,0,0,,,,,0.8954081535339355,0.0,709.4439795918368,0.0,0.0,0.003826898586390522,0.0,0.0,0.003826898586390522
stress,0.2,128,9800,0.9,naive,1000,0,0,,,,,0.8954081535339355,0.0,709.4439795918368,0.0,0.0,0.003826898586390522,0.0,0.0,0.003826898586390522
stress,0.2,128,9800,0.9,norm_betting,1000,0,0,,,,,0.8954081535339355,0.0,709.4439795918368,0.0,0.0,0.003826898586390522,0.0,0.0,0.003826898586390522
stress,0.2,128,9800,0.9,split,1000,0,0,,,,,0.8954081535339355,0.0,709.4439795918368,0.0,0.0,0.003826898586390522,0.0,0.0,0.003826898586390522
stress,0.2,128,9800,0.95,cdf_empbernstein,1000,0,0,,,,,0.8954081535339355,0.0,709.4439795918368,0.0,0.0,0.003826898586390522,0.0,0.0,0.003826898586390522
stress,0.2,128,9800,0.95,cdf_pacbayes,1000,0,0,,,,,0.8954081535339355,0.0,709.4439795918368,0.0,0.0,0.003826898586390522,0.0,0.0,0.003826898586390522
stress,0.2,128,9800,0.95,exc_betting,1000,0,0,,,,,0.8954081535339355,0.0,709.4439795918368,0.0,0.0,0.003826898586390522,0.0,0.0,0.003826898586390522
stress,0.2,128,9800,0.95,exc_empbernstein,1000,0,0,,,,,0.8954081535339355,0.0,709.4439795918368,0.0,0.0,0.003826898586390522,0.0,0.0,0.003826898586390522
stress,0.2,128,9800,0.95,exceedance,1000,0,0,,,,,0.8954081535339355,0.0,709.4439795918368,0.0,0.0,0.003826898586390522,0.0,0.0,0.003826898586390522
stress,0.2,128,9800,0.95,naive,1000,0,0,,,,,0.8954081535339355,0.0,709.4439795918368,0.0,0.0,0.003826898586390522,0.0,0.0,0.003826898586390522
stress,0.2,128,9800,0.95,norm_betting,1000,0,0,,,,,0.8954081535339355,0.0,709.4439795918368,0.0,0.0,0.003826898586390522,0.0,0.0,0.003826898586390522
stress,0.2,128,9800,0.95,split,1000,0,0,,,,,0.8954081535339355,0.0,709.4439795918368,0.0,0.0,0.003826898586390522,0.0,0.0,0.003826898586390522
stress,0.2,128,10441,0.9,cdf_empbernstein,1000,0,0,,,,,0.8954081535339355,0.0,709.4439795918368,0.0,0.0,0.003826898586390522,0.0,0.0,0.003826898586390522
stress,0.2,128,10441,0.9,cdf_pacbayes,1000,0,0,,,,,0.8954081535339355,0.0,709.4439795918368,0.0,0.0,0.003826898586390522,0.0,0.0,0.003826898586390522
stress,0.2,128,10441,0.9,exc_betting,1000,0,0,,,,,0.8954081535339355,0.0,709.4439795918368,0.0,0.0,0.003826898586390522,0.0,0.0,0.003826898586390522
stress,0.2,128,10441,0.9,exc_empbernstein,1000,0,0,,,,,0.8954081535339355,0.0,709.4439795918368,0.0,0.0,0.003826898586390522,0.0,0.0,0.003826898586390522
stress,0.2,128,10441,0.9,exceedance,1000,0,0,,,,,0.8954081535339355,0.0,709.4439795918368,0.0,0.0,0.003826898586390522,0.0,0.0,0.003826898586390522
stress,0.2,128,10441,0.9,naive,1000,0,0,,,,,0.8954081535339355,0.0,709.4439795918368,0.0,0.0,0.003826898586390522,0.0,0.0,0.003826898586390522
stress,0.2,128,10441,0.9,norm_betting,1000,0,0,,,,,0.8954081535339355,0.0,709.4439795918368,0.0,0.0,0.003826898586390522,0.0,0.0,0.003826898586390522
stress,0.2,128,10441,0.9,split,1000,0,0,,,,,0.8954081535339355,0.0,709.4439795918368,0.0,0.0,0.003826898586390522,0.0,0.0,0.003826898586390522
stress,0.2,128,10441,0.95,cdf_empbernstein,1000,0,0,,,,,0.8954081535339355,0.0,709.4439795918368,0.0,0.0,0.003826898586390522,0.0,0.0,0.003826898586390522
stress,0.2,128,10441,0.95,cdf_pacbayes,1000,0,0,,,,,0.8954081535339355,0.0,709.4439795918368,0.0,0.0,0.003826898586390522,0.0,0.0,0.003826898586390522
stress,0.2,128,10441,0.95,exc_betting,1000,0,0,,,,,0.8954081535339355,0.0,709.4439795918368,0.0,0.0,0.003826898586390522,0.0,0.0,0.003826898586390522
stress,0.2,128,10441,0.95,exc_empbernstein,1000,0,0,,,,,0.8954081535339355,0.0,709.4439795918368,0.0,0.0,0.003826898586390522,0.0,0.0,0.003826898586390522
stress,0.2,128,10441,0.95,exceedance,1000,0,0,,,,,0.8954081535339355,0.0,709.4439795918368,0.0,0.0,0.003826898586390522,0.0,0.0,0.003826898586390522
stress,0.2,128,10441,0.95,naive,1000,0,0,,,,,0.8954081535339355,0.0,709.4439795918368,0.0,0.0,0.003826898586390522,0.0,0.0,0.003826898586390522
stress,0.2,128,10441,0.95,norm_betting,1000,0,0,,,,,0.8954081535339355,0.0,709.4439795918368,0.0,0.0,0.003826898586390522,0.0,0.0,0.003826898586390522
stress,0.2,128,10441,0.95,split,1000,0,0,,,,,0.8954081535339355,0.0,709.4439795918368,0.0,0.0,0.003826898586390522,0.0,0.0,0.003826898586390522
stress,0.2,128,22024,0.9,cdf_empbernstein,1000,0,0,,,,,0.8954081535339355,0.0,709.4439795918368,0.0,0.0,0.003826898586390522,0.0,0.0,0.003826898586390522
stress,0.2,128,22024,0.9,cdf_pacbayes,1000,0,0,,,,,0.8954081535339355,0.0,709.4439795918368,0.0,0.0,0.003826898586390522,0.0,0.0,0.003826898586390522
stress,0.2,128,22024,0.9,exc_betting,1000,0,0,,,,,0.8954081535339355,0.0,709.4439795918368,0.0,0.0,0.003826898586390522,0.0,0.0,0.003826898586390522
stress,0.2,128,22024,0.9,exc_empbernstein,1000,0,0,,,,,0.8954081535339355,0.0,709.4439795918368,0.0,0.0,0.003826898586390522,0.0,0.0,0.003826898586390522
stress,0.2,128,22024,0.9,exceedance,1000,0,0,,,,,0.8954081535339355,0.0,709.4439795918368,0.0,0.0,0.003826898586390522,0.0,0.0,0.003826898586390522
stress,0.2,128,22024,0.9,naive,1000,0,0,,,,,0.8954081535339355,0.0,709.4439795918368,0.0,0.0,0.003826898586390522,0.0,0.0,0.003826898586390522
stress,0.2,128,22024,0.9,norm_betting,1000,0,0,,,,,0.8954081535339355,0.0,709.4439795918368,0.0,0.0,0.003826898586390522,0.0,0.0,0.003826898586390522
stress,0.2,128,22024,0.9,split,1000,0,0,,,,,0.8954081535339355,0.0,709.4439795918368,0.0,0.0,0.003826898586390522,0.0,0.0,0.003826898586390522
stress,0.2,128,22024,0.95,cdf_empbernstein,1000,0,0,,,,,0.8954081535339355,0.0,709.4439795918368,0.0,0.0,0.003826898586390522,0.0,0.0,0.003826898586390522
stress,0.2,128,22024,0.95,cdf_pacbayes,1000,0,0,,,,,0.8954081535339355,0.0,709.4439795918368,0.0,0.0,0.003826898586390522,0.0,0.0,0.003826898586390522
stress,0.2,128,22024,0.95,exc_betting,1000,0,0,,,,,0.8954081535339355,0.0,709.4439795918368,0.0,0.0,0.003826898586390522,0.0,0.0,0.003826898586390522
stress,0.2,128,22024,0.95,exc_empbernstein,1000,0,0,,,,,0.8954081535339355,0.0,709.4439795918368,0.0,0.0,0.003826898586390522,0.0,0.0,0.003826898586390522
stress,0.2,128,22024,0.95,exceedance,1000,0,0,,,,,0.8954081535339355,0.0,709.4439795918368,0.0,0.0,0.003826898586390522,0.0,0.0,0.003826898586390522
stress,0.2,128,22024,0.95,naive,1000,0,0,,,,,0.8954081535339355,0.0,709.4439795918368,0.0,0.0,0.003826898586390522,0.0,0.0,0.003826898586390522
stress,0.2,128,22024,0.95,norm_betting,1000,0,0,,,,,0.8954081535339355,0.0,709.4439795918368,0.0,0.0,0.003826898586390522,0.0,0.0,0.003826898586390522
stress,0.2,128,22024,0.95,split,1000,0,0,,,,,0.8954081535339355,0.0,709.4439795918368,0.0,0.0,0.003826898586390522,0.0,0.0,0.003826898586390522
stress,0.2,128,46459,0.9,cdf_empbernstein,1000,0,0,,,,,0.8954081535339355,0.0,709.4439795918368,0.0,0.0,0.003826898586390522,0.0,0.0,0.003826898586390522
stress,0.2,128,46459,0.9,cdf_pacbayes,1000,0,0,,,,,0.8954081535339355,0.0,709.4439795918368,0.0,0.0,0.003826898586390522,0.0,0.0,0.003826898586390522
stress,0.2,128,46459,0.9,exc_betting,1000,0,0,,,,,0.8954081535339355,0.0,709.4439795918368,0.0,0.0,0.003826898586390522,0.0,0.0,0.003826898586390522
stress,0.2,128,46459,0.9,exc_empbernstein,1000,0,0,,,,,0.8954081535339355,0.0,709.4439795918368,0.0,0.0,0.003826898586390522,0.0,0.0,0.003826898586390522
stress,0.2,128,46459,0.9,exceedance,1000,0,0,,,,,0.8954081535339355,0.0,709.4439795918368,0.0,0.0,0.003826898586390522,0.0,0.0,0.003826898586390522
stress,0.2,128,46459,0.9,naive,1000,0,0,,,,,0.8954081535339355,0.0,709.4439795918368,0.0,0.0,0.003826898586390522,0.0,0.0,0.003826898586390522
stress,0.2,128,46459,0.9,norm_betting,1000,0,0,,,,,0.8954081535339355,0.0,709.4439795918368,0.0,0.0,0.003826898586390522,0.0,0.0,0.003826898586390522
stress,0.2,128,46459,0.9,split,1000,0,0,,,,,0.8954081535339355,0.0,709.4439795918368,0.0,0.0,0.003826898586390522,0.0,0.0,0.003826898586390522
stress,0.2,128,46459,0.95,cdf_empbernstein,1000,0,0,,,,,0.8954081535339355,0.0,709.4439795918368,0.0,0.0,0.003826898586390522,0.0,0.0,0.003826898586390522
stress,0.2,128,46459,0.95,cdf_pacbayes,1000,0,0,,,,,0.8954081535339355,0.0,709.4439795918368,0.0,0.0,0.003826898586390522,0.0,0.0,0.003826898586390522
stress,0.2,128,46459,0.95,exc_betting,1000,0,0,,,,,0.8954081535339355,0.0,709.4439795918368,0.0,0.0,0.003826898586390522,0.0,0.0,0.003826898586390522
stress,0.2,128,46459,0.95,exc_empbernstein,1000,0,0,,,,,0.8954081535339355,0.0,709.4439795918368,0.0,0.0,0.003826898586390522,0.0,0.0,0.003826898586390522
stress,0.2,128,46459,0.95,exceedance,1000,0,0,,,,,0.8954081535339355,0.0,709.4439795918368,0.0,0.0,0.003826898586390522,0.0,0.0,0.003826898586390522
stress,0.2,128,46459,0.95,naive,1000,0,0,,,,,0.8954081535339355,0.0,709.4439795918368,0.0,0.0,0.003826898586390522,0.0,0.0,0.003826898586390522
stress,0.2,128,46459,0.95,norm_betting,1000,0,0,,,,,0.8954081535339355,0.0,709.4439795918368,0.0,0.0,0.003826898586390522,0.0,0.0,0.003826898586390522
stress,0.2,128,46459,0.95,split,1000,0,0,,,,,0.8954081535339355,0.0,709.4439795918368,0.0,0.0,0.003826898586390522,0.0,0.0,0.003826898586390522
stress,0.2,128,98000,0.9,cdf_empbernstein,1000,0,0,,,,,0.8954081535339355,0.0,709.4439795918368,0.0,0.0,0.003826898586390522,0.0,0.0,0.003826898586390522
stress,0.2,128,98000,0.9,cdf_pacbayes,1000,0,0,,,,,0.8954081535339355,0.0,709.4439795918368,0.0,0.0,0.003826898586390522,0.0,0.0,0.003826898586390522
stress,0.2,128,98000,0.9,exc_betting,1000,0,0,,,,,0.8954081535339355,0.0,709.4439795918368,0.0,0.0,0.003826898586390522,0.0,0.0,0.003826898586390522
stress,0.2,128,98000,0.9,exc_empbernstein,1000,0,0,,,,,0.8954081535339355,0.0,709.4439795918368,0.0,0.0,0.003826898586390522,0.0,0.0,0.003826898586390522
stress,0.2,128,98000,0.9,exceedance,1000,0,0,,,,,0.8954081535339355,0.0,709.4439795918368,0.0,0.0,0.003826898586390522,0.0,0.0,0.003826898586390522
stress,0.2,128,98000,0.9,naive,1000,0,0,,,,,0.8954081535339355,0.0,709.4439795918368,0.0,0.0,0.003826898586390522,0.0,0.0,0.003826898586390522
stress,0.2,128,98000,0.9,norm_betting,1000,0,0,,,,,0.8954081535339355,0.0,709.4439795918368,0.0,0.0,0.003826898586390522,0.0,0.0,0.003826898586390522
stress,0.2,128,98000,0.9,split,1000,0,0,,,,,0.8954081535339355,0.0,709.4439795918368,0.0,0.0,0.003826898586390522,0.0,0.0,0.003826898586390522
stress,0.2,128,98000,0.95,cdf_empbernstein,1000,0,0,,,,,0.8954081535339355,0.0,709.4439795918368,0.0,0.0,0.003826898586390522,0.0,0.0,0.003826898586390522
stress,0.2,128,98000,0.95,cdf_pacbayes,1000,0,0,,,,,0.8954081535339355,0.0,709.4439795918368,0.0,0.0,0.003826898586390522,0.0,0.0,0.003826898586390522
stress,0.2,128,98000,0.95,exc_betting,1000,0,0,,,,,0.8954081535339355,0.0,709.4439795918368,0.0,0.0,0.003826898586390522,0.0,0.0,0.003826898586390522
stress,0.2,128,98000,0.95,exc_empbernstein,1000,0,0,,,,,0.8954081535339355,0.0,709.4439795918368,0.0,0.0,0.003826898586390522,0.0,0.0,0.003826898586390522
stress,0.2,128,98000,0.95,exceedance,1000,0,0,,,,,0.8954081535339355,0.0,709.4439795918368,0.0,0.0,0.003826898586390522,0.0,0.0,0.003826898586390522
stress,0.2,128,98000,0.95,naive,1000,0,0,,,,,0.8954081535339355,0.0,709.4439795918368,0.0,0.0,0.003826898586390522,0.0,0.0,0.003826898586390522
stress,0.2,128,98000,0.95,norm_betting,1000,0,0,,,,,0.8954081535339355,0.0,709.4439795918368,0.0,0.0,0.003826898586390522,0.0,0.0,0.003826898586390522
stress,0.2,128,98000,0.95,split,1000,0,0,,,,,0.8954081535339355,0.0,709.4439795918368,0.0,0.0,0.003826898586390522,0.0,0.0,0.003826898586390522
stress,0.5,8,250,0.9,cdf_empbernstein,1000,0,0,,,,,0.8954081535339355,0.0,709.4439795918368,0.0,0.0,0.003826898586390522,0.0,0.0,0.003826898586390522
stress,0.5,8,250,0.9,cdf_pacbayes,1000,0,0,,,,,0.8954081535339355,0.0,709.4439795918368,0.0,0.0,0.003826898586390522,0.0,0.0,0.003826898586390522
stress,0.5,8,250,0.9,exc_betting,1000,0,0,,,,,0.8954081535339355,0.0,709.4439795918368,0.0,0.0,0.003826898586390522,0.0,0.0,0.003826898586390522
stress,0.5,8,250,0.9,exc_empbernstein,1000,0,0,,,,,0.8954081535339355,0.0,709.4439795918368,0.0,0.0,0.003826898586390522,0.0,0.0,0.003826898586390522
stress,0.5,8,250,0.9,exceedance,1000,0,0,,,,,0.8954081535339355,0.0,709.4439795918368,0.0,0.0,0.003826898586390522,0.0,0.0,0.003826898586390522
stress,0.5,8,250,0.9,naive,1000,0,0,,,,,0.8954081535339355,0.0,709.4439795918368,0.0,0.0,0.003826898586390522,0.0,0.0,0.003826898586390522
stress,0.5,8,250,0.9,norm_betting,1000,0,0,,,,,0.8954081535339355,0.0,709.4439795918368,0.0,0.0,0.003826898586390522,0.0,0.0,0.003826898586390522
stress,0.5,8,250,0.9,split,1000,0,0,,,,,0.8954081535339355,0.0,709.4439795918368,0.0,0.0,0.003826898586390522,0.0,0.0,0.003826898586390522
stress,0.5,8,250,0.95,cdf_empbernstein,1000,0,0,,,,,0.8954081535339355,0.0,709.4439795918368,0.0,0.0,0.003826898586390522,0.0,0.0,0.003826898586390522
stress,0.5,8,250,0.95,cdf_pacbayes,1000,0,0,,,,,0.8954081535339355,0.0,709.4439795918368,0.0,0.0,0.003826898586390522,0.0,0.0,0.003826898586390522
stress,0.5,8,250,0.95,exc_betting,1000,0,0,,,,,0.8954081535339355,0.0,709.4439795918368,0.0,0.0,0.003826898586390522,0.0,0.0,0.003826898586390522
stress,0.5,8,250,0.95,exc_empbernstein,1000,0,0,,,,,0.8954081535339355,0.0,709.4439795918368,0.0,0.0,0.003826898586390522,0.0,0.0,0.003826898586390522
stress,0.5,8,250,0.95,exceedance,1000,0,0,,,,,0.8954081535339355,0.0,709.4439795918368,0.0,0.0,0.003826898586390522,0.0,0.0,0.003826898586390522
stress,0.5,8,250,0.95,naive,1000,0,0,,,,,0.8954081535339355,0.0,709.4439795918368,0.0,0.0,0.003826898586390522,0.0,0.0,0.003826898586390522
stress,0.5,8,250,0.95,norm_betting,1000,0,0,,,,,0.8954081535339355,0.0,709.4439795918368,0.0,0.0,0.003826898586390522,0.0,0.0,0.003826898586390522
stress,0.5,8,250,0.95,split,1000,0,0,,,,,0.8954081535339355,0.0,709.4439795918368,0.0,0.0,0.003826898586390522,0.0,0.0,0.003826898586390522
stress,0.5,8,527,0.9,cdf_empbernstein,1000,0,0,,,,,0.8954081535339355,0.0,709.4439795918368,0.0,0.0,0.003826898586390522,0.0,0.0,0.003826898586390522
stress,0.5,8,527,0.9,cdf_pacbayes,1000,0,0,,,,,0.8954081535339355,0.0,709.4439795918368,0.0,0.0,0.003826898586390522,0.0,0.0,0.003826898586390522
stress,0.5,8,527,0.9,exc_betting,1000,0,0,,,,,0.8954081535339355,0.0,709.4439795918368,0.0,0.0,0.003826898586390522,0.0,0.0,0.003826898586390522
stress,0.5,8,527,0.9,exc_empbernstein,1000,0,0,,,,,0.8954081535339355,0.0,709.4439795918368,0.0,0.0,0.003826898586390522,0.0,0.0,0.003826898586390522
stress,0.5,8,527,0.9,exceedance,1000,0,0,,,,,0.8954081535339355,0.0,709.4439795918368,0.0,0.0,0.003826898586390522,0.0,0.0,0.003826898586390522
stress,0.5,8,527,0.9,naive,1000,0,0,,,,,0.8954081535339355,0.0,709.4439795918368,0.0,0.0,0.003826898586390522,0.0,0.0,0.003826898586390522
stress,0.5,8,527,0.9,norm_betting,1000,0,0,,,,,0.8954081535339355,0.0,709.4439795918368,0.0,0.0,0.003826898586390522,0.0,0.0,0.003826898586390522
stress,0.5,8,527,0.9,split,1000,0,0,,,,,0.8954081535339355,0.0,709.4439795918368,0.0,0.0,0.003826898586390522,0.0,0.0,0.003826898586390522
stress,0.5,8,527,0.95,cdf_empbernstein,1000,0,0,,,,,0.8954081535339355,0.0,709.4439795918368,0.0,0.0,0.003826898586390522,0.0,0.0,0.003826898586390522
stress,0.5,8,527,0.95,cdf_pacbayes,1000,0,0,,,,,0.8954081535339355,0.0,709.4439795918368,0.0,0.0,0.003826898586390522,0.0,0.0,0.003826898586390522
stress,0.5,8,527,0.95,exc_betting,1000,0,0,,,,,0.8954081535339355,0.0,709.4439795918368,0.0,0.0,0.003826898586390522,0.0,0.0,0.003826898586390522
stress,0.5,8,527,0.95,exc_empbernstein,1000,0,0,,,,,0.8954081535339355,0.0,709.4439795918368,0.0,0.0,0.003826898586390522,0.0,0.0,0.003826898586390522
stress,0.5,8,527,0.95,exceedance,1000,0,0,,,,,0.8954081535339355,0.0,709.4439795918368,0.0,0.0,0.003826898586390522,0.0,0.0,0.003826898586390522
stress,0.5,8,527,0.95,naive,1000,0,0,,,,,0.8954081535339355,0.0,709.4439795918368,0.0,0.0,0.003826898586390522,0.0,0.0,0.003826898586390522
stress,0.5,8,527,0.95,norm_betting,1000,0,0,,,,,0.8954081535339355,0.0,709.4439795918368,0.0,0.0,0.003826898586390522,0.0,0.0,0.003826898586390522
stress,0.5,8,527,0.95,split,1000,0,0,,,,,0.8954081535339355,0.0,709.4439795918368,0.0,0.0,0.003826898586390522,0.0,0.0,0.003826898586390522
stress,0.5,8,1112,0.9,cdf_empbernstein,1000,0,0,,,,,0.8954081535339355,0.0,709.4439795918368,0.0,0.0,0.003826898586390522,0.0,0.0,0.003826898586390522
stress,0.5,8,1112,0.9,cdf_pacbayes,1000,0,0,,,,,0.8954081535339355,0.0,709.4439795918368,0.0,0.0,0.003826898586390522,0.0,0.0,0.003826898586390522
stress,0.5,8,1112,0.9,exc_betting,1000,0,0,,,,,0.8954081535339355,0.0,709.4439795918368,0.0,0.0,0.003826898586390522,0.0,0.0,0.003826898586390522
stress,0.5,8,1112,0.9,exc_empbernstein,1000,0,0,,,,,0.8954081535339355,0.0,709.4439795918368,0.0,0.0,0.003826898586390522,0.0,0.0,0.003826898586390522
stress,0.5,8,1112,0.9,exceedance,1000,0,0,,,,,0.8954081535339355,0.0,709.4439795918368,0.0,0.0,0.003826898586390522,0.0,0.0,0.003826898586390522
stress,0.5,8,1112,0.9,naive,1000,0,0,,,,,0.8954081535339355,0.0,709.4439795918368,0.0,0.0,0.003826898586390522,0.0,0.0,0.003826898586390522
stress,0.5,8,1112,0.9,norm_betting,1000,0,0,,,,,0.8954081535339355,0.0,709.4439795918368,0.0,0.0,0.003826898586390522,0.0,0.0,0.003826898586390522
stress,0.5,8,1112,0.9,split,1000,0,0,,,,,0.8954081535339355,0.0,709.4439795918368,0.0,0.0,0.003826898586390522,0.0,0.0,0.003826898586390522
stress,0.5,8,1112,0.95,cdf_empbernstein,1000,0,0,,,,,0.8954081535339355,0.0,709.4439795918368,0.0,0.0,0.003826898586390522,0.0,0.0,0.003826898586390522
stress,0.5,8,1112,0.95,cdf_pacbayes,1000,0,0,,,,,0.8954081535339355,0.0,709.4439795918368,0.0,0.0,0.003826898586390522,0.0,0.0,0.003826898586390522
stress,0.5,8,1112,0.95,exc_betting,1000,0,0,,,,,0.8954081535339355,0.0,709.4439795918368,0.0,0.0,0.003826898586390522,0.0,0.0,0.003826898586390522
stress,0.5,8,1112,0.95,exc_empbernstein,1000,0,0,,,,,0.8954081535339355,0.0,709.4439795918368,0.0,0.0,0.003826898586390522,0.0,0.0,0.003826898586390522
stress,0.5,8,1112,0.95,exceedance,1000,0,0,,,,,0.8954081535339355,0.0,709.4439795918368,0.0,0.0,0.003826898586390522,0.0,0.0,0.003826898586390522
stress,0.5,8,1112,0.95,naive,1000,0,0,,,,,0.8954081535339355,0.0,709.4439795918368,0.0,0.0,0.003826898586390522,0.0,0.0,0.003826898586390522
stress,0.5,8,1112,0.95,norm_betting,1000,0,0,,,,,0.8954081535339355,0.0,709.4439795918368,0.0,0.0,0.003826898586390522,0.0,0.0,0.003826898586390522
stress,0.5,8,1112,0.95,split,1000,0,0,,,,,0.8954081535339355,0.0,709.4439795918368,0.0,0.0,0.003826898586390522,0.0,0.0,0.003826898586390522
stress,0.5,8,2347,0.9,cdf_empbernstein,1000,0,0,,,,,0.8954081535339355,0.0,709.4439795918368,0.0,0.0,0.003826898586390522,0.0,0.0,0.003826898586390522
stress,0.5,8,2347,0.9,cdf_pacbayes,1000,0,0,,,,,0.8954081535339355,0.0,709.4439795918368,0.0,0.0,0.003826898586390522,0.0,0.0,0.003826898586390522
stress,0.5,8,2347,0.9,exc_betting,1000,0,0,,,,,0.8954081535339355,0.0,709.4439795918368,0.0,0.0,0.003826898586390522,0.0,0.0,0.003826898586390522
stress,0.5,8,2347,0.9,exc_empbernstein,1000,0,0,,,,,0.8954081535339355,0.0,709.4439795918368,0.0,0.0,0.003826898586390522,0.0,0.0,0.003826898586390522
stress,0.5,8,2347,0.9,exceedance,1000,0,0,,,,,0.8954081535339355,0.0,709.4439795918368,0.0,0.0,0.003826898586390522,0.0,0.0,0.003826898586390522
stress,0.5,8,2347,0.9,naive,1000,0,0,,,,,0.8954081535339355,0.0,709.4439795918368,0.0,0.0,0.003826898586390522,0.0,0.0,0.003826898586390522
stress,0.5,8,2347,0.9,norm_betting,1000,0,0,,,,,0.8954081535339355,0.0,709.4439795918368,0.0,0.0,0.003826898586390522,0.0,0.0,0.003826898586390522
stress,0.5,8,2347,0.9,split,1000,0,0,,,,,0.8954081535339355,0.0,709.4439795918368,0.0,0.0,0.003826898586390522,0.0,0.0,0.003826898586390522
stress,0.5,8,2347,0.95,cdf_empbernstein,1000,0,0,,,,,0.8954081535339355,0.0,709.4439795918368,0.0,0.0,0.003826898586390522,0.0,0.0,0.003826898586390522
stress,0.5,8,2347,0.95,cdf_pacbayes,1000,0,0,,,,,0.8954081535339355,0.0,709.4439795918368,0.0,0.0,0.003826898586390522,0.0,0.0,0.003826898586390522
stress,0.5,8,2347,0.95,exc_betting,1000,0,0,,,,,0.8954081535339355,0.0,709.4439795918368,0.0,0.0,0.003826898586390522,0.0,0.0,0.003826898586390522
stress,0.5,8,2347,0.95,exc_empbernstein,1000,0,0,,,,,0.8954081535339355,0.0,709.4439795918368,0.0,0.0,0.003826898586390522,0.0,0.0,0.003826898586390522
stress,0.5,8,2347,0.95,exceedance,1000,0,0,,,,,0.8954081535339355,0.0,709.4439795918368,0.0,0.0,0.003826898586390522,0.0,0.0,0.003826898586390522
stress,0.5,8,2347,0.95,naive,1000,0,0,,,,,0.8954081535339355,0.0,709.4439795918368,0.0,0.0,0.003826898586390522,0.0,0.0,0.003826898586390522
stress,0.5,8,2347,0.95,norm_betting,1000,0,0,,,,,0.8954081535339355,0.0,709.4439795918368,0.0,0.0,0.003826898586390522,0.0,0.0,0.003826898586390522
stress,0.5,8,2347,0.95,split,1000,0,0,,,,,0.8954081535339355,0.0,709.4439795918368,0.0,0.0,0.003826898586390522,0.0,0.0,0.003826898586390522
stress,0.5,8,4950,0.9,cdf_empbernstein,1000,0,0,,,,,0.8954081535339355,0.0,709.4439795918368,0.0,0.0,0.003826898586390522,0.0,0.0,0.003826898586390522
stress,0.5,8,4950,0.9,cdf_pacbayes,1000,0,0,,,,,0.8954081535339355,0.0,709.4439795918368,0.0,0.0,0.003826898586390522,0.0,0.0,0.003826898586390522
stress,0.5,8,4950,0.9,exc_betting,1000,2,2,0.1037755124270916,0.9075510203838348,673.1690306122449,-0.007151051793474958,0.8954324392676354,0.0005430807781884612,709.3714296938775,0.002,0.000548632102457155,0.007262958889587807,0.002,0.000548632102457155,0.007262958889587807
stress,0.5,8,4950,0.9,exc_empbernstein,1000,0,0,,,,,0.8954081535339355,0.0,709.4439795918368,0.0,0.0,0.003826898586390522,0.0,0.0,0.003826898586390522
stress,0.5,8,4950,0.9,exceedance,1000,0,0,,,,,0.8954081535339355,0.0,709.4439795918368,0.0,0.0,0.003826898586390522,0.0,0.0,0.003826898586390522
stress,0.5,8,4950,0.9,naive,1000,0,0,,,,,0.8954081535339355,0.0,709.4439795918368,0.0,0.0,0.003826898586390522,0.0,0.0,0.003826898586390522
stress,0.5,8,4950,0.9,norm_betting,1000,0,0,,,,,0.8954081535339355,0.0,709.4439795918368,0.0,0.0,0.003826898586390522,0.0,0.0,0.003826898586390522
stress,0.5,8,4950,0.9,split,1000,0,0,,,,,0.8954081535339355,0.0,709.4439795918368,0.0,0.0,0.003826898586390522,0.0,0.0,0.003826898586390522
stress,0.5,8,4950,0.95,cdf_empbernstein,1000,0,0,,,,,0.8954081535339355,0.0,709.4439795918368,0.0,0.0,0.003826898586390522,0.0,0.0,0.003826898586390522
stress,0.5,8,4950,0.95,cdf_pacbayes,1000,0,0,,,,,0.8954081535339355,0.0,709.4439795918368,0.0,0.0,0.003826898586390522,0.0,0.0,0.003826898586390522
stress,0.5,8,4950,0.95,exc_betting,1000,0,0,,,,,0.8954081535339355,0.0,709.4439795918368,0.0,0.0,0.003826898586390522,0.0,0.0,0.003826898586390522
stress,0.5,8,4950,0.95,exc_empbernstein,1000,0,0,,,,,0.8954081535339355,0.0,709.4439795918368,0.0,0.0,0.003826898586390522,0.0,0.0,0.003826898586390522
stress,0.5,8,4950,0.95,exceedance,1000,0,0,,,,,0.8954081535339355,0.0,709.4439795918368,0.0,0.0,0.003826898586390522,0.0,0.0,0.003826898586390522
stress,0.5,8,4950,0.95,naive,1000,0,0,,,,,0.8954081535339355,0.0,709.4439795918368,0.0,0.0,0.003826898586390522,0.0,0.0,0.003826898586390522
stress,0.5,8,4950,0.95,norm_betting,1000,0,0,,,,,0.8954081535339355,0.0,709.4439795918368,0.0,0.0,0.003826898586390522,0.0,0.0,0.003826898586390522
stress,0.5,8,4950,0.95,split,1000,0,0,,,,,0.8954081535339355,0.0,709.4439795918368,0.0,0.0,0.003826898586390522,0.0,0.0,0.003826898586390522
stress,0.5,8,9800,0.9,cdf_empbernstein,1000,0,0,,,,,0.8954081535339355,0.0,709.4439795918368,0.0,0.0,0.003826898586390522,0.0,0.0,0.003826898586390522
stress,0.5,8,9800,0.9,cdf_pacbayes,1000,0,0,,,,,0.8954081535339355,0.0,709.4439795918368,0.0,0.0,0.003826898586390522,0.0,0.0,0.003826898586390522
stress,0.5,8,9800,0.9,exc_betting,1000,1,1,0.10265306383371353,0.9071428775787354,666.9501020408163,-0.008827419494804561,0.8954198882579804,0.00037108455695112464,709.4014857142857,0.001,0.0001765418290572713,0.0056427029601604705,0.001,0.0001765418290572713,0.0056427029601604705
stress,0.5,8,9800,0.9,exc_empbernstein,1000,0,0,,,,,0.8954081535339355,0.0,709.4439795918368,0.0,0.0,0.003826898586390522,0.0,0.0,0.003826898586390522
stress,0.5,8,9800,0.9,exceedance,1000,0,0,,,,,0.8954081535339355,0.0,709.4439795918368,0.0,0.0,0.003826898586390522,0.0,0.0,0.003826898586390522
stress,0.5,8,9800,0.9,naive,1000,0,0,,,,,0.8954081535339355,0.0,709.4439795918368,0.0,0.0,0.003826898586390522,0.0,0.0,0.003826898586390522
stress,0.5,8,9800,0.9,norm_betting,1000,1,1,0.10265306383371353,0.9071428775787354,666.9501020408163,-0.006987028353148947,0.8954198882579804,0.00037108455695112464,709.4014857142857,0.001,0.0001765418290572713,0.0056427029601604705,0.001,0.0001765418290572713,0.0056427029601604705
stress,0.5,8,9800,0.9,split,1000,0,0,,,,,0.8954081535339355,0.0,709.4439795918368,0.0,0.0,0.003826898586390522,0.0,0.0,0.003826898586390522
stress,0.5,8,9800,0.95,cdf_empbernstein,1000,0,0,,,,,0.8954081535339355,0.0,709.4439795918368,0.0,0.0,0.003826898586390522,0.0,0.0,0.003826898586390522
stress,0.5,8,9800,0.95,cdf_pacbayes,1000,0,0,,,,,0.8954081535339355,0.0,709.4439795918368,0.0,0.0,0.003826898586390522,0.0,0.0,0.003826898586390522
stress,0.5,8,9800,0.95,exc_betting,1000,1,1,0.052346937358379364,0.9071428775787354,666.9501020408163,-0.005706792602460126,0.8954198882579804,0.00037108455695112464,709.4014857142857,0.001,0.0001765418290572713,0.0056427029601604705,0.001,0.0001765418290572713,0.0056427029601604705
stress,0.5,8,9800,0.95,exc_empbernstein,1000,0,0,,,,,0.8954081535339355,0.0,709.4439795918368,0.0,0.0,0.003826898586390522,0.0,0.0,0.003826898586390522
stress,0.5,8,9800,0.95,exceedance,1000,0,0,,,,,0.8954081535339355,0.0,709.4439795918368,0.0,0.0,0.003826898586390522,0.0,0.0,0.003826898586390522
stress,0.5,8,9800,0.95,naive,1000,0,0,,,,,0.8954081535339355,0.0,709.4439795918368,0.0,0.0,0.003826898586390522,0.0,0.0,0.003826898586390522
stress,0.5,8,9800,0.95,norm_betting,1000,1,1,0.052346937358379364,0.9071428775787354,666.9501020408163,-0.004208231320343717,0.8954198882579804,0.00037108455695112464,709.4014857142857,0.001,0.0001765418290572713,0.0056427029601604705,0.001,0.0001765418290572713,0.0056427029601604705
stress,0.5,8,9800,0.95,split,1000,0,0,,,,,0.8954081535339355,0.0,709.4439795918368,0.0,0.0,0.003826898586390522,0.0,0.0,0.003826898586390522
stress,0.5,8,10441,0.9,cdf_empbernstein,1000,0,0,,,,,0.8954081535339355,0.0,709.4439795918368,0.0,0.0,0.003826898586390522,0.0,0.0,0.003826898586390522
stress,0.5,8,10441,0.9,cdf_pacbayes,1000,0,0,,,,,0.8954081535339355,0.0,709.4439795918368,0.0,0.0,0.003826898586390522,0.0,0.0,0.003826898586390522
stress,0.5,8,10441,0.9,exc_betting,1000,0,0,,,,,0.8954081535339355,0.0,709.4439795918368,0.0,0.0,0.003826898586390522,0.0,0.0,0.003826898586390522
stress,0.5,8,10441,0.9,exc_empbernstein,1000,0,0,,,,,0.8954081535339355,0.0,709.4439795918368,0.0,0.0,0.003826898586390522,0.0,0.0,0.003826898586390522
stress,0.5,8,10441,0.9,exceedance,1000,0,0,,,,,0.8954081535339355,0.0,709.4439795918368,0.0,0.0,0.003826898586390522,0.0,0.0,0.003826898586390522
stress,0.5,8,10441,0.9,naive,1000,0,0,,,,,0.8954081535339355,0.0,709.4439795918368,0.0,0.0,0.003826898586390522,0.0,0.0,0.003826898586390522
stress,0.5,8,10441,0.9,norm_betting,1000,0,0,,,,,0.8954081535339355,0.0,709.4439795918368,0.0,0.0,0.003826898586390522,0.0,0.0,0.003826898586390522
stress,0.5,8,10441,0.9,split,1000,0,0,,,,,0.8954081535339355,0.0,709.4439795918368,0.0,0.0,0.003826898586390522,0.0,0.0,0.003826898586390522
stress,0.5,8,10441,0.95,cdf_empbernstein,1000,1,1,0.052346937358379364,0.9071428775787354,666.9501020408163,-0.0034370051072141194,0.8954198882579804,0.00037108455695112366,709.4014857142857,0.001,0.0001765418290572713,0.0056427029601604705,0.001,0.0001765418290572713,0.0056427029601604705
stress,0.5,8,10441,0.95,cdf_pacbayes,1000,0,0,,,,,0.8954081535339355,0.0,709.4439795918368,0.0,0.0,0.003826898586390522,0.0,0.0,0.003826898586390522
stress,0.5,8,10441,0.95,exc_betting,1000,1,1,0.05336734652519226,0.9079591631889343,679.3879591836735,-0.00417804913766278,0.8954207045435906,0.0003968977744456099,709.4139235714287,0.001,0.0001765418290572713,0.0056427029601604705,0.001,0.0001765418290572713,0.0056427029601604705
stress,0.5,8,10441,0.95,exc_empbernstein,1000,0,0,,,,,0.8954081535339355,0.0,709.4439795918368,0.0,0.0,0.003826898586390522,0.0,0.0,0.003826898586390522
stress,0.5,8,10441,0.95,exceedance,1000,0,0,,,,,0.8954081535339355,0.0,709.4439795918368,0.0,0.0,0.003826898586390522,0.0,0.0,0.003826898586390522
stress,0.5,8,10441,0.95,naive,1000,0,0,,,,,0.8954081535339355,0.0,709.4439795918368,0.0,0.0,0.003826898586390522,0.0,0.0,0.003826898586390522
stress,0.5,8,10441,0.95,norm_betting,1000,1,1,0.05336734652519226,0.9079591631889343,679.3879591836735,-0.004180597666865682,0.8954207045435906,0.0003968977744456099,709.4139235714287,0.001,0.0001765418290572713,0.0056427029601604705,0.001,0.0001765418290572713,0.0056427029601604705
stress,0.5,8,10441,0.95,split,1000,0,0,,,,,0.8954081535339355,0.0,709.4439795918368,0.0,0.0,0.003826898586390522,0.0,0.0,0.003826898586390522
stress,0.5,8,22024,0.9,cdf_empbernstein,1000,0,0,,,,,0.8954081535339355,0.0,709.4439795918368,0.0,0.0,0.003826898586390522,0.0,0.0,0.003826898586390522
stress,0.5,8,22024,0.9,cdf_pacbayes,1000,0,0,,,,,0.8954081535339355,0.0,709.4439795918368,0.0,0.0,0.003826898586390522,0.0,0.0,0.003826898586390522
stress,0.5,8,22024,0.9,exc_betting,1000,0,0,,,,,0.8954081535339355,0.0,709.4439795918368,0.0,0.0,0.003826898586390522,0.0,0.0,0.003826898586390522
stress,0.5,8,22024,0.9,exc_empbernstein,1000,0,0,,,,,0.8954081535339355,0.0,709.4439795918368,0.0,0.0,0.003826898586390522,0.0,0.0,0.003826898586390522
stress,0.5,8,22024,0.9,exceedance,1000,0,0,,,,,0.8954081535339355,0.0,709.4439795918368,0.0,0.0,0.003826898586390522,0.0,0.0,0.003826898586390522
stress,0.5,8,22024,0.9,naive,1000,0,0,,,,,0.8954081535339355,0.0,709.4439795918368,0.0,0.0,0.003826898586390522,0.0,0.0,0.003826898586390522
stress,0.5,8,22024,0.9,norm_betting,1000,0,0,,,,,0.8954081535339355,0.0,709.4439795918368,0.0,0.0,0.003826898586390522,0.0,0.0,0.003826898586390522
stress,0.5,8,22024,0.9,split,1000,0,0,,,,,0.8954081535339355,0.0,709.4439795918368,0.0,0.0,0.003826898586390522,0.0,0.0,0.003826898586390522
stress,0.5,8,22024,0.95,cdf_empbernstein,1000,0,0,,,,,0.8954081535339355,0.0,709.4439795918368,0.0,0.0,0.003826898586390522,0.0,0.0,0.003826898586390522
stress,0.5,8,22024,0.95,cdf_pacbayes,1000,0,0,,,,,0.8954081535339355,0.0,709.4439795918368,0.0,0.0,0.003826898586390522,0.0,0.0,0.003826898586390522
stress,0.5,8,22024,0.95,exc_betting,1000,0,0,,,,,0.8954081535339355,0.0,709.4439795918368,0.0,0.0,0.003826898586390522,0.0,0.0,0.003826898586390522
stress,0.5,8,22024,0.95,exc_empbernstein,1000,0,0,,,,,0.8954081535339355,0.0,709.4439795918368,0.0,0.0,0.003826898586390522,0.0,0.0,0.003826898586390522
stress,0.5,8,22024,0.95,exceedance,1000,0,0,,,,,0.8954081535339355,0.0,709.4439795918368,0.0,0.0,0.003826898586390522,0.0,0.0,0.003826898586390522
stress,0.5,8,22024,0.95,naive,1000,0,0,,,,,0.8954081535339355,0.0,709.4439795918368,0.0,0.0,0.003826898586390522,0.0,0.0,0.003826898586390522
stress,0.5,8,22024,0.95,norm_betting,1000,0,0,,,,,0.8954081535339355,0.0,709.4439795918368,0.0,0.0,0.003826898586390522,0.0,0.0,0.003826898586390522
stress,0.5,8,22024,0.95,split,1000,0,0,,,,,0.8954081535339355,0.0,709.4439795918368,0.0,0.0,0.003826898586390522,0.0,0.0,0.003826898586390522
stress,0.5,8,46459,0.9,cdf_empbernstein,1000,0,0,,,,,0.8954081535339355,0.0,709.4439795918368,0.0,0.0,0.003826898586390522,0.0,0.0,0.003826898586390522
stress,0.5,8,46459,0.9,cdf_pacbayes,1000,0,0,,,,,0.8954081535339355,0.0,709.4439795918368,0.0,0.0,0.003826898586390522,0.0,0.0,0.003826898586390522
stress,0.5,8,46459,0.9,exc_betting,1000,0,0,,,,,0.8954081535339355,0.0,709.4439795918368,0.0,0.0,0.003826898586390522,0.0,0.0,0.003826898586390522
stress,0.5,8,46459,0.9,exc_empbernstein,1000,0,0,,,,,0.8954081535339355,0.0,709.4439795918368,0.0,0.0,0.003826898586390522,0.0,0.0,0.003826898586390522
stress,0.5,8,46459,0.9,exceedance,1000,0,0,,,,,0.8954081535339355,0.0,709.4439795918368,0.0,0.0,0.003826898586390522,0.0,0.0,0.003826898586390522
stress,0.5,8,46459,0.9,naive,1000,0,0,,,,,0.8954081535339355,0.0,709.4439795918368,0.0,0.0,0.003826898586390522,0.0,0.0,0.003826898586390522
stress,0.5,8,46459,0.9,norm_betting,1000,0,0,,,,,0.8954081535339355,0.0,709.4439795918368,0.0,0.0,0.003826898586390522,0.0,0.0,0.003826898586390522
stress,0.5,8,46459,0.9,split,1000,0,0,,,,,0.8954081535339355,0.0,709.4439795918368,0.0,0.0,0.003826898586390522,0.0,0.0,0.003826898586390522
stress,0.5,8,46459,0.95,cdf_empbernstein,1000,0,0,,,,,0.8954081535339355,0.0,709.4439795918368,0.0,0.0,0.003826898586390522,0.0,0.0,0.003826898586390522
stress,0.5,8,46459,0.95,cdf_pacbayes,1000,0,0,,,,,0.8954081535339355,0.0,709.4439795918368,0.0,0.0,0.003826898586390522,0.0,0.0,0.003826898586390522
stress,0.5,8,46459,0.95,exc_betting,1000,0,0,,,,,0.8954081535339355,0.0,709.4439795918368,0.0,0.0,0.003826898586390522,0.0,0.0,0.003826898586390522
stress,0.5,8,46459,0.95,exc_empbernstein,1000,0,0,,,,,0.8954081535339355,0.0,709.4439795918368,0.0,0.0,0.003826898586390522,0.0,0.0,0.003826898586390522
stress,0.5,8,46459,0.95,exceedance,1000,0,0,,,,,0.8954081535339355,0.0,709.4439795918368,0.0,0.0,0.003826898586390522,0.0,0.0,0.003826898586390522
stress,0.5,8,46459,0.95,naive,1000,0,0,,,,,0.8954081535339355,0.0,709.4439795918368,0.0,0.0,0.003826898586390522,0.0,0.0,0.003826898586390522
stress,0.5,8,46459,0.95,norm_betting,1000,0,0,,,,,0.8954081535339355,0.0,709.4439795918368,0.0,0.0,0.003826898586390522,0.0,0.0,0.003826898586390522
stress,0.5,8,46459,0.95,split,1000,0,0,,,,,0.8954081535339355,0.0,709.4439795918368,0.0,0.0,0.003826898586390522,0.0,0.0,0.003826898586390522
stress,0.5,8,98000,0.9,cdf_empbernstein,1000,0,0,,,,,0.8954081535339355,0.0,709.4439795918368,0.0,0.0,0.003826898586390522,0.0,0.0,0.003826898586390522
stress,0.5,8,98000,0.9,cdf_pacbayes,1000,0,0,,,,,0.8954081535339355,0.0,709.4439795918368,0.0,0.0,0.003826898586390522,0.0,0.0,0.003826898586390522
stress,0.5,8,98000,0.9,exc_betting,1000,0,0,,,,,0.8954081535339355,0.0,709.4439795918368,0.0,0.0,0.003826898586390522,0.0,0.0,0.003826898586390522
stress,0.5,8,98000,0.9,exc_empbernstein,1000,0,0,,,,,0.8954081535339355,0.0,709.4439795918368,0.0,0.0,0.003826898586390522,0.0,0.0,0.003826898586390522
stress,0.5,8,98000,0.9,exceedance,1000,0,0,,,,,0.8954081535339355,0.0,709.4439795918368,0.0,0.0,0.003826898586390522,0.0,0.0,0.003826898586390522
stress,0.5,8,98000,0.9,naive,1000,0,0,,,,,0.8954081535339355,0.0,709.4439795918368,0.0,0.0,0.003826898586390522,0.0,0.0,0.003826898586390522
stress,0.5,8,98000,0.9,norm_betting,1000,0,0,,,,,0.8954081535339355,0.0,709.4439795918368,0.0,0.0,0.003826898586390522,0.0,0.0,0.003826898586390522
stress,0.5,8,98000,0.9,split,1000,0,0,,,,,0.8954081535339355,0.0,709.4439795918368,0.0,0.0,0.003826898586390522,0.0,0.0,0.003826898586390522
stress,0.5,8,98000,0.95,cdf_empbernstein,1000,0,0,,,,,0.8954081535339355,0.0,709.4439795918368,0.0,0.0,0.003826898586390522,0.0,0.0,0.003826898586390522
stress,0.5,8,98000,0.95,cdf_pacbayes,1000,0,0,,,,,0.8954081535339355,0.0,709.4439795918368,0.0,0.0,0.003826898586390522,0.0,0.0,0.003826898586390522
stress,0.5,8,98000,0.95,exc_betting,1000,0,0,,,,,0.8954081535339355,0.0,709.4439795918368,0.0,0.0,0.003826898586390522,0.0,0.0,0.003826898586390522
stress,0.5,8,98000,0.95,exc_empbernstein,1000,0,0,,,,,0.8954081535339355,0.0,709.4439795918368,0.0,0.0,0.003826898586390522,0.0,0.0,0.003826898586390522
stress,0.5,8,98000,0.95,exceedance,1000,0,0,,,,,0.8954081535339355,0.0,709.4439795918368,0.0,0.0,0.003826898586390522,0.0,0.0,0.003826898586390522
stress,0.5,8,98000,0.95,naive,1000,0,0,,,,,0.8954081535339355,0.0,709.4439795918368,0.0,0.0,0.003826898586390522,0.0,0.0,0.003826898586390522
stress,0.5,8,98000,0.95,norm_betting,1000,0,0,,,,,0.8954081535339355,0.0,709.4439795918368,0.0,0.0,0.003826898586390522,0.0,0.0,0.003826898586390522
stress,0.5,8,98000,0.95,split,1000,0,0,,,,,0.8954081535339355,0.0,709.4439795918368,0.0,0.0,0.003826898586390522,0.0,0.0,0.003826898586390522
stress,0.5,32,250,0.9,cdf_empbernstein,1000,0,0,,,,,0.8954081535339355,0.0,709.4439795918368,0.0,0.0,0.003826898586390522,0.0,0.0,0.003826898586390522
stress,0.5,32,250,0.9,cdf_pacbayes,1000,0,0,,,,,0.8954081535339355,0.0,709.4439795918368,0.0,0.0,0.003826898586390522,0.0,0.0,0.003826898586390522
stress,0.5,32,250,0.9,exc_betting,1000,0,0,,,,,0.8954081535339355,0.0,709.4439795918368,0.0,0.0,0.003826898586390522,0.0,0.0,0.003826898586390522
stress,0.5,32,250,0.9,exc_empbernstein,1000,0,0,,,,,0.8954081535339355,0.0,709.4439795918368,0.0,0.0,0.003826898586390522,0.0,0.0,0.003826898586390522
stress,0.5,32,250,0.9,exceedance,1000,0,0,,,,,0.8954081535339355,0.0,709.4439795918368,0.0,0.0,0.003826898586390522,0.0,0.0,0.003826898586390522
stress,0.5,32,250,0.9,naive,1000,0,0,,,,,0.8954081535339355,0.0,709.4439795918368,0.0,0.0,0.003826898586390522,0.0,0.0,0.003826898586390522
stress,0.5,32,250,0.9,norm_betting,1000,0,0,,,,,0.8954081535339355,0.0,709.4439795918368,0.0,0.0,0.003826898586390522,0.0,0.0,0.003826898586390522
stress,0.5,32,250,0.9,split,1000,0,0,,,,,0.8954081535339355,0.0,709.4439795918368,0.0,0.0,0.003826898586390522,0.0,0.0,0.003826898586390522
stress,0.5,32,250,0.95,cdf_empbernstein,1000,0,0,,,,,0.8954081535339355,0.0,709.4439795918368,0.0,0.0,0.003826898586390522,0.0,0.0,0.003826898586390522
stress,0.5,32,250,0.95,cdf_pacbayes,1000,0,0,,,,,0.8954081535339355,0.0,709.4439795918368,0.0,0.0,0.003826898586390522,0.0,0.0,0.003826898586390522
stress,0.5,32,250,0.95,exc_betting,1000,0,0,,,,,0.8954081535339355,0.0,709.4439795918368,0.0,0.0,0.003826898586390522,0.0,0.0,0.003826898586390522
stress,0.5,32,250,0.95,exc_empbernstein,1000,0,0,,,,,0.8954081535339355,0.0,709.4439795918368,0.0,0.0,0.003826898586390522,0.0,0.0,0.003826898586390522
stress,0.5,32,250,0.95,exceedance,1000,0,0,,,,,0.8954081535339355,0.0,709.4439795918368,0.0,0.0,0.003826898586390522,0.0,0.0,0.003826898586390522
stress,0.5,32,250,0.95,naive,1000,0,0,,,,,0.8954081535339355,0.0,709.4439795918368,0.0,0.0,0.003826898586390522,0.0,0.0,0.003826898586390522
stress,0.5,32,250,0.95,norm_betting,1000,0,0,,,,,0.8954081535339355,0.0,709.4439795918368,0.0,0.0,0.003826898586390522,0.0,0.0,0.003826898586390522
stress,0.5,32,250,0.95,split,1000,0,0,,,,,0.8954081535339355,0.0,709.4439795918368,0.0,0.0,0.003826898586390522,0.0,0.0,0.003826898586390522
stress,0.5,32,527,0.9,cdf_empbernstein,1000,0,0,,,,,0.8954081535339355,0.0,709.4439795918368,0.0,0.0,0.003826898586390522,0.0,0.0,0.003826898586390522
stress,0.5,32,527,0.9,cdf_pacbayes,1000,0,0,,,,,0.8954081535339355,0.0,709.4439795918368,0.0,0.0,0.003826898586390522,0.0,0.0,0.003826898586390522
stress,0.5,32,527,0.9,exc_betting,1000,0,0,,,,,0.8954081535339355,0.0,709.4439795918368,0.0,0.0,0.003826898586390522,0.0,0.0,0.003826898586390522
stress,0.5,32,527,0.9,exc_empbernstein,1000,0,0,,,,,0.8954081535339355,0.0,709.4439795918368,0.0,0.0,0.003826898586390522,0.0,0.0,0.003826898586390522
stress,0.5,32,527,0.9,exceedance,1000,0,0,,,,,0.8954081535339355,0.0,709.4439795918368,0.0,0.0,0.003826898586390522,0.0,0.0,0.003826898586390522
stress,0.5,32,527,0.9,naive,1000,0,0,,,,,0.8954081535339355,0.0,709.4439795918368,0.0,0.0,0.003826898586390522,0.0,0.0,0.003826898586390522
stress,0.5,32,527,0.9,norm_betting,1000,0,0,,,,,0.8954081535339355,0.0,709.4439795918368,0.0,0.0,0.003826898586390522,0.0,0.0,0.003826898586390522
stress,0.5,32,527,0.9,split,1000,0,0,,,,,0.8954081535339355,0.0,709.4439795918368,0.0,0.0,0.003826898586390522,0.0,0.0,0.003826898586390522
stress,0.5,32,527,0.95,cdf_empbernstein,1000,0,0,,,,,0.8954081535339355,0.0,709.4439795918368,0.0,0.0,0.003826898586390522,0.0,0.0,0.003826898586390522
stress,0.5,32,527,0.95,cdf_pacbayes,1000,0,0,,,,,0.8954081535339355,0.0,709.4439795918368,0.0,0.0,0.003826898586390522,0.0,0.0,0.003826898586390522
stress,0.5,32,527,0.95,exc_betting,1000,0,0,,,,,0.8954081535339355,0.0,709.4439795918368,0.0,0.0,0.003826898586390522,0.0,0.0,0.003826898586390522
stress,0.5,32,527,0.95,exc_empbernstein,1000,0,0,,,,,0.8954081535339355,0.0,709.4439795918368,0.0,0.0,0.003826898586390522,0.0,0.0,0.003826898586390522
stress,0.5,32,527,0.95,exceedance,1000,0,0,,,,,0.8954081535339355,0.0,709.4439795918368,0.0,0.0,0.003826898586390522,0.0,0.0,0.003826898586390522
stress,0.5,32,527,0.95,naive,1000,0,0,,,,,0.8954081535339355,0.0,709.4439795918368,0.0,0.0,0.003826898586390522,0.0,0.0,0.003826898586390522
stress,0.5,32,527,0.95,norm_betting,1000,0,0,,,,,0.8954081535339355,0.0,709.4439795918368,0.0,0.0,0.003826898586390522,0.0,0.0,0.003826898586390522
stress,0.5,32,527,0.95,split,1000,0,0,,,,,0.8954081535339355,0.0,709.4439795918368,0.0,0.0,0.003826898586390522,0.0,0.0,0.003826898586390522
stress,0.5,32,1112,0.9,cdf_empbernstein,1000,0,0,,,,,0.8954081535339355,0.0,709.4439795918368,0.0,0.0,0.003826898586390522,0.0,0.0,0.003826898586390522
stress,0.5,32,1112,0.9,cdf_pacbayes,1000,0,0,,,,,0.8954081535339355,0.0,709.4439795918368,0.0,0.0,0.003826898586390522,0.0,0.0,0.003826898586390522
stress,0.5,32,1112,0.9,exc_betting,1000,0,0,,,,,0.8954081535339355,0.0,709.4439795918368,0.0,0.0,0.003826898586390522,0.0,0.0,0.003826898586390522
stress,0.5,32,1112,0.9,exc_empbernstein,1000,0,0,,,,,0.8954081535339355,0.0,709.4439795918368,0.0,0.0,0.003826898586390522,0.0,0.0,0.003826898586390522
stress,0.5,32,1112,0.9,exceedance,1000,0,0,,,,,0.8954081535339355,0.0,709.4439795918368,0.0,0.0,0.003826898586390522,0.0,0.0,0.003826898586390522
stress,0.5,32,1112,0.9,naive,1000,0,0,,,,,0.8954081535339355,0.0,709.4439795918368,0.0,0.0,0.003826898586390522,0.0,0.0,0.003826898586390522
stress,0.5,32,1112,0.9,norm_betting,1000,0,0,,,,,0.8954081535339355,0.0,709.4439795918368,0.0,0.0,0.003826898586390522,0.0,0.0,0.003826898586390522
stress,0.5,32,1112,0.9,split,1000,0,0,,,,,0.8954081535339355,0.0,709.4439795918368,0.0,0.0,0.003826898586390522,0.0,0.0,0.003826898586390522
stress,0.5,32,1112,0.95,cdf_empbernstein,1000,0,0,,,,,0.8954081535339355,0.0,709.4439795918368,0.0,0.0,0.003826898586390522,0.0,0.0,0.003826898586390522
stress,0.5,32,1112,0.95,cdf_pacbayes,1000,0,0,,,,,0.8954081535339355,0.0,709.4439795918368,0.0,0.0,0.003826898586390522,0.0,0.0,0.003826898586390522
stress,0.5,32,1112,0.95,exc_betting,1000,0,0,,,,,0.8954081535339355,0.0,709.4439795918368,0.0,0.0,0.003826898586390522,0.0,0.0,0.003826898586390522
stress,0.5,32,1112,0.95,exc_empbernstein,1000,0,0,,,,,0.8954081535339355,0.0,709.4439795918368,0.0,0.0,0.003826898586390522,0.0,0.0,0.003826898586390522
stress,0.5,32,1112,0.95,exceedance,1000,0,0,,,,,0.8954081535339355,0.0,709.4439795918368,0.0,0.0,0.003826898586390522,0.0,0.0,0.003826898586390522
stress,0.5,32,1112,0.95,naive,1000,0,0,,,,,0.8954081535339355,0.0,709.4439795918368,0.0,0.0,0.003826898586390522,0.0,0.0,0.003826898586390522
stress,0.5,32,1112,0.95,norm_betting,1000,0,0,,,,,0.8954081535339355,0.0,709.4439795918368,0.0,0.0,0.003826898586390522,0.0,0.0,0.003826898586390522
stress,0.5,32,1112,0.95,split,1000,0,0,,,,,0.8954081535339355,0.0,709.4439795918368,0.0,0.0,0.003826898586390522,0.0,0.0,0.003826898586390522
stress,0.5,32,2347,0.9,cdf_empbernstein,1000,0,0,,,,,0.8954081535339355,0.0,709.4439795918368,0.0,0.0,0.003826898586390522,0.0,0.0,0.003826898586390522
stress,0.5,32,2347,0.9,cdf_pacbayes,1000,0,0,,,,,0.8954081535339355,0.0,709.4439795918368,0.0,0.0,0.003826898586390522,0.0,0.0,0.003826898586390522
stress,0.5,32,2347,0.9,exc_betting,1000,0,0,,,,,0.8954081535339355,0.0,709.4439795918368,0.0,0.0,0.003826898586390522,0.0,0.0,0.003826898586390522
stress,0.5,32,2347,0.9,exc_empbernstein,1000,0,0,,,,,0.8954081535339355,0.0,709.4439795918368,0.0,0.0,0.003826898586390522,0.0,0.0,0.003826898586390522
stress,0.5,32,2347,0.9,exceedance,1000,0,0,,,,,0.8954081535339355,0.0,709.4439795918368,0.0,0.0,0.003826898586390522,0.0,0.0,0.003826898586390522
stress,0.5,32,2347,0.9,naive,1000,0,0,,,,,0.8954081535339355,0.0,709.4439795918368,0.0,0.0,0.003826898586390522,0.0,0.0,0.003826898586390522
stress,0.5,32,2347,0.9,norm_betting,1000,0,0,,,,,0.8954081535339355,0.0,709.4439795918368,0.0,0.0,0.003826898586390522,0.0,0.0,0.003826898586390522
stress,0.5,32,2347,0.9,split,1000,0,0,,,,,0.8954081535339355,0.0,709.4439795918368,0.0,0.0,0.003826898586390522,0.0,0.0,0.003826898586390522
stress,0.5,32,2347,0.95,cdf_empbernstein,1000,0,0,,,,,0.8954081535339355,0.0,709.4439795918368,0.0,0.0,0.003826898586390522,0.0,0.0,0.003826898586390522
stress,0.5,32,2347,0.95,cdf_pacbayes,1000,0,0,,,,,0.8954081535339355,0.0,709.4439795918368,0.0,0.0,0.003826898586390522,0.0,0.0,0.003826898586390522
stress,0.5,32,2347,0.95,exc_betting,1000,0,0,,,,,0.8954081535339355,0.0,709.4439795918368,0.0,0.0,0.003826898586390522,0.0,0.0,0.003826898586390522
stress,0.5,32,2347,0.95,exc_empbernstein,1000,0,0,,,,,0.8954081535339355,0.0,709.4439795918368,0.0,0.0,0.003826898586390522,0.0,0.0,0.003826898586390522
stress,0.5,32,2347,0.95,exceedance,1000,0,0,,,,,0.8954081535339355,0.0,709.4439795918368,0.0,0.0,0.003826898586390522,0.0,0.0,0.003826898586390522
stress,0.5,32,2347,0.95,naive,1000,0,0,,,,,0.8954081535339355,0.0,709.4439795918368,0.0,0.0,0.003826898586390522,0.0,0.0,0.003826898586390522
stress,0.5,32,2347,0.95,norm_betting,1000,0,0,,,,,0.8954081535339355,0.0,709.4439795918368,0.0,0.0,0.003826898586390522,0.0,0.0,0.003826898586390522
stress,0.5,32,2347,0.95,split,1000,0,0,,,,,0.8954081535339355,0.0,709.4439795918368,0.0,0.0,0.003826898586390522,0.0,0.0,0.003826898586390522
stress,0.5,32,4950,0.9,cdf_empbernstein,1000,0,0,,,,,0.8954081535339355,0.0,709.4439795918368,0.0,0.0,0.003826898586390522,0.0,0.0,0.003826898586390522
stress,0.5,32,4950,0.9,cdf_pacbayes,1000,0,0,,,,,0.8954081535339355,0.0,709.4439795918368,0.0,0.0,0.003826898586390522,0.0,0.0,0.003826898586390522
stress,0.5,32,4950,0.9,exc_betting,1000,0,0,,,,,0.8954081535339355,0.0,709.4439795918368,0.0,0.0,0.003826898586390522,0.0,0.0,0.003826898586390522
stress,0.5,32,4950,0.9,exc_empbernstein,1000,0,0,,,,,0.8954081535339355,0.0,709.4439795918368,0.0,0.0,0.003826898586390522,0.0,0.0,0.003826898586390522
stress,0.5,32,4950,0.9,exceedance,1000,0,0,,,,,0.8954081535339355,0.0,709.4439795918368,0.0,0.0,0.003826898586390522,0.0,0.0,0.003826898586390522
stress,0.5,32,4950,0.9,naive,1000,0,0,,,,,0.8954081535339355,0.0,709.4439795918368,0.0,0.0,0.003826898586390522,0.0,0.0,0.003826898586390522
stress,0.5,32,4950,0.9,norm_betting,1000,0,0,,,,,0.8954081535339355,0.0,709.4439795918368,0.0,0.0,0.003826898586390522,0.0,0.0,0.003826898586390522
stress,0.5,32,4950,0.9,split,1000,0,0,,,,,0.8954081535339355,0.0,709.4439795918368,0.0,0.0,0.003826898586390522,0.0,0.0,0.003826898586390522
stress,0.5,32,4950,0.95,cdf_empbernstein,1000,0,0,,,,,0.8954081535339355,0.0,709.4439795918368,0.0,0.0,0.003826898586390522,0.0,0.0,0.003826898586390522
stress,0.5,32,4950,0.95,cdf_pacbayes,1000,0,0,,,,,0.8954081535339355,0.0,709.4439795918368,0.0,0.0,0.003826898586390522,0.0,0.0,0.003826898586390522
stress,0.5,32,4950,0.95,exc_betting,1000,0,0,,,,,0.8954081535339355,0.0,709.4439795918368,0.0,0.0,0.003826898586390522,0.0,0.0,0.003826898586390522
stress,0.5,32,4950,0.95,exc_empbernstein,1000,0,0,,,,,0.8954081535339355,0.0,709.4439795918368,0.0,0.0,0.003826898586390522,0.0,0.0,0.003826898586390522
stress,0.5,32,4950,0.95,exceedance,1000,0,0,,,,,0.8954081535339355,0.0,709.4439795918368,0.0,0.0,0.003826898586390522,0.0,0.0,0.003826898586390522
stress,0.5,32,4950,0.95,naive,1000,0,0,,,,,0.8954081535339355,0.0,709.4439795918368,0.0,0.0,0.003826898586390522,0.0,0.0,0.003826898586390522
stress,0.5,32,4950,0.95,norm_betting,1000,0,0,,,,,0.8954081535339355,0.0,709.4439795918368,0.0,0.0,0.003826898586390522,0.0,0.0,0.003826898586390522
stress,0.5,32,4950,0.95,split,1000,0,0,,,,,0.8954081535339355,0.0,709.4439795918368,0.0,0.0,0.003826898586390522,0.0,0.0,0.003826898586390522
stress,0.5,32,9800,0.9,cdf_empbernstein,1000,0,0,,,,,0.8954081535339355,0.0,709.4439795918368,0.0,0.0,0.003826898586390522,0.0,0.0,0.003826898586390522
stress,0.5,32,9800,0.9,cdf_pacbayes,1000,0,0,,,,,0.8954081535339355,0.0,709.4439795918368,0.0,0.0,0.003826898586390522,0.0,0.0,0.003826898586390522
stress,0.5,32,9800,0.9,exc_betting,1000,1,1,0.10265306383371353,0.9071428775787354,666.9501020408163,-0.005253980659648244,0.8954198882579804,0.00037108455695112464,709.4014857142857,0.001,0.0001765418290572713,0.0056427029601604705,0.001,0.0001765418290572713,0.0056427029601604705
stress,0.5,32,9800,0.9,exc_empbernstein,1000,0,0,,,,,0.8954081535339355,0.0,709.4439795918368,0.0,0.0,0.003826898586390522,0.0,0.0,0.003826898586390522
stress,0.5,32,9800,0.9,exceedance,1000,0,0,,,,,0.8954081535339355,0.0,709.4439795918368,0.0,0.0,0.003826898586390522,0.0,0.0,0.003826898586390522
stress,0.5,32,9800,0.9,naive,1000,0,0,,,,,0.8954081535339355,0.0,709.4439795918368,0.0,0.0,0.003826898586390522,0.0,0.0,0.003826898586390522
stress,0.5,32,9800,0.9,norm_betting,1000,1,1,0.10265306383371353,0.9071428775787354,666.9501020408163,-0.0029957460149096643,0.8954198882579804,0.00037108455695112464,709.4014857142857,0.001,0.0001765418290572713,0.0056427029601604705,0.001,0.0001765418290572713,0.0056427029601604705
stress,0.5,32,9800,0.9,split,1000,0,0,,,,,0.8954081535339355,0.0,709.4439795918368,0.0,0.0,0.003826898586390522,0.0,0.0,0.003826898586390522
stress,0.5,32,9800,0.95,cdf_empbernstein,1000,0,0,,,,,0.8954081535339355,0.0,709.4439795918368,0.0,0.0,0.003826898586390522,0.0,0.0,0.003826898586390522
stress,0.5,32,9800,0.95,cdf_pacbayes,1000,0,0,,,,,0.8954081535339355,0.0,709.4439795918368,0.0,0.0,0.003826898586390522,0.0,0.0,0.003826898586390522
stress,0.5,32,9800,0.95,exc_betting,1000,0,0,,,,,0.8954081535339355,0.0,709.4439795918368,0.0,0.0,0.003826898586390522,0.0,0.0,0.003826898586390522
stress,0.5,32,9800,0.95,exc_empbernstein,1000,0,0,,,,,0.8954081535339355,0.0,709.4439795918368,0.0,0.0,0.003826898586390522,0.0,0.0,0.003826898586390522
stress,0.5,32,9800,0.95,exceedance,1000,0,0,,,,,0.8954081535339355,0.0,709.4439795918368,0.0,0.0,0.003826898586390522,0.0,0.0,0.003826898586390522
stress,0.5,32,9800,0.95,naive,1000,0,0,,,,,0.8954081535339355,0.0,709.4439795918368,0.0,0.0,0.003826898586390522,0.0,0.0,0.003826898586390522
stress,0.5,32,9800,0.95,norm_betting,1000,0,0,,,,,0.8954081535339355,0.0,709.4439795918368,0.0,0.0,0.003826898586390522,0.0,0.0,0.003826898586390522
stress,0.5,32,9800,0.95,split,1000,0,0,,,,,0.8954081535339355,0.0,709.4439795918368,0.0,0.0,0.003826898586390522,0.0,0.0,0.003826898586390522
stress,0.5,32,10441,0.9,cdf_empbernstein,1000,0,0,,,,,0.8954081535339355,0.0,709.4439795918368,0.0,0.0,0.003826898586390522,0.0,0.0,0.003826898586390522
stress,0.5,32,10441,0.9,cdf_pacbayes,1000,0,0,,,,,0.8954081535339355,0.0,709.4439795918368,0.0,0.0,0.003826898586390522,0.0,0.0,0.003826898586390522
stress,0.5,32,10441,0.9,exc_betting,1000,0,0,,,,,0.8954081535339355,0.0,709.4439795918368,0.0,0.0,0.003826898586390522,0.0,0.0,0.003826898586390522
stress,0.5,32,10441,0.9,exc_empbernstein,1000,0,0,,,,,0.8954081535339355,0.0,709.4439795918368,0.0,0.0,0.003826898586390522,0.0,0.0,0.003826898586390522
stress,0.5,32,10441,0.9,exceedance,1000,0,0,,,,,0.8954081535339355,0.0,709.4439795918368,0.0,0.0,0.003826898586390522,0.0,0.0,0.003826898586390522
stress,0.5,32,10441,0.9,naive,1000,0,0,,,,,0.8954081535339355,0.0,709.4439795918368,0.0,0.0,0.003826898586390522,0.0,0.0,0.003826898586390522
stress,0.5,32,10441,0.9,norm_betting,1000,0,0,,,,,0.8954081535339355,0.0,709.4439795918368,0.0,0.0,0.003826898586390522,0.0,0.0,0.003826898586390522
stress,0.5,32,10441,0.9,split,1000,0,0,,,,,0.8954081535339355,0.0,709.4439795918368,0.0,0.0,0.003826898586390522,0.0,0.0,0.003826898586390522
stress,0.5,32,10441,0.95,cdf_empbernstein,1000,0,0,,,,,0.8954081535339355,0.0,709.4439795918368,0.0,0.0,0.003826898586390522,0.0,0.0,0.003826898586390522
stress,0.5,32,10441,0.95,cdf_pacbayes,1000,0,0,,,,,0.8954081535339355,0.0,709.4439795918368,0.0,0.0,0.003826898586390522,0.0,0.0,0.003826898586390522
stress,0.5,32,10441,0.95,exc_betting,1000,0,0,,,,,0.8954081535339355,0.0,709.4439795918368,0.0,0.0,0.003826898586390522,0.0,0.0,0.003826898586390522
stress,0.5,32,10441,0.95,exc_empbernstein,1000,0,0,,,,,0.8954081535339355,0.0,709.4439795918368,0.0,0.0,0.003826898586390522,0.0,0.0,0.003826898586390522
stress,0.5,32,10441,0.95,exceedance,1000,0,0,,,,,0.8954081535339355,0.0,709.4439795918368,0.0,0.0,0.003826898586390522,0.0,0.0,0.003826898586390522
stress,0.5,32,10441,0.95,naive,1000,0,0,,,,,0.8954081535339355,0.0,709.4439795918368,0.0,0.0,0.003826898586390522,0.0,0.0,0.003826898586390522
stress,0.5,32,10441,0.95,norm_betting,1000,0,0,,,,,0.8954081535339355,0.0,709.4439795918368,0.0,0.0,0.003826898586390522,0.0,0.0,0.003826898586390522
stress,0.5,32,10441,0.95,split,1000,0,0,,,,,0.8954081535339355,0.0,709.4439795918368,0.0,0.0,0.003826898586390522,0.0,0.0,0.003826898586390522
stress,0.5,32,22024,0.9,cdf_empbernstein,1000,0,0,,,,,0.8954081535339355,0.0,709.4439795918368,0.0,0.0,0.003826898586390522,0.0,0.0,0.003826898586390522
stress,0.5,32,22024,0.9,cdf_pacbayes,1000,0,0,,,,,0.8954081535339355,0.0,709.4439795918368,0.0,0.0,0.003826898586390522,0.0,0.0,0.003826898586390522
stress,0.5,32,22024,0.9,exc_betting,1000,0,0,,,,,0.8954081535339355,0.0,709.4439795918368,0.0,0.0,0.003826898586390522,0.0,0.0,0.003826898586390522
stress,0.5,32,22024,0.9,exc_empbernstein,1000,0,0,,,,,0.8954081535339355,0.0,709.4439795918368,0.0,0.0,0.003826898586390522,0.0,0.0,0.003826898586390522
stress,0.5,32,22024,0.9,exceedance,1000,0,0,,,,,0.8954081535339355,0.0,709.4439795918368,0.0,0.0,0.003826898586390522,0.0,0.0,0.003826898586390522
stress,0.5,32,22024,0.9,naive,1000,0,0,,,,,0.8954081535339355,0.0,709.4439795918368,0.0,0.0,0.003826898586390522,0.0,0.0,0.003826898586390522
stress,0.5,32,22024,0.9,norm_betting,1000,0,0,,,,,0.8954081535339355,0.0,709.4439795918368,0.0,0.0,0.003826898586390522,0.0,0.0,0.003826898586390522
stress,0.5,32,22024,0.9,split,1000,0,0,,,,,0.8954081535339355,0.0,709.4439795918368,0.0,0.0,0.003826898586390522,0.0,0.0,0.003826898586390522
stress,0.5,32,22024,0.95,cdf_empbernstein,1000,0,0,,,,,0.8954081535339355,0.0,709.4439795918368,0.0,0.0,0.003826898586390522,0.0,0.0,0.003826898586390522
stress,0.5,32,22024,0.95,cdf_pacbayes,1000,0,0,,,,,0.8954081535339355,0.0,709.4439795918368,0.0,0.0,0.003826898586390522,0.0,0.0,0.003826898586390522
stress,0.5,32,22024,0.95,exc_betting,1000,0,0,,,,,0.8954081535339355,0.0,709.4439795918368,0.0,0.0,0.003826898586390522,0.0,0.0,0.003826898586390522
stress,0.5,32,22024,0.95,exc_empbernstein,1000,0,0,,,,,0.8954081535339355,0.0,709.4439795918368,0.0,0.0,0.003826898586390522,0.0,0.0,0.003826898586390522
stress,0.5,32,22024,0.95,exceedance,1000,0,0,,,,,0.8954081535339355,0.0,709.4439795918368,0.0,0.0,0.003826898586390522,0.0,0.0,0.003826898586390522
stress,0.5,32,22024,0.95,naive,1000,0,0,,,,,0.8954081535339355,0.0,709.4439795918368,0.0,0.0,0.003826898586390522,0.0,0.0,0.003826898586390522
stress,0.5,32,22024,0.95,norm_betting,1000,0,0,,,,,0.8954081535339355,0.0,709.4439795918368,0.0,0.0,0.003826898586390522,0.0,0.0,0.003826898586390522
stress,0.5,32,22024,0.95,split,1000,0,0,,,,,0.8954081535339355,0.0,709.4439795918368,0.0,0.0,0.003826898586390522,0.0,0.0,0.003826898586390522
stress,0.5,32,46459,0.9,cdf_empbernstein,1000,0,0,,,,,0.8954081535339355,0.0,709.4439795918368,0.0,0.0,0.003826898586390522,0.0,0.0,0.003826898586390522
stress,0.5,32,46459,0.9,cdf_pacbayes,1000,0,0,,,,,0.8954081535339355,0.0,709.4439795918368,0.0,0.0,0.003826898586390522,0.0,0.0,0.003826898586390522
stress,0.5,32,46459,0.9,exc_betting,1000,0,0,,,,,0.8954081535339355,0.0,709.4439795918368,0.0,0.0,0.003826898586390522,0.0,0.0,0.003826898586390522
stress,0.5,32,46459,0.9,exc_empbernstein,1000,0,0,,,,,0.8954081535339355,0.0,709.4439795918368,0.0,0.0,0.003826898586390522,0.0,0.0,0.003826898586390522
stress,0.5,32,46459,0.9,exceedance,1000,0,0,,,,,0.8954081535339355,0.0,709.4439795918368,0.0,0.0,0.003826898586390522,0.0,0.0,0.003826898586390522
stress,0.5,32,46459,0.9,naive,1000,0,0,,,,,0.8954081535339355,0.0,709.4439795918368,0.0,0.0,0.003826898586390522,0.0,0.0,0.003826898586390522
stress,0.5,32,46459,0.9,norm_betting,1000,0,0,,,,,0.8954081535339355,0.0,709.4439795918368,0.0,0.0,0.003826898586390522,0.0,0.0,0.003826898586390522
stress,0.5,32,46459,0.9,split,1000,0,0,,,,,0.8954081535339355,0.0,709.4439795918368,0.0,0.0,0.003826898586390522,0.0,0.0,0.003826898586390522
stress,0.5,32,46459,0.95,cdf_empbernstein,1000,0,0,,,,,0.8954081535339355,0.0,709.4439795918368,0.0,0.0,0.003826898586390522,0.0,0.0,0.003826898586390522
stress,0.5,32,46459,0.95,cdf_pacbayes,1000,0,0,,,,,0.8954081535339355,0.0,709.4439795918368,0.0,0.0,0.003826898586390522,0.0,0.0,0.003826898586390522
stress,0.5,32,46459,0.95,exc_betting,1000,0,0,,,,,0.8954081535339355,0.0,709.4439795918368,0.0,0.0,0.003826898586390522,0.0,0.0,0.003826898586390522
stress,0.5,32,46459,0.95,exc_empbernstein,1000,0,0,,,,,0.8954081535339355,0.0,709.4439795918368,0.0,0.0,0.003826898586390522,0.0,0.0,0.003826898586390522
stress,0.5,32,46459,0.95,exceedance,1000,0,0,,,,,0.8954081535339355,0.0,709.4439795918368,0.0,0.0,0.003826898586390522,0.0,0.0,0.003826898586390522
stress,0.5,32,46459,0.95,naive,1000,0,0,,,,,0.8954081535339355,0.0,709.4439795918368,0.0,0.0,0.003826898586390522,0.0,0.0,0.003826898586390522
stress,0.5,32,46459,0.95,norm_betting,1000,0,0,,,,,0.8954081535339355,0.0,709.4439795918368,0.0,0.0,0.003826898586390522,0.0,0.0,0.003826898586390522
stress,0.5,32,46459,0.95,split,1000,0,0,,,,,0.8954081535339355,0.0,709.4439795918368,0.0,0.0,0.003826898586390522,0.0,0.0,0.003826898586390522
stress,0.5,32,98000,0.9,cdf_empbernstein,1000,0,0,,,,,0.8954081535339355,0.0,709.4439795918368,0.0,0.0,0.003826898586390522,0.0,0.0,0.003826898586390522
stress,0.5,32,98000,0.9,cdf_pacbayes,1000,0,0,,,,,0.8954081535339355,0.0,709.4439795918368,0.0,0.0,0.003826898586390522,0.0,0.0,0.003826898586390522
stress,0.5,32,98000,0.9,exc_betting,1000,0,0,,,,,0.8954081535339355,0.0,709.4439795918368,0.0,0.0,0.003826898586390522,0.0,0.0,0.003826898586390522
stress,0.5,32,98000,0.9,exc_empbernstein,1000,0,0,,,,,0.8954081535339355,0.0,709.4439795918368,0.0,0.0,0.003826898586390522,0.0,0.0,0.003826898586390522
stress,0.5,32,98000,0.9,exceedance,1000,0,0,,,,,0.8954081535339355,0.0,709.4439795918368,0.0,0.0,0.003826898586390522,0.0,0.0,0.003826898586390522
stress,0.5,32,98000,0.9,naive,1000,0,0,,,,,0.8954081535339355,0.0,709.4439795918368,0.0,0.0,0.003826898586390522,0.0,0.0,0.003826898586390522
stress,0.5,32,98000,0.9,norm_betting,1000,0,0,,,,,0.8954081535339355,0.0,709.4439795918368,0.0,0.0,0.003826898586390522,0.0,0.0,0.003826898586390522
stress,0.5,32,98000,0.9,split,1000,0,0,,,,,0.8954081535339355,0.0,709.4439795918368,0.0,0.0,0.003826898586390522,0.0,0.0,0.003826898586390522
stress,0.5,32,98000,0.95,cdf_empbernstein,1000,0,0,,,,,0.8954081535339355,0.0,709.4439795918368,0.0,0.0,0.003826898586390522,0.0,0.0,0.003826898586390522
stress,0.5,32,98000,0.95,cdf_pacbayes,1000,0,0,,,,,0.8954081535339355,0.0,709.4439795918368,0.0,0.0,0.003826898586390522,0.0,0.0,0.003826898586390522
stress,0.5,32,98000,0.95,exc_betting,1000,0,0,,,,,0.8954081535339355,0.0,709.4439795918368,0.0,0.0,0.003826898586390522,0.0,0.0,0.003826898586390522
stress,0.5,32,98000,0.95,exc_empbernstein,1000,0,0,,,,,0.8954081535339355,0.0,709.4439795918368,0.0,0.0,0.003826898586390522,0.0,0.0,0.003826898586390522
stress,0.5,32,98000,0.95,exceedance,1000,0,0,,,,,0.8954081535339355,0.0,709.4439795918368,0.0,0.0,0.003826898586390522,0.0,0.0,0.003826898586390522
stress,0.5,32,98000,0.95,naive,1000,0,0,,,,,0.8954081535339355,0.0,709.4439795918368,0.0,0.0,0.003826898586390522,0.0,0.0,0.003826898586390522
stress,0.5,32,98000,0.95,norm_betting,1000,0,0,,,,,0.8954081535339355,0.0,709.4439795918368,0.0,0.0,0.003826898586390522,0.0,0.0,0.003826898586390522
stress,0.5,32,98000,0.95,split,1000,0,0,,,,,0.8954081535339355,0.0,709.4439795918368,0.0,0.0,0.003826898586390522,0.0,0.0,0.003826898586390522
stress,0.5,128,250,0.9,cdf_empbernstein,1000,0,0,,,,,0.8954081535339355,0.0,709.4439795918368,0.0,0.0,0.003826898586390522,0.0,0.0,0.003826898586390522
stress,0.5,128,250,0.9,cdf_pacbayes,1000,0,0,,,,,0.8954081535339355,0.0,709.4439795918368,0.0,0.0,0.003826898586390522,0.0,0.0,0.003826898586390522
stress,0.5,128,250,0.9,exc_betting,1000,0,0,,,,,0.8954081535339355,0.0,709.4439795918368,0.0,0.0,0.003826898586390522,0.0,0.0,0.003826898586390522
stress,0.5,128,250,0.9,exc_empbernstein,1000,0,0,,,,,0.8954081535339355,0.0,709.4439795918368,0.0,0.0,0.003826898586390522,0.0,0.0,0.003826898586390522
stress,0.5,128,250,0.9,exceedance,1000,0,0,,,,,0.8954081535339355,0.0,709.4439795918368,0.0,0.0,0.003826898586390522,0.0,0.0,0.003826898586390522
stress,0.5,128,250,0.9,naive,1000,0,0,,,,,0.8954081535339355,0.0,709.4439795918368,0.0,0.0,0.003826898586390522,0.0,0.0,0.003826898586390522
stress,0.5,128,250,0.9,norm_betting,1000,0,0,,,,,0.8954081535339355,0.0,709.4439795918368,0.0,0.0,0.003826898586390522,0.0,0.0,0.003826898586390522
stress,0.5,128,250,0.9,split,1000,0,0,,,,,0.8954081535339355,0.0,709.4439795918368,0.0,0.0,0.003826898586390522,0.0,0.0,0.003826898586390522
stress,0.5,128,250,0.95,cdf_empbernstein,1000,0,0,,,,,0.8954081535339355,0.0,709.4439795918368,0.0,0.0,0.003826898586390522,0.0,0.0,0.003826898586390522
stress,0.5,128,250,0.95,cdf_pacbayes,1000,0,0,,,,,0.8954081535339355,0.0,709.4439795918368,0.0,0.0,0.003826898586390522,0.0,0.0,0.003826898586390522
stress,0.5,128,250,0.95,exc_betting,1000,0,0,,,,,0.8954081535339355,0.0,709.4439795918368,0.0,0.0,0.003826898586390522,0.0,0.0,0.003826898586390522
stress,0.5,128,250,0.95,exc_empbernstein,1000,0,0,,,,,0.8954081535339355,0.0,709.4439795918368,0.0,0.0,0.003826898586390522,0.0,0.0,0.003826898586390522
stress,0.5,128,250,0.95,exceedance,1000,0,0,,,,,0.8954081535339355,0.0,709.4439795918368,0.0,0.0,0.003826898586390522,0.0,0.0,0.003826898586390522
stress,0.5,128,250,0.95,naive,1000,0,0,,,,,0.8954081535339355,0.0,709.4439795918368,0.0,0.0,0.003826898586390522,0.0,0.0,0.003826898586390522
stress,0.5,128,250,0.95,norm_betting,1000,0,0,,,,,0.8954081535339355,0.0,709.4439795918368,0.0,0.0,0.003826898586390522,0.0,0.0,0.003826898586390522
stress,0.5,128,250,0.95,split,1000,0,0,,,,,0.8954081535339355,0.0,709.4439795918368,0.0,0.0,0.003826898586390522,0.0,0.0,0.003826898586390522
stress,0.5,128,527,0.9,cdf_empbernstein,1000,0,0,,,,,0.8954081535339355,0.0,709.4439795918368,0.0,0.0,0.003826898586390522,0.0,0.0,0.003826898586390522
stress,0.5,128,527,0.9,cdf_pacbayes,1000,0,0,,,,,0.8954081535339355,0.0,709.4439795918368,0.0,0.0,0.003826898586390522,0.0,0.0,0.003826898586390522
stress,0.5,128,527,0.9,exc_betting,1000,0,0,,,,,0.8954081535339355,0.0,709.4439795918368,0.0,0.0,0.003826898586390522,0.0,0.0,0.003826898586390522
stress,0.5,128,527,0.9,exc_empbernstein,1000,0,0,,,,,0.8954081535339355,0.0,709.4439795918368,0.0,0.0,0.003826898586390522,0.0,0.0,0.003826898586390522
stress,0.5,128,527,0.9,exceedance,1000,0,0,,,,,0.8954081535339355,0.0,709.4439795918368,0.0,0.0,0.003826898586390522,0.0,0.0,0.003826898586390522
stress,0.5,128,527,0.9,naive,1000,0,0,,,,,0.8954081535339355,0.0,709.4439795918368,0.0,0.0,0.003826898586390522,0.0,0.0,0.003826898586390522
stress,0.5,128,527,0.9,norm_betting,1000,0,0,,,,,0.8954081535339355,0.0,709.4439795918368,0.0,0.0,0.003826898586390522,0.0,0.0,0.003826898586390522
stress,0.5,128,527,0.9,split,1000,0,0,,,,,0.8954081535339355,0.0,709.4439795918368,0.0,0.0,0.003826898586390522,0.0,0.0,0.003826898586390522
stress,0.5,128,527,0.95,cdf_empbernstein,1000,0,0,,,,,0.8954081535339355,0.0,709.4439795918368,0.0,0.0,0.003826898586390522,0.0,0.0,0.003826898586390522
stress,0.5,128,527,0.95,cdf_pacbayes,1000,0,0,,,,,0.8954081535339355,0.0,709.4439795918368,0.0,0.0,0.003826898586390522,0.0,0.0,0.003826898586390522
stress,0.5,128,527,0.95,exc_betting,1000,0,0,,,,,0.8954081535339355,0.0,709.4439795918368,0.0,0.0,0.003826898586390522,0.0,0.0,0.003826898586390522
stress,0.5,128,527,0.95,exc_empbernstein,1000,0,0,,,,,0.8954081535339355,0.0,709.4439795918368,0.0,0.0,0.003826898586390522,0.0,0.0,0.003826898586390522
stress,0.5,128,527,0.95,exceedance,1000,0,0,,,,,0.8954081535339355,0.0,709.4439795918368,0.0,0.0,0.003826898586390522,0.0,0.0,0.003826898586390522
stress,0.5,128,527,0.95,naive,1000,0,0,,,,,0.8954081535339355,0.0,709.4439795918368,0.0,0.0,0.003826898586390522,0.0,0.0,0.003826898586390522
stress,0.5,128,527,0.95,norm_betting,1000,0,0,,,,,0.8954081535339355,0.0,709.4439795918368,0.0,0.0,0.003826898586390522,0.0,0.0,0.003826898586390522
stress,0.5,128,527,0.95,split,1000,0,0,,,,,0.8954081535339355,0.0,709.4439795918368,0.0,0.0,0.003826898586390522,0.0,0.0,0.003826898586390522
stress,0.5,128,1112,0.9,cdf_empbernstein,1000,0,0,,,,,0.8954081535339355,0.0,709.4439795918368,0.0,0.0,0.003826898586390522,0.0,0.0,0.003826898586390522
stress,0.5,128,1112,0.9,cdf_pacbayes,1000,0,0,,,,,0.8954081535339355,0.0,709.4439795918368,0.0,0.0,0.003826898586390522,0.0,0.0,0.003826898586390522
stress,0.5,128,1112,0.9,exc_betting,1000,0,0,,,,,0.8954081535339355,0.0,709.4439795918368,0.0,0.0,0.003826898586390522,0.0,0.0,0.003826898586390522
stress,0.5,128,1112,0.9,exc_empbernstein,1000,0,0,,,,,0.8954081535339355,0.0,709.4439795918368,0.0,0.0,0.003826898586390522,0.0,0.0,0.003826898586390522
stress,0.5,128,1112,0.9,exceedance,1000,0,0,,,,,0.8954081535339355,0.0,709.4439795918368,0.0,0.0,0.003826898586390522,0.0,0.0,0.003826898586390522
stress,0.5,128,1112,0.9,naive,1000,0,0,,,,,0.8954081535339355,0.0,709.4439795918368,0.0,0.0,0.003826898586390522,0.0,0.0,0.003826898586390522
stress,0.5,128,1112,0.9,norm_betting,1000,0,0,,,,,0.8954081535339355,0.0,709.4439795918368,0.0,0.0,0.003826898586390522,0.0,0.0,0.003826898586390522
stress,0.5,128,1112,0.9,split,1000,0,0,,,,,0.8954081535339355,0.0,709.4439795918368,0.0,0.0,0.003826898586390522,0.0,0.0,0.003826898586390522
stress,0.5,128,1112,0.95,cdf_empbernstein,1000,0,0,,,,,0.8954081535339355,0.0,709.4439795918368,0.0,0.0,0.003826898586390522,0.0,0.0,0.003826898586390522
stress,0.5,128,1112,0.95,cdf_pacbayes,1000,0,0,,,,,0.8954081535339355,0.0,709.4439795918368,0.0,0.0,0.003826898586390522,0.0,0.0,0.003826898586390522
stress,0.5,128,1112,0.95,exc_betting,1000,0,0,,,,,0.8954081535339355,0.0,709.4439795918368,0.0,0.0,0.003826898586390522,0.0,0.0,0.003826898586390522
stress,0.5,128,1112,0.95,exc_empbernstein,1000,0,0,,,,,0.8954081535339355,0.0,709.4439795918368,0.0,0.0,0.003826898586390522,0.0,0.0,0.003826898586390522
stress,0.5,128,1112,0.95,exceedance,1000,0,0,,,,,0.8954081535339355,0.0,709.4439795918368,0.0,0.0,0.003826898586390522,0.0,0.0,0.003826898586390522
stress,0.5,128,1112,0.95,naive,1000,0,0,,,,,0.8954081535339355,0.0,709.4439795918368,0.0,0.0,0.003826898586390522,0.0,0.0,0.003826898586390522
stress,0.5,128,1112,0.95,norm_betting,1000,0,0,,,,,0.8954081535339355,0.0,709.4439795918368,0.0,0.0,0.003826898586390522,0.0,0.0,0.003826898586390522
stress,0.5,128,1112,0.95,split,1000,0,0,,,,,0.8954081535339355,0.0,709.4439795918368,0.0,0.0,0.003826898586390522,0.0,0.0,0.003826898586390522
stress,0.5,128,2347,0.9,cdf_empbernstein,1000,0,0,,,,,0.8954081535339355,0.0,709.4439795918368,0.0,0.0,0.003826898586390522,0.0,0.0,0.003826898586390522
stress,0.5,128,2347,0.9,cdf_pacbayes,1000,0,0,,,,,0.8954081535339355,0.0,709.4439795918368,0.0,0.0,0.003826898586390522,0.0,0.0,0.003826898586390522
stress,0.5,128,2347,0.9,exc_betting,1000,0,0,,,,,0.8954081535339355,0.0,709.4439795918368,0.0,0.0,0.003826898586390522,0.0,0.0,0.003826898586390522
stress,0.5,128,2347,0.9,exc_empbernstein,1000,0,0,,,,,0.8954081535339355,0.0,709.4439795918368,0.0,0.0,0.003826898586390522,0.0,0.0,0.003826898586390522
stress,0.5,128,2347,0.9,exceedance,1000,0,0,,,,,0.8954081535339355,0.0,709.4439795918368,0.0,0.0,0.003826898586390522,0.0,0.0,0.003826898586390522
stress,0.5,128,2347,0.9,naive,1000,0,0,,,,,0.8954081535339355,0.0,709.4439795918368,0.0,0.0,0.003826898586390522,0.0,0.0,0.003826898586390522
stress,0.5,128,2347,0.9,norm_betting,1000,0,0,,,,,0.8954081535339355,0.0,709.4439795918368,0.0,0.0,0.003826898586390522,0.0,0.0,0.003826898586390522
stress,0.5,128,2347,0.9,split,1000,0,0,,,,,0.8954081535339355,0.0,709.4439795918368,0.0,0.0,0.003826898586390522,0.0,0.0,0.003826898586390522
stress,0.5,128,2347,0.95,cdf_empbernstein,1000,0,0,,,,,0.8954081535339355,0.0,709.4439795918368,0.0,0.0,0.003826898586390522,0.0,0.0,0.003826898586390522
stress,0.5,128,2347,0.95,cdf_pacbayes,1000,0,0,,,,,0.8954081535339355,0.0,709.4439795918368,0.0,0.0,0.003826898586390522,0.0,0.0,0.003826898586390522
stress,0.5,128,2347,0.95,exc_betting,1000,0,0,,,,,0.8954081535339355,0.0,709.4439795918368,0.0,0.0,0.003826898586390522,0.0,0.0,0.003826898586390522
stress,0.5,128,2347,0.95,exc_empbernstein,1000,0,0,,,,,0.8954081535339355,0.0,709.4439795918368,0.0,0.0,0.003826898586390522,0.0,0.0,0.003826898586390522
stress,0.5,128,2347,0.95,exceedance,1000,0,0,,,,,0.8954081535339355,0.0,709.4439795918368,0.0,0.0,0.003826898586390522,0.0,0.0,0.003826898586390522
stress,0.5,128,2347,0.95,naive,1000,0,0,,,,,0.8954081535339355,0.0,709.4439795918368,0.0,0.0,0.003826898586390522,0.0,0.0,0.003826898586390522
stress,0.5,128,2347,0.95,norm_betting,1000,0,0,,,,,0.8954081535339355,0.0,709.4439795918368,0.0,0.0,0.003826898586390522,0.0,0.0,0.003826898586390522
stress,0.5,128,2347,0.95,split,1000,0,0,,,,,0.8954081535339355,0.0,709.4439795918368,0.0,0.0,0.003826898586390522,0.0,0.0,0.003826898586390522
stress,0.5,128,4950,0.9,cdf_empbernstein,1000,0,0,,,,,0.8954081535339355,0.0,709.4439795918368,0.0,0.0,0.003826898586390522,0.0,0.0,0.003826898586390522
stress,0.5,128,4950,0.9,cdf_pacbayes,1000,0,0,,,,,0.8954081535339355,0.0,709.4439795918368,0.0,0.0,0.003826898586390522,0.0,0.0,0.003826898586390522
stress,0.5,128,4950,0.9,exc_betting,1000,0,0,,,,,0.8954081535339355,0.0,709.4439795918368,0.0,0.0,0.003826898586390522,0.0,0.0,0.003826898586390522
stress,0.5,128,4950,0.9,exc_empbernstein,1000,0,0,,,,,0.8954081535339355,0.0,709.4439795918368,0.0,0.0,0.003826898586390522,0.0,0.0,0.003826898586390522
stress,0.5,128,4950,0.9,exceedance,1000,0,0,,,,,0.8954081535339355,0.0,709.4439795918368,0.0,0.0,0.003826898586390522,0.0,0.0,0.003826898586390522
stress,0.5,128,4950,0.9,naive,1000,0,0,,,,,0.8954081535339355,0.0,709.4439795918368,0.0,0.0,0.003826898586390522,0.0,0.0,0.003826898586390522
stress,0.5,128,4950,0.9,norm_betting,1000,0,0,,,,,0.8954081535339355,0.0,709.4439795918368,0.0,0.0,0.003826898586390522,0.0,0.0,0.003826898586390522
stress,0.5,128,4950,0.9,split,1000,0,0,,,,,0.8954081535339355,0.0,709.4439795918368,0.0,0.0,0.003826898586390522,0.0,0.0,0.003826898586390522
stress,0.5,128,4950,0.95,cdf_empbernstein,1000,0,0,,,,,0.8954081535339355,0.0,709.4439795918368,0.0,0.0,0.003826898586390522,0.0,0.0,0.003826898586390522
stress,0.5,128,4950,0.95,cdf_pacbayes,1000,0,0,,,,,0.8954081535339355,0.0,709.4439795918368,0.0,0.0,0.003826898586390522,0.0,0.0,0.003826898586390522
stress,0.5,128,4950,0.95,exc_betting,1000,0,0,,,,,0.8954081535339355,0.0,709.4439795918368,0.0,0.0,0.003826898586390522,0.0,0.0,0.003826898586390522
stress,0.5,128,4950,0.95,exc_empbernstein,1000,0,0,,,,,0.8954081535339355,0.0,709.4439795918368,0.0,0.0,0.003826898586390522,0.0,0.0,0.003826898586390522
stress,0.5,128,4950,0.95,exceedance,1000,0,0,,,,,0.8954081535339355,0.0,709.4439795918368,0.0,0.0,0.003826898586390522,0.0,0.0,0.003826898586390522
stress,0.5,128,4950,0.95,naive,1000,0,0,,,,,0.8954081535339355,0.0,709.4439795918368,0.0,0.0,0.003826898586390522,0.0,0.0,0.003826898586390522
stress,0.5,128,4950,0.95,norm_betting,1000,0,0,,,,,0.8954081535339355,0.0,709.4439795918368,0.0,0.0,0.003826898586390522,0.0,0.0,0.003826898586390522
stress,0.5,128,4950,0.95,split,1000,0,0,,,,,0.8954081535339355,0.0,709.4439795918368,0.0,0.0,0.003826898586390522,0.0,0.0,0.003826898586390522
stress,0.5,128,9800,0.9,cdf_empbernstein,1000,0,0,,,,,0.8954081535339355,0.0,709.4439795918368,0.0,0.0,0.003826898586390522,0.0,0.0,0.003826898586390522
stress,0.5,128,9800,0.9,cdf_pacbayes,1000,0,0,,,,,0.8954081535339355,0.0,709.4439795918368,0.0,0.0,0.003826898586390522,0.0,0.0,0.003826898586390522
stress,0.5,128,9800,0.9,exc_betting,1000,0,0,,,,,0.8954081535339355,0.0,709.4439795918368,0.0,0.0,0.003826898586390522,0.0,0.0,0.003826898586390522
stress,0.5,128,9800,0.9,exc_empbernstein,1000,0,0,,,,,0.8954081535339355,0.0,709.4439795918368,0.0,0.0,0.003826898586390522,0.0,0.0,0.003826898586390522
stress,0.5,128,9800,0.9,exceedance,1000,0,0,,,,,0.8954081535339355,0.0,709.4439795918368,0.0,0.0,0.003826898586390522,0.0,0.0,0.003826898586390522
stress,0.5,128,9800,0.9,naive,1000,0,0,,,,,0.8954081535339355,0.0,709.4439795918368,0.0,0.0,0.003826898586390522,0.0,0.0,0.003826898586390522
stress,0.5,128,9800,0.9,norm_betting,1000,0,0,,,,,0.8954081535339355,0.0,709.4439795918368,0.0,0.0,0.003826898586390522,0.0,0.0,0.003826898586390522
stress,0.5,128,9800,0.9,split,1000,0,0,,,,,0.8954081535339355,0.0,709.4439795918368,0.0,0.0,0.003826898586390522,0.0,0.0,0.003826898586390522
stress,0.5,128,9800,0.95,cdf_empbernstein,1000,0,0,,,,,0.8954081535339355,0.0,709.4439795918368,0.0,0.0,0.003826898586390522,0.0,0.0,0.003826898586390522
stress,0.5,128,9800,0.95,cdf_pacbayes,1000,0,0,,,,,0.8954081535339355,0.0,709.4439795918368,0.0,0.0,0.003826898586390522,0.0,0.0,0.003826898586390522
stress,0.5,128,9800,0.95,exc_betting,1000,0,0,,,,,0.8954081535339355,0.0,709.4439795918368,0.0,0.0,0.003826898586390522,0.0,0.0,0.003826898586390522
stress,0.5,128,9800,0.95,exc_empbernstein,1000,0,0,,,,,0.8954081535339355,0.0,709.4439795918368,0.0,0.0,0.003826898586390522,0.0,0.0,0.003826898586390522
stress,0.5,128,9800,0.95,exceedance,1000,0,0,,,,,0.8954081535339355,0.0,709.4439795918368,0.0,0.0,0.003826898586390522,0.0,0.0,0.003826898586390522
stress,0.5,128,9800,0.95,naive,1000,0,0,,,,,0.8954081535339355,0.0,709.4439795918368,0.0,0.0,0.003826898586390522,0.0,0.0,0.003826898586390522
stress,0.5,128,9800,0.95,norm_betting,1000,0,0,,,,,0.8954081535339355,0.0,709.4439795918368,0.0,0.0,0.003826898586390522,0.0,0.0,0.003826898586390522
stress,0.5,128,9800,0.95,split,1000,0,0,,,,,0.8954081535339355,0.0,709.4439795918368,0.0,0.0,0.003826898586390522,0.0,0.0,0.003826898586390522
stress,0.5,128,10441,0.9,cdf_empbernstein,1000,0,0,,,,,0.8954081535339355,0.0,709.4439795918368,0.0,0.0,0.003826898586390522,0.0,0.0,0.003826898586390522
stress,0.5,128,10441,0.9,cdf_pacbayes,1000,0,0,,,,,0.8954081535339355,0.0,709.4439795918368,0.0,0.0,0.003826898586390522,0.0,0.0,0.003826898586390522
stress,0.5,128,10441,0.9,exc_betting,1000,0,0,,,,,0.8954081535339355,0.0,709.4439795918368,0.0,0.0,0.003826898586390522,0.0,0.0,0.003826898586390522
stress,0.5,128,10441,0.9,exc_empbernstein,1000,0,0,,,,,0.8954081535339355,0.0,709.4439795918368,0.0,0.0,0.003826898586390522,0.0,0.0,0.003826898586390522
stress,0.5,128,10441,0.9,exceedance,1000,0,0,,,,,0.8954081535339355,0.0,709.4439795918368,0.0,0.0,0.003826898586390522,0.0,0.0,0.003826898586390522
stress,0.5,128,10441,0.9,naive,1000,0,0,,,,,0.8954081535339355,0.0,709.4439795918368,0.0,0.0,0.003826898586390522,0.0,0.0,0.003826898586390522
stress,0.5,128,10441,0.9,norm_betting,1000,0,0,,,,,0.8954081535339355,0.0,709.4439795918368,0.0,0.0,0.003826898586390522,0.0,0.0,0.003826898586390522
stress,0.5,128,10441,0.9,split,1000,0,0,,,,,0.8954081535339355,0.0,709.4439795918368,0.0,0.0,0.003826898586390522,0.0,0.0,0.003826898586390522
stress,0.5,128,10441,0.95,cdf_empbernstein,1000,0,0,,,,,0.8954081535339355,0.0,709.4439795918368,0.0,0.0,0.003826898586390522,0.0,0.0,0.003826898586390522
stress,0.5,128,10441,0.95,cdf_pacbayes,1000,0,0,,,,,0.8954081535339355,0.0,709.4439795918368,0.0,0.0,0.003826898586390522,0.0,0.0,0.003826898586390522
stress,0.5,128,10441,0.95,exc_betting,1000,0,0,,,,,0.8954081535339355,0.0,709.4439795918368,0.0,0.0,0.003826898586390522,0.0,0.0,0.003826898586390522
stress,0.5,128,10441,0.95,exc_empbernstein,1000,0,0,,,,,0.8954081535339355,0.0,709.4439795918368,0.0,0.0,0.003826898586390522,0.0,0.0,0.003826898586390522
stress,0.5,128,10441,0.95,exceedance,1000,0,0,,,,,0.8954081535339355,0.0,709.4439795918368,0.0,0.0,0.003826898586390522,0.0,0.0,0.003826898586390522
stress,0.5,128,10441,0.95,naive,1000,0,0,,,,,0.8954081535339355,0.0,709.4439795918368,0.0,0.0,0.003826898586390522,0.0,0.0,0.003826898586390522
stress,0.5,128,10441,0.95,norm_betting,1000,0,0,,,,,0.8954081535339355,0.0,709.4439795918368,0.0,0.0,0.003826898586390522,0.0,0.0,0.003826898586390522
stress,0.5,128,10441,0.95,split,1000,0,0,,,,,0.8954081535339355,0.0,709.4439795918368,0.0,0.0,0.003826898586390522,0.0,0.0,0.003826898586390522
stress,0.5,128,22024,0.9,cdf_empbernstein,1000,0,0,,,,,0.8954081535339355,0.0,709.4439795918368,0.0,0.0,0.003826898586390522,0.0,0.0,0.003826898586390522
stress,0.5,128,22024,0.9,cdf_pacbayes,1000,0,0,,,,,0.8954081535339355,0.0,709.4439795918368,0.0,0.0,0.003826898586390522,0.0,0.0,0.003826898586390522
stress,0.5,128,22024,0.9,exc_betting,1000,0,0,,,,,0.8954081535339355,0.0,709.4439795918368,0.0,0.0,0.003826898586390522,0.0,0.0,0.003826898586390522
stress,0.5,128,22024,0.9,exc_empbernstein,1000,0,0,,,,,0.8954081535339355,0.0,709.4439795918368,0.0,0.0,0.003826898586390522,0.0,0.0,0.003826898586390522
stress,0.5,128,22024,0.9,exceedance,1000,0,0,,,,,0.8954081535339355,0.0,709.4439795918368,0.0,0.0,0.003826898586390522,0.0,0.0,0.003826898586390522
stress,0.5,128,22024,0.9,naive,1000,0,0,,,,,0.8954081535339355,0.0,709.4439795918368,0.0,0.0,0.003826898586390522,0.0,0.0,0.003826898586390522
stress,0.5,128,22024,0.9,norm_betting,1000,0,0,,,,,0.8954081535339355,0.0,709.4439795918368,0.0,0.0,0.003826898586390522,0.0,0.0,0.003826898586390522
stress,0.5,128,22024,0.9,split,1000,0,0,,,,,0.8954081535339355,0.0,709.4439795918368,0.0,0.0,0.003826898586390522,0.0,0.0,0.003826898586390522
stress,0.5,128,22024,0.95,cdf_empbernstein,1000,0,0,,,,,0.8954081535339355,0.0,709.4439795918368,0.0,0.0,0.003826898586390522,0.0,0.0,0.003826898586390522
stress,0.5,128,22024,0.95,cdf_pacbayes,1000,0,0,,,,,0.8954081535339355,0.0,709.4439795918368,0.0,0.0,0.003826898586390522,0.0,0.0,0.003826898586390522
stress,0.5,128,22024,0.95,exc_betting,1000,0,0,,,,,0.8954081535339355,0.0,709.4439795918368,0.0,0.0,0.003826898586390522,0.0,0.0,0.003826898586390522
stress,0.5,128,22024,0.95,exc_empbernstein,1000,0,0,,,,,0.8954081535339355,0.0,709.4439795918368,0.0,0.0,0.003826898586390522,0.0,0.0,0.003826898586390522
stress,0.5,128,22024,0.95,exceedance,1000,0,0,,,,,0.8954081535339355,0.0,709.4439795918368,0.0,0.0,0.003826898586390522,0.0,0.0,0.003826898586390522
stress,0.5,128,22024,0.95,naive,1000,0,0,,,,,0.8954081535339355,0.0,709.4439795918368,0.0,0.0,0.003826898586390522,0.0,0.0,0.003826898586390522
stress,0.5,128,22024,0.95,norm_betting,1000,0,0,,,,,0.8954081535339355,0.0,709.4439795918368,0.0,0.0,0.003826898586390522,0.0,0.0,0.003826898586390522
stress,0.5,128,22024,0.95,split,1000,0,0,,,,,0.8954081535339355,0.0,709.4439795918368,0.0,0.0,0.003826898586390522,0.0,0.0,0.003826898586390522
stress,0.5,128,46459,0.9,cdf_empbernstein,1000,0,0,,,,,0.8954081535339355,0.0,709.4439795918368,0.0,0.0,0.003826898586390522,0.0,0.0,0.003826898586390522
stress,0.5,128,46459,0.9,cdf_pacbayes,1000,0,0,,,,,0.8954081535339355,0.0,709.4439795918368,0.0,0.0,0.003826898586390522,0.0,0.0,0.003826898586390522
stress,0.5,128,46459,0.9,exc_betting,1000,0,0,,,,,0.8954081535339355,0.0,709.4439795918368,0.0,0.0,0.003826898586390522,0.0,0.0,0.003826898586390522
stress,0.5,128,46459,0.9,exc_empbernstein,1000,0,0,,,,,0.8954081535339355,0.0,709.4439795918368,0.0,0.0,0.003826898586390522,0.0,0.0,0.003826898586390522
stress,0.5,128,46459,0.9,exceedance,1000,0,0,,,,,0.8954081535339355,0.0,709.4439795918368,0.0,0.0,0.003826898586390522,0.0,0.0,0.003826898586390522
stress,0.5,128,46459,0.9,naive,1000,0,0,,,,,0.8954081535339355,0.0,709.4439795918368,0.0,0.0,0.003826898586390522,0.0,0.0,0.003826898586390522
stress,0.5,128,46459,0.9,norm_betting,1000,0,0,,,,,0.8954081535339355,0.0,709.4439795918368,0.0,0.0,0.003826898586390522,0.0,0.0,0.003826898586390522
stress,0.5,128,46459,0.9,split,1000,0,0,,,,,0.8954081535339355,0.0,709.4439795918368,0.0,0.0,0.003826898586390522,0.0,0.0,0.003826898586390522
stress,0.5,128,46459,0.95,cdf_empbernstein,1000,0,0,,,,,0.8954081535339355,0.0,709.4439795918368,0.0,0.0,0.003826898586390522,0.0,0.0,0.003826898586390522
stress,0.5,128,46459,0.95,cdf_pacbayes,1000,0,0,,,,,0.8954081535339355,0.0,709.4439795918368,0.0,0.0,0.003826898586390522,0.0,0.0,0.003826898586390522
stress,0.5,128,46459,0.95,exc_betting,1000,0,0,,,,,0.8954081535339355,0.0,709.4439795918368,0.0,0.0,0.003826898586390522,0.0,0.0,0.003826898586390522
stress,0.5,128,46459,0.95,exc_empbernstein,1000,0,0,,,,,0.8954081535339355,0.0,709.4439795918368,0.0,0.0,0.003826898586390522,0.0,0.0,0.003826898586390522
stress,0.5,128,46459,0.95,exceedance,1000,0,0,,,,,0.8954081535339355,0.0,709.4439795918368,0.0,0.0,0.003826898586390522,0.0,0.0,0.003826898586390522
stress,0.5,128,46459,0.95,naive,1000,0,0,,,,,0.8954081535339355,0.0,709.4439795918368,0.0,0.0,0.003826898586390522,0.0,0.0,0.003826898586390522
stress,0.5,128,46459,0.95,norm_betting,1000,0,0,,,,,0.8954081535339355,0.0,709.4439795918368,0.0,0.0,0.003826898586390522,0.0,0.0,0.003826898586390522
stress,0.5,128,46459,0.95,split,1000,0,0,,,,,0.8954081535339355,0.0,709.4439795918368,0.0,0.0,0.003826898586390522,0.0,0.0,0.003826898586390522
stress,0.5,128,98000,0.9,cdf_empbernstein,1000,0,0,,,,,0.8954081535339355,0.0,709.4439795918368,0.0,0.0,0.003826898586390522,0.0,0.0,0.003826898586390522
stress,0.5,128,98000,0.9,cdf_pacbayes,1000,0,0,,,,,0.8954081535339355,0.0,709.4439795918368,0.0,0.0,0.003826898586390522,0.0,0.0,0.003826898586390522
stress,0.5,128,98000,0.9,exc_betting,1000,0,0,,,,,0.8954081535339355,0.0,709.4439795918368,0.0,0.0,0.003826898586390522,0.0,0.0,0.003826898586390522
stress,0.5,128,98000,0.9,exc_empbernstein,1000,0,0,,,,,0.8954081535339355,0.0,709.4439795918368,0.0,0.0,0.003826898586390522,0.0,0.0,0.003826898586390522
stress,0.5,128,98000,0.9,exceedance,1000,0,0,,,,,0.8954081535339355,0.0,709.4439795918368,0.0,0.0,0.003826898586390522,0.0,0.0,0.003826898586390522
stress,0.5,128,98000,0.9,naive,1000,0,0,,,,,0.8954081535339355,0.0,709.4439795918368,0.0,0.0,0.003826898586390522,0.0,0.0,0.003826898586390522
stress,0.5,128,98000,0.9,norm_betting,1000,0,0,,,,,0.8954081535339355,0.0,709.4439795918368,0.0,0.0,0.003826898586390522,0.0,0.0,0.003826898586390522
stress,0.5,128,98000,0.9,split,1000,0,0,,,,,0.8954081535339355,0.0,709.4439795918368,0.0,0.0,0.003826898586390522,0.0,0.0,0.003826898586390522
stress,0.5,128,98000,0.95,cdf_empbernstein,1000,0,0,,,,,0.8954081535339355,0.0,709.4439795918368,0.0,0.0,0.003826898586390522,0.0,0.0,0.003826898586390522
stress,0.5,128,98000,0.95,cdf_pacbayes,1000,0,0,,,,,0.8954081535339355,0.0,709.4439795918368,0.0,0.0,0.003826898586390522,0.0,0.0,0.003826898586390522
stress,0.5,128,98000,0.95,exc_betting,1000,0,0,,,,,0.8954081535339355,0.0,709.4439795918368,0.0,0.0,0.003826898586390522,0.0,0.0,0.003826898586390522
stress,0.5,128,98000,0.95,exc_empbernstein,1000,0,0,,,,,0.8954081535339355,0.0,709.4439795918368,0.0,0.0,0.003826898586390522,0.0,0.0,0.003826898586390522
stress,0.5,128,98000,0.95,exceedance,1000,0,0,,,,,0.8954081535339355,0.0,709.4439795918368,0.0,0.0,0.003826898586390522,0.0,0.0,0.003826898586390522
stress,0.5,128,98000,0.95,naive,1000,0,0,,,,,0.8954081535339355,0.0,709.4439795918368,0.0,0.0,0.003826898586390522,0.0,0.0,0.003826898586390522
stress,0.5,128,98000,0.95,norm_betting,1000,0,0,,,,,0.8954081535339355,0.0,709.4439795918368,0.0,0.0,0.003826898586390522,0.0,0.0,0.003826898586390522
stress,0.5,128,98000,0.95,split,1000,0,0,,,,,0.8954081535339355,0.0,709.4439795918368,0.0,0.0,0.003826898586390522,0.0,0.0,0.003826898586390522
stress,1.0,8,250,0.9,cdf_empbernstein,1000,0,0,,,,,0.8954081535339355,0.0,709.4439795918368,0.0,0.0,0.003826898586390522,0.0,0.0,0.003826898586390522
stress,1.0,8,250,0.9,cdf_pacbayes,1000,0,0,,,,,0.8954081535339355,0.0,709.4439795918368,0.0,0.0,0.003826898586390522,0.0,0.0,0.003826898586390522
stress,1.0,8,250,0.9,exc_betting,1000,0,0,,,,,0.8954081535339355,0.0,709.4439795918368,0.0,0.0,0.003826898586390522,0.0,0.0,0.003826898586390522
stress,1.0,8,250,0.9,exc_empbernstein,1000,0,0,,,,,0.8954081535339355,0.0,709.4439795918368,0.0,0.0,0.003826898586390522,0.0,0.0,0.003826898586390522
stress,1.0,8,250,0.9,exceedance,1000,0,0,,,,,0.8954081535339355,0.0,709.4439795918368,0.0,0.0,0.003826898586390522,0.0,0.0,0.003826898586390522
stress,1.0,8,250,0.9,naive,1000,0,0,,,,,0.8954081535339355,0.0,709.4439795918368,0.0,0.0,0.003826898586390522,0.0,0.0,0.003826898586390522
stress,1.0,8,250,0.9,norm_betting,1000,0,0,,,,,0.8954081535339355,0.0,709.4439795918368,0.0,0.0,0.003826898586390522,0.0,0.0,0.003826898586390522
stress,1.0,8,250,0.9,split,1000,0,0,,,,,0.8954081535339355,0.0,709.4439795918368,0.0,0.0,0.003826898586390522,0.0,0.0,0.003826898586390522
stress,1.0,8,250,0.95,cdf_empbernstein,1000,0,0,,,,,0.8954081535339355,0.0,709.4439795918368,0.0,0.0,0.003826898586390522,0.0,0.0,0.003826898586390522
stress,1.0,8,250,0.95,cdf_pacbayes,1000,0,0,,,,,0.8954081535339355,0.0,709.4439795918368,0.0,0.0,0.003826898586390522,0.0,0.0,0.003826898586390522
stress,1.0,8,250,0.95,exc_betting,1000,0,0,,,,,0.8954081535339355,0.0,709.4439795918368,0.0,0.0,0.003826898586390522,0.0,0.0,0.003826898586390522
stress,1.0,8,250,0.95,exc_empbernstein,1000,0,0,,,,,0.8954081535339355,0.0,709.4439795918368,0.0,0.0,0.003826898586390522,0.0,0.0,0.003826898586390522
stress,1.0,8,250,0.95,exceedance,1000,0,0,,,,,0.8954081535339355,0.0,709.4439795918368,0.0,0.0,0.003826898586390522,0.0,0.0,0.003826898586390522
stress,1.0,8,250,0.95,naive,1000,0,0,,,,,0.8954081535339355,0.0,709.4439795918368,0.0,0.0,0.003826898586390522,0.0,0.0,0.003826898586390522
stress,1.0,8,250,0.95,norm_betting,1000,0,0,,,,,0.8954081535339355,0.0,709.4439795918368,0.0,0.0,0.003826898586390522,0.0,0.0,0.003826898586390522
stress,1.0,8,250,0.95,split,1000,0,0,,,,,0.8954081535339355,0.0,709.4439795918368,0.0,0.0,0.003826898586390522,0.0,0.0,0.003826898586390522
stress,1.0,8,527,0.9,cdf_empbernstein,1000,0,0,,,,,0.8954081535339355,0.0,709.4439795918368,0.0,0.0,0.003826898586390522,0.0,0.0,0.003826898586390522
stress,1.0,8,527,0.9,cdf_pacbayes,1000,0,0,,,,,0.8954081535339355,0.0,709.4439795918368,0.0,0.0,0.003826898586390522,0.0,0.0,0.003826898586390522
stress,1.0,8,527,0.9,exc_betting,1000,0,0,,,,,0.8954081535339355,0.0,709.4439795918368,0.0,0.0,0.003826898586390522,0.0,0.0,0.003826898586390522
stress,1.0,8,527,0.9,exc_empbernstein,1000,0,0,,,,,0.8954081535339355,0.0,709.4439795918368,0.0,0.0,0.003826898586390522,0.0,0.0,0.003826898586390522
stress,1.0,8,527,0.9,exceedance,1000,0,0,,,,,0.8954081535339355,0.0,709.4439795918368,0.0,0.0,0.003826898586390522,0.0,0.0,0.003826898586390522
stress,1.0,8,527,0.9,naive,1000,0,0,,,,,0.8954081535339355,0.0,709.4439795918368,0.0,0.0,0.003826898586390522,0.0,0.0,0.003826898586390522
stress,1.0,8,527,0.9,norm_betting,1000,0,0,,,,,0.8954081535339355,0.0,709.4439795918368,0.0,0.0,0.003826898586390522,0.0,0.0,0.003826898586390522
stress,1.0,8,527,0.9,split,1000,0,0,,,,,0.8954081535339355,0.0,709.4439795918368,0.0,0.0,0.003826898586390522,0.0,0.0,0.003826898586390522
stress,1.0,8,527,0.95,cdf_empbernstein,1000,0,0,,,,,0.8954081535339355,0.0,709.4439795918368,0.0,0.0,0.003826898586390522,0.0,0.0,0.003826898586390522
stress,1.0,8,527,0.95,cdf_pacbayes,1000,0,0,,,,,0.8954081535339355,0.0,709.4439795918368,0.0,0.0,0.003826898586390522,0.0,0.0,0.003826898586390522
stress,1.0,8,527,0.95,exc_betting,1000,0,0,,,,,0.8954081535339355,0.0,709.4439795918368,0.0,0.0,0.003826898586390522,0.0,0.0,0.003826898586390522
stress,1.0,8,527,0.95,exc_empbernstein,1000,0,0,,,,,0.8954081535339355,0.0,709.4439795918368,0.0,0.0,0.003826898586390522,0.0,0.0,0.003826898586390522
stress,1.0,8,527,0.95,exceedance,1000,0,0,,,,,0.8954081535339355,0.0,709.4439795918368,0.0,0.0,0.003826898586390522,0.0,0.0,0.003826898586390522
stress,1.0,8,527,0.95,naive,1000,0,0,,,,,0.8954081535339355,0.0,709.4439795918368,0.0,0.0,0.003826898586390522,0.0,0.0,0.003826898586390522
stress,1.0,8,527,0.95,norm_betting,1000,0,0,,,,,0.8954081535339355,0.0,709.4439795918368,0.0,0.0,0.003826898586390522,0.0,0.0,0.003826898586390522
stress,1.0,8,527,0.95,split,1000,0,0,,,,,0.8954081535339355,0.0,709.4439795918368,0.0,0.0,0.003826898586390522,0.0,0.0,0.003826898586390522
stress,1.0,8,1112,0.9,cdf_empbernstein,1000,0,0,,,,,0.8954081535339355,0.0,709.4439795918368,0.0,0.0,0.003826898586390522,0.0,0.0,0.003826898586390522
stress,1.0,8,1112,0.9,cdf_pacbayes,1000,0,0,,,,,0.8954081535339355,0.0,709.4439795918368,0.0,0.0,0.003826898586390522,0.0,0.0,0.003826898586390522
stress,1.0,8,1112,0.9,exc_betting,1000,0,0,,,,,0.8954081535339355,0.0,709.4439795918368,0.0,0.0,0.003826898586390522,0.0,0.0,0.003826898586390522
stress,1.0,8,1112,0.9,exc_empbernstein,1000,0,0,,,,,0.8954081535339355,0.0,709.4439795918368,0.0,0.0,0.003826898586390522,0.0,0.0,0.003826898586390522
stress,1.0,8,1112,0.9,exceedance,1000,0,0,,,,,0.8954081535339355,0.0,709.4439795918368,0.0,0.0,0.003826898586390522,0.0,0.0,0.003826898586390522
stress,1.0,8,1112,0.9,naive,1000,0,0,,,,,0.8954081535339355,0.0,709.4439795918368,0.0,0.0,0.003826898586390522,0.0,0.0,0.003826898586390522
stress,1.0,8,1112,0.9,norm_betting,1000,0,0,,,,,0.8954081535339355,0.0,709.4439795918368,0.0,0.0,0.003826898586390522,0.0,0.0,0.003826898586390522
stress,1.0,8,1112,0.9,split,1000,0,0,,,,,0.8954081535339355,0.0,709.4439795918368,0.0,0.0,0.003826898586390522,0.0,0.0,0.003826898586390522
stress,1.0,8,1112,0.95,cdf_empbernstein,1000,0,0,,,,,0.8954081535339355,0.0,709.4439795918368,0.0,0.0,0.003826898586390522,0.0,0.0,0.003826898586390522
stress,1.0,8,1112,0.95,cdf_pacbayes,1000,0,0,,,,,0.8954081535339355,0.0,709.4439795918368,0.0,0.0,0.003826898586390522,0.0,0.0,0.003826898586390522
stress,1.0,8,1112,0.95,exc_betting,1000,0,0,,,,,0.8954081535339355,0.0,709.4439795918368,0.0,0.0,0.003826898586390522,0.0,0.0,0.003826898586390522
stress,1.0,8,1112,0.95,exc_empbernstein,1000,0,0,,,,,0.8954081535339355,0.0,709.4439795918368,0.0,0.0,0.003826898586390522,0.0,0.0,0.003826898586390522
stress,1.0,8,1112,0.95,exceedance,1000,0,0,,,,,0.8954081535339355,0.0,709.4439795918368,0.0,0.0,0.003826898586390522,0.0,0.0,0.003826898586390522
stress,1.0,8,1112,0.95,naive,1000,0,0,,,,,0.8954081535339355,0.0,709.4439795918368,0.0,0.0,0.003826898586390522,0.0,0.0,0.003826898586390522
stress,1.0,8,1112,0.95,norm_betting,1000,0,0,,,,,0.8954081535339355,0.0,709.4439795918368,0.0,0.0,0.003826898586390522,0.0,0.0,0.003826898586390522
stress,1.0,8,1112,0.95,split,1000,0,0,,,,,0.8954081535339355,0.0,709.4439795918368,0.0,0.0,0.003826898586390522,0.0,0.0,0.003826898586390522
stress,1.0,8,2347,0.9,cdf_empbernstein,1000,0,0,,,,,0.8954081535339355,0.0,709.4439795918368,0.0,0.0,0.003826898586390522,0.0,0.0,0.003826898586390522
stress,1.0,8,2347,0.9,cdf_pacbayes,1000,0,0,,,,,0.8954081535339355,0.0,709.4439795918368,0.0,0.0,0.003826898586390522,0.0,0.0,0.003826898586390522
stress,1.0,8,2347,0.9,exc_betting,1000,2,2,0.10346939042210579,0.9021428525447845,689.5544387755102,-0.006896215966022051,0.8954216229319573,0.00042593976459931763,709.4042005102041,0.002,0.000548632102457155,0.007262958889587807,0.002,0.000548632102457155,0.007262958889587807
stress,1.0,8,2347,0.9,exc_empbernstein,1000,0,0,,,,,0.8954081535339355,0.0,709.4439795918368,0.0,0.0,0.003826898586390522,0.0,0.0,0.003826898586390522
stress,1.0,8,2347,0.9,exceedance,1000,0,0,,,,,0.8954081535339355,0.0,709.4439795918368,0.0,0.0,0.003826898586390522,0.0,0.0,0.003826898586390522
stress,1.0,8,2347,0.9,naive,1000,0,0,,,,,0.8954081535339355,0.0,709.4439795918368,0.0,0.0,0.003826898586390522,0.0,0.0,0.003826898586390522
stress,1.0,8,2347,0.9,norm_betting,1000,1,1,0.10265306383371353,0.9071428775787354,666.9501020408163,-0.004422817600803611,0.8954198882579804,0.0003710845569511115,709.4014857142857,0.001,0.0001765418290572713,0.0056427029601604705,0.001,0.0001765418290572713,0.0056427029601604705
stress,1.0,8,2347,0.9,split,1000,0,0,,,,,0.8954081535339355,0.0,709.4439795918368,0.0,0.0,0.003826898586390522,0.0,0.0,0.003826898586390522
stress,1.0,8,2347,0.95,cdf_empbernstein,1000,0,0,,,,,0.8954081535339355,0.0,709.4439795918368,0.0,0.0,0.003826898586390522,0.0,0.0,0.003826898586390522
stress,1.0,8,2347,0.95,cdf_pacbayes,1000,0,0,,,,,0.8954081535339355,0.0,709.4439795918368,0.0,0.0,0.003826898586390522,0.0,0.0,0.003826898586390522
stress,1.0,8,2347,0.95,exc_betting,1000,0,0,,,,,0.8954081535339355,0.0,709.4439795918368,0.0,0.0,0.003826898586390522,0.0,0.0,0.003826898586390522
stress,1.0,8,2347,0.95,exc_empbernstein,1000,0,0,,,,,0.8954081535339355,0.0,709.4439795918368,0.0,0.0,0.003826898586390522,0.0,0.0,0.003826898586390522
stress,1.0,8,2347,0.95,exceedance,1000,0,0,,,,,0.8954081535339355,0.0,709.4439795918368,0.0,0.0,0.003826898586390522,0.0,0.0,0.003826898586390522
stress,1.0,8,2347,0.95,naive,1000,0,0,,,,,0.8954081535339355,0.0,709.4439795918368,0.0,0.0,0.003826898586390522,0.0,0.0,0.003826898586390522
stress,1.0,8,2347,0.95,norm_betting,1000,0,0,,,,,0.8954081535339355,0.0,709.4439795918368,0.0,0.0,0.003826898586390522,0.0,0.0,0.003826898586390522
stress,1.0,8,2347,0.95,split,1000,0,0,,,,,0.8954081535339355,0.0,709.4439795918368,0.0,0.0,0.003826898586390522,0.0,0.0,0.003826898586390522
stress,1.0,8,4950,0.9,cdf_empbernstein,1000,0,0,,,,,0.8954081535339355,0.0,709.4439795918368,0.0,0.0,0.003826898586390522,0.0,0.0,0.003826898586390522
stress,1.0,8,4950,0.9,cdf_pacbayes,1000,0,0,,,,,0.8954081535339355,0.0,709.4439795918368,0.0,0.0,0.003826898586390522,0.0,0.0,0.003826898586390522
stress,1.0,8,4950,0.9,exc_betting,1000,0,0,,,,,0.8954081535339355,0.0,709.4439795918368,0.0,0.0,0.003826898586390522,0.0,0.0,0.003826898586390522
stress,1.0,8,4950,0.9,exc_empbernstein,1000,0,0,,,,,0.8954081535339355,0.0,709.4439795918368,0.0,0.0,0.003826898586390522,0.0,0.0,0.003826898586390522
stress,1.0,8,4950,0.9,exceedance,1000,0,0,,,,,0.8954081535339355,0.0,709.4439795918368,0.0,0.0,0.003826898586390522,0.0,0.0,0.003826898586390522
stress,1.0,8,4950,0.9,naive,1000,0,0,,,,,0.8954081535339355,0.0,709.4439795918368,0.0,0.0,0.003826898586390522,0.0,0.0,0.003826898586390522
stress,1.0,8,4950,0.9,norm_betting,1000,0,0,,,,,0.8954081535339355,0.0,709.4439795918368,0.0,0.0,0.003826898586390522,0.0,0.0,0.003826898586390522
stress,1.0,8,4950,0.9,split,1000,0,0,,,,,0.8954081535339355,0.0,709.4439795918368,0.0,0.0,0.003826898586390522,0.0,0.0,0.003826898586390522
stress,1.0,8,4950,0.95,cdf_empbernstein,1000,0,0,,,,,0.8954081535339355,0.0,709.4439795918368,0.0,0.0,0.003826898586390522,0.0,0.0,0.003826898586390522
stress,1.0,8,4950,0.95,cdf_pacbayes,1000,0,0,,,,,0.8954081535339355,0.0,709.4439795918368,0.0,0.0,0.003826898586390522,0.0,0.0,0.003826898586390522
stress,1.0,8,4950,0.95,exc_betting,1000,0,0,,,,,0.8954081535339355,0.0,709.4439795918368,0.0,0.0,0.003826898586390522,0.0,0.0,0.003826898586390522
stress,1.0,8,4950,0.95,exc_empbernstein,1000,0,0,,,,,0.8954081535339355,0.0,709.4439795918368,0.0,0.0,0.003826898586390522,0.0,0.0,0.003826898586390522
stress,1.0,8,4950,0.95,exceedance,1000,0,0,,,,,0.8954081535339355,0.0,709.4439795918368,0.0,0.0,0.003826898586390522,0.0,0.0,0.003826898586390522
stress,1.0,8,4950,0.95,naive,1000,0,0,,,,,0.8954081535339355,0.0,709.4439795918368,0.0,0.0,0.003826898586390522,0.0,0.0,0.003826898586390522
stress,1.0,8,4950,0.95,norm_betting,1000,0,0,,,,,0.8954081535339355,0.0,709.4439795918368,0.0,0.0,0.003826898586390522,0.0,0.0,0.003826898586390522
stress,1.0,8,4950,0.95,split,1000,0,0,,,,,0.8954081535339355,0.0,709.4439795918368,0.0,0.0,0.003826898586390522,0.0,0.0,0.003826898586390522
stress,1.0,8,9800,0.9,cdf_empbernstein,1000,0,0,,,,,0.8954081535339355,0.0,709.4439795918368,0.0,0.0,0.003826898586390522,0.0,0.0,0.003826898586390522
stress,1.0,8,9800,0.9,cdf_pacbayes,1000,0,0,,,,,0.8954081535339355,0.0,709.4439795918368,0.0,0.0,0.003826898586390522,0.0,0.0,0.003826898586390522
stress,1.0,8,9800,0.9,exc_betting,1000,0,0,,,,,0.8954081535339355,0.0,709.4439795918368,0.0,0.0,0.003826898586390522,0.0,0.0,0.003826898586390522
stress,1.0,8,9800,0.9,exc_empbernstein,1000,0,0,,,,,0.8954081535339355,0.0,709.4439795918368,0.0,0.0,0.003826898586390522,0.0,0.0,0.003826898586390522
stress,1.0,8,9800,0.9,exceedance,1000,0,0,,,,,0.8954081535339355,0.0,709.4439795918368,0.0,0.0,0.003826898586390522,0.0,0.0,0.003826898586390522
stress,1.0,8,9800,0.9,naive,1000,0,0,,,,,0.8954081535339355,0.0,709.4439795918368,0.0,0.0,0.003826898586390522,0.0,0.0,0.003826898586390522
stress,1.0,8,9800,0.9,norm_betting,1000,0,0,,,,,0.8954081535339355,0.0,709.4439795918368,0.0,0.0,0.003826898586390522,0.0,0.0,0.003826898586390522
stress,1.0,8,9800,0.9,split,1000,0,0,,,,,0.8954081535339355,0.0,709.4439795918368,0.0,0.0,0.003826898586390522,0.0,0.0,0.003826898586390522
stress,1.0,8,9800,0.95,cdf_empbernstein,1000,0,0,,,,,0.8954081535339355,0.0,709.4439795918368,0.0,0.0,0.003826898586390522,0.0,0.0,0.003826898586390522
stress,1.0,8,9800,0.95,cdf_pacbayes,1000,0,0,,,,,0.8954081535339355,0.0,709.4439795918368,0.0,0.0,0.003826898586390522,0.0,0.0,0.003826898586390522
stress,1.0,8,9800,0.95,exc_betting,1000,0,0,,,,,0.8954081535339355,0.0,709.4439795918368,0.0,0.0,0.003826898586390522,0.0,0.0,0.003826898586390522
stress,1.0,8,9800,0.95,exc_empbernstein,1000,0,0,,,,,0.8954081535339355,0.0,709.4439795918368,0.0,0.0,0.003826898586390522,0.0,0.0,0.003826898586390522
stress,1.0,8,9800,0.95,exceedance,1000,0,0,,,,,0.8954081535339355,0.0,709.4439795918368,0.0,0.0,0.003826898586390522,0.0,0.0,0.003826898586390522
stress,1.0,8,9800,0.95,naive,1000,0,0,,,,,0.8954081535339355,0.0,709.4439795918368,0.0,0.0,0.003826898586390522,0.0,0.0,0.003826898586390522
stress,1.0,8,9800,0.95,norm_betting,1000,0,0,,,,,0.8954081535339355,0.0,709.4439795918368,0.0,0.0,0.003826898586390522,0.0,0.0,0.003826898586390522
stress,1.0,8,9800,0.95,split,1000,0,0,,,,,0.8954081535339355,0.0,709.4439795918368,0.0,0.0,0.003826898586390522,0.0,0.0,0.003826898586390522
stress,1.0,8,10441,0.9,cdf_empbernstein,1000,0,0,,,,,0.8954081535339355,0.0,709.4439795918368,0.0,0.0,0.003826898586390522,0.0,0.0,0.003826898586390522
stress,1.0,8,10441,0.9,cdf_pacbayes,1000,0,0,,,,,0.8954081535339355,0.0,709.4439795918368,0.0,0.0,0.003826898586390522,0.0,0.0,0.003826898586390522
stress,1.0,8,10441,0.9,exc_betting,1000,0,0,,,,,0.8954081535339355,0.0,709.4439795918368,0.0,0.0,0.003826898586390522,0.0,0.0,0.003826898586390522
stress,1.0,8,10441,0.9,exc_empbernstein,1000,0,0,,,,,0.8954081535339355,0.0,709.4439795918368,0.0,0.0,0.003826898586390522,0.0,0.0,0.003826898586390522
stress,1.0,8,10441,0.9,exceedance,1000,0,0,,,,,0.8954081535339355,0.0,709.4439795918368,0.0,0.0,0.003826898586390522,0.0,0.0,0.003826898586390522
stress,1.0,8,10441,0.9,naive,1000,0,0,,,,,0.8954081535339355,0.0,709.4439795918368,0.0,0.0,0.003826898586390522,0.0,0.0,0.003826898586390522
stress,1.0,8,10441,0.9,norm_betting,1000,0,0,,,,,0.8954081535339355,0.0,709.4439795918368,0.0,0.0,0.003826898586390522,0.0,0.0,0.003826898586390522
stress,1.0,8,10441,0.9,split,1000,0,0,,,,,0.8954081535339355,0.0,709.4439795918368,0.0,0.0,0.003826898586390522,0.0,0.0,0.003826898586390522
stress,1.0,8,10441,0.95,cdf_empbernstein,1000,0,0,,,,,0.8954081535339355,0.0,709.4439795918368,0.0,0.0,0.003826898586390522,0.0,0.0,0.003826898586390522
stress,1.0,8,10441,0.95,cdf_pacbayes,1000,0,0,,,,,0.8954081535339355,0.0,709.4439795918368,0.0,0.0,0.003826898586390522,0.0,0.0,0.003826898586390522
stress,1.0,8,10441,0.95,exc_betting,1000,0,0,,,,,0.8954081535339355,0.0,709.4439795918368,0.0,0.0,0.003826898586390522,0.0,0.0,0.003826898586390522
stress,1.0,8,10441,0.95,exc_empbernstein,1000,0,0,,,,,0.8954081535339355,0.0,709.4439795918368,0.0,0.0,0.003826898586390522,0.0,0.0,0.003826898586390522
stress,1.0,8,10441,0.95,exceedance,1000,0,0,,,,,0.8954081535339355,0.0,709.4439795918368,0.0,0.0,0.003826898586390522,0.0,0.0,0.003826898586390522
stress,1.0,8,10441,0.95,naive,1000,0,0,,,,,0.8954081535339355,0.0,709.4439795918368,0.0,0.0,0.003826898586390522,0.0,0.0,0.003826898586390522
stress,1.0,8,10441,0.95,norm_betting,1000,0,0,,,,,0.8954081535339355,0.0,709.4439795918368,0.0,0.0,0.003826898586390522,0.0,0.0,0.003826898586390522
stress,1.0,8,10441,0.95,split,1000,0,0,,,,,0.8954081535339355,0.0,709.4439795918368,0.0,0.0,0.003826898586390522,0.0,0.0,0.003826898586390522
stress,1.0,8,22024,0.9,cdf_empbernstein,1000,0,0,,,,,0.8954081535339355,0.0,709.4439795918368,0.0,0.0,0.003826898586390522,0.0,0.0,0.003826898586390522
stress,1.0,8,22024,0.9,cdf_pacbayes,1000,0,0,,,,,0.8954081535339355,0.0,709.4439795918368,0.0,0.0,0.003826898586390522,0.0,0.0,0.003826898586390522
stress,1.0,8,22024,0.9,exc_betting,1000,0,0,,,,,0.8954081535339355,0.0,709.4439795918368,0.0,0.0,0.003826898586390522,0.0,0.0,0.003826898586390522
stress,1.0,8,22024,0.9,exc_empbernstein,1000,0,0,,,,,0.8954081535339355,0.0,709.4439795918368,0.0,0.0,0.003826898586390522,0.0,0.0,0.003826898586390522
stress,1.0,8,22024,0.9,exceedance,1000,0,0,,,,,0.8954081535339355,0.0,709.4439795918368,0.0,0.0,0.003826898586390522,0.0,0.0,0.003826898586390522
stress,1.0,8,22024,0.9,naive,1000,0,0,,,,,0.8954081535339355,0.0,709.4439795918368,0.0,0.0,0.003826898586390522,0.0,0.0,0.003826898586390522
stress,1.0,8,22024,0.9,norm_betting,1000,0,0,,,,,0.8954081535339355,0.0,709.4439795918368,0.0,0.0,0.003826898586390522,0.0,0.0,0.003826898586390522
stress,1.0,8,22024,0.9,split,1000,0,0,,,,,0.8954081535339355,0.0,709.4439795918368,0.0,0.0,0.003826898586390522,0.0,0.0,0.003826898586390522
stress,1.0,8,22024,0.95,cdf_empbernstein,1000,0,0,,,,,0.8954081535339355,0.0,709.4439795918368,0.0,0.0,0.003826898586390522,0.0,0.0,0.003826898586390522
stress,1.0,8,22024,0.95,cdf_pacbayes,1000,0,0,,,,,0.8954081535339355,0.0,709.4439795918368,0.0,0.0,0.003826898586390522,0.0,0.0,0.003826898586390522
stress,1.0,8,22024,0.95,exc_betting,1000,0,0,,,,,0.8954081535339355,0.0,709.4439795918368,0.0,0.0,0.003826898586390522,0.0,0.0,0.003826898586390522
stress,1.0,8,22024,0.95,exc_empbernstein,1000,0,0,,,,,0.8954081535339355,0.0,709.4439795918368,0.0,0.0,0.003826898586390522,0.0,0.0,0.003826898586390522
stress,1.0,8,22024,0.95,exceedance,1000,0,0,,,,,0.8954081535339355,0.0,709.4439795918368,0.0,0.0,0.003826898586390522,0.0,0.0,0.003826898586390522
stress,1.0,8,22024,0.95,naive,1000,0,0,,,,,0.8954081535339355,0.0,709.4439795918368,0.0,0.0,0.003826898586390522,0.0,0.0,0.003826898586390522
stress,1.0,8,22024,0.95,norm_betting,1000,0,0,,,,,0.8954081535339355,0.0,709.4439795918368,0.0,0.0,0.003826898586390522,0.0,0.0,0.003826898586390522
stress,1.0,8,22024,0.95,split,1000,0,0,,,,,0.8954081535339355,0.0,709.4439795918368,0.0,0.0,0.003826898586390522,0.0,0.0,0.003826898586390522
stress,1.0,8,46459,0.9,cdf_empbernstein,1000,1,1,0.10234694182872772,0.9088775515556335,669.6648979591837,-0.003622804530817314,0.8954216229319573,0.00042593976459931655,709.4042005102041,0.001,0.0001765418290572713,0.0056427029601604705,0.001,0.0001765418290572713,0.0056427029601604705
stress,1.0,8,46459,0.9,cdf_pacbayes,1000,0,0,,,,,0.8954081535339355,0.0,709.4439795918368,0.0,0.0,0.003826898586390522,0.0,0.0,0.003826898586390522
stress,1.0,8,46459,0.9,exc_betting,1000,1,1,0.10265306383371353,0.9071428775787354,666.9501020408163,-0.002657195681272817,0.8954198882579804,0.0003710845569511222,709.4014857142857,0.001,0.0001765418290572713,0.0056427029601604705,0.001,0.0001765418290572713,0.0056427029601604705
stress,1.0,8,46459,0.9,exc_empbernstein,1000,1,1,0.10265306383371353,0.9071428775787354,666.9501020408163,-0.0032440950630672344,0.8954198882579804,0.0003710845569511222,709.4014857142857,0.001,0.0001765418290572713,0.0056427029601604705,0.001,0.0001765418290572713,0.0056427029601604705
stress,1.0,8,46459,0.9,exceedance,1000,0,0,,,,,0.8954081535339355,0.0,709.4439795918368,0.0,0.0,0.003826898586390522,0.0,0.0,0.003826898586390522
stress,1.0,8,46459,0.9,naive,1000,1,1,0.10265306383371353,0.9071428775787354,666.9501020408163,-0.0026575612214121136,0.8954198882579804,0.0003710845569511222,709.4014857142857,0.001,0.0001765418290572713,0.0056427029601604705,0.001,0.0001765418290572713,0.0056427029601604705
stress,1.0,8,46459,0.9,norm_betting,1000,0,0,,,,,0.8954081535339355,0.0,709.4439795918368,0.0,0.0,0.003826898586390522,0.0,0.0,0.003826898586390522
stress,1.0,8,46459,0.9,split,1000,0,0,,,,,0.8954081535339355,0.0,709.4439795918368,0.0,0.0,0.003826898586390522,0.0,0.0,0.003826898586390522
stress,1.0,8,46459,0.95,cdf_empbernstein,1000,0,0,,,,,0.8954081535339355,0.0,709.4439795918368,0.0,0.0,0.003826898586390522,0.0,0.0,0.003826898586390522
stress,1.0,8,46459,0.95,cdf_pacbayes,1000,0,0,,,,,0.8954081535339355,0.0,709.4439795918368,0.0,0.0,0.003826898586390522,0.0,0.0,0.003826898586390522
stress,1.0,8,46459,0.95,exc_betting,1000,0,0,,,,,0.8954081535339355,0.0,709.4439795918368,0.0,0.0,0.003826898586390522,0.0,0.0,0.003826898586390522
stress,1.0,8,46459,0.95,exc_empbernstein,1000,0,0,,,,,0.8954081535339355,0.0,709.4439795918368,0.0,0.0,0.003826898586390522,0.0,0.0,0.003826898586390522
stress,1.0,8,46459,0.95,exceedance,1000,0,0,,,,,0.8954081535339355,0.0,709.4439795918368,0.0,0.0,0.003826898586390522,0.0,0.0,0.003826898586390522
stress,1.0,8,46459,0.95,naive,1000,0,0,,,,,0.8954081535339355,0.0,709.4439795918368,0.0,0.0,0.003826898586390522,0.0,0.0,0.003826898586390522
stress,1.0,8,46459,0.95,norm_betting,1000,0,0,,,,,0.8954081535339355,0.0,709.4439795918368,0.0,0.0,0.003826898586390522,0.0,0.0,0.003826898586390522
stress,1.0,8,46459,0.95,split,1000,0,0,,,,,0.8954081535339355,0.0,709.4439795918368,0.0,0.0,0.003826898586390522,0.0,0.0,0.003826898586390522
stress,1.0,8,98000,0.9,cdf_empbernstein,1000,0,0,,,,,0.8954081535339355,0.0,709.4439795918368,0.0,0.0,0.003826898586390522,0.0,0.0,0.003826898586390522
stress,1.0,8,98000,0.9,cdf_pacbayes,1000,0,0,,,,,0.8954081535339355,0.0,709.4439795918368,0.0,0.0,0.003826898586390522,0.0,0.0,0.003826898586390522
stress,1.0,8,98000,0.9,exc_betting,1000,0,0,,,,,0.8954081535339355,0.0,709.4439795918368,0.0,0.0,0.003826898586390522,0.0,0.0,0.003826898586390522
stress,1.0,8,98000,0.9,exc_empbernstein,1000,0,0,,,,,0.8954081535339355,0.0,709.4439795918368,0.0,0.0,0.003826898586390522,0.0,0.0,0.003826898586390522
stress,1.0,8,98000,0.9,exceedance,1000,0,0,,,,,0.8954081535339355,0.0,709.4439795918368,0.0,0.0,0.003826898586390522,0.0,0.0,0.003826898586390522
stress,1.0,8,98000,0.9,naive,1000,0,0,,,,,0.8954081535339355,0.0,709.4439795918368,0.0,0.0,0.003826898586390522,0.0,0.0,0.003826898586390522
stress,1.0,8,98000,0.9,norm_betting,1000,0,0,,,,,0.8954081535339355,0.0,709.4439795918368,0.0,0.0,0.003826898586390522,0.0,0.0,0.003826898586390522
stress,1.0,8,98000,0.9,split,1000,0,0,,,,,0.8954081535339355,0.0,709.4439795918368,0.0,0.0,0.003826898586390522,0.0,0.0,0.003826898586390522
stress,1.0,8,98000,0.95,cdf_empbernstein,1000,0,0,,,,,0.8954081535339355,0.0,709.4439795918368,0.0,0.0,0.003826898586390522,0.0,0.0,0.003826898586390522
stress,1.0,8,98000,0.95,cdf_pacbayes,1000,0,0,,,,,0.8954081535339355,0.0,709.4439795918368,0.0,0.0,0.003826898586390522,0.0,0.0,0.003826898586390522
stress,1.0,8,98000,0.95,exc_betting,1000,0,0,,,,,0.8954081535339355,0.0,709.4439795918368,0.0,0.0,0.003826898586390522,0.0,0.0,0.003826898586390522
stress,1.0,8,98000,0.95,exc_empbernstein,1000,0,0,,,,,0.8954081535339355,0.0,709.4439795918368,0.0,0.0,0.003826898586390522,0.0,0.0,0.003826898586390522
stress,1.0,8,98000,0.95,exceedance,1000,0,0,,,,,0.8954081535339355,0.0,709.4439795918368,0.0,0.0,0.003826898586390522,0.0,0.0,0.003826898586390522
stress,1.0,8,98000,0.95,naive,1000,0,0,,,,,0.8954081535339355,0.0,709.4439795918368,0.0,0.0,0.003826898586390522,0.0,0.0,0.003826898586390522
stress,1.0,8,98000,0.95,norm_betting,1000,0,0,,,,,0.8954081535339355,0.0,709.4439795918368,0.0,0.0,0.003826898586390522,0.0,0.0,0.003826898586390522
stress,1.0,8,98000,0.95,split,1000,0,0,,,,,0.8954081535339355,0.0,709.4439795918368,0.0,0.0,0.003826898586390522,0.0,0.0,0.003826898586390522
stress,1.0,32,250,0.9,cdf_empbernstein,1000,0,0,,,,,0.8954081535339355,0.0,709.4439795918368,0.0,0.0,0.003826898586390522,0.0,0.0,0.003826898586390522
stress,1.0,32,250,0.9,cdf_pacbayes,1000,0,0,,,,,0.8954081535339355,0.0,709.4439795918368,0.0,0.0,0.003826898586390522,0.0,0.0,0.003826898586390522
stress,1.0,32,250,0.9,exc_betting,1000,0,0,,,,,0.8954081535339355,0.0,709.4439795918368,0.0,0.0,0.003826898586390522,0.0,0.0,0.003826898586390522
stress,1.0,32,250,0.9,exc_empbernstein,1000,0,0,,,,,0.8954081535339355,0.0,709.4439795918368,0.0,0.0,0.003826898586390522,0.0,0.0,0.003826898586390522
stress,1.0,32,250,0.9,exceedance,1000,0,0,,,,,0.8954081535339355,0.0,709.4439795918368,0.0,0.0,0.003826898586390522,0.0,0.0,0.003826898586390522
stress,1.0,32,250,0.9,naive,1000,0,0,,,,,0.8954081535339355,0.0,709.4439795918368,0.0,0.0,0.003826898586390522,0.0,0.0,0.003826898586390522
stress,1.0,32,250,0.9,norm_betting,1000,0,0,,,,,0.8954081535339355,0.0,709.4439795918368,0.0,0.0,0.003826898586390522,0.0,0.0,0.003826898586390522
stress,1.0,32,250,0.9,split,1000,0,0,,,,,0.8954081535339355,0.0,709.4439795918368,0.0,0.0,0.003826898586390522,0.0,0.0,0.003826898586390522
stress,1.0,32,250,0.95,cdf_empbernstein,1000,0,0,,,,,0.8954081535339355,0.0,709.4439795918368,0.0,0.0,0.003826898586390522,0.0,0.0,0.003826898586390522
stress,1.0,32,250,0.95,cdf_pacbayes,1000,0,0,,,,,0.8954081535339355,0.0,709.4439795918368,0.0,0.0,0.003826898586390522,0.0,0.0,0.003826898586390522
stress,1.0,32,250,0.95,exc_betting,1000,0,0,,,,,0.8954081535339355,0.0,709.4439795918368,0.0,0.0,0.003826898586390522,0.0,0.0,0.003826898586390522
stress,1.0,32,250,0.95,exc_empbernstein,1000,0,0,,,,,0.8954081535339355,0.0,709.4439795918368,0.0,0.0,0.003826898586390522,0.0,0.0,0.003826898586390522
stress,1.0,32,250,0.95,exceedance,1000,0,0,,,,,0.8954081535339355,0.0,709.4439795918368,0.0,0.0,0.003826898586390522,0.0,0.0,0.003826898586390522
stress,1.0,32,250,0.95,naive,1000,0,0,,,,,0.8954081535339355,0.0,709.4439795918368,0.0,0.0,0.003826898586390522,0.0,0.0,0.003826898586390522
stress,1.0,32,250,0.95,norm_betting,1000,0,0,,,,,0.8954081535339355,0.0,709.4439795918368,0.0,0.0,0.003826898586390522,0.0,0.0,0.003826898586390522
stress,1.0,32,250,0.95,split,1000,0,0,,,,,0.8954081535339355,0.0,709.4439795918368,0.0,0.0,0.003826898586390522,0.0,0.0,0.003826898586390522
stress,1.0,32,527,0.9,cdf_empbernstein,1000,0,0,,,,,0.8954081535339355,0.0,709.4439795918368,0.0,0.0,0.003826898586390522,0.0,0.0,0.003826898586390522
stress,1.0,32,527,0.9,cdf_pacbayes,1000,0,0,,,,,0.8954081535339355,0.0,709.4439795918368,0.0,0.0,0.003826898586390522,0.0,0.0,0.003826898586390522
stress,1.0,32,527,0.9,exc_betting,1000,0,0,,,,,0.8954081535339355,0.0,709.4439795918368,0.0,0.0,0.003826898586390522,0.0,0.0,0.003826898586390522
stress,1.0,32,527,0.9,exc_empbernstein,1000,0,0,,,,,0.8954081535339355,0.0,709.4439795918368,0.0,0.0,0.003826898586390522,0.0,0.0,0.003826898586390522
stress,1.0,32,527,0.9,exceedance,1000,0,0,,,,,0.8954081535339355,0.0,709.4439795918368,0.0,0.0,0.003826898586390522,0.0,0.0,0.003826898586390522
stress,1.0,32,527,0.9,naive,1000,0,0,,,,,0.8954081535339355,0.0,709.4439795918368,0.0,0.0,0.003826898586390522,0.0,0.0,0.003826898586390522
stress,1.0,32,527,0.9,norm_betting,1000,0,0,,,,,0.8954081535339355,0.0,709.4439795918368,0.0,0.0,0.003826898586390522,0.0,0.0,0.003826898586390522
stress,1.0,32,527,0.9,split,1000,0,0,,,,,0.8954081535339355,0.0,709.4439795918368,0.0,0.0,0.003826898586390522,0.0,0.0,0.003826898586390522
stress,1.0,32,527,0.95,cdf_empbernstein,1000,0,0,,,,,0.8954081535339355,0.0,709.4439795918368,0.0,0.0,0.003826898586390522,0.0,0.0,0.003826898586390522
stress,1.0,32,527,0.95,cdf_pacbayes,1000,0,0,,,,,0.8954081535339355,0.0,709.4439795918368,0.0,0.0,0.003826898586390522,0.0,0.0,0.003826898586390522
stress,1.0,32,527,0.95,exc_betting,1000,0,0,,,,,0.8954081535339355,0.0,709.4439795918368,0.0,0.0,0.003826898586390522,0.0,0.0,0.003826898586390522
stress,1.0,32,527,0.95,exc_empbernstein,1000,0,0,,,,,0.8954081535339355,0.0,709.4439795918368,0.0,0.0,0.003826898586390522,0.0,0.0,0.003826898586390522
stress,1.0,32,527,0.95,exceedance,1000,0,0,,,,,0.8954081535339355,0.0,709.4439795918368,0.0,0.0,0.003826898586390522,0.0,0.0,0.003826898586390522
stress,1.0,32,527,0.95,naive,1000,0,0,,,,,0.8954081535339355,0.0,709.4439795918368,0.0,0.0,0.003826898586390522,0.0,0.0,0.003826898586390522
stress,1.0,32,527,0.95,norm_betting,1000,0,0,,,,,0.8954081535339355,0.0,709.4439795918368,0.0,0.0,0.003826898586390522,0.0,0.0,0.003826898586390522
stress,1.0,32,527,0.95,split,1000,0,0,,,,,0.8954081535339355,0.0,709.4439795918368,0.0,0.0,0.003826898586390522,0.0,0.0,0.003826898586390522
stress,1.0,32,1112,0.9,cdf_empbernstein,1000,0,0,,,,,0.8954081535339355,0.0,709.4439795918368,0.0,0.0,0.003826898586390522,0.0,0.0,0.003826898586390522
stress,1.0,32,1112,0.9,cdf_pacbayes,1000,0,0,,,,,0.8954081535339355,0.0,709.4439795918368,0.0,0.0,0.003826898586390522,0.0,0.0,0.003826898586390522
stress,1.0,32,1112,0.9,exc_betting,1000,0,0,,,,,0.8954081535339355,0.0,709.4439795918368,0.0,0.0,0.003826898586390522,0.0,0.0,0.003826898586390522
stress,1.0,32,1112,0.9,exc_empbernstein,1000,0,0,,,,,0.8954081535339355,0.0,709.4439795918368,0.0,0.0,0.003826898586390522,0.0,0.0,0.003826898586390522
stress,1.0,32,1112,0.9,exceedance,1000,0,0,,,,,0.8954081535339355,0.0,709.4439795918368,0.0,0.0,0.003826898586390522,0.0,0.0,0.003826898586390522
stress,1.0,32,1112,0.9,naive,1000,0,0,,,,,0.8954081535339355,0.0,709.4439795918368,0.0,0.0,0.003826898586390522,0.0,0.0,0.003826898586390522
stress,1.0,32,1112,0.9,norm_betting,1000,0,0,,,,,0.8954081535339355,0.0,709.4439795918368,0.0,0.0,0.003826898586390522,0.0,0.0,0.003826898586390522
stress,1.0,32,1112,0.9,split,1000,0,0,,,,,0.8954081535339355,0.0,709.4439795918368,0.0,0.0,0.003826898586390522,0.0,0.0,0.003826898586390522
stress,1.0,32,1112,0.95,cdf_empbernstein,1000,0,0,,,,,0.8954081535339355,0.0,709.4439795918368,0.0,0.0,0.003826898586390522,0.0,0.0,0.003826898586390522
stress,1.0,32,1112,0.95,cdf_pacbayes,1000,0,0,,,,,0.8954081535339355,0.0,709.4439795918368,0.0,0.0,0.003826898586390522,0.0,0.0,0.003826898586390522
stress,1.0,32,1112,0.95,exc_betting,1000,0,0,,,,,0.8954081535339355,0.0,709.4439795918368,0.0,0.0,0.003826898586390522,0.0,0.0,0.003826898586390522
stress,1.0,32,1112,0.95,exc_empbernstein,1000,0,0,,,,,0.8954081535339355,0.0,709.4439795918368,0.0,0.0,0.003826898586390522,0.0,0.0,0.003826898586390522
stress,1.0,32,1112,0.95,exceedance,1000,0,0,,,,,0.8954081535339355,0.0,709.4439795918368,0.0,0.0,0.003826898586390522,0.0,0.0,0.003826898586390522
stress,1.0,32,1112,0.95,naive,1000,0,0,,,,,0.8954081535339355,0.0,709.4439795918368,0.0,0.0,0.003826898586390522,0.0,0.0,0.003826898586390522
stress,1.0,32,1112,0.95,norm_betting,1000,0,0,,,,,0.8954081535339355,0.0,709.4439795918368,0.0,0.0,0.003826898586390522,0.0,0.0,0.003826898586390522
stress,1.0,32,1112,0.95,split,1000,0,0,,,,,0.8954081535339355,0.0,709.4439795918368,0.0,0.0,0.003826898586390522,0.0,0.0,0.003826898586390522
stress,1.0,32,2347,0.9,cdf_empbernstein,1000,0,0,,,,,0.8954081535339355,0.0,709.4439795918368,0.0,0.0,0.003826898586390522,0.0,0.0,0.003826898586390522
stress,1.0,32,2347,0.9,cdf_pacbayes,1000,0,0,,,,,0.8954081535339355,0.0,709.4439795918368,0.0,0.0,0.003826898586390522,0.0,0.0,0.003826898586390522
stress,1.0,32,2347,0.9,exc_betting,1000,1,1,0.1027550995349884,0.9081632494926453,671.0983673469387,-0.003789364169843379,0.8954209086298942,0.0004033515500353161,709.4056339795919,0.001,0.0001765418290572713,0.0056427029601604705,0.001,0.0001765418290572713,0.0056427029601604705
stress,1.0,32,2347,0.9,exc_empbernstein,1000,0,0,,,,,0.8954081535339355,0.0,709.4439795918368,0.0,0.0,0.003826898586390522,0.0,0.0,0.003826898586390522
stress,1.0,32,2347,0.9,exceedance,1000,0,0,,,,,0.8954081535339355,0.0,709.4439795918368,0.0,0.0,0.003826898586390522,0.0,0.0,0.003826898586390522
stress,1.0,32,2347,0.9,naive,1000,0,0,,,,,0.8954081535339355,0.0,709.4439795918368,0.0,0.0,0.003826898586390522,0.0,0.0,0.003826898586390522
stress,1.0,32,2347,0.9,norm_betting,1000,0,0,,,,,0.8954081535339355,0.0,709.4439795918368,0.0,0.0,0.003826898586390522,0.0,0.0,0.003826898586390522
stress,1.0,32,2347,0.9,split,1000,0,0,,,,,0.8954081535339355,0.0,709.4439795918368,0.0,0.0,0.003826898586390522,0.0,0.0,0.003826898586390522
stress,1.0,32,2347,0.95,cdf_empbernstein,1000,0,0,,,,,0.8954081535339355,0.0,709.4439795918368,0.0,0.0,0.003826898586390522,0.0,0.0,0.003826898586390522
stress,1.0,32,2347,0.95,cdf_pacbayes,1000,0,0,,,,,0.8954081535339355,0.0,709.4439795918368,0.0,0.0,0.003826898586390522,0.0,0.0,0.003826898586390522
stress,1.0,32,2347,0.95,exc_betting,1000,0,0,,,,,0.8954081535339355,0.0,709.4439795918368,0.0,0.0,0.003826898586390522,0.0,0.0,0.003826898586390522
stress,1.0,32,2347,0.95,exc_empbernstein,1000,0,0,,,,,0.8954081535339355,0.0,709.4439795918368,0.0,0.0,0.003826898586390522,0.0,0.0,0.003826898586390522
stress,1.0,32,2347,0.95,exceedance,1000,0,0,,,,,0.8954081535339355,0.0,709.4439795918368,0.0,0.0,0.003826898586390522,0.0,0.0,0.003826898586390522
stress,1.0,32,2347,0.95,naive,1000,0,0,,,,,0.8954081535339355,0.0,709.4439795918368,0.0,0.0,0.003826898586390522,0.0,0.0,0.003826898586390522
stress,1.0,32,2347,0.95,norm_betting,1000,0,0,,,,,0.8954081535339355,0.0,709.4439795918368,0.0,0.0,0.003826898586390522,0.0,0.0,0.003826898586390522
stress,1.0,32,2347,0.95,split,1000,0,0,,,,,0.8954081535339355,0.0,709.4439795918368,0.0,0.0,0.003826898586390522,0.0,0.0,0.003826898586390522
stress,1.0,32,4950,0.9,cdf_empbernstein,1000,0,0,,,,,0.8954081535339355,0.0,709.4439795918368,0.0,0.0,0.003826898586390522,0.0,0.0,0.003826898586390522
stress,1.0,32,4950,0.9,cdf_pacbayes,1000,0,0,,,,,0.8954081535339355,0.0,709.4439795918368,0.0,0.0,0.003826898586390522,0.0,0.0,0.003826898586390522
stress,1.0,32,4950,0.9,exc_betting,1000,0,0,,,,,0.8954081535339355,0.0,709.4439795918368,0.0,0.0,0.003826898586390522,0.0,0.0,0.003826898586390522
stress,1.0,32,4950,0.9,exc_empbernstein,1000,0,0,,,,,0.8954081535339355,0.0,709.4439795918368,0.0,0.0,0.003826898586390522,0.0,0.0,0.003826898586390522
stress,1.0,32,4950,0.9,exceedance,1000,0,0,,,,,0.8954081535339355,0.0,709.4439795918368,0.0,0.0,0.003826898586390522,0.0,0.0,0.003826898586390522
stress,1.0,32,4950,0.9,naive,1000,0,0,,,,,0.8954081535339355,0.0,709.4439795918368,0.0,0.0,0.003826898586390522,0.0,0.0,0.003826898586390522
stress,1.0,32,4950,0.9,norm_betting,1000,0,0,,,,,0.8954081535339355,0.0,709.4439795918368,0.0,0.0,0.003826898586390522,0.0,0.0,0.003826898586390522
stress,1.0,32,4950,0.9,split,1000,0,0,,,,,0.8954081535339355,0.0,709.4439795918368,0.0,0.0,0.003826898586390522,0.0,0.0,0.003826898586390522
stress,1.0,32,4950,0.95,cdf_empbernstein,1000,0,0,,,,,0.8954081535339355,0.0,709.4439795918368,0.0,0.0,0.003826898586390522,0.0,0.0,0.003826898586390522
stress,1.0,32,4950,0.95,cdf_pacbayes,1000,0,0,,,,,0.8954081535339355,0.0,709.4439795918368,0.0,0.0,0.003826898586390522,0.0,0.0,0.003826898586390522
stress,1.0,32,4950,0.95,exc_betting,1000,0,0,,,,,0.8954081535339355,0.0,709.4439795918368,0.0,0.0,0.003826898586390522,0.0,0.0,0.003826898586390522
stress,1.0,32,4950,0.95,exc_empbernstein,1000,0,0,,,,,0.8954081535339355,0.0,709.4439795918368,0.0,0.0,0.003826898586390522,0.0,0.0,0.003826898586390522
stress,1.0,32,4950,0.95,exceedance,1000,0,0,,,,,0.8954081535339355,0.0,709.4439795918368,0.0,0.0,0.003826898586390522,0.0,0.0,0.003826898586390522
stress,1.0,32,4950,0.95,naive,1000,0,0,,,,,0.8954081535339355,0.0,709.4439795918368,0.0,0.0,0.003826898586390522,0.0,0.0,0.003826898586390522
stress,1.0,32,4950,0.95,norm_betting,1000,0,0,,,,,0.8954081535339355,0.0,709.4439795918368,0.0,0.0,0.003826898586390522,0.0,0.0,0.003826898586390522
stress,1.0,32,4950,0.95,split,1000,0,0,,,,,0.8954081535339355,0.0,709.4439795918368,0.0,0.0,0.003826898586390522,0.0,0.0,0.003826898586390522
stress,1.0,32,9800,0.9,cdf_empbernstein,1000,0,0,,,,,0.8954081535339355,0.0,709.4439795918368,0.0,0.0,0.003826898586390522,0.0,0.0,0.003826898586390522
stress,1.0,32,9800,0.9,cdf_pacbayes,1000,0,0,,,,,0.8954081535339355,0.0,709.4439795918368,0.0,0.0,0.003826898586390522,0.0,0.0,0.003826898586390522
stress,1.0,32,9800,0.9,exc_betting,1000,0,0,,,,,0.8954081535339355,0.0,709.4439795918368,0.0,0.0,0.003826898586390522,0.0,0.0,0.003826898586390522
stress,1.0,32,9800,0.9,exc_empbernstein,1000,0,0,,,,,0.8954081535339355,0.0,709.4439795918368,0.0,0.0,0.003826898586390522,0.0,0.0,0.003826898586390522
stress,1.0,32,9800,0.9,exceedance,1000,0,0,,,,,0.8954081535339355,0.0,709.4439795918368,0.0,0.0,0.003826898586390522,0.0,0.0,0.003826898586390522
stress,1.0,32,9800,0.9,naive,1000,0,0,,,,,0.8954081535339355,0.0,709.4439795918368,0.0,0.0,0.003826898586390522,0.0,0.0,0.003826898586390522
stress,1.0,32,9800,0.9,norm_betting,1000,0,0,,,,,0.8954081535339355,0.0,709.4439795918368,0.0,0.0,0.003826898586390522,0.0,0.0,0.003826898586390522
stress,1.0,32,9800,0.9,split,1000,0,0,,,,,0.8954081535339355,0.0,709.4439795918368,0.0,0.0,0.003826898586390522,0.0,0.0,0.003826898586390522
stress,1.0,32,9800,0.95,cdf_empbernstein,1000,0,0,,,,,0.8954081535339355,0.0,709.4439795918368,0.0,0.0,0.003826898586390522,0.0,0.0,0.003826898586390522
stress,1.0,32,9800,0.95,cdf_pacbayes,1000,0,0,,,,,0.8954081535339355,0.0,709.4439795918368,0.0,0.0,0.003826898586390522,0.0,0.0,0.003826898586390522
stress,1.0,32,9800,0.95,exc_betting,1000,0,0,,,,,0.8954081535339355,0.0,709.4439795918368,0.0,0.0,0.003826898586390522,0.0,0.0,0.003826898586390522
stress,1.0,32,9800,0.95,exc_empbernstein,1000,0,0,,,,,0.8954081535339355,0.0,709.4439795918368,0.0,0.0,0.003826898586390522,0.0,0.0,0.003826898586390522
stress,1.0,32,9800,0.95,exceedance,1000,0,0,,,,,0.8954081535339355,0.0,709.4439795918368,0.0,0.0,0.003826898586390522,0.0,0.0,0.003826898586390522
stress,1.0,32,9800,0.95,naive,1000,0,0,,,,,0.8954081535339355,0.0,709.4439795918368,0.0,0.0,0.003826898586390522,0.0,0.0,0.003826898586390522
stress,1.0,32,9800,0.95,norm_betting,1000,0,0,,,,,0.8954081535339355,0.0,709.4439795918368,0.0,0.0,0.003826898586390522,0.0,0.0,0.003826898586390522
stress,1.0,32,9800,0.95,split,1000,0,0,,,,,0.8954081535339355,0.0,709.4439795918368,0.0,0.0,0.003826898586390522,0.0,0.0,0.003826898586390522
stress,1.0,32,10441,0.9,cdf_empbernstein,1000,0,0,,,,,0.8954081535339355,0.0,709.4439795918368,0.0,0.0,0.003826898586390522,0.0,0.0,0.003826898586390522
stress,1.0,32,10441,0.9,cdf_pacbayes,1000,0,0,,,,,0.8954081535339355,0.0,709.4439795918368,0.0,0.0,0.003826898586390522,0.0,0.0,0.003826898586390522
stress,1.0,32,10441,0.9,exc_betting,1000,0,0,,,,,0.8954081535339355,0.0,709.4439795918368,0.0,0.0,0.003826898586390522,0.0,0.0,0.003826898586390522
stress,1.0,32,10441,0.9,exc_empbernstein,1000,0,0,,,,,0.8954081535339355,0.0,709.4439795918368,0.0,0.0,0.003826898586390522,0.0,0.0,0.003826898586390522
stress,1.0,32,10441,0.9,exceedance,1000,0,0,,,,,0.8954081535339355,0.0,709.4439795918368,0.0,0.0,0.003826898586390522,0.0,0.0,0.003826898586390522
stress,1.0,32,10441,0.9,naive,1000,0,0,,,,,0.8954081535339355,0.0,709.4439795918368,0.0,0.0,0.003826898586390522,0.0,0.0,0.003826898586390522
stress,1.0,32,10441,0.9,norm_betting,1000,0,0,,,,,0.8954081535339355,0.0,709.4439795918368,0.0,0.0,0.003826898586390522,0.0,0.0,0.003826898586390522
stress,1.0,32,10441,0.9,split,1000,0,0,,,,,0.8954081535339355,0.0,709.4439795918368,0.0,0.0,0.003826898586390522,0.0,0.0,0.003826898586390522
stress,1.0,32,10441,0.95,cdf_empbernstein,1000,0,0,,,,,0.8954081535339355,0.0,709.4439795918368,0.0,0.0,0.003826898586390522,0.0,0.0,0.003826898586390522
stress,1.0,32,10441,0.95,cdf_pacbayes,1000,0,0,,,,,0.8954081535339355,0.0,709.4439795918368,0.0,0.0,0.003826898586390522,0.0,0.0,0.003826898586390522
stress,1.0,32,10441,0.95,exc_betting,1000,0,0,,,,,0.8954081535339355,0.0,709.4439795918368,0.0,0.0,0.003826898586390522,0.0,0.0,0.003826898586390522
stress,1.0,32,10441,0.95,exc_empbernstein,1000,0,0,,,,,0.8954081535339355,0.0,709.4439795918368,0.0,0.0,0.003826898586390522,0.0,0.0,0.003826898586390522
stress,1.0,32,10441,0.95,exceedance,1000,0,0,,,,,0.8954081535339355,0.0,709.4439795918368,0.0,0.0,0.003826898586390522,0.0,0.0,0.003826898586390522
stress,1.0,32,10441,0.95,naive,1000,0,0,,,,,0.8954081535339355,0.0,709.4439795918368,0.0,0.0,0.003826898586390522,0.0,0.0,0.003826898586390522
stress,1.0,32,10441,0.95,norm_betting,1000,0,0,,,,,0.8954081535339355,0.0,709.4439795918368,0.0,0.0,0.003826898586390522,0.0,0.0,0.003826898586390522
stress,1.0,32,10441,0.95,split,1000,0,0,,,,,0.8954081535339355,0.0,709.4439795918368,0.0,0.0,0.003826898586390522,0.0,0.0,0.003826898586390522
stress,1.0,32,22024,0.9,cdf_empbernstein,1000,0,0,,,,,0.8954081535339355,0.0,709.4439795918368,0.0,0.0,0.003826898586390522,0.0,0.0,0.003826898586390522
stress,1.0,32,22024,0.9,cdf_pacbayes,1000,0,0,,,,,0.8954081535339355,0.0,709.4439795918368,0.0,0.0,0.003826898586390522,0.0,0.0,0.003826898586390522
stress,1.0,32,22024,0.9,exc_betting,1000,0,0,,,,,0.8954081535339355,0.0,709.4439795918368,0.0,0.0,0.003826898586390522,0.0,0.0,0.003826898586390522
stress,1.0,32,22024,0.9,exc_empbernstein,1000,0,0,,,,,0.8954081535339355,0.0,709.4439795918368,0.0,0.0,0.003826898586390522,0.0,0.0,0.003826898586390522
stress,1.0,32,22024,0.9,exceedance,1000,0,0,,,,,0.8954081535339355,0.0,709.4439795918368,0.0,0.0,0.003826898586390522,0.0,0.0,0.003826898586390522
stress,1.0,32,22024,0.9,naive,1000,0,0,,,,,0.8954081535339355,0.0,709.4439795918368,0.0,0.0,0.003826898586390522,0.0,0.0,0.003826898586390522
stress,1.0,32,22024,0.9,norm_betting,1000,0,0,,,,,0.8954081535339355,0.0,709.4439795918368,0.0,0.0,0.003826898586390522,0.0,0.0,0.003826898586390522
stress,1.0,32,22024,0.9,split,1000,0,0,,,,,0.8954081535339355,0.0,709.4439795918368,0.0,0.0,0.003826898586390522,0.0,0.0,0.003826898586390522
stress,1.0,32,22024,0.95,cdf_empbernstein,1000,0,0,,,,,0.8954081535339355,0.0,709.4439795918368,0.0,0.0,0.003826898586390522,0.0,0.0,0.003826898586390522
stress,1.0,32,22024,0.95,cdf_pacbayes,1000,0,0,,,,,0.8954081535339355,0.0,709.4439795918368,0.0,0.0,0.003826898586390522,0.0,0.0,0.003826898586390522
stress,1.0,32,22024,0.95,exc_betting,1000,0,0,,,,,0.8954081535339355,0.0,709.4439795918368,0.0,0.0,0.003826898586390522,0.0,0.0,0.003826898586390522
stress,1.0,32,22024,0.95,exc_empbernstein,1000,0,0,,,,,0.8954081535339355,0.0,709.4439795918368,0.0,0.0,0.003826898586390522,0.0,0.0,0.003826898586390522
stress,1.0,32,22024,0.95,exceedance,1000,0,0,,,,,0.8954081535339355,0.0,709.4439795918368,0.0,0.0,0.003826898586390522,0.0,0.0,0.003826898586390522
stress,1.0,32,22024,0.95,naive,1000,0,0,,,,,0.8954081535339355,0.0,709.4439795918368,0.0,0.0,0.003826898586390522,0.0,0.0,0.003826898586390522
stress,1.0,32,22024,0.95,norm_betting,1000,0,0,,,,,0.8954081535339355,0.0,709.4439795918368,0.0,0.0,0.003826898586390522,0.0,0.0,0.003826898586390522
stress,1.0,32,22024,0.95,split,1000,0,0,,,,,0.8954081535339355,0.0,709.4439795918368,0.0,0.0,0.003826898586390522,0.0,0.0,0.003826898586390522
stress,1.0,32,46459,0.9,cdf_empbernstein,1000,0,0,,,,,0.8954081535339355,0.0,709.4439795918368,0.0,0.0,0.003826898586390522,0.0,0.0,0.003826898586390522
stress,1.0,32,46459,0.9,cdf_pacbayes,1000,0,0,,,,,0.8954081535339355,0.0,709.4439795918368,0.0,0.0,0.003826898586390522,0.0,0.0,0.003826898586390522
stress,1.0,32,46459,0.9,exc_betting,1000,0,0,,,,,0.8954081535339355,0.0,709.4439795918368,0.0,0.0,0.003826898586390522,0.0,0.0,0.003826898586390522
stress,1.0,32,46459,0.9,exc_empbernstein,1000,0,0,,,,,0.8954081535339355,0.0,709.4439795918368,0.0,0.0,0.003826898586390522,0.0,0.0,0.003826898586390522
stress,1.0,32,46459,0.9,exceedance,1000,0,0,,,,,0.8954081535339355,0.0,709.4439795918368,0.0,0.0,0.003826898586390522,0.0,0.0,0.003826898586390522
stress,1.0,32,46459,0.9,naive,1000,1,1,0.10234694182872772,0.9078571200370789,667.6952040816327,-0.0033183535687116295,0.8954206025004386,0.0003936708866507409,709.4022308163266,0.001,0.0001765418290572713,0.0056427029601604705,0.001,0.0001765418290572713,0.0056427029601604705
stress,1.0,32,46459,0.9,norm_betting,1000,0,0,,,,,0.8954081535339355,0.0,709.4439795918368,0.0,0.0,0.003826898586390522,0.0,0.0,0.003826898586390522
stress,1.0,32,46459,0.9,split,1000,0,0,,,,,0.8954081535339355,0.0,709.4439795918368,0.0,0.0,0.003826898586390522,0.0,0.0,0.003826898586390522
stress,1.0,32,46459,0.95,cdf_empbernstein,1000,0,0,,,,,0.8954081535339355,0.0,709.4439795918368,0.0,0.0,0.003826898586390522,0.0,0.0,0.003826898586390522
stress,1.0,32,46459,0.95,cdf_pacbayes,1000,0,0,,,,,0.8954081535339355,0.0,709.4439795918368,0.0,0.0,0.003826898586390522,0.0,0.0,0.003826898586390522
stress,1.0,32,46459,0.95,exc_betting,1000,0,0,,,,,0.8954081535339355,0.0,709.4439795918368,0.0,0.0,0.003826898586390522,0.0,0.0,0.003826898586390522
stress,1.0,32,46459,0.95,exc_empbernstein,1000,0,0,,,,,0.8954081535339355,0.0,709.4439795918368,0.0,0.0,0.003826898586390522,0.0,0.0,0.003826898586390522
stress,1.0,32,46459,0.95,exceedance,1000,0,0,,,,,0.8954081535339355,0.0,709.4439795918368,0.0,0.0,0.003826898586390522,0.0,0.0,0.003826898586390522
stress,1.0,32,46459,0.95,naive,1000,0,0,,,,,0.8954081535339355,0.0,709.4439795918368,0.0,0.0,0.003826898586390522,0.0,0.0,0.003826898586390522
stress,1.0,32,46459,0.95,norm_betting,1000,0,0,,,,,0.8954081535339355,0.0,709.4439795918368,0.0,0.0,0.003826898586390522,0.0,0.0,0.003826898586390522
stress,1.0,32,46459,0.95,split,1000,0,0,,,,,0.8954081535339355,0.0,709.4439795918368,0.0,0.0,0.003826898586390522,0.0,0.0,0.003826898586390522
stress,1.0,32,98000,0.9,cdf_empbernstein,1000,0,0,,,,,0.8954081535339355,0.0,709.4439795918368,0.0,0.0,0.003826898586390522,0.0,0.0,0.003826898586390522
stress,1.0,32,98000,0.9,cdf_pacbayes,1000,0,0,,,,,0.8954081535339355,0.0,709.4439795918368,0.0,0.0,0.003826898586390522,0.0,0.0,0.003826898586390522
stress,1.0,32,98000,0.9,exc_betting,1000,0,0,,,,,0.8954081535339355,0.0,709.4439795918368,0.0,0.0,0.003826898586390522,0.0,0.0,0.003826898586390522
stress,1.0,32,98000,0.9,exc_empbernstein,1000,0,0,,,,,0.8954081535339355,0.0,709.4439795918368,0.0,0.0,0.003826898586390522,0.0,0.0,0.003826898586390522
stress,1.0,32,98000,0.9,exceedance,1000,0,0,,,,,0.8954081535339355,0.0,709.4439795918368,0.0,0.0,0.003826898586390522,0.0,0.0,0.003826898586390522
stress,1.0,32,98000,0.9,naive,1000,0,0,,,,,0.8954081535339355,0.0,709.4439795918368,0.0,0.0,0.003826898586390522,0.0,0.0,0.003826898586390522
stress,1.0,32,98000,0.9,norm_betting,1000,0,0,,,,,0.8954081535339355,0.0,709.4439795918368,0.0,0.0,0.003826898586390522,0.0,0.0,0.003826898586390522
stress,1.0,32,98000,0.9,split,1000,0,0,,,,,0.8954081535339355,0.0,709.4439795918368,0.0,0.0,0.003826898586390522,0.0,0.0,0.003826898586390522
stress,1.0,32,98000,0.95,cdf_empbernstein,1000,0,0,,,,,0.8954081535339355,0.0,709.4439795918368,0.0,0.0,0.003826898586390522,0.0,0.0,0.003826898586390522
stress,1.0,32,98000,0.95,cdf_pacbayes,1000,0,0,,,,,0.8954081535339355,0.0,709.4439795918368,0.0,0.0,0.003826898586390522,0.0,0.0,0.003826898586390522
stress,1.0,32,98000,0.95,exc_betting,1000,0,0,,,,,0.8954081535339355,0.0,709.4439795918368,0.0,0.0,0.003826898586390522,0.0,0.0,0.003826898586390522
stress,1.0,32,98000,0.95,exc_empbernstein,1000,0,0,,,,,0.8954081535339355,0.0,709.4439795918368,0.0,0.0,0.003826898586390522,0.0,0.0,0.003826898586390522
stress,1.0,32,98000,0.95,exceedance,1000,0,0,,,,,0.8954081535339355,0.0,709.4439795918368,0.0,0.0,0.003826898586390522,0.0,0.0,0.003826898586390522
stress,1.0,32,98000,0.95,naive,1000,0,0,,,,,0.8954081535339355,0.0,709.4439795918368,0.0,0.0,0.003826898586390522,0.0,0.0,0.003826898586390522
stress,1.0,32,98000,0.95,norm_betting,1000,0,0,,,,,0.8954081535339355,0.0,709.4439795918368,0.0,0.0,0.003826898586390522,0.0,0.0,0.003826898586390522
stress,1.0,32,98000,0.95,split,1000,0,0,,,,,0.8954081535339355,0.0,709.4439795918368,0.0,0.0,0.003826898586390522,0.0,0.0,0.003826898586390522
stress,1.0,128,250,0.9,cdf_empbernstein,1000,0,0,,,,,0.8954081535339355,0.0,709.4439795918368,0.0,0.0,0.003826898586390522,0.0,0.0,0.003826898586390522
stress,1.0,128,250,0.9,cdf_pacbayes,1000,0,0,,,,,0.8954081535339355,0.0,709.4439795918368,0.0,0.0,0.003826898586390522,0.0,0.0,0.003826898586390522
stress,1.0,128,250,0.9,exc_betting,1000,0,0,,,,,0.8954081535339355,0.0,709.4439795918368,0.0,0.0,0.003826898586390522,0.0,0.0,0.003826898586390522
stress,1.0,128,250,0.9,exc_empbernstein,1000,0,0,,,,,0.8954081535339355,0.0,709.4439795918368,0.0,0.0,0.003826898586390522,0.0,0.0,0.003826898586390522
stress,1.0,128,250,0.9,exceedance,1000,0,0,,,,,0.8954081535339355,0.0,709.4439795918368,0.0,0.0,0.003826898586390522,0.0,0.0,0.003826898586390522
stress,1.0,128,250,0.9,naive,1000,0,0,,,,,0.8954081535339355,0.0,709.4439795918368,0.0,0.0,0.003826898586390522,0.0,0.0,0.003826898586390522
stress,1.0,128,250,0.9,norm_betting,1000,0,0,,,,,0.8954081535339355,0.0,709.4439795918368,0.0,0.0,0.003826898586390522,0.0,0.0,0.003826898586390522
stress,1.0,128,250,0.9,split,1000,0,0,,,,,0.8954081535339355,0.0,709.4439795918368,0.0,0.0,0.003826898586390522,0.0,0.0,0.003826898586390522
stress,1.0,128,250,0.95,cdf_empbernstein,1000,0,0,,,,,0.8954081535339355,0.0,709.4439795918368,0.0,0.0,0.003826898586390522,0.0,0.0,0.003826898586390522
stress,1.0,128,250,0.95,cdf_pacbayes,1000,0,0,,,,,0.8954081535339355,0.0,709.4439795918368,0.0,0.0,0.003826898586390522,0.0,0.0,0.003826898586390522
stress,1.0,128,250,0.95,exc_betting,1000,0,0,,,,,0.8954081535339355,0.0,709.4439795918368,0.0,0.0,0.003826898586390522,0.0,0.0,0.003826898586390522
stress,1.0,128,250,0.95,exc_empbernstein,1000,0,0,,,,,0.8954081535339355,0.0,709.4439795918368,0.0,0.0,0.003826898586390522,0.0,0.0,0.003826898586390522
stress,1.0,128,250,0.95,exceedance,1000,0,0,,,,,0.8954081535339355,0.0,709.4439795918368,0.0,0.0,0.003826898586390522,0.0,0.0,0.003826898586390522
stress,1.0,128,250,0.95,naive,1000,0,0,,,,,0.8954081535339355,0.0,709.4439795918368,0.0,0.0,0.003826898586390522,0.0,0.0,0.003826898586390522
stress,1.0,128,250,0.95,norm_betting,1000,0,0,,,,,0.8954081535339355,0.0,709.4439795918368,0.0,0.0,0.003826898586390522,0.0,0.0,0.003826898586390522
stress,1.0,128,250,0.95,split,1000,0,0,,,,,0.8954081535339355,0.0,709.4439795918368,0.0,0.0,0.003826898586390522,0.0,0.0,0.003826898586390522
stress,1.0,128,527,0.9,cdf_empbernstein,1000,0,0,,,,,0.8954081535339355,0.0,709.4439795918368,0.0,0.0,0.003826898586390522,0.0,0.0,0.003826898586390522
stress,1.0,128,527,0.9,cdf_pacbayes,1000,0,0,,,,,0.8954081535339355,0.0,709.4439795918368,0.0,0.0,0.003826898586390522,0.0,0.0,0.003826898586390522
stress,1.0,128,527,0.9,exc_betting,1000,0,0,,,,,0.8954081535339355,0.0,709.4439795918368,0.0,0.0,0.003826898586390522,0.0,0.0,0.003826898586390522
stress,1.0,128,527,0.9,exc_empbernstein,1000,0,0,,,,,0.8954081535339355,0.0,709.4439795918368,0.0,0.0,0.003826898586390522,0.0,0.0,0.003826898586390522
stress,1.0,128,527,0.9,exceedance,1000,0,0,,,,,0.8954081535339355,0.0,709.4439795918368,0.0,0.0,0.003826898586390522,0.0,0.0,0.003826898586390522
stress,1.0,128,527,0.9,naive,1000,0,0,,,,,0.8954081535339355,0.0,709.4439795918368,0.0,0.0,0.003826898586390522,0.0,0.0,0.003826898586390522
stress,1.0,128,527,0.9,norm_betting,1000,0,0,,,,,0.8954081535339355,0.0,709.4439795918368,0.0,0.0,0.003826898586390522,0.0,0.0,0.003826898586390522
stress,1.0,128,527,0.9,split,1000,0,0,,,,,0.8954081535339355,0.0,709.4439795918368,0.0,0.0,0.003826898586390522,0.0,0.0,0.003826898586390522
stress,1.0,128,527,0.95,cdf_empbernstein,1000,0,0,,,,,0.8954081535339355,0.0,709.4439795918368,0.0,0.0,0.003826898586390522,0.0,0.0,0.003826898586390522
stress,1.0,128,527,0.95,cdf_pacbayes,1000,0,0,,,,,0.8954081535339355,0.0,709.4439795918368,0.0,0.0,0.003826898586390522,0.0,0.0,0.003826898586390522
stress,1.0,128,527,0.95,exc_betting,1000,0,0,,,,,0.8954081535339355,0.0,709.4439795918368,0.0,0.0,0.003826898586390522,0.0,0.0,0.003826898586390522
stress,1.0,128,527,0.95,exc_empbernstein,1000,0,0,,,,,0.8954081535339355,0.0,709.4439795918368,0.0,0.0,0.003826898586390522,0.0,0.0,0.003826898586390522
stress,1.0,128,527,0.95,exceedance,1000,0,0,,,,,0.8954081535339355,0.0,709.4439795918368,0.0,0.0,0.003826898586390522,0.0,0.0,0.003826898586390522
stress,1.0,128,527,0.95,naive,1000,0,0,,,,,0.8954081535339355,0.0,709.4439795918368,0.0,0.0,0.003826898586390522,0.0,0.0,0.003826898586390522
stress,1.0,128,527,0.95,norm_betting,1000,0,0,,,,,0.8954081535339355,0.0,709.4439795918368,0.0,0.0,0.003826898586390522,0.0,0.0,0.003826898586390522
stress,1.0,128,527,0.95,split,1000,0,0,,,,,0.8954081535339355,0.0,709.4439795918368,0.0,0.0,0.003826898586390522,0.0,0.0,0.003826898586390522
stress,1.0,128,1112,0.9,cdf_empbernstein,1000,0,0,,,,,0.8954081535339355,0.0,709.4439795918368,0.0,0.0,0.003826898586390522,0.0,0.0,0.003826898586390522
stress,1.0,128,1112,0.9,cdf_pacbayes,1000,0,0,,,,,0.8954081535339355,0.0,709.4439795918368,0.0,0.0,0.003826898586390522,0.0,0.0,0.003826898586390522
stress,1.0,128,1112,0.9,exc_betting,1000,0,0,,,,,0.8954081535339355,0.0,709.4439795918368,0.0,0.0,0.003826898586390522,0.0,0.0,0.003826898586390522
stress,1.0,128,1112,0.9,exc_empbernstein,1000,0,0,,,,,0.8954081535339355,0.0,709.4439795918368,0.0,0.0,0.003826898586390522,0.0,0.0,0.003826898586390522
stress,1.0,128,1112,0.9,exceedance,1000,0,0,,,,,0.8954081535339355,0.0,709.4439795918368,0.0,0.0,0.003826898586390522,0.0,0.0,0.003826898586390522
stress,1.0,128,1112,0.9,naive,1000,0,0,,,,,0.8954081535339355,0.0,709.4439795918368,0.0,0.0,0.003826898586390522,0.0,0.0,0.003826898586390522
stress,1.0,128,1112,0.9,norm_betting,1000,0,0,,,,,0.8954081535339355,0.0,709.4439795918368,0.0,0.0,0.003826898586390522,0.0,0.0,0.003826898586390522
stress,1.0,128,1112,0.9,split,1000,0,0,,,,,0.8954081535339355,0.0,709.4439795918368,0.0,0.0,0.003826898586390522,0.0,0.0,0.003826898586390522
stress,1.0,128,1112,0.95,cdf_empbernstein,1000,0,0,,,,,0.8954081535339355,0.0,709.4439795918368,0.0,0.0,0.003826898586390522,0.0,0.0,0.003826898586390522
stress,1.0,128,1112,0.95,cdf_pacbayes,1000,0,0,,,,,0.8954081535339355,0.0,709.4439795918368,0.0,0.0,0.003826898586390522,0.0,0.0,0.003826898586390522
stress,1.0,128,1112,0.95,exc_betting,1000,0,0,,,,,0.8954081535339355,0.0,709.4439795918368,0.0,0.0,0.003826898586390522,0.0,0.0,0.003826898586390522
stress,1.0,128,1112,0.95,exc_empbernstein,1000,0,0,,,,,0.8954081535339355,0.0,709.4439795918368,0.0,0.0,0.003826898586390522,0.0,0.0,0.003826898586390522
stress,1.0,128,1112,0.95,exceedance,1000,0,0,,,,,0.8954081535339355,0.0,709.4439795918368,0.0,0.0,0.003826898586390522,0.0,0.0,0.003826898586390522
stress,1.0,128,1112,0.95,naive,1000,0,0,,,,,0.8954081535339355,0.0,709.4439795918368,0.0,0.0,0.003826898586390522,0.0,0.0,0.003826898586390522
stress,1.0,128,1112,0.95,norm_betting,1000,0,0,,,,,0.8954081535339355,0.0,709.4439795918368,0.0,0.0,0.003826898586390522,0.0,0.0,0.003826898586390522
stress,1.0,128,1112,0.95,split,1000,0,0,,,,,0.8954081535339355,0.0,709.4439795918368,0.0,0.0,0.003826898586390522,0.0,0.0,0.003826898586390522
stress,1.0,128,2347,0.9,cdf_empbernstein,1000,0,0,,,,,0.8954081535339355,0.0,709.4439795918368,0.0,0.0,0.003826898586390522,0.0,0.0,0.003826898586390522
stress,1.0,128,2347,0.9,cdf_pacbayes,1000,0,0,,,,,0.8954081535339355,0.0,709.4439795918368,0.0,0.0,0.003826898586390522,0.0,0.0,0.003826898586390522
stress,1.0,128,2347,0.9,exc_betting,1000,0,0,,,,,0.8954081535339355,0.0,709.4439795918368,0.0,0.0,0.003826898586390522,0.0,0.0,0.003826898586390522
stress,1.0,128,2347,0.9,exc_empbernstein,1000,0,0,,,,,0.8954081535339355,0.0,709.4439795918368,0.0,0.0,0.003826898586390522,0.0,0.0,0.003826898586390522
stress,1.0,128,2347,0.9,exceedance,1000,0,0,,,,,0.8954081535339355,0.0,709.4439795918368,0.0,0.0,0.003826898586390522,0.0,0.0,0.003826898586390522
stress,1.0,128,2347,0.9,naive,1000,0,0,,,,,0.8954081535339355,0.0,709.4439795918368,0.0,0.0,0.003826898586390522,0.0,0.0,0.003826898586390522
stress,1.0,128,2347,0.9,norm_betting,1000,0,0,,,,,0.8954081535339355,0.0,709.4439795918368,0.0,0.0,0.003826898586390522,0.0,0.0,0.003826898586390522
stress,1.0,128,2347,0.9,split,1000,0,0,,,,,0.8954081535339355,0.0,709.4439795918368,0.0,0.0,0.003826898586390522,0.0,0.0,0.003826898586390522
stress,1.0,128,2347,0.95,cdf_empbernstein,1000,0,0,,,,,0.8954081535339355,0.0,709.4439795918368,0.0,0.0,0.003826898586390522,0.0,0.0,0.003826898586390522
stress,1.0,128,2347,0.95,cdf_pacbayes,1000,0,0,,,,,0.8954081535339355,0.0,709.4439795918368,0.0,0.0,0.003826898586390522,0.0,0.0,0.003826898586390522
stress,1.0,128,2347,0.95,exc_betting,1000,0,0,,,,,0.8954081535339355,0.0,709.4439795918368,0.0,0.0,0.003826898586390522,0.0,0.0,0.003826898586390522
stress,1.0,128,2347,0.95,exc_empbernstein,1000,0,0,,,,,0.8954081535339355,0.0,709.4439795918368,0.0,0.0,0.003826898586390522,0.0,0.0,0.003826898586390522
stress,1.0,128,2347,0.95,exceedance,1000,0,0,,,,,0.8954081535339355,0.0,709.4439795918368,0.0,0.0,0.003826898586390522,0.0,0.0,0.003826898586390522
stress,1.0,128,2347,0.95,naive,1000,0,0,,,,,0.8954081535339355,0.0,709.4439795918368,0.0,0.0,0.003826898586390522,0.0,0.0,0.003826898586390522
stress,1.0,128,2347,0.95,norm_betting,1000,0,0,,,,,0.8954081535339355,0.0,709.4439795918368,0.0,0.0,0.003826898586390522,0.0,0.0,0.003826898586390522
stress,1.0,128,2347,0.95,split,1000,0,0,,,,,0.8954081535339355,0.0,709.4439795918368,0.0,0.0,0.003826898586390522,0.0,0.0,0.003826898586390522
stress,1.0,128,4950,0.9,cdf_empbernstein,1000,0,0,,,,,0.8954081535339355,0.0,709.4439795918368,0.0,0.0,0.003826898586390522,0.0,0.0,0.003826898586390522
stress,1.0,128,4950,0.9,cdf_pacbayes,1000,0,0,,,,,0.8954081535339355,0.0,709.4439795918368,0.0,0.0,0.003826898586390522,0.0,0.0,0.003826898586390522
stress,1.0,128,4950,0.9,exc_betting,1000,0,0,,,,,0.8954081535339355,0.0,709.4439795918368,0.0,0.0,0.003826898586390522,0.0,0.0,0.003826898586390522
stress,1.0,128,4950,0.9,exc_empbernstein,1000,0,0,,,,,0.8954081535339355,0.0,709.4439795918368,0.0,0.0,0.003826898586390522,0.0,0.0,0.003826898586390522
stress,1.0,128,4950,0.9,exceedance,1000,0,0,,,,,0.8954081535339355,0.0,709.4439795918368,0.0,0.0,0.003826898586390522,0.0,0.0,0.003826898586390522
stress,1.0,128,4950,0.9,naive,1000,0,0,,,,,0.8954081535339355,0.0,709.4439795918368,0.0,0.0,0.003826898586390522,0.0,0.0,0.003826898586390522
stress,1.0,128,4950,0.9,norm_betting,1000,0,0,,,,,0.8954081535339355,0.0,709.4439795918368,0.0,0.0,0.003826898586390522,0.0,0.0,0.003826898586390522
stress,1.0,128,4950,0.9,split,1000,0,0,,,,,0.8954081535339355,0.0,709.4439795918368,0.0,0.0,0.003826898586390522,0.0,0.0,0.003826898586390522
stress,1.0,128,4950,0.95,cdf_empbernstein,1000,0,0,,,,,0.8954081535339355,0.0,709.4439795918368,0.0,0.0,0.003826898586390522,0.0,0.0,0.003826898586390522
stress,1.0,128,4950,0.95,cdf_pacbayes,1000,0,0,,,,,0.8954081535339355,0.0,709.4439795918368,0.0,0.0,0.003826898586390522,0.0,0.0,0.003826898586390522
stress,1.0,128,4950,0.95,exc_betting,1000,0,0,,,,,0.8954081535339355,0.0,709.4439795918368,0.0,0.0,0.003826898586390522,0.0,0.0,0.003826898586390522
stress,1.0,128,4950,0.95,exc_empbernstein,1000,0,0,,,,,0.8954081535339355,0.0,709.4439795918368,0.0,0.0,0.003826898586390522,0.0,0.0,0.003826898586390522
stress,1.0,128,4950,0.95,exceedance,1000,0,0,,,,,0.8954081535339355,0.0,709.4439795918368,0.0,0.0,0.003826898586390522,0.0,0.0,0.003826898586390522
stress,1.0,128,4950,0.95,naive,1000,0,0,,,,,0.8954081535339355,0.0,709.4439795918368,0.0,0.0,0.003826898586390522,0.0,0.0,0.003826898586390522
stress,1.0,128,4950,0.95,norm_betting,1000,0,0,,,,,0.8954081535339355,0.0,709.4439795918368,0.0,0.0,0.003826898586390522,0.0,0.0,0.003826898586390522
stress,1.0,128,4950,0.95,split,1000,0,0,,,,,0.8954081535339355,0.0,709.4439795918368,0.0,0.0,0.003826898586390522,0.0,0.0,0.003826898586390522
stress,1.0,128,9800,0.9,cdf_empbernstein,1000,0,0,,,,,0.8954081535339355,0.0,709.4439795918368,0.0,0.0,0.003826898586390522,0.0,0.0,0.003826898586390522
stress,1.0,128,9800,0.9,cdf_pacbayes,1000,0,0,,,,,0.8954081535339355,0.0,709.4439795918368,0.0,0.0,0.003826898586390522,0.0,0.0,0.003826898586390522
stress,1.0,128,9800,0.9,exc_betting,1000,0,0,,,,,0.8954081535339355,0.0,709.4439795918368,0.0,0.0,0.003826898586390522,0.0,0.0,0.003826898586390522
stress,1.0,128,9800,0.9,exc_empbernstein,1000,0,0,,,,,0.8954081535339355,0.0,709.4439795918368,0.0,0.0,0.003826898586390522,0.0,0.0,0.003826898586390522
stress,1.0,128,9800,0.9,exceedance,1000,0,0,,,,,0.8954081535339355,0.0,709.4439795918368,0.0,0.0,0.003826898586390522,0.0,0.0,0.003826898586390522
stress,1.0,128,9800,0.9,naive,1000,0,0,,,,,0.8954081535339355,0.0,709.4439795918368,0.0,0.0,0.003826898586390522,0.0,0.0,0.003826898586390522
stress,1.0,128,9800,0.9,norm_betting,1000,0,0,,,,,0.8954081535339355,0.0,709.4439795918368,0.0,0.0,0.003826898586390522,0.0,0.0,0.003826898586390522
stress,1.0,128,9800,0.9,split,1000,0,0,,,,,0.8954081535339355,0.0,709.4439795918368,0.0,0.0,0.003826898586390522,0.0,0.0,0.003826898586390522
stress,1.0,128,9800,0.95,cdf_empbernstein,1000,0,0,,,,,0.8954081535339355,0.0,709.4439795918368,0.0,0.0,0.003826898586390522,0.0,0.0,0.003826898586390522
stress,1.0,128,9800,0.95,cdf_pacbayes,1000,0,0,,,,,0.8954081535339355,0.0,709.4439795918368,0.0,0.0,0.003826898586390522,0.0,0.0,0.003826898586390522
stress,1.0,128,9800,0.95,exc_betting,1000,0,0,,,,,0.8954081535339355,0.0,709.4439795918368,0.0,0.0,0.003826898586390522,0.0,0.0,0.003826898586390522
stress,1.0,128,9800,0.95,exc_empbernstein,1000,0,0,,,,,0.8954081535339355,0.0,709.4439795918368,0.0,0.0,0.003826898586390522,0.0,0.0,0.003826898586390522
stress,1.0,128,9800,0.95,exceedance,1000,0,0,,,,,0.8954081535339355,0.0,709.4439795918368,0.0,0.0,0.003826898586390522,0.0,0.0,0.003826898586390522
stress,1.0,128,9800,0.95,naive,1000,0,0,,,,,0.8954081535339355,0.0,709.4439795918368,0.0,0.0,0.003826898586390522,0.0,0.0,0.003826898586390522
stress,1.0,128,9800,0.95,norm_betting,1000,0,0,,,,,0.8954081535339355,0.0,709.4439795918368,0.0,0.0,0.003826898586390522,0.0,0.0,0.003826898586390522
stress,1.0,128,9800,0.95,split,1000,0,0,,,,,0.8954081535339355,0.0,709.4439795918368,0.0,0.0,0.003826898586390522,0.0,0.0,0.003826898586390522
stress,1.0,128,10441,0.9,cdf_empbernstein,1000,0,0,,,,,0.8954081535339355,0.0,709.4439795918368,0.0,0.0,0.003826898586390522,0.0,0.0,0.003826898586390522
stress,1.0,128,10441,0.9,cdf_pacbayes,1000,0,0,,,,,0.8954081535339355,0.0,709.4439795918368,0.0,0.0,0.003826898586390522,0.0,0.0,0.003826898586390522
stress,1.0,128,10441,0.9,exc_betting,1000,0,0,,,,,0.8954081535339355,0.0,709.4439795918368,0.0,0.0,0.003826898586390522,0.0,0.0,0.003826898586390522
stress,1.0,128,10441,0.9,exc_empbernstein,1000,0,0,,,,,0.8954081535339355,0.0,709.4439795918368,0.0,0.0,0.003826898586390522,0.0,0.0,0.003826898586390522
stress,1.0,128,10441,0.9,exceedance,1000,0,0,,,,,0.8954081535339355,0.0,709.4439795918368,0.0,0.0,0.003826898586390522,0.0,0.0,0.003826898586390522
stress,1.0,128,10441,0.9,naive,1000,0,0,,,,,0.8954081535339355,0.0,709.4439795918368,0.0,0.0,0.003826898586390522,0.0,0.0,0.003826898586390522
stress,1.0,128,10441,0.9,norm_betting,1000,0,0,,,,,0.8954081535339355,0.0,709.4439795918368,0.0,0.0,0.003826898586390522,0.0,0.0,0.003826898586390522
stress,1.0,128,10441,0.9,split,1000,0,0,,,,,0.8954081535339355,0.0,709.4439795918368,0.0,0.0,0.003826898586390522,0.0,0.0,0.003826898586390522
stress,1.0,128,10441,0.95,cdf_empbernstein,1000,0,0,,,,,0.8954081535339355,0.0,709.4439795918368,0.0,0.0,0.003826898586390522,0.0,0.0,0.003826898586390522
stress,1.0,128,10441,0.95,cdf_pacbayes,1000,0,0,,,,,0.8954081535339355,0.0,709.4439795918368,0.0,0.0,0.003826898586390522,0.0,0.0,0.003826898586390522
stress,1.0,128,10441,0.95,exc_betting,1000,0,0,,,,,0.8954081535339355,0.0,709.4439795918368,0.0,0.0,0.003826898586390522,0.0,0.0,0.003826898586390522
stress,1.0,128,10441,0.95,exc_empbernstein,1000,0,0,,,,,0.8954081535339355,0.0,709.4439795918368,0.0,0.0,0.003826898586390522,0.0,0.0,0.003826898586390522
stress,1.0,128,10441,0.95,exceedance,1000,0,0,,,,,0.8954081535339355,0.0,709.4439795918368,0.0,0.0,0.003826898586390522,0.0,0.0,0.003826898586390522
stress,1.0,128,10441,0.95,naive,1000,0,0,,,,,0.8954081535339355,0.0,709.4439795918368,0.0,0.0,0.003826898586390522,0.0,0.0,0.003826898586390522
stress,1.0,128,10441,0.95,norm_betting,1000,0,0,,,,,0.8954081535339355,0.0,709.4439795918368,0.0,0.0,0.003826898586390522,0.0,0.0,0.003826898586390522
stress,1.0,128,10441,0.95,split,1000,0,0,,,,,0.8954081535339355,0.0,709.4439795918368,0.0,0.0,0.003826898586390522,0.0,0.0,0.003826898586390522
stress,1.0,128,22024,0.9,cdf_empbernstein,1000,0,0,,,,,0.8954081535339355,0.0,709.4439795918368,0.0,0.0,0.003826898586390522,0.0,0.0,0.003826898586390522
stress,1.0,128,22024,0.9,cdf_pacbayes,1000,0,0,,,,,0.8954081535339355,0.0,709.4439795918368,0.0,0.0,0.003826898586390522,0.0,0.0,0.003826898586390522
stress,1.0,128,22024,0.9,exc_betting,1000,0,0,,,,,0.8954081535339355,0.0,709.4439795918368,0.0,0.0,0.003826898586390522,0.0,0.0,0.003826898586390522
stress,1.0,128,22024,0.9,exc_empbernstein,1000,0,0,,,,,0.8954081535339355,0.0,709.4439795918368,0.0,0.0,0.003826898586390522,0.0,0.0,0.003826898586390522
stress,1.0,128,22024,0.9,exceedance,1000,0,0,,,,,0.8954081535339355,0.0,709.4439795918368,0.0,0.0,0.003826898586390522,0.0,0.0,0.003826898586390522
stress,1.0,128,22024,0.9,naive,1000,0,0,,,,,0.8954081535339355,0.0,709.4439795918368,0.0,0.0,0.003826898586390522,0.0,0.0,0.003826898586390522
stress,1.0,128,22024,0.9,norm_betting,1000,0,0,,,,,0.8954081535339355,0.0,709.4439795918368,0.0,0.0,0.003826898586390522,0.0,0.0,0.003826898586390522
stress,1.0,128,22024,0.9,split,1000,0,0,,,,,0.8954081535339355,0.0,709.4439795918368,0.0,0.0,0.003826898586390522,0.0,0.0,0.003826898586390522
stress,1.0,128,22024,0.95,cdf_empbernstein,1000,0,0,,,,,0.8954081535339355,0.0,709.4439795918368,0.0,0.0,0.003826898586390522,0.0,0.0,0.003826898586390522
stress,1.0,128,22024,0.95,cdf_pacbayes,1000,0,0,,,,,0.8954081535339355,0.0,709.4439795918368,0.0,0.0,0.003826898586390522,0.0,0.0,0.003826898586390522
stress,1.0,128,22024,0.95,exc_betting,1000,0,0,,,,,0.8954081535339355,0.0,709.4439795918368,0.0,0.0,0.003826898586390522,0.0,0.0,0.003826898586390522
stress,1.0,128,22024,0.95,exc_empbernstein,1000,0,0,,,,,0.8954081535339355,0.0,709.4439795918368,0.0,0.0,0.003826898586390522,0.0,0.0,0.003826898586390522
stress,1.0,128,22024,0.95,exceedance,1000,0,0,,,,,0.8954081535339355,0.0,709.4439795918368,0.0,0.0,0.003826898586390522,0.0,0.0,0.003826898586390522
stress,1.0,128,22024,0.95,naive,1000,0,0,,,,,0.8954081535339355,0.0,709.4439795918368,0.0,0.0,0.003826898586390522,0.0,0.0,0.003826898586390522
stress,1.0,128,22024,0.95,norm_betting,1000,0,0,,,,,0.8954081535339355,0.0,709.4439795918368,0.0,0.0,0.003826898586390522,0.0,0.0,0.003826898586390522
stress,1.0,128,22024,0.95,split,1000,0,0,,,,,0.8954081535339355,0.0,709.4439795918368,0.0,0.0,0.003826898586390522,0.0,0.0,0.003826898586390522
stress,1.0,128,46459,0.9,cdf_empbernstein,1000,0,0,,,,,0.8954081535339355,0.0,709.4439795918368,0.0,0.0,0.003826898586390522,0.0,0.0,0.003826898586390522
stress,1.0,128,46459,0.9,cdf_pacbayes,1000,0,0,,,,,0.8954081535339355,0.0,709.4439795918368,0.0,0.0,0.003826898586390522,0.0,0.0,0.003826898586390522
stress,1.0,128,46459,0.9,exc_betting,1000,0,0,,,,,0.8954081535339355,0.0,709.4439795918368,0.0,0.0,0.003826898586390522,0.0,0.0,0.003826898586390522
stress,1.0,128,46459,0.9,exc_empbernstein,1000,0,0,,,,,0.8954081535339355,0.0,709.4439795918368,0.0,0.0,0.003826898586390522,0.0,0.0,0.003826898586390522
stress,1.0,128,46459,0.9,exceedance,1000,0,0,,,,,0.8954081535339355,0.0,709.4439795918368,0.0,0.0,0.003826898586390522,0.0,0.0,0.003826898586390522
stress,1.0,128,46459,0.9,naive,1000,1,1,0.10234694182872772,0.9078571200370789,667.6952040816327,-0.0033183535687116295,0.8954206025004386,0.0003936708866507409,709.4022308163266,0.001,0.0001765418290572713,0.0056427029601604705,0.001,0.0001765418290572713,0.0056427029601604705
stress,1.0,128,46459,0.9,norm_betting,1000,0,0,,,,,0.8954081535339355,0.0,709.4439795918368,0.0,0.0,0.003826898586390522,0.0,0.0,0.003826898586390522
stress,1.0,128,46459,0.9,split,1000,0,0,,,,,0.8954081535339355,0.0,709.4439795918368,0.0,0.0,0.003826898586390522,0.0,0.0,0.003826898586390522
stress,1.0,128,46459,0.95,cdf_empbernstein,1000,0,0,,,,,0.8954081535339355,0.0,709.4439795918368,0.0,0.0,0.003826898586390522,0.0,0.0,0.003826898586390522
stress,1.0,128,46459,0.95,cdf_pacbayes,1000,0,0,,,,,0.8954081535339355,0.0,709.4439795918368,0.0,0.0,0.003826898586390522,0.0,0.0,0.003826898586390522
stress,1.0,128,46459,0.95,exc_betting,1000,0,0,,,,,0.8954081535339355,0.0,709.4439795918368,0.0,0.0,0.003826898586390522,0.0,0.0,0.003826898586390522
stress,1.0,128,46459,0.95,exc_empbernstein,1000,0,0,,,,,0.8954081535339355,0.0,709.4439795918368,0.0,0.0,0.003826898586390522,0.0,0.0,0.003826898586390522
stress,1.0,128,46459,0.95,exceedance,1000,0,0,,,,,0.8954081535339355,0.0,709.4439795918368,0.0,0.0,0.003826898586390522,0.0,0.0,0.003826898586390522
stress,1.0,128,46459,0.95,naive,1000,0,0,,,,,0.8954081535339355,0.0,709.4439795918368,0.0,0.0,0.003826898586390522,0.0,0.0,0.003826898586390522
stress,1.0,128,46459,0.95,norm_betting,1000,0,0,,,,,0.8954081535339355,0.0,709.4439795918368,0.0,0.0,0.003826898586390522,0.0,0.0,0.003826898586390522
stress,1.0,128,46459,0.95,split,1000,0,0,,,,,0.8954081535339355,0.0,709.4439795918368,0.0,0.0,0.003826898586390522,0.0,0.0,0.003826898586390522
stress,1.0,128,98000,0.9,cdf_empbernstein,1000,0,0,,,,,0.8954081535339355,0.0,709.4439795918368,0.0,0.0,0.003826898586390522,0.0,0.0,0.003826898586390522
stress,1.0,128,98000,0.9,cdf_pacbayes,1000,0,0,,,,,0.8954081535339355,0.0,709.4439795918368,0.0,0.0,0.003826898586390522,0.0,0.0,0.003826898586390522
stress,1.0,128,98000,0.9,exc_betting,1000,0,0,,,,,0.8954081535339355,0.0,709.4439795918368,0.0,0.0,0.003826898586390522,0.0,0.0,0.003826898586390522
stress,1.0,128,98000,0.9,exc_empbernstein,1000,0,0,,,,,0.8954081535339355,0.0,709.4439795918368,0.0,0.0,0.003826898586390522,0.0,0.0,0.003826898586390522
stress,1.0,128,98000,0.9,exceedance,1000,0,0,,,,,0.8954081535339355,0.0,709.4439795918368,0.0,0.0,0.003826898586390522,0.0,0.0,0.003826898586390522
stress,1.0,128,98000,0.9,naive,1000,0,0,,,,,0.8954081535339355,0.0,709.4439795918368,0.0,0.0,0.003826898586390522,0.0,0.0,0.003826898586390522
stress,1.0,128,98000,0.9,norm_betting,1000,0,0,,,,,0.8954081535339355,0.0,709.4439795918368,0.0,0.0,0.003826898586390522,0.0,0.0,0.003826898586390522
stress,1.0,128,98000,0.9,split,1000,0,0,,,,,0.8954081535339355,0.0,709.4439795918368,0.0,0.0,0.003826898586390522,0.0,0.0,0.003826898586390522
stress,1.0,128,98000,0.95,cdf_empbernstein,1000,0,0,,,,,0.8954081535339355,0.0,709.4439795918368,0.0,0.0,0.003826898586390522,0.0,0.0,0.003826898586390522
stress,1.0,128,98000,0.95,cdf_pacbayes,1000,0,0,,,,,0.8954081535339355,0.0,709.4439795918368,0.0,0.0,0.003826898586390522,0.0,0.0,0.003826898586390522
stress,1.0,128,98000,0.95,exc_betting,1000,0,0,,,,,0.8954081535339355,0.0,709.4439795918368,0.0,0.0,0.003826898586390522,0.0,0.0,0.003826898586390522
stress,1.0,128,98000,0.95,exc_empbernstein,1000,0,0,,,,,0.8954081535339355,0.0,709.4439795918368,0.0,0.0,0.003826898586390522,0.0,0.0,0.003826898586390522
stress,1.0,128,98000,0.95,exceedance,1000,0,0,,,,,0.8954081535339355,0.0,709.4439795918368,0.0,0.0,0.003826898586390522,0.0,0.0,0.003826898586390522
stress,1.0,128,98000,0.95,naive,1000,0,0,,,,,0.8954081535339355,0.0,709.4439795918368,0.0,0.0,0.003826898586390522,0.0,0.0,0.003826898586390522
stress,1.0,128,98000,0.95,norm_betting,1000,0,0,,,,,0.8954081535339355,0.0,709.4439795918368,0.0,0.0,0.003826898586390522,0.0,0.0,0.003826898586390522
stress,1.0,128,98000,0.95,split,1000,0,0,,,,,0.8954081535339355,0.0,709.4439795918368,0.0,0.0,0.003826898586390522,0.0,0.0,0.003826898586390522
