j,G_true_p0.9,V_true_p0.9,G_true_p0.95,V_true_p0.95,G_true_p0.99,V_true_p0.99
0,0.10153894349375416,0.35674707287465246,0.050358303637858794,0.3315072248110585,0.01014214668911775,0.31073540353212986
1,0.10177389669890746,0.3569604887026667,0.05027998590280769,0.3298645103183616,0.0101029878215922,0.30995222618161883
2,0.10016838313035988,0.35404119512863685,0.050514939107960996,0.33076516427144925,0.0101029878215922,0.3111681090182872
3,0.1011081959509731,0.35592277871323963,0.050671574578063205,0.3309276735716803,0.010220464424168853,0.3095704272232447
4,0.10040333633551318,0.3551807181736304,0.050162509300231035,0.33123702862513216,0.01014214668911775,0.31016759995300935
5,0.10020754199788542,0.35384344284763286,0.05047578024043545,0.33046168304812623,0.0101029878215922,0.31034381485687434
6,0.10189137330148412,0.35643380193444807,0.05027998590280769,0.3317519677330932,0.010024670086541097,0.3108626698515879
7,0.10169557896385636,0.3552022555507695,0.05094568665074206,0.33028546814426124,0.0101029878215922,0.3104710811763324
8,0.10067744840819204,0.3552394564749187,0.0505932568430121,0.3309296315150566,0.0101029878215922,0.3104691232329561
9,0.10024670086541097,0.35599130673140933,0.050671574578063205,0.32986646826173793,0.01014214668911775,0.31096448290715434
10,0.1009515604808709,0.35690370834475466,0.05094568665074206,0.33209852371069426,0.010024670086541097,0.310461291459451
11,0.10063828954066649,0.3542937698241767,0.05024082703528214,0.33086893527039196,0.010181305556643303,0.3111074127736226
12,0.10114735481849865,0.35338919998433643,0.05047578024043545,0.33129185103966796,0.010063828954066649,0.31091161843599485
13,0.10059913067314093,0.35402553158162664,0.05055409797548655,0.3304499353878686,0.010181305556643303,0.31080393155029956
14,0.10193053216900967,0.35588557778909036,0.050319144770333245,0.33064964561224885,0.010181305556643303,0.31074519324901123
15,0.10106903708344754,0.3566765869131065,0.05086736891569096,0.33206132278654504,0.0101029878215922,0.31027528683870464
16,0.10200884990406077,0.3574323530563496,0.05098484551826761,0.3307338371774289,0.010024670086541097,0.3103810157810236
17,0.10075576614324314,0.35736382503817987,0.05090652778321651,0.3300485569957317,0.0101029878215922,0.31027528683870464
18,0.10138230802365196,0.3559443160903787,0.05024082703528214,0.33074950072443904,0.0101029878215922,0.31081567921055725
19,0.10016838313035988,0.3556858675647101,0.0505932568430121,0.33263500019579434,0.010181305556643303,0.3106179269295532
20,0.10169557896385636,0.356694208403493,0.05027998590280769,0.3308141128558562,0.010063828954066649,0.3101695578963856
21,0.1011865136860242,0.3572169792849591,0.05055409797548655,0.3326487057994283,0.010181305556643303,0.31116027724478207
22,0.10173473783138191,0.35350863453028936,0.05055409797548655,0.329874300035243,0.010063828954066649,0.31057876806202767
23,0.10048165407056428,0.3574264792262208,0.05078905118063986,0.3297352860555273,0.01014214668911775,0.31060813721267183
24,0.1008732427458198,0.3567588205349101,0.05047578024043545,0.3303089634647766,0.01014214668911775,0.31078435211653677
25,0.10028585973293652,0.35611074127736225,0.050671574578063205,0.33221795825664724,0.010024670086541097,0.3110388847554529
26,0.10200884990406077,0.3572130633982065,0.05094568665074206,0.3310059913067314,0.010181305556643303,0.31043192230880684
27,0.10165642009633082,0.35482828836590047,0.0504366213729099,0.3305732858205741,0.010181305556643303,0.31099972588792735
28,0.10122567255354975,0.3560715824098367,0.05098484551826761,0.33106668755139607,0.010181305556643303,0.3102654971218232
29,0.10071660727571759,0.35314445706230174,0.05004503269765438,0.3303128793515292,0.010220464424168853,0.3107060343814857
30,0.10044249520303873,0.3564161804440616,0.0507498923131143,0.3311939538708541,0.010220464424168853,0.3109703567372832
31,0.10028585973293652,0.35348709715315035,0.05063241571053765,0.3306594353291303,0.010181305556643303,0.31074323530563497
32,0.1009515604808709,0.35507694717468774,0.05098484551826761,0.33122528096487447,0.01014214668911775,0.31023612797117905
33,0.1011081959509731,0.3561283627677488,0.05078905118063986,0.330121000900654,0.010181305556643303,0.3104025531581627
34,0.10169557896385636,0.35542741903904146,0.05098484551826761,0.33107256138152485,0.010063828954066649,0.3110702118494733
35,0.10079492501076869,0.35635156831264436,0.05094568665074206,0.33127422954928143,0.01014214668911775,0.31078043622978424
36,0.10189137330148412,0.35757136703606535,0.050319144770333245,0.32962368328307945,0.010181305556643303,0.3105728942318988
37,0.10146062575870306,0.3559266945999922,0.05008419156517994,0.331722598582449,0.010220464424168853,0.3107099502682383
38,0.10009006539530876,0.3556134236597878,0.05090652778321651,0.3303089634647766,0.010063828954066649,0.31049066061009517
39,0.10169557896385636,0.357767161373693,0.050162509300231035,0.3318263695813917,0.010024670086541097,0.31043192230880684
40,0.10044249520303873,0.35589340956259546,0.050671574578063205,0.3320554489564162,0.0101029878215922,0.31065708579707874
41,0.10075576614324314,0.3550475780240436,0.050710733445588754,0.32891294983749075,0.01014214668911775,0.31120530994243645
42,0.10020754199788542,0.3557681011865137,0.050710733445588754,0.3312311547950033,0.010063828954066649,0.31049066061009517
43,0.10106903708344754,0.3555155264909739,0.05004503269765438,0.3311058464189216,0.010024670086541097,0.31041234287504404
44,0.10106903708344754,0.3564612131417159,0.05000587383012883,0.3297098327916356,0.010220464424168853,0.31102909503857146
45,0.10024670086541097,0.3576496847711164,0.050671574578063205,0.3296197673963269,0.010024670086541097,0.310108861651721
46,0.10134314915612641,0.3552609938520578,0.0504366213729099,0.3305497905000587,0.010181305556643303,0.3103301092532404
47,0.10161726122880527,0.3576868856952657,0.05024082703528214,0.3309922857030975,0.01014214668911775,0.3101284410854838
48,0.10079492501076869,0.3557739750166425,0.0507498923131143,0.33109801464541644,0.010024670086541097,0.3106257587030583
49,0.1012648314210753,0.3582096565767318,0.0507498923131143,0.33183811724164936,0.010220464424168853,0.310637506363316
50,0.10071660727571759,0.3560970356737283,0.05098484551826761,0.33177742099698476,0.010063828954066649,0.3109214081528762
51,0.1014997846262286,0.355163096683244,0.0507498923131143,0.3305106316325332,0.010063828954066649,0.31058855777890904
52,0.10091240161334535,0.35540588166190235,0.05039746250538434,0.3296060617926929,0.010220464424168853,0.31127775384735873
53,0.10114735481849865,0.3559932646747856,0.05078905118063986,0.3305497905000587,0.010024670086541097,0.3111857305086737
54,0.10079492501076869,0.3546794846693034,0.05024082703528214,0.33058111759407915,0.01014214668911775,0.3102654971218232
55,0.10169557896385636,0.35899870775737164,0.05063241571053765,0.33078670164858837,0.010063828954066649,0.3107099502682383
56,0.10063828954066649,0.35313466734542037,0.05078905118063986,0.3314798136037906,0.01014214668911775,0.3110388847554529
57,0.1011865136860242,0.3553667227943768,0.05027998590280769,0.3310784352116537,0.010024670086541097,0.310108861651721
58,0.1014997846262286,0.3566687551396014,0.050514939107960996,0.32998786075106706,0.010220464424168853,0.3107236558718722
59,0.10146062575870306,0.3570877550221248,0.051024004385793166,0.331334925793946,0.01014214668911775,0.3104573755726984
60,0.10106903708344754,0.35618318518228453,0.05055409797548655,0.33164036496064536,0.010024670086541097,0.31047499706308496
61,0.10181305556643303,0.35714845126678935,0.050514939107960996,0.3304068606335905,0.0101029878215922,0.3107216979284959
62,0.10185221443395857,0.3576849277518894,0.05027998590280769,0.33206523867329757,0.010063828954066649,0.3110976230567412
63,0.10193053216900967,0.3556173395465403,0.050514939107960996,0.3316070799232486,0.0101029878215922,0.31067666523084153
64,0.10044249520303873,0.35621451227630496,0.050162509300231035,0.33219837882288444,0.010063828954066649,0.3107921838900419
65,0.10055997180561538,0.35569174139483883,0.051024004385793166,0.3309805380428398,0.010024670086541097,0.3105865998355328
66,0.10075576614324314,0.3562066805027999,0.050162509300231035,0.3301523279946744,0.010220464424168853,0.3110976230567412
67,0.10142146689117751,0.35461487253788615,0.05086736891569096,0.33209852371069426,0.0101029878215922,0.31045541762932216
68,0.10005090652778321,0.3561694795786506,0.05055409797548655,0.3302051924658339,0.010220464424168853,0.3103829737243999
69,0.10055997180561538,0.3541527979010847,0.050162509300231035,0.33130555664330186,0.0101029878215922,0.3101773896698907
70,0.10181305556643303,0.35665896542271996,0.0505932568430121,0.3305909073109605,0.010181305556643303,0.3097897168813878
71,0.10024670086541097,0.35727571758624743,0.05004503269765438,0.33009554763676235,0.010181305556643303,0.3112914594509927
72,0.10102987821592199,0.35559776011277755,0.05090652778321651,0.3308865567607785,0.0101029878215922,0.31104867447233425
73,0.10200884990406077,0.35534518541723775,0.05055409797548655,0.3303128793515292,0.010181305556643303,0.30977601127775384
74,0.10059913067314093,0.35528253122919684,0.05086736891569096,0.33065356149900144,0.0101029878215922,0.31104867447233425
75,0.1009515604808709,0.35428593805067154,0.05078905118063986,0.3307788698750832,0.010220464424168853,0.3112346790930806
76,0.10122567255354975,0.3546403258017778,0.05047578024043545,0.33170106120530995,0.010181305556643303,0.31124055292320946
77,0.1014997846262286,0.3555076947174688,0.05078905118063986,0.3301053373536437,0.010220464424168853,0.3106551278537025
78,0.10075576614324314,0.3560187179386773,0.05094568665074206,0.33043231389748207,0.010181305556643303,0.3101538943493754
79,0.10153894349375416,0.3543897090496143,0.05086736891569096,0.330530211066296,0.01014214668911775,0.31062771664643457
80,0.10142146689117751,0.35610486744723346,0.050514939107960996,0.3310549398911383,0.010063828954066649,0.3105572306848886
81,0.1014997846262286,0.35584641892156477,0.05000587383012883,0.32941614128519403,0.010063828954066649,0.3099130673140933
82,0.10083408387829423,0.35428006422054276,0.050319144770333245,0.33091984179817524,0.0101029878215922,0.3102654971218232
83,0.1014997846262286,0.35541175549203113,0.05055409797548655,0.3308650193836394,0.01014214668911775,0.3103868896111524
84,0.10169557896385636,0.3566707130829777,0.050514939107960996,0.33058111759407915,0.010181305556643303,0.31086462779496415
85,0.10079492501076869,0.3553784704546345,0.05082821004816541,0.3322923601049458,0.0101029878215922,0.3109214081528762
86,0.10161726122880527,0.35768884363864195,0.050162509300231035,0.3317382621294592,0.010024670086541097,0.31090770254924227
87,0.1011081959509731,0.3555292320946078,0.05020166816775659,0.3302463092767357,0.010063828954066649,0.3104221325919254
88,0.10165642009633082,0.3556427928104319,0.05082821004816541,0.33212985080471474,0.0101029878215922,0.31032423542311155
89,0.10059913067314093,0.35491639581783296,0.0507498923131143,0.3317147668089439,0.010024670086541097,0.31015193640599914
90,0.10181305556643303,0.35584250303481224,0.051024004385793166,0.3318792340525512,0.010181305556643303,0.31072757175862475
91,0.1012648314210753,0.35625171320045423,0.05047578024043545,0.3308845988174022,0.01014214668911775,0.3100070485961546
92,0.10134314915612641,0.35584837686494103,0.05055409797548655,0.331419117359126,0.010181305556643303,0.310285076555586
93,0.10032501860046207,0.35517288640012534,0.050358303637858794,0.3304029447468379,0.010181305556643303,0.31058855777890904
94,0.10091240161334535,0.35765555860124526,0.0504366213729099,0.33037161765281753,0.010063828954066649,0.3101186513686024
95,0.10189137330148412,0.3563574421427732,0.05047578024043545,0.331475897717038,0.010220464424168853,0.31131299682813174
96,0.10185221443395857,0.3578787641461409,0.0505932568430121,0.33170693503543874,0.0101029878215922,0.3101969691036535
97,0.10067744840819204,0.3558327133179308,0.05090652778321651,0.3320534910130399,0.0101029878215922,0.310334025139993
98,0.10079492501076869,0.35617926929553195,0.05024082703528214,0.33098249598621604,0.0101029878215922,0.31009907193483965
99,0.10083408387829423,0.3542898539374241,0.05012335043270549,0.3300485569957317,0.010063828954066649,0.3108333007009437
100,0.10040333633551318,0.35452676508595377,0.0507498923131143,0.3312820613227866,0.010024670086541097,0.3108430904178251
101,0.10044249520303873,0.3551121901554607,0.050710733445588754,0.33037357559619374,0.010220464424168853,0.3106355484199397
102,0.10142146689117751,0.35546853584994326,0.0507498923131143,0.3300309355053452,0.010220464424168853,0.31114461369777185
103,0.10146062575870306,0.3558581665818225,0.050319144770333245,0.33020910835258643,0.010063828954066649,0.31036339429063714
104,0.10165642009633082,0.355008419156518,0.05024082703528214,0.32793006226259935,0.010024670086541097,0.31084113247444883
105,0.1014997846262286,0.3556858675647101,0.05024082703528214,0.330142538277793,0.010063828954066649,0.3111465716411481
106,0.10200884990406077,0.35643380193444807,0.050671574578063205,0.3306144026314759,0.010063828954066649,0.31064729608019737
107,0.10185221443395857,0.3571778204174335,0.05098484551826761,0.33239808904726476,0.0101029878215922,0.3106962446646043
108,0.10173473783138191,0.35686063359047654,0.05024082703528214,0.3308454399498767,0.010181305556643303,0.312062889141246
109,0.1014997846262286,0.35567020401769983,0.05004503269765438,0.32867408074558485,0.010220464424168853,0.3111074127736226
110,0.10036417746798762,0.3547989192152563,0.05024082703528214,0.3301347065042879,0.0101029878215922,0.3109311978697576
111,0.10016838313035988,0.35545874613306183,0.050358303637858794,0.32999177663781964,0.010024670086541097,0.31048087089321375
112,0.10071660727571759,0.3555390218114892,0.050710733445588754,0.3301170850139014,0.010181305556643303,0.31102909503857146
113,0.10016838313035988,0.3560187179386772,0.05008419156517994,0.33148177154716685,0.010181305556643303,0.31027528683870464
114,0.10114735481849865,0.35690370834475466,0.05086736891569096,0.33159729020636725,0.0101029878215922,0.30976817950424873
115,0.10173473783138191,0.35647100285859734,0.05008419156517994,0.3302463092767357,0.010024670086541097,0.31083525864432
116,0.10122567255354975,0.35723068488859305,0.05020166816775659,0.32975094960253754,0.010024670086541097,0.31080393155029956
117,0.10091240161334535,0.35584446097818845,0.050358303637858794,0.3297020010181306,0.010063828954066649,0.3102459176880605
118,0.10055997180561538,0.35629478795473235,0.05094568665074206,0.33041665035047185,0.010063828954066649,0.3102889924423386
119,0.10185221443395857,0.3580021145788464,0.05027998590280769,0.33106472960801975,0.010181305556643303,0.3104417120256882
120,0.10071660727571759,0.3540979754865489,0.050319144770333245,0.3306261502917336,0.010181305556643303,0.31025570740494185
121,0.10185221443395857,0.3537357559619375,0.050358303637858794,0.3302404354466069,0.01014214668911775,0.3112190155460704
122,0.10099071934839644,0.35567411990445236,0.05012335043270549,0.3305282531229197,0.0101029878215922,0.31056897834514624
123,0.1011081959509731,0.3571504092101656,0.05090652778321651,0.3313310099071935,0.010181305556643303,0.31043192230880684
124,0.10099071934839644,0.35582488154442576,0.0507498923131143,0.3299545757136703,0.0101029878215922,0.31122488937619924
125,0.10052081293808983,0.35374946156557147,0.05082821004816541,0.33082586051611385,0.010181305556643303,0.31067666523084153
126,0.10146062575870306,0.35511414809883696,0.05063241571053765,0.33037161765281753,0.010181305556643303,0.31083134275756746
127,0.10196969103653522,0.35791596507029017,0.05047578024043545,0.33063202412186243,0.01014214668911775,0.3109018287191134
128,0.10024670086541097,0.3548067509887614,0.050671574578063205,0.33066922504601165,0.010024670086541097,0.31048087089321375
129,0.10142146689117751,0.35593452637349726,0.05039746250538434,0.33073971100755767,0.010220464424168853,0.3111661510749109
130,0.10185221443395857,0.356997689626816,0.050514939107960996,0.33065551944237775,0.010220464424168853,0.3100501233504327
131,0.10048165407056428,0.3555194423777265,0.0504366213729099,0.3307612483846967,0.010181305556643303,0.31018717938677215
132,0.10028585973293652,0.3557034890550965,0.05012335043270549,0.32992912244977873,0.010024670086541097,0.31039472138465757
133,0.10146062575870306,0.3552531620785527,0.05098484551826761,0.33090026236441245,0.010024670086541097,0.3108195950973098
134,0.1012648314210753,0.3558562086384462,0.05020166816775659,0.3302463092767357,0.010181305556643303,0.31065708579707874
135,0.10009006539530876,0.35455026040646903,0.05027998590280769,0.32983514116771745,0.010181305556643303,0.31057681011865135
136,0.10067744840819204,0.3561596898617692,0.050358303637858794,0.330551748443435,0.010024670086541097,0.3108176371539335
137,0.10091240161334535,0.35530211066295964,0.05078905118063986,0.33067118298938797,0.010181305556643303,0.3111857305086737
138,0.10157810236127972,0.3571504092101656,0.050358303637858794,0.33120765947448805,0.0101029878215922,0.31083525864432
139,0.10083408387829423,0.3552629517954341,0.050671574578063205,0.3301934448055762,0.010220464424168853,0.3104515017425696
140,0.10032501860046207,0.35474213885734424,0.050358303637858794,0.33026001488036966,0.010181305556643303,0.3104221325919254
141,0.10102987821592199,0.3572522222657321,0.05012335043270549,0.3303070055214003,0.010024670086541097,0.31049066061009517
142,0.10169557896385636,0.3573696988683087,0.05020166816775659,0.33151505658456354,0.010220464424168853,0.31122488937619924
143,0.10146062575870306,0.35639660101029874,0.05024082703528214,0.32908720679797937,0.010024670086541097,0.31102909503857146
144,0.10028585973293652,0.3538042839801073,0.05055409797548655,0.3305732858205741,0.010024670086541097,0.3098249598621608
145,0.10028585973293652,0.3572111054548302,0.05008419156517994,0.329521870227513,0.010063828954066649,0.3100403336335513
146,0.10036417746798762,0.3570564279281043,0.05094568665074206,0.3309492109488194,0.010181305556643303,0.31078043622978424
147,0.10177389669890746,0.355347143360614,0.0505932568430121,0.33100403336335515,0.010181305556643303,0.310461291459451
148,0.10102987821592199,0.3562399655401966,0.05090652778321651,0.3312801033794103,0.0101029878215922,0.3095802169401261
149,0.1009515604808709,0.35643771782120065,0.05004503269765438,0.3302051924658339,0.010220464424168853,0.31140110428006423
150,0.10067744840819204,0.3570760073618672,0.05063241571053765,0.33225515918079646,0.010181305556643303,0.310764772682774
151,0.1009515604808709,0.3566687551396014,0.05063241571053765,0.329825351450836,0.01014214668911775,0.3102263382542977
152,0.1008732427458198,0.35383169518737523,0.0505932568430121,0.3308219446293613,0.01014214668911775,0.31016759995300935
153,0.10083408387829423,0.35459333516074715,0.05004503269765438,0.3307553745545679,0.010220464424168853,0.3100011747660258
154,0.10130399028860085,0.35718956807769114,0.05086736891569096,0.331101930532169,0.010063828954066649,0.31115636135802954
155,0.10196969103653522,0.35591886282648705,0.05094568665074206,0.330050514939108,0.0101029878215922,0.3100011747660258
156,0.10063828954066649,0.35550965266084505,0.05047578024043545,0.33069663625327955,0.010024670086541097,0.3103731840075185
157,0.10052081293808983,0.35384148490425654,0.05086736891569096,0.3309668324392058,0.010024670086541097,0.31060813721267183
158,0.10005090652778321,0.3547832556682461,0.0505932568430121,0.33089243059090734,0.010220464424168853,0.31032619336648787
159,0.10106903708344754,0.3563163253318714,0.051024004385793166,0.3319810471081176,0.0101029878215922,0.3110193053216901
160,0.1011081959509731,0.35542937698241767,0.05078905118063986,0.33075929044132046,0.0101029878215922,0.3105376512511258
161,0.10122567255354975,0.35559971805615387,0.0505932568430121,0.33061244468809964,0.01014214668911775,0.3100892822179583
162,0.10114735481849865,0.3545071856521909,0.05078905118063986,0.3301542859380507,0.010220464424168853,0.31096448290715434
163,0.10161726122880527,0.3562438814269491,0.05027998590280769,0.3302893840310138,0.01014214668911775,0.310637506363316
164,0.10055997180561538,0.35538434428476323,0.05008419156517994,0.33032071112503425,0.010063828954066649,0.31041234287504404
165,0.10189137330148412,0.3570153111172025,0.05004503269765438,0.3304636409915025,0.010220464424168853,0.310285076555586
166,0.10173473783138191,0.35774366605317776,0.050162509300231035,0.3303500802756784,0.010220464424168853,0.3102929083290911
167,0.10091240161334535,0.35400986803461637,0.0504366213729099,0.3312409445118847,0.01014214668911775,0.31080784743705214
168,0.10114735481849865,0.3554352508125465,0.05055409797548655,0.33115675294670477,0.010024670086541097,0.31103692681207656
169,0.10009006539530876,0.3561518580882641,0.05012335043270549,0.3295649449817911,0.0101029878215922,0.31066687551396016
170,0.10173473783138191,0.3548361201394056,0.05055409797548655,0.3309022203077887,0.010024670086541097,0.3111661510749109
171,0.10185221443395857,0.357420605396092,0.05078905118063986,0.3300485569957317,0.010181305556643303,0.31104867447233425
172,0.10044249520303873,0.35584837686494103,0.05090652778321651,0.32983514116771745,0.010063828954066649,0.31020284293378236
173,0.10028585973293652,0.3552218349845323,0.05000587383012883,0.330318753181658,0.010063828954066649,0.3112640482437248
174,0.10185221443395857,0.3573736147550613,0.050358303637858794,0.33081215491247995,0.0101029878215922,0.31041234287504404
175,0.10009006539530876,0.3565473626502722,0.05063241571053765,0.33208481810706036,0.0101029878215922,0.3107667306261503
176,0.10048165407056428,0.35672749344088966,0.05055409797548655,0.3305008419156518,0.01014214668911775,0.31102909503857146
177,0.10059913067314093,0.35549398911383484,0.05024082703528214,0.3294729216431061,0.010181305556643303,0.3101773896698907
178,0.10067744840819204,0.3547206014802052,0.05063241571053765,0.3322218741433998,0.01014214668911775,0.3107569409092689
179,0.10009006539530876,0.3549868817793789,0.05004503269765438,0.33164623879077415,0.01014214668911775,0.3106903708344755
180,0.10142146689117751,0.3575008810745193,0.050358303637858794,0.3316795238281709,0.01014214668911775,0.31021459059404
181,0.10091240161334535,0.3545541762932216,0.0507498923131143,0.32992716450640247,0.010063828954066649,0.31113678192426675
182,0.10153894349375416,0.3571699886439284,0.050671574578063205,0.3300485569957317,0.010181305556643303,0.3110780436229784
183,0.10032501860046207,0.3545600501233504,0.050671574578063205,0.3308630614402632,0.010220464424168853,0.311173982848416
184,0.10005090652778321,0.35530406860633595,0.05055409797548655,0.3305791596507029,0.01014214668911775,0.31007166072757175
185,0.10196969103653522,0.35369268120765945,0.05008419156517994,0.33120570153111173,0.010181305556643303,0.31089203900223206
186,0.10044249520303873,0.3555194423777264,0.050319144770333245,0.3321220190312096,0.0101029878215922,0.3107119082116145
187,0.10189137330148412,0.357089712965501,0.05082821004816541,0.33016799154168464,0.010024670086541097,0.3104221325919254
188,0.10099071934839644,0.35745584837686495,0.05027998590280769,0.32953557583114695,0.010024670086541097,0.3104515017425696
189,0.10079492501076869,0.3561675216352743,0.05024082703528214,0.32862904804793047,0.010063828954066649,0.31087245956846926
190,0.10193053216900967,0.356517993499628,0.05090652778321651,0.3313936640952344,0.01014214668911775,0.3108430904178251
191,0.10052081293808983,0.35615577397501663,0.05012335043270549,0.33123311273837963,0.0101029878215922,0.3109214081528762
192,0.10024670086541097,0.3553275639268512,0.050358303637858794,0.3292849590789835,0.0101029878215922,0.3109938520577985
193,0.1008732427458198,0.35654932059364847,0.050514939107960996,0.33043231389748207,0.01014214668911775,0.3104749970630849
194,0.10055997180561538,0.3563378627090105,0.05063241571053765,0.33052433723616714,0.010024670086541097,0.3107060343814857
195,0.1011865136860242,0.3579512080510632,0.0507498923131143,0.33004464110897913,0.0101029878215922,0.3108822492853507
196,0.10012922426283431,0.35732075028390176,0.05012335043270549,0.33034420644554957,0.01014214668911775,0.3105865998355328
197,0.10189137330148412,0.3560363394290637,0.05039746250538434,0.3322649488976778,0.010063828954066649,0.31010690370834476
198,0.10099071934839644,0.35590124133610057,0.05012335043270549,0.32941418334181777,0.010024670086541097,0.3104710811763324
199,0.10024670086541097,0.35574656380937464,0.050710733445588754,0.3304675568782551,0.010220464424168853,0.3105905157222853
200,0.10130399028860085,0.3554372087559228,0.05024082703528214,0.33166190233778436,0.010024670086541097,0.3110584641892156
201,0.10181305556643303,0.35614794220151147,0.05020166816775659,0.3302874260876375,0.01014214668911775,0.31060422132591925
202,0.1011865136860242,0.3559580216940125,0.05047578024043545,0.33105689783451464,0.01014214668911775,0.30986411872968633
203,0.10055997180561538,0.35736186709480355,0.050319144770333245,0.3318557387320359,0.010220464424168853,0.31043975408231195
204,0.10009006539530876,0.35520421349414577,0.0507498923131143,0.3317832948271136,0.010024670086541097,0.3102654971218232
205,0.10181305556643303,0.3566648392528488,0.05027998590280769,0.33208481810706036,0.010063828954066649,0.3108411324744489
206,0.10134314915612641,0.35580138622391044,0.05094568665074206,0.33239613110388844,0.01014214668911775,0.3100403336335513
207,0.10138230802365196,0.3560108861651721,0.05047578024043545,0.33083760817637153,0.010063828954066649,0.31060813721267183
208,0.10177389669890746,0.3545600501233504,0.05027998590280769,0.33094137917531424,0.010181305556643303,0.3097544739006148
209,0.1014997846262286,0.35626150291733566,0.05098484551826761,0.3318948975995614,0.0101029878215922,0.31039667932803383
210,0.10099071934839644,0.3535928260954693,0.05094568665074206,0.33228257038806436,0.010024670086541097,0.31056897834514624
211,0.10200884990406077,0.3579061753534088,0.05008419156517994,0.3288522535928261,0.010063828954066649,0.3103927634412813
212,0.10153894349375416,0.3568528018169715,0.050710733445588754,0.33166581822453695,0.0101029878215922,0.31008732427458197
213,0.10099071934839644,0.3548517836864158,0.050671574578063205,0.33096095860907704,0.010220464424168853,0.3104456279124408
214,0.10153894349375416,0.35588361984571404,0.0505932568430121,0.3318028742608764,0.0101029878215922,0.30994243646473746
215,0.1008732427458198,0.35697027841954815,0.050671574578063205,0.3307925754787172,0.0101029878215922,0.3112836276774876
216,0.1009515604808709,0.3554430825860516,0.0505932568430121,0.331278145436034,0.010063828954066649,0.31067666523084153
217,0.10134314915612641,0.356962446646043,0.05047578024043545,0.3305321690096722,0.0101029878215922,0.3103536045737557
218,0.10036417746798762,0.3559482319771312,0.050319144770333245,0.32992716450640247,0.010181305556643303,0.31082742687081494
219,0.10028585973293652,0.3554039237185261,0.0505932568430121,0.32992324861964994,0.0101029878215922,0.3111465716411481
220,0.10165642009633082,0.3558111759407918,0.05055409797548655,0.3309727062693347,0.010063828954066649,0.30994243646473746
221,0.10134314915612641,0.3556271292634217,0.05063241571053765,0.33220816853976587,0.010063828954066649,0.3106179269295532
222,0.10079492501076869,0.35619689078591843,0.05055409797548655,0.3309433371186905,0.010220464424168853,0.3109507773035204
223,0.10091240161334535,0.3545835454438658,0.05008419156517994,0.32957473469867254,0.010024670086541097,0.31081567921055725
224,0.10024670086541097,0.35622430199318633,0.05039746250538434,0.33202999569252456,0.010181305556643303,0.3102654971218232
225,0.10185221443395857,0.35434859223871246,0.05047578024043545,0.33110780436229786,0.010181305556643303,0.3124877628538983
226,0.1009515604808709,0.35740885773583425,0.0505932568430121,0.33060852880134706,0.010063828954066649,0.3104162587617966
227,0.10161726122880527,0.35659826917805537,0.050319144770333245,0.3305262951795434,0.0101029878215922,0.31087637545522184
228,0.10102987821592199,0.3570290167208365,0.05020166816775659,0.3310549398911383,0.0101029878215922,0.3107745623996554
229,0.10200884990406077,0.3574382268864784,0.05086736891569096,0.3311038884755453,0.010024670086541097,0.3107588988526452
230,0.10024670086541097,0.3535380036809335,0.050514939107960996,0.331123467909308,0.010024670086541097,0.31035164663037945
231,0.10067744840819204,0.35332262990954305,0.05039746250538434,0.32981947762070724,0.01014214668911775,0.3103927634412813
232,0.1011865136860242,0.3570975447390062,0.05004503269765438,0.3315835846027333,0.010181305556643303,0.31064729608019737
233,0.10161726122880527,0.3575948623565806,0.05039746250538434,0.3316697341112895,0.01014214668911775,0.3107823941731605
234,0.10114735481849865,0.35322081685397655,0.050710733445588754,0.33192818263695817,0.01014214668911775,0.3107745623996554
235,0.10138230802365196,0.35745193249011237,0.050514939107960996,0.33065551944237775,0.010063828954066649,0.31103301092532404
236,0.1011865136860242,0.35753220816853976,0.05055409797548655,0.33097662215608725,0.010063828954066649,0.3102948662724674
237,0.10079492501076869,0.3562732505775933,0.05094568665074206,0.33034420644554957,0.01014214668911775,0.31092923992638133
238,0.10075576614324314,0.3563887692367937,0.05078905118063986,0.33148177154716685,0.01014214668911775,0.310108861651721
239,0.10189137330148412,0.3562380075968203,0.05008419156517994,0.3302502251634883,0.0101029878215922,0.3116556369189803
240,0.10106903708344754,0.3557054469984728,0.05020166816775659,0.3304009868034617,0.010181305556643303,0.3107941418334182
241,0.10028585973293652,0.3555155264909739,0.051024004385793166,0.3305713278771978,0.010181305556643303,0.31058855777890904
242,0.1011081959509731,0.3552218349845323,0.050514939107960996,0.3297450757724087,0.010063828954066649,0.3108333007009437
243,0.10067744840819204,0.35436425578572267,0.05086736891569096,0.33100403336335515,0.010220464424168853,0.3109899361710459
244,0.10146062575870306,0.35582879743117835,0.05078905118063986,0.33071621568704235,0.0101029878215922,0.31110937071699885
245,0.10193053216900967,0.35538826017151587,0.05024082703528214,0.3302404354466069,0.01014214668911775,0.31074519324901123
246,0.10161726122880527,0.35496926028899245,0.05086736891569096,0.3300642205427419,0.010024670086541097,0.3111661510749109
247,0.10114735481849865,0.35610878333398593,0.05082821004816541,0.3315483416219603,0.010220464424168853,0.3107686885695266
248,0.10114735481849865,0.3561185730508674,0.05020166816775659,0.3299741551474331,0.010063828954066649,0.3100618710106904
249,0.10134314915612641,0.35598151701452796,0.05094568665074206,0.3304186082938481,0.010181305556643303,0.3105396091945021
250,0.10071660727571759,0.3562380075968203,0.05027998590280769,0.330353996162431,0.010181305556643303,0.3103046559893488
251,0.10001174766025767,0.35505345185417236,0.05004503269765438,0.33139953792536325,0.010063828954066649,0.31081372126718093
252,0.10106903708344754,0.35500058738301293,0.05078905118063986,0.330798449308846,0.0101029878215922,0.3106179269295532
253,0.1012648314210753,0.35555860124525196,0.05098484551826761,0.33034812233230215,0.010181305556643303,0.3111759407917923
254,0.10091240161334535,0.3564886243489838,0.05055409797548655,0.3299956925245722,0.01014214668911775,0.3116399733719701
255,0.10040333633551318,0.3530406860633591,0.05078905118063986,0.33004464110897913,0.010024670086541097,0.31073540353212986
256,0.10146062575870306,0.35664721776246233,0.050162509300231035,0.3325860516113874,0.010063828954066649,0.3103731840075185
257,0.10075576614324314,0.3545815875004895,0.050162509300231035,0.33100403336335515,0.01014214668911775,0.31076085679602145
258,0.10134314915612641,0.35661980655519443,0.05055409797548655,0.32957865058542507,0.010181305556643303,0.3107745623996554
259,0.10165642009633082,0.355897325449348,0.05082821004816541,0.33081019696910363,0.0101029878215922,0.3103144457062302
260,0.10020754199788542,0.3554372087559228,0.05063241571053765,0.3303305008419156,0.010024670086541097,0.31162626776833613
261,0.10055997180561538,0.35710537651251123,0.0507498923131143,0.33173238829933044,0.01014214668911775,0.31081372126718093
262,0.10055997180561538,0.35433488663507856,0.05063241571053765,0.3306065708579708,0.010181305556643303,0.31073540353212986
263,0.10193053216900967,0.3547538865176019,0.05039746250538434,0.3314798136037906,0.01014214668911775,0.30925519833966403
264,0.10200884990406077,0.35749892313114306,0.05004503269765438,0.3303265849551631,0.010024670086541097,0.30996005795512394
265,0.10138230802365196,0.35486548929004974,0.0504366213729099,0.33140149586873946,0.0101029878215922,0.3102048008771586
266,0.10106903708344754,0.3551239378157183,0.0505932568430121,0.32978031875318164,0.0101029878215922,0.3110388847554529
267,0.10036417746798762,0.3555683909621334,0.05024082703528214,0.3310353604573756,0.010024670086541097,0.3107902259466656
268,0.10032501860046207,0.3565395308767671,0.050514939107960996,0.3301660335983084,0.010181305556643303,0.3114539687512237
269,0.1012648314210753,0.35636918980303084,0.0505932568430121,0.33123702862513216,0.0101029878215922,0.3103144457062302
270,0.10059913067314093,0.35400007831773506,0.05078905118063986,0.33131730430355955,0.010024670086541097,0.3108822492853507
271,0.10130399028860085,0.35848572659278694,0.050319144770333245,0.3314112855856209,0.0101029878215922,0.3112150996593179
272,0.10196969103653522,0.35572894231898816,0.051024004385793166,0.330036809335474,0.010063828954066649,0.3099581000117477
273,0.10048165407056428,0.3544347417472687,0.05004503269765438,0.3315209304146924,0.010181305556643303,0.31009124016133455
274,0.10075576614324314,0.35411168109018293,0.0507498923131143,0.33120178564435915,0.010181305556643303,0.31067470728746527
275,0.1012648314210753,0.3561283627677488,0.050162509300231035,0.33027763637075613,0.010220464424168853,0.3102459176880605
276,0.10169557896385636,0.3561185730508673,0.05086736891569096,0.33042056623722443,0.0101029878215922,0.3106179269295532
277,0.10036417746798762,0.35502016681677573,0.050319144770333245,0.3314504444531464,0.010181305556643303,0.3110780436229784
278,0.10134314915612641,0.35454047068958766,0.05024082703528214,0.3299056271292634,0.010063828954066649,0.31089595488898464
279,0.10189137330148412,0.3546931902729373,0.050162509300231035,0.32991150095939226,0.010181305556643303,0.31074519324901123
280,0.10177389669890746,0.35380819986685985,0.05004503269765438,0.3303598699925598,0.010181305556643303,0.3102341700278028
281,0.10161726122880527,0.3563711477464072,0.05027998590280769,0.3313721267180953,0.010220464424168853,0.31035556251713203
282,0.1011865136860242,0.3558150918275444,0.05086736891569096,0.33161686964013,0.010063828954066649,0.3108900810588558
283,0.10083408387829423,0.3547108117633238,0.0507498923131143,0.3309178838547989,0.0101029878215922,0.3107060343814857
284,0.10193053216900967,0.3566374280455809,0.05082821004816541,0.3324822806124447,0.010181305556643303,0.3103379410267455
285,0.10196969103653522,0.35627129263421703,0.050319144770333245,0.3313466734542037,0.010063828954066649,0.31042017464854915
286,0.10099071934839644,0.355311900379841,0.050514939107960996,0.33058503348083174,0.010181305556643303,0.3102067588205349
287,0.1011865136860242,0.35554489564161806,0.05094568665074206,0.3303383326154208,0.010220464424168853,0.30990327759721187
288,0.10055997180561538,0.3562438814269492,0.05012335043270549,0.32987821592199557,0.010024670086541097,0.3111113286603751
289,0.10083408387829423,0.3565923953479265,0.05055409797548655,0.3307827857618358,0.010063828954066649,0.3109214081528762
290,0.10036417746798762,0.3538571484512668,0.05090652778321651,0.33139562203861067,0.0101029878215922,0.3100403336335513
291,0.10020754199788542,0.353569330774954,0.050671574578063205,0.3308904726475311,0.01014214668911775,0.3110193053216901
292,0.10114735481849865,0.3569526569291616,0.05078905118063986,0.33107060343814854,0.010181305556643303,0.31065708579707874
293,0.10012922426283431,0.3523554058816619,0.050358303637858794,0.3303109214081529,0.010024670086541097,0.31078435211653677
294,0.10036417746798762,0.3541802091083525,0.050671574578063205,0.33243333202803776,0.010181305556643303,0.31106825390609705
295,0.10036417746798762,0.35470102204644244,0.05024082703528214,0.330855229666758,0.010024670086541097,0.31050828210048165
296,0.10130399028860085,0.35715040921016566,0.05027998590280769,0.3309903277597212,0.010063828954066649,0.3110584641892156
297,0.10161726122880527,0.35842503034812234,0.0505932568430121,0.33093746328856166,0.010220464424168853,0.3111015389434938
298,0.10106903708344754,0.35792379684379527,0.050671574578063205,0.33126248188902374,0.010063828954066649,0.310249833574813
299,0.10028585973293652,0.35428593805067154,0.05027998590280769,0.33074166895093393,0.0101029878215922,0.3105141559306105
300,0.10146062575870306,0.3560363394290637,0.05063241571053765,0.33109605670204023,0.010063828954066649,0.30990327759721187
301,0.10181305556643303,0.35564670869718445,0.050162509300231035,0.33035203821905473,0.0101029878215922,0.31042017464854915
302,0.10059913067314093,0.355311900379841,0.05027998590280769,0.3306202764616047,0.010063828954066649,0.3104299643654305
303,0.10009006539530876,0.3554567881896856,0.05024082703528214,0.3317030191486863,0.010181305556643303,0.310764772682774
304,0.10020754199788542,0.3567764420252966,0.050514939107960996,0.3305008419156518,0.0101029878215922,0.31087245956846926
305,0.10169557896385636,0.357336413830912,0.0504366213729099,0.33067118298938797,0.0101029878215922,0.3103379410267455
306,0.10040333633551318,0.3560402553158163,0.05020166816775659,0.3316070799232486,0.0101029878215922,0.3104495437991933
307,0.10102987821592199,0.35581900771429686,0.05086736891569096,0.3315424677918315,0.0101029878215922,0.31016759995300935
308,0.10146062575870306,0.3554979050005874,0.0505932568430121,0.3332850373967185,0.010181305556643303,0.3104025531581627
309,0.10138230802365196,0.3577612875435643,0.05055409797548655,0.3302463092767357,0.0101029878215922,0.3107060343814857
310,0.10075576614324314,0.35584446097818856,0.05063241571053765,0.33026784665387476,0.010063828954066649,0.31087245956846926
311,0.10063828954066649,0.3562595449739594,0.0507498923131143,0.3307945334220934,0.01014214668911775,0.31049066061009517
312,0.10036417746798762,0.35513372753259975,0.05078905118063986,0.33088068293064965,0.010063828954066649,0.31057876806202767
313,0.10193053216900967,0.35619493284254217,0.05055409797548655,0.33042839801072954,0.0101029878215922,0.3104025531581627
314,0.10169557896385636,0.35679993734581195,0.05055409797548655,0.33155617339546545,0.010063828954066649,0.31034381485687434
315,0.10032501860046207,0.35311900379841016,0.05086736891569096,0.33175979950659823,0.010063828954066649,0.3104162587617966
316,0.10106903708344754,0.35611074127736225,0.050514939107960996,0.33117633238046756,0.010181305556643303,0.3106688334573364
317,0.10032501860046207,0.35520812938089835,0.05078905118063986,0.3315679210557231,0.010024670086541097,0.31060422132591925
318,0.10055997180561538,0.35601675999530086,0.05012335043270549,0.3294474683792145,0.010063828954066649,0.31036339429063714
319,0.10016838313035988,0.3580530211066296,0.05086736891569096,0.33172847241257786,0.01014214668911775,0.31055918862826487
320,0.10032501860046207,0.3536633120570153,0.05039746250538434,0.33175979950659823,0.010024670086541097,0.3103829737243999
321,0.10009006539530876,0.35445236323765517,0.05027998590280769,0.33026001488036966,0.010181305556643303,0.3110388847554529
322,0.10138230802365196,0.3578533108822493,0.05039746250538434,0.3313447155108274,0.0101029878215922,0.31061205309942436
323,0.10005090652778321,0.35376512511258174,0.050162509300231035,0.33062810823510985,0.01014214668911775,0.31048087089321375
324,0.10059913067314093,0.3547303911970866,0.05063241571053765,0.3308767670438971,0.010063828954066649,0.3101969691036535
325,0.10075576614324314,0.35591690488311084,0.05039746250538434,0.33013862239104047,0.010024670086541097,0.3110584641892156
326,0.10146062575870306,0.3562987038414849,0.0504366213729099,0.33122528096487447,0.0101029878215922,0.31023612797117905
327,0.10181305556643303,0.3569604887026667,0.05047578024043545,0.3308513137800055,0.010181305556643303,0.3105102400438579
328,0.10067744840819204,0.3571367036065317,0.05008419156517994,0.3322845283314406,0.01014214668911775,0.31023612797117905
329,0.10091240161334535,0.3554979050005874,0.05047578024043545,0.330446019501116,0.010220464424168853,0.3112640482437248
330,0.10122567255354975,0.356214512276305,0.05000587383012883,0.32985863648823277,0.0101029878215922,0.31102909503857146
331,0.10142146689117751,0.3577554137134354,0.0504366213729099,0.33063594000861496,0.010063828954066649,0.3111857305086737
332,0.10032501860046207,0.3551278537024709,0.05063241571053765,0.33128597720953906,0.010063828954066649,0.31061988487292946
333,0.10165642009633082,0.3550005873830129,0.05047578024043545,0.3316638602811607,0.010063828954066649,0.3105396091945021
334,0.10142146689117751,0.3570153111172025,0.0505932568430121,0.330036809335474,0.010063828954066649,0.31024004385793164
335,0.10142146689117751,0.3554156713787837,0.05063241571053765,0.33073383717742877,0.010181305556643303,0.31061205309942436
336,0.10161726122880527,0.35550965266084505,0.05063241571053765,0.3311215099659318,0.01014214668911775,0.31036339429063714
337,0.10028585973293652,0.3543975408231194,0.05082821004816541,0.3313917061518581,0.010220464424168853,0.31053569330774955
338,0.10083408387829423,0.3546990641030662,0.05039746250538434,0.33074362689431025,0.010063828954066649,0.3106864549477229
339,0.10138230802365196,0.3548517836864158,0.0505932568430121,0.33069663625327955,0.010063828954066649,0.31120530994243645
340,0.1012648314210753,0.35482437247914794,0.050319144770333245,0.330318753181658,0.0101029878215922,0.31122488937619924
341,0.10177389669890746,0.356412264557309,0.050514939107960996,0.3308650193836394,0.01014214668911775,0.3114148098836982
342,0.10138230802365196,0.3537279241884325,0.05039746250538434,0.3328170889297881,0.0101029878215922,0.31161647805145476
343,0.10036417746798762,0.3570662176449857,0.050162509300231035,0.3315268042448213,0.010220464424168853,0.3110702118494733
344,0.10048165407056428,0.3579707874848259,0.05055409797548655,0.33133296785056976,0.010220464424168853,0.31023612797117905
345,0.10048165407056428,0.3546324940282727,0.05090652778321651,0.3311254258526844,0.010024670086541097,0.3105396091945021
346,0.10134314915612641,0.3544660688412891,0.05012335043270549,0.3303696597094412,0.010063828954066649,0.3101323569722364
347,0.10122567255354975,0.35511806398558954,0.05020166816775659,0.33166777616791326,0.01014214668911775,0.31111720249050395
348,0.1012648314210753,0.3552531620785527,0.050514939107960996,0.3297587813760426,0.010181305556643303,0.31098014645416455
349,0.10177389669890746,0.35568195167795746,0.05027998590280769,0.3300779261463759,0.010063828954066649,0.3095410580726005
350,0.1011865136860242,0.3563456944825156,0.05098484551826761,0.33151309864118733,0.0101029878215922,0.3112738379606062
351,0.10193053216900967,0.35607941418334177,0.050162509300231035,0.33102948662724674,0.01014214668911775,0.3101186513686024
352,0.1009515604808709,0.35595410580726006,0.05098484551826761,0.32984297294122256,0.010181305556643303,0.31039472138465757
353,0.10059913067314093,0.35613815248463015,0.05086736891569096,0.33153659396170265,0.010063828954066649,0.3103731840075185
354,0.10009006539530876,0.35352234013392336,0.050319144770333245,0.33076320632807305,0.0101029878215922,0.3106962446646043
355,0.1011081959509731,0.3562967458981086,0.05004503269765438,0.33118416415397267,0.01014214668911775,0.31067666523084153
356,0.10138230802365196,0.3559932646747856,0.05004503269765438,0.3319849629948702,0.010063828954066649,0.3111074127736226
357,0.10185221443395857,0.3562791244077221,0.0507498923131143,0.3309492109488194,0.010024670086541097,0.310461291459451
358,0.10138230802365196,0.35459529310412347,0.05047578024043545,0.3301366644476642,0.0101029878215922,0.3107060343814857
359,0.10012922426283431,0.355862082468575,0.050358303637858794,0.3302208560128441,0.010063828954066649,0.3100011747660258
360,0.10028585973293652,0.3565414888201433,0.050358303637858794,0.32999960841132475,0.010024670086541097,0.3110173473783138
361,0.10181305556643303,0.3557426479226221,0.05063241571053765,0.33049888397227556,0.010063828954066649,0.31102909503857146
362,0.10005090652778321,0.35701139523044995,0.05086736891569096,0.3296138935661981,0.010024670086541097,0.31119943611230766
363,0.10055997180561538,0.35580726005403923,0.05047578024043545,0.3297352860555273,0.010024670086541097,0.30983474957904217
364,0.10161726122880527,0.35687042330735796,0.05039746250538434,0.33067118298938797,0.010181305556643303,0.31058855777890904
365,0.10063828954066649,0.35515134902298623,0.0504366213729099,0.33058111759407915,0.010063828954066649,0.3106414222500685
366,0.10059913067314093,0.3570975447390061,0.05008419156517994,0.33027959431413245,0.010024670086541097,0.310390805497905
367,0.10165642009633082,0.356786231742178,0.0504366213729099,0.33097270626933467,0.010024670086541097,0.310764772682774
368,0.10055997180561538,0.35629478795473235,0.0507498923131143,0.3308023651955986,0.0101029878215922,0.310637506363316
369,0.10142146689117751,0.35559384422602497,0.050514939107960996,0.3327368132513608,0.010063828954066649,0.3108528801347065
370,0.10130399028860085,0.3563163253318714,0.05090652778321651,0.33105102400438574,0.0101029878215922,0.3115871089008106
371,0.10157810236127972,0.35604221325919255,0.0507498923131143,0.33025414105024087,0.010220464424168853,0.31031640364960644
372,0.10016838313035988,0.3544856482750519,0.05063241571053765,0.3306653091592591,0.010063828954066649,0.30993264674785603
373,0.10181305556643303,0.3575047969612719,0.050514939107960996,0.330833692289619,0.010063828954066649,0.3107549829658926
374,0.10099071934839644,0.35479696127188004,0.0507498923131143,0.3307377530641814,0.010181305556643303,0.31041234287504404
375,0.10130399028860085,0.35494380702510087,0.050514939107960996,0.33058503348083174,0.010063828954066649,0.3120570153111172
376,0.1008732427458198,0.3560206758820535,0.05008419156517994,0.3292281787210714,0.010024670086541097,0.3099130673140933
377,0.1011865136860242,0.3540744801660336,0.05047578024043545,0.33034224850217336,0.0101029878215922,0.3105102400438579
378,0.10091240161334535,0.3576418529976113,0.050358303637858794,0.3323569722363629,0.0101029878215922,0.31034381485687434
379,0.10200884990406077,0.3564984140658653,0.0507498923131143,0.33069076242315076,0.0101029878215922,0.3107510670791401
380,0.10063828954066649,0.35487527900693117,0.050671574578063205,0.329803814073697,0.0101029878215922,0.31096056702040176
381,0.10130399028860085,0.3570877550221248,0.05082821004816541,0.33137800054822414,0.010063828954066649,0.31064729608019737
382,0.10052081293808983,0.3564005168970513,0.05020166816775659,0.3315385519050789,0.0101029878215922,0.30990719348396445
383,0.10173473783138191,0.354902690214199,0.05024082703528214,0.33073775306418135,0.0101029878215922,0.3105924736656616
384,0.10028585973293652,0.35402357363825043,0.0504366213729099,0.32968046364099146,0.010063828954066649,0.3107138661549908
385,0.1011081959509731,0.3562360496534441,0.05004503269765438,0.33111367819242665,0.010063828954066649,0.31106629596272073
386,0.1011865136860242,0.3565082037827466,0.050358303637858794,0.33120374358773547,0.010063828954066649,0.31058855777890904
387,0.10083408387829423,0.3579942828053413,0.050319144770333245,0.3292379684379528,0.010181305556643303,0.3105082821004817
388,0.10185221443395857,0.3559423581470024,0.051024004385793166,0.33062419234835727,0.01014214668911775,0.3105396091945021
389,0.10134314915612641,0.3569350354387751,0.05012335043270549,0.3297020010181306,0.010181305556643303,0.3105141559306105
390,0.10012922426283431,0.3548439519129107,0.050162509300231035,0.331511140697811,0.010181305556643303,0.31162626776833613
391,0.10059913067314093,0.3544758585581705,0.05008419156517994,0.3315757528292282,0.010063828954066649,0.31072561381524844
392,0.10181305556643303,0.3549085640443278,0.051024004385793166,0.3317382621294592,0.010181305556643303,0.310426048478678
393,0.1008732427458198,0.3568860868543681,0.050358303637858794,0.3310392763441281,0.010024670086541097,0.31144026314758977
394,0.10063828954066649,0.35558405450914365,0.050710733445588754,0.33049888397227556,0.0101029878215922,0.3109899361710459
395,0.10071660727571759,0.3567177037240083,0.05098484551826761,0.3294533422093433,0.0101029878215922,0.31041234287504404
396,0.10048165407056428,0.35511806398558954,0.05020166816775659,0.3305106316325332,0.010063828954066649,0.3110388847554529
397,0.10177389669890746,0.3568997924580021,0.05027998590280769,0.33164036496064536,0.010063828954066649,0.31048087089321375
398,0.10063828954066649,0.35613423659787763,0.0504366213729099,0.3300661784861182,0.010063828954066649,0.31073540353212986
399,0.10114735481849865,0.3547323491404629,0.05020166816775659,0.3312350706817559,0.010063828954066649,0.3108430904178251
400,0.10059913067314093,0.35567020401769983,0.05020166816775659,0.3301347065042879,0.01014214668911775,0.3110780436229784
401,0.10181305556643303,0.35758703058307556,0.05012335043270549,0.3301934448055762,0.010181305556643303,0.31048087089321375
402,0.10138230802365196,0.355699573168344,0.050319144770333245,0.3310177389669891,0.01014214668911775,0.31017934761326704
403,0.10181305556643303,0.35550769471746874,0.05063241571053765,0.32924580021145794,0.01014214668911775,0.3103927634412813
404,0.10020754199788542,0.35428593805067154,0.05004503269765438,0.32979598230019186,0.01014214668911775,0.3117163331636449
405,0.10157810236127972,0.355862082468575,0.05078905118063986,0.3303990288600854,0.010181305556643303,0.31047499706308496
406,0.10016838313035988,0.3558875357324667,0.05055409797548655,0.3320025844852567,0.010181305556643303,0.31082351098406236
407,0.10009006539530876,0.35410384931667777,0.0505932568430121,0.3309590006657008,0.0101029878215922,0.31137173512942007
408,0.10052081293808983,0.3551905078905118,0.05082821004816541,0.3310236127971179,0.010024670086541097,0.3112150996593179
409,0.10079492501076869,0.35595214786388374,0.0505932568430121,0.33114892117319966,0.01014214668911775,0.31003054391666995
410,0.10102987821592199,0.35569761522496773,0.0504366213729099,0.33085718761013433,0.010181305556643303,0.30994243646473746
411,0.10193053216900967,0.3559560637506364,0.05090652778321651,0.3312977248697968,0.01014214668911775,0.31052394564749186
412,0.1011081959509731,0.354515017425696,0.0504366213729099,0.33113717351294203,0.0101029878215922,0.3111955202255551
413,0.10134314915612641,0.3550632415710538,0.05094568665074206,0.3307279633473,0.0101029878215922,0.3110388847554529
414,0.10044249520303873,0.353802326036731,0.05098484551826761,0.330974664212711,0.0101029878215922,0.3100011747660258
415,0.10169557896385636,0.3556956572815914,0.05020166816775659,0.3317656733367271,0.010024670086541097,0.3105298194776207
416,0.10052081293808983,0.3576575165446215,0.05090652778321651,0.33060069702784195,0.010063828954066649,0.31060813721267183
417,0.10165642009633082,0.3555468535849943,0.05004503269765438,0.33131143047343076,0.010181305556643303,0.31018717938677215
418,0.10122567255354975,0.35663742804558096,0.05047578024043545,0.33063202412186243,0.0101029878215922,0.3109860202842934
419,0.10181305556643303,0.35626541880408824,0.05082821004816541,0.3314798136037906,0.010024670086541097,0.310637506363316
420,0.10130399028860085,0.35555272741512317,0.05063241571053765,0.3313075145866782,0.010063828954066649,0.3102772447820809
421,0.10161726122880527,0.35714649332341314,0.05078905118063986,0.3304538512746211,0.01014214668911775,0.31054352508125466
422,0.1012648314210753,0.3576496847711164,0.05012335043270549,0.3308650193836394,0.010063828954066649,0.3109253240396288
423,0.10079492501076869,0.3556917413948389,0.0507498923131143,0.33110976230567407,0.010063828954066649,0.3106179269295532
424,0.1011081959509731,0.35573481614911695,0.050319144770333245,0.33196929944785997,0.010024670086541097,0.31074519324901123
425,0.10009006539530876,0.35569369933821515,0.050710733445588754,0.3310745193249011,0.01014214668911775,0.3105983474957904
426,0.10005090652778321,0.3557759329600188,0.05008419156517994,0.3315855425461096,0.010063828954066649,0.3102889924423386
427,0.10032501860046207,0.357032932607589,0.050710733445588754,0.3308415240631241,0.010063828954066649,0.3110193053216901
428,0.1012648314210753,0.356821474722951,0.05024082703528214,0.33026001488036966,0.01014214668911775,0.3100657868974429
429,0.10099071934839644,0.35459725104749973,0.050671574578063205,0.33201433214551435,0.010063828954066649,0.31055918862826487
430,0.10083408387829423,0.3560520029760739,0.050514939107960996,0.3316677761679132,0.010181305556643303,0.3112346790930806
431,0.10071660727571759,0.3558992833927243,0.05086736891569096,0.33111563613580297,0.010063828954066649,0.3110075576614324
432,0.10146062575870306,0.35776324548694055,0.050710733445588754,0.3307534166111916,0.010220464424168853,0.31131299682813174
433,0.10071660727571759,0.3549751341191213,0.05094568665074206,0.3311273837960606,0.01014214668911775,0.31067666523084153
434,0.10063828954066649,0.35387476994165334,0.050319144770333245,0.33113717351294203,0.010024670086541097,0.31011473548184987
435,0.10020754199788542,0.35569174139483883,0.05082821004816541,0.33113521556956577,0.010024670086541097,0.31075302502251634
436,0.10055997180561538,0.3551963817206407,0.05027998590280769,0.3302893840310138,0.010181305556643303,0.3113521556956573
437,0.10122567255354975,0.3568449700434663,0.051024004385793166,0.33244312174491913,0.010063828954066649,0.31014214668911777
438,0.10177389669890746,0.3558111759407918,0.0505932568430121,0.33181266397775777,0.010063828954066649,0.31089987077573716
439,0.10122567255354975,0.35301327485609113,0.05020166816775659,0.33122528096487447,0.010181305556643303,0.31050045032697654
440,0.10122567255354975,0.3572130633982066,0.050162509300231035,0.33034224850217336,0.010181305556643303,0.3101499784626229
441,0.1012648314210753,0.3558992833927243,0.0505932568430121,0.33210831342757563,0.010181305556643303,0.3105063241571054
442,0.1008732427458198,0.3552355405881662,0.05094568665074206,0.33155029956533655,0.01014214668911775,0.31009907193483965
443,0.10177389669890746,0.35714845126678935,0.05094568665074206,0.33226690684105414,0.010181305556643303,0.31133257626189453
444,0.1009515604808709,0.3554724517366958,0.05082821004816541,0.33211810314445706,0.0101029878215922,0.3102263382542977
445,0.10009006539530876,0.3564083486705565,0.05094568665074206,0.3312194071347457,0.010024670086541097,0.3097466421271097
446,0.10185221443395857,0.35442103614363474,0.0504366213729099,0.33038336531307516,0.01014214668911775,0.31064729608019737
447,0.10161726122880527,0.3560500450326976,0.05063241571053765,0.330974664212711,0.010181305556643303,0.3110976230567412
448,0.10009006539530876,0.35496926028899245,0.05020166816775659,0.33071621568704235,0.0101029878215922,0.31009907193483965
449,0.1008732427458198,0.3543348866350785,0.050710733445588754,0.3302404354466069,0.01014214668911775,0.3111837725652974
450,0.10106903708344754,0.3555546853584995,0.05090652778321651,0.3297842346399342,0.01014214668911775,0.31049066061009517
451,0.10130399028860085,0.3554039237185261,0.05004503269765438,0.33026001488036966,0.010063828954066649,0.31073344558875354
452,0.10169557896385636,0.35513568547597607,0.050358303637858794,0.33008184203312835,0.010181305556643303,0.3111465716411481
453,0.10106903708344754,0.3543564240122176,0.05008419156517994,0.3294572580960959,0.010063828954066649,0.3109214081528762
454,0.10185221443395857,0.35730508673689154,0.0507498923131143,0.3312820613227866,0.01014214668911775,0.31060813721267183
455,0.10189137330148412,0.3554841993969534,0.05082821004816541,0.3317832948271136,0.010063828954066649,0.3097799271645064
456,0.10114735481849865,0.35778282492070335,0.05090652778321651,0.3305948231977131,0.010181305556643303,0.3101186513686024
457,0.1014997846262286,0.3576829698085131,0.05008419156517994,0.33100403336335515,0.010181305556643303,0.31071582409836707
458,0.1011865136860242,0.3558620824685751,0.05098484551826761,0.33120374358773547,0.010181305556643303,0.31066687551396016
459,0.10106903708344754,0.355721110545483,0.05086736891569096,0.3302051924658339,0.010063828954066649,0.31068449700434664
460,0.10048165407056428,0.3555155264909739,0.05024082703528214,0.3313270940204409,0.0101029878215922,0.31113678192426675
461,0.10189137330148412,0.3559776011277754,0.05078905118063986,0.33173043035595406,0.010220464424168853,0.31025570740494185
462,0.10012922426283431,0.35527665739906805,0.05004503269765438,0.32974703371578495,0.010024670086541097,0.31073540353212986
463,0.10099071934839644,0.35532169009672243,0.0505932568430121,0.33033637467204446,0.010181305556643303,0.3100892822179583
464,0.10185221443395857,0.3568332223832087,0.05098484551826761,0.32929474879586484,0.0101029878215922,0.31036926812076593
465,0.10083408387829423,0.3544954379919333,0.050514939107960996,0.33119786975760657,0.010181305556643303,0.3105493989113835
466,0.10044249520303873,0.3555918862826487,0.05004503269765438,0.3306888044797744,0.010220464424168853,0.3109214081528762
467,0.10001174766025767,0.357265927869366,0.05012335043270549,0.3287054078396053,0.0101029878215922,0.3114383052042135
468,0.10083408387829423,0.3549575126287348,0.0505932568430121,0.331419117359126,0.010063828954066649,0.31062771664643457
469,0.10024670086541097,0.3556956572815914,0.05004503269765438,0.33196929944785997,0.010181305556643303,0.3111269922073854
470,0.10157810236127972,0.3566472177624623,0.05090652778321651,0.3297568234326663,0.010024670086541097,0.310927281983005
471,0.10005090652778321,0.3559364843168735,0.05094568665074206,0.3332654579629557,0.01014214668911775,0.3107510670791401
472,0.10122567255354975,0.3539256764694365,0.05063241571053765,0.3305967811410894,0.01014214668911775,0.31144026314758977
473,0.10114735481849865,0.3562066805027999,0.05090652778321651,0.33123311273837963,0.01014214668911775,0.3103536045737557
474,0.1008732427458198,0.35558405450914354,0.05024082703528214,0.3291322394956338,0.0101029878215922,0.31113678192426675
475,0.10048165407056428,0.3546227043113913,0.051024004385793166,0.3310940987586639,0.010063828954066649,0.3100011747660258
476,0.10012922426283431,0.3545620080667267,0.050514939107960996,0.33036378587931237,0.01014214668911775,0.3101773896698907
477,0.10001174766025767,0.35650624583937035,0.05082821004816541,0.33269373849708267,0.01014214668911775,0.3105983474957904
478,0.10055997180561538,0.35417237733484747,0.05020166816775659,0.3290167208364334,0.010181305556643303,0.3107628147393977
479,0.10196969103653522,0.35624583937032545,0.050358303637858794,0.33104710811763327,0.0101029878215922,0.3102948662724674
480,0.10020754199788542,0.35628695618122724,0.051024004385793166,0.3305223792927908,0.010024670086541097,0.3105983474957904
481,0.10036417746798762,0.3555605591886283,0.05024082703528214,0.3305497905000587,0.010024670086541097,0.3102694130085758
482,0.10044249520303873,0.3561675216352743,0.050319144770333245,0.33131730430355955,0.010181305556643303,0.31103692681207656
483,0.10173473783138191,0.3562477973137017,0.050710733445588754,0.33062810823510985,0.010181305556643303,0.3104221325919254
484,0.10001174766025767,0.3531562047225595,0.05094568665074206,0.33034420644554957,0.010181305556643303,0.31097623056741197
485,0.1012648314210753,0.35516897051337276,0.050514939107960996,0.32963151505658456,0.010063828954066649,0.31089203900223206
486,0.10012922426283431,0.35496730234561613,0.05027998590280769,0.33193209852371064,0.010181305556643303,0.3108528801347065
487,0.10083408387829423,0.3561009515604809,0.050514939107960996,0.330530211066296,0.010063828954066649,0.3110956651133649
488,0.10040333633551318,0.35566628813094725,0.05086736891569096,0.329874300035243,0.010181305556643303,0.31065708579707874
489,0.10157810236127972,0.3534753494928926,0.050358303637858794,0.33185378078865957,0.010181305556643303,0.31018717938677215
490,0.10173473783138191,0.35571523671535416,0.05004503269765438,0.32983905705447,0.010220464424168853,0.31057876806202767
491,0.10016838313035988,0.35714257743666056,0.05082821004816541,0.329380898304421,0.010063828954066649,0.31137173512942007
492,0.10063828954066649,0.3553745545678819,0.05012335043270549,0.3309061361945413,0.0101029878215922,0.3107745623996554
493,0.10028585973293652,0.35523358264478994,0.05020166816775659,0.3309942436464738,0.010024670086541097,0.31045541762932216
494,0.10138230802365196,0.35903786662489723,0.05047578024043545,0.32951012256725537,0.0101029878215922,0.31049066061009517
495,0.1012648314210753,0.3554000078317735,0.0507498923131143,0.3312194071347457,0.010063828954066649,0.31083134275756746
496,0.10036417746798762,0.3560598347495791,0.05078905118063986,0.3295845244155539,0.010063828954066649,0.31082351098406236
497,0.10146062575870306,0.35729921290676275,0.05008419156517994,0.33109605670204023,0.010181305556643303,0.3102459176880605
498,0.10048165407056428,0.35402357363825043,0.050671574578063205,0.3304127344637193,0.010063828954066649,0.3103829737243999
499,0.10091240161334535,0.35686259153385286,0.050358303637858794,0.3307729960449544,0.010181305556643303,0.31071582409836707
500,0.10012922426283431,0.3559247366566159,0.05090652778321651,0.330318753181658,0.010063828954066649,0.3111955202255551
501,0.10173473783138191,0.3574617222069938,0.050319144770333245,0.32920468340055603,0.010220464424168853,0.3109311978697576
502,0.10099071934839644,0.35563300309355056,0.05090652778321651,0.33080628108235105,0.010220464424168853,0.31041430081842036
503,0.10028585973293652,0.3550514939107961,0.05008419156517994,0.3307671222148255,0.010063828954066649,0.3110584641892156
504,0.10091240161334535,0.3562282178799389,0.050358303637858794,0.33157379488585187,0.010181305556643303,0.3104221325919254
505,0.10134314915612641,0.35597955907115164,0.05086736891569096,0.3302815522575087,0.010063828954066649,0.3102263382542977
506,0.10044249520303873,0.3534538121157536,0.050514939107960996,0.33134275756745113,0.01014214668911775,0.3106962446646043
507,0.10040333633551318,0.35546266201981436,0.05098484551826761,0.3315875004894858,0.010063828954066649,0.310461291459451
508,0.10134314915612641,0.3572189372283354,0.05078905118063986,0.3311254258526844,0.010024670086541097,0.3110780436229784
509,0.10134314915612641,0.35649058229236014,0.0507498923131143,0.33123702862513216,0.01014214668911775,0.31052002976073934
510,0.10052081293808983,0.3558601245251988,0.05004503269765438,0.3328151309864119,0.01014214668911775,0.3106864549477229
511,0.10153894349375416,0.3566765869131065,0.05098484551826761,0.3307945334220934,0.01014214668911775,0.3105474409680072
512,0.10189137330148412,0.3560989936171046,0.05063241571053765,0.3305634961036927,0.010063828954066649,0.3102165485374163
513,0.10138230802365196,0.35716803070055214,0.05047578024043545,0.32937894036104476,0.01014214668911775,0.31047499706308496
514,0.10138230802365196,0.3544954379919333,0.05086736891569096,0.3312566080588949,0.010024670086541097,0.31001488036965974
515,0.10071660727571759,0.3564533813682108,0.05039746250538434,0.33095704272232446,0.01014214668911775,0.3109018287191134
516,0.10075576614324314,0.35620080667267107,0.05027998590280769,0.3305537063868113,0.010063828954066649,0.3105983474957904
517,0.10075576614324314,0.35545483024630925,0.050319144770333245,0.33148177154716685,0.0101029878215922,0.3109018287191134
518,0.10012922426283431,0.35443669969064495,0.05027998590280769,0.331722598582449,0.010181305556643303,0.31048087089321375
519,0.10122567255354975,0.35577789090339507,0.05020166816775659,0.3318948975995614,0.010220464424168853,0.31058855777890904
520,0.10181305556643303,0.3563868112934174,0.050671574578063205,0.32963151505658456,0.010063828954066649,0.3104417120256882
521,0.10009006539530876,0.3557935544504053,0.05024082703528214,0.33045189333124486,0.010063828954066649,0.3104515017425696
522,0.10020754199788542,0.3540901437130438,0.05020166816775659,0.3300700943728707,0.010063828954066649,0.31048870266671885
523,0.10083408387829423,0.35537063868112934,0.05055409797548655,0.3310157810236128,0.01014214668911775,0.31096056702040176
524,0.10012922426283431,0.35434663429533614,0.050514939107960996,0.3312154912479931,0.0101029878215922,0.3104280064220543
525,0.10138230802365196,0.35625171320045423,0.05094568665074206,0.3324411638015428,0.010024670086541097,0.3104652073462036
526,0.10196969103653522,0.3577025492422759,0.05039746250538434,0.3314524023965227,0.010181305556643303,0.3104789129498375
527,0.10196969103653522,0.3549555546853585,0.05078905118063986,0.3298664682617378,0.010220464424168853,0.31048087089321375
528,0.10067744840819204,0.35535889102087165,0.0504366213729099,0.33052042134941456,0.010024670086541097,0.31080393155029956
529,0.10122567255354975,0.35626150291733555,0.0507498923131143,0.3305889493675843,0.0101029878215922,0.31034381485687434
530,0.1009515604808709,0.3545130594823198,0.05008419156517994,0.3296334729999609,0.010181305556643303,0.310729529702001
531,0.10044249520303873,0.35721502134158284,0.05008419156517994,0.3296021459059404,0.010220464424168853,0.3107060343814857
532,0.10048165407056428,0.35680972706269337,0.05086736891569096,0.3304225241806007,0.010024670086541097,0.3102165485374163
533,0.10157810236127972,0.35624192348357286,0.05090652778321651,0.3318361592982731,0.010063828954066649,0.31049066061009517
534,0.10048165407056428,0.35558992833927244,0.05055409797548655,0.3323413086893527,0.01014214668911775,0.310623800759682
535,0.1011865136860242,0.3540509848455183,0.05024082703528214,0.3304695148216314,0.010181305556643303,0.3102654971218232
536,0.10012922426283431,0.3563789795199123,0.050358303637858794,0.33093354740180914,0.010063828954066649,0.31057876806202767
537,0.10169557896385636,0.35492226964796175,0.050671574578063205,0.3318792340525512,0.010063828954066649,0.3101284410854838
538,0.1011081959509731,0.35477738183811725,0.05039746250538434,0.33047930453851276,0.010220464424168853,0.31144026314758977
539,0.10048165407056428,0.3553275639268512,0.050358303637858794,0.33122332302149826,0.01014214668911775,0.310764772682774
540,0.10169557896385636,0.3567353252143948,0.05063241571053765,0.3309511688921956,0.010024670086541097,0.3102772447820809
541,0.1011081959509731,0.3560148020519247,0.05094568665074206,0.33080040725222226,0.010063828954066649,0.31036339429063714
542,0.1011081959509731,0.3562438814269491,0.05027998590280769,0.3317519677330932,0.010024670086541097,0.3098014645416454
543,0.10009006539530876,0.3556760778478286,0.05055409797548655,0.3311704585503387,0.010181305556643303,0.31027528683870464
544,0.10193053216900967,0.3555683909621334,0.05055409797548655,0.32915377687277286,0.01014214668911775,0.3107569409092689
545,0.10044249520303873,0.3546794846693034,0.0505932568430121,0.3307945334220934,0.010063828954066649,0.3102263382542977
546,0.10063828954066649,0.3560931197869757,0.05047578024043545,0.3321063554841994,0.010063828954066649,0.30989152993695424
547,0.10036417746798762,0.35427223244703765,0.05012335043270549,0.3309178838547989,0.010220464424168853,0.31057876806202767
548,0.10016838313035988,0.35586991424208014,0.05094568665074206,0.32993108039315505,0.0101029878215922,0.30984453929592354
549,0.10181305556643303,0.35543133492579393,0.050710733445588754,0.3307142577436661,0.010220464424168853,0.31149312761874925
550,0.10169557896385636,0.3571308297764029,0.05027998590280769,0.3300465990523554,0.0101029878215922,0.3111583193014058
551,0.10153894349375416,0.35695069898578535,0.05027998590280769,0.3303794494263226,0.010063828954066649,0.3104515017425696
552,0.10016838313035988,0.35626541880408824,0.050358303637858794,0.331630575243764,0.0101029878215922,0.3110780436229784
553,0.1012648314210753,0.3555507694717469,0.05082821004816541,0.33098249598621604,0.010024670086541097,0.31002075419978853
554,0.10130399028860085,0.3555918862826487,0.05078905118063986,0.3299369542232839,0.01014214668911775,0.31072561381524844
555,0.10146062575870306,0.355114148098837,0.05012335043270549,0.3307964913654697,0.010181305556643303,0.3107745623996554
556,0.10200884990406077,0.35580334416728665,0.050162509300231035,0.3296295571132083,0.010220464424168853,0.31024004385793164
557,0.10032501860046207,0.3559717272976466,0.05098484551826761,0.3316795238281709,0.010063828954066649,0.31087245956846926
558,0.10020754199788542,0.3567137878372558,0.05063241571053765,0.3308180287426088,0.010024670086541097,0.310637506363316
559,0.10181305556643303,0.3557230684888593,0.050671574578063205,0.3299956925245722,0.0101029878215922,0.3103536045737557
560,0.1011081959509731,0.35613423659787763,0.050162509300231035,0.3300622625993656,0.0101029878215922,0.3101323569722364
561,0.10032501860046207,0.35343227473861455,0.05024082703528214,0.3314582762266515,0.010063828954066649,0.3101969691036535
562,0.10052081293808983,0.35507694717468774,0.0507498923131143,0.3314602341700278,0.010063828954066649,0.3108979128323609
563,0.10102987821592199,0.35540588166190235,0.05012335043270549,0.3298077299604495,0.010024670086541097,0.3104025531581627
564,0.10185221443395857,0.3559286525433685,0.0507498923131143,0.33258213572463485,0.0101029878215922,0.3109155343227474
565,0.10173473783138191,0.35692916160864624,0.05024082703528214,0.32994674394016527,0.010181305556643303,0.31078435211653677
566,0.10185221443395857,0.3567216196107609,0.05012335043270549,0.33208286016368405,0.010063828954066649,0.3115029173356307
567,0.10106903708344754,0.35277832165093786,0.050162509300231035,0.32949054313349263,0.010181305556643303,0.3102654971218232
568,0.10052081293808983,0.35542154520891256,0.050358303637858794,0.3311528370599522,0.0101029878215922,0.31106825390609705
569,0.10048165407056428,0.3565630261972824,0.05082821004816541,0.3310549398911383,0.010063828954066649,0.31043192230880684
570,0.10185221443395857,0.3549907976661315,0.050358303637858794,0.3300994635235149,0.0101029878215922,0.310122567255355
571,0.10189137330148412,0.3546873164428085,0.05020166816775659,0.3301621177115558,0.010181305556643303,0.3100011747660258
572,0.10052081293808983,0.35562517132004545,0.05027998590280769,0.3307749539883307,0.010181305556643303,0.31106825390609705
573,0.10083408387829423,0.3540764381094099,0.05008419156517994,0.33005443082586056,0.010024670086541097,0.3096683243920586
574,0.10016838313035988,0.3549575126287348,0.05008419156517994,0.32994870188354153,0.010063828954066649,0.310637506363316
575,0.10165642009633082,0.35693503543877514,0.05027998590280769,0.32957473469867254,0.01014214668911775,0.31048087089321375
576,0.10161726122880527,0.35626541880408824,0.05098484551826761,0.3303500802756784,0.01014214668911775,0.3112111837725653
577,0.10193053216900967,0.3569585307592905,0.05008419156517994,0.33062419234835727,0.0101029878215922,0.31153816031640363
578,0.1014997846262286,0.3580432313897482,0.05012335043270549,0.33106668755139607,0.0101029878215922,0.31074519324901123
579,0.10181305556643303,0.3565923953479266,0.05024082703528214,0.33137995849160046,0.01014214668911775,0.31073540353212986
580,0.10193053216900967,0.35412734463719303,0.05098484551826761,0.332004542428633,0.010063828954066649,0.31098014645416455
581,0.10063828954066649,0.355311900379841,0.0505932568430121,0.3313564631710851,0.010181305556643303,0.31083525864432
582,0.10181305556643303,0.35693111955202256,0.05094568665074206,0.33221404236989466,0.0101029878215922,0.3104710811763324
583,0.10012922426283431,0.3550671574578063,0.05055409797548655,0.33082586051611385,0.010220464424168853,0.31133257626189453
584,0.10040333633551318,0.3540960175431727,0.05012335043270549,0.3308141128558562,0.010181305556643303,0.31055918862826487
585,0.10009006539530876,0.3569585307592905,0.05098484551826761,0.33064377178212007,0.010181305556643303,0.3108626698515879
586,0.10169557896385636,0.3564670869718448,0.0505932568430121,0.331595332262991,0.01014214668911775,0.31078435211653677
587,0.1012648314210753,0.3576653483181267,0.0505932568430121,0.3308845988174022,0.01014214668911775,0.3101636840662568
588,0.10134314915612641,0.35568978345146257,0.05004503269765438,0.3308650193836394,0.0101029878215922,0.3111778987351686
589,0.10146062575870306,0.35428593805067154,0.05090652778321651,0.3329267337588597,0.01014214668911775,0.30959979637388885
590,0.10142146689117751,0.354726475310334,0.050162509300231035,0.3305791596507029,0.0101029878215922,0.31070799232486196
591,0.10130399028860085,0.355593844226025,0.05098484551826761,0.3302463092767357,0.010181305556643303,0.3104691232329561
592,0.10142146689117751,0.3562967458981086,0.05008419156517994,0.3292575478717156,0.010063828954066649,0.3106453381368211
593,0.10146062575870306,0.35604221325919255,0.05004503269765438,0.3305967811410894,0.0101029878215922,0.31096448290715434
594,0.10185221443395857,0.3570779653052434,0.05047578024043545,0.33209852371069426,0.010220464424168853,0.3107941418334182
595,0.10134314915612641,0.35407839605278607,0.05047578024043545,0.3310157810236128,0.010181305556643303,0.31041234287504404
596,0.10200884990406077,0.35639268512354627,0.05012335043270549,0.3307044680267846,0.0101029878215922,0.3106786231742178
597,0.10099071934839644,0.35653365704663825,0.05086736891569096,0.330974664212711,0.01014214668911775,0.31087245956846926
598,0.10075576614324314,0.35520617143752203,0.05090652778321651,0.3301366644476642,0.010063828954066649,0.31138935661980655
599,0.10146062575870306,0.3562908720679798,0.05094568665074206,0.33237067783999685,0.0101029878215922,0.3096095860907703
600,0.10153894349375416,0.35494968085522965,0.05020166816775659,0.3302404354466069,0.010024670086541097,0.3112640482437248
601,0.10130399028860085,0.35712691388965034,0.050514939107960996,0.3307749539883307,0.01014214668911775,0.3109018287191134
602,0.10048165407056428,0.3560128441085484,0.050358303637858794,0.32891490778086696,0.010181305556643303,0.31064729608019737
603,0.10157810236127972,0.3554607040764381,0.0507498923131143,0.32915377687277286,0.010063828954066649,0.3103301092532404
604,0.10106903708344754,0.3553549751341191,0.050514939107960996,0.3305732858205741,0.010181305556643303,0.31154599208990874
605,0.1012648314210753,0.35545287230293304,0.05024082703528214,0.33049301014214666,0.010063828954066649,0.3106864549477229
606,0.1014997846262286,0.3575889885264518,0.050358303637858794,0.3317460939029643,0.01014214668911775,0.31057876806202767
607,0.10005090652778321,0.3540020362611113,0.05020166816775659,0.3305576222735639,0.01014214668911775,0.3104573755726984
608,0.10130399028860085,0.35621842816305754,0.05094568665074206,0.3299349962799076,0.01014214668911775,0.3109703567372832
609,0.10161726122880527,0.3569996475701923,0.05055409797548655,0.33045972510475,0.01014214668911775,0.31089595488898464
610,0.10075576614324314,0.3535673728315777,0.05090652778321651,0.3308630614402632,0.01014214668911775,0.31041234287504404
611,0.10181305556643303,0.35561929748991655,0.05090652778321651,0.33130164075654933,0.010024670086541097,0.310518071817363
612,0.10048165407056428,0.3546168304812625,0.05078905118063986,0.332435289971414,0.0101029878215922,0.3107216979284959
613,0.10091240161334535,0.3544347417472687,0.050710733445588754,0.3305987390844657,0.010063828954066649,0.31049653444022396
614,0.1008732427458198,0.3536633120570153,0.05086736891569096,0.3313466734542037,0.010024670086541097,0.31057876806202767
615,0.10028585973293652,0.35489877432744643,0.05024082703528214,0.32996436543055174,0.010063828954066649,0.30983474957904217
616,0.10079492501076869,0.35605004503269766,0.0507498923131143,0.33155421545208913,0.010024670086541097,0.3109214081528762
617,0.10114735481849865,0.3552433723616713,0.05098484551826761,0.33046168304812623,0.010063828954066649,0.3101382308023652
618,0.10130399028860085,0.35692524572189377,0.05024082703528214,0.33042839801072954,0.0101029878215922,0.3100403336335513
619,0.1008732427458198,0.35337941026745506,0.050358303637858794,0.32999177663781964,0.010220464424168853,0.31027137095195206
620,0.10040333633551318,0.35456788189685556,0.050319144770333245,0.3304225241806007,0.010063828954066649,0.310108861651721
621,0.10181305556643303,0.3556075498296589,0.05090652778321651,0.33134275756745113,0.0101029878215922,0.31078435211653677
622,0.10005090652778321,0.35592277871323963,0.05039746250538434,0.3308239025727376,0.01014214668911775,0.31095469319027297
623,0.1014997846262286,0.3565454047068959,0.05008419156517994,0.33033245878529194,0.010220464424168853,0.310905744605866
624,0.10173473783138191,0.3557250264322356,0.05020166816775659,0.33018561303207117,0.0101029878215922,0.3108195950973098
625,0.10165642009633082,0.35554489564161806,0.050710733445588754,0.33007988408975214,0.01014214668911775,0.31057876806202767
626,0.10114735481849865,0.3552277088146611,0.05090652778321651,0.33181266397775777,0.01014214668911775,0.3110095156048087
627,0.10099071934839644,0.35322864862748166,0.05082821004816541,0.33140149586873946,0.010181305556643303,0.3104221325919254
628,0.10079492501076869,0.3533324196264244,0.05055409797548655,0.3324255002545326,0.010181305556643303,0.31036339429063714
629,0.10157810236127972,0.3560539609194502,0.05027998590280769,0.330001566354701,0.010181305556643303,0.31043192230880684
630,0.10157810236127972,0.3572913811332577,0.0507498923131143,0.3289462348748874,0.010024670086541097,0.3103418569134981
631,0.10157810236127972,0.356694208403493,0.05020166816775659,0.3310216548537416,0.01014214668911775,0.3111661510749109
632,0.10142146689117751,0.35694678309903277,0.05027998590280769,0.3303109214081529,0.010063828954066649,0.31065316991032615
633,0.10165642009633082,0.3554411246426753,0.05000587383012883,0.3303148372949054,0.01014214668911775,0.3101284410854838
634,0.10020754199788542,0.35555860124525207,0.05094568665074206,0.33262521047891297,0.0101029878215922,0.3105905157222853
635,0.10040333633551318,0.3559208207698633,0.050514939107960996,0.33006030465598934,0.010181305556643303,0.3110976230567412
636,0.10091240161334535,0.3559834749579042,0.05008419156517994,0.3302286877863492,0.010181305556643303,0.31040451110153894
637,0.1008732427458198,0.3558601245251988,0.05078905118063986,0.3312840192661628,0.010024670086541097,0.3110623800759682
638,0.10134314915612641,0.3562477973137017,0.05086736891569096,0.33030504757802404,0.010181305556643303,0.3104515017425696
639,0.10075576614324314,0.35391001292242624,0.05012335043270549,0.3317147668089439,0.01014214668911775,0.31095469319027297
640,0.1011865136860242,0.3546736108391745,0.05000587383012883,0.33059286525433684,0.0101029878215922,0.3105728942318988
641,0.10153894349375416,0.35756745114931276,0.050162509300231035,0.32857814152014725,0.01014214668911775,0.31098406234091713
642,0.10091240161334535,0.35448956416180444,0.050319144770333245,0.33188902376943263,0.01014214668911775,0.31014802051924656
643,0.1011865136860242,0.3531209617417865,0.05086736891569096,0.3309237576849277,0.010063828954066649,0.310285076555586
644,0.10024670086541097,0.35558209656576734,0.05063241571053765,0.3309237576849277,0.010063828954066649,0.3103046559893488
645,0.10189137330148412,0.3560069702784195,0.05098484551826761,0.3316325331871402,0.010181305556643303,0.30988369816344913
646,0.10079492501076869,0.3556388769236794,0.05004503269765438,0.3306378979519912,0.01014214668911775,0.31015976817950425
647,0.10048165407056428,0.3540783960527862,0.05098484551826761,0.33039315502995653,0.0101029878215922,0.3114794220151153
648,0.10075576614324314,0.3567549046481575,0.05078905118063986,0.3311685006069624,0.0101029878215922,0.3109311978697576
649,0.10165642009633082,0.35443278380389237,0.05008419156517994,0.3310216548537417,0.010024670086541097,0.31028311861220975
650,0.10153894349375416,0.35432901280494966,0.05078905118063986,0.33046168304812623,0.010063828954066649,0.3107941418334182
651,0.10020754199788542,0.3553980498883972,0.05027998590280769,0.32929474879586484,0.0101029878215922,0.3105454830246309
652,0.10020754199788542,0.35697811019305326,0.05063241571053765,0.33175000978971686,0.010063828954066649,0.3108528801347065
653,0.10009006539530876,0.3554039237185261,0.05020166816775659,0.3307553745545679,0.01014214668911775,0.3103536045737557
654,0.10146062575870306,0.35633982065238673,0.050710733445588754,0.3316775658847946,0.01014214668911775,0.30976622156087247
655,0.10063828954066649,0.3542213259192544,0.050710733445588754,0.33091592591142266,0.01014214668911775,0.31090378666248975
656,0.10024670086541097,0.35475976034773077,0.05000587383012883,0.330974664212711,0.010181305556643303,0.3111504875279007
657,0.10177389669890746,0.3569820260798058,0.05012335043270549,0.33109018287191133,0.01014214668911775,0.31052002976073934
658,0.10044249520303873,0.355100442495203,0.05055409797548655,0.33109801464541644,0.010024670086541097,0.3110388847554529
659,0.10114735481849865,0.35621451227630496,0.05055409797548655,0.33012295884403026,0.01014214668911775,0.3106061792692955
660,0.10122567255354975,0.3534851392097741,0.05012335043270549,0.3307553745545679,0.010181305556643303,0.31036339429063714
661,0.10130399028860085,0.35838782942397307,0.0507498923131143,0.33088068293064965,0.010024670086541097,0.31027528683870464
662,0.10020754199788542,0.3554509143595567,0.05024082703528214,0.3305948231977131,0.010063828954066649,0.3104025531581627
663,0.1009515604808709,0.35510435838195564,0.05012335043270549,0.3305106316325332,0.01014214668911775,0.3103046559893488
664,0.10040333633551318,0.35546657790656694,0.05082821004816541,0.3311254258526844,0.010181305556643303,0.31060813721267183
665,0.10048165407056428,0.3542663586169088,0.05027998590280769,0.33164428084739794,0.010220464424168853,0.31082742687081494
666,0.10102987821592199,0.35596976935427027,0.05004503269765438,0.330050514939108,0.01014214668911775,0.3107491091357638
667,0.10075576614324314,0.35602654971218234,0.05094568665074206,0.3296354309433371,0.01014214668911775,0.31111720249050395
668,0.10012922426283431,0.35289188236676194,0.05090652778321651,0.33106668755139607,0.010063828954066649,0.30986411872968633
669,0.10001174766025767,0.35512589575909465,0.0507498923131143,0.33126835571915264,0.01014214668911775,0.31060813721267183
670,0.10024670086541097,0.35481066687551394,0.050358303637858794,0.330819986685985,0.01014214668911775,0.31067666523084153
671,0.10052081293808983,0.35635156831264436,0.05090652778321651,0.33155617339546545,0.010063828954066649,0.3108822492853507
672,0.10067744840819204,0.354515017425696,0.05012335043270549,0.3298664682617378,0.010063828954066649,0.31038688961115246
673,0.10055997180561538,0.3570505540979755,0.0505932568430121,0.3306848885930219,0.010024670086541097,0.3101989270470298
674,0.10165642009633082,0.3550847789481928,0.05027998590280769,0.3325860516113874,0.01014214668911775,0.31049066061009517
675,0.10016838313035988,0.35476563417785956,0.05004503269765438,0.3305948231977131,0.010063828954066649,0.3107060343814857
676,0.10009006539530876,0.35376512511258174,0.05082821004816541,0.3312566080588949,0.0101029878215922,0.310940987586639
677,0.10165642009633082,0.35473430708383913,0.050710733445588754,0.330494968085523,0.010024670086541097,0.31052002976073934
678,0.10052081293808983,0.3563280729921291,0.0507498923131143,0.33069663625327955,0.010181305556643303,0.31023612797117905
679,0.10083408387829423,0.35559971805615387,0.05024082703528214,0.330142538277793,0.010024670086541097,0.309734894466852
680,0.10161726122880527,0.3554195872655363,0.05078905118063986,0.33117633238046756,0.010063828954066649,0.31102517915181893
681,0.1012648314210753,0.35600697027841954,0.05063241571053765,0.3295159963973842,0.010024670086541097,0.3106335904765634
682,0.10099071934839644,0.3573344558875357,0.05012335043270549,0.32950229079375026,0.010063828954066649,0.309805380428398
683,0.10106903708344754,0.3559208207698633,0.05082821004816541,0.33135842111446134,0.0101029878215922,0.3111759407917923
684,0.10169557896385636,0.3554959470572111,0.050514939107960996,0.3307788698750832,0.0101029878215922,0.310940987586639
685,0.10200884990406077,0.3551082742687081,0.050162509300231035,0.33038532325645137,0.010024670086541097,0.3096565767318009
686,0.10196969103653522,0.35617143752202685,0.0504366213729099,0.3316579864510318,0.010024670086541097,0.310729529702001
687,0.1009515604808709,0.3548517836864158,0.05090652778321651,0.33121353330461684,0.01014214668911775,0.31045541762932216
688,0.10161726122880527,0.35489681638407017,0.05055409797548655,0.33117633238046756,0.0101029878215922,0.30985432901280496
689,0.10169557896385636,0.3569722363629244,0.0507498923131143,0.330353996162431,0.010220464424168853,0.31062771664643457
690,0.10040333633551318,0.35507303128793516,0.0505932568430121,0.33058699142420805,0.01014214668911775,0.3109507773035204
691,0.10075576614324314,0.35638289540666485,0.050319144770333245,0.33096291655245336,0.01014214668911775,0.310461291459451
692,0.10173473783138191,0.35483807808278184,0.050162509300231035,0.3305693699338215,0.010063828954066649,0.31016759995300935
693,0.10177389669890746,0.35595997963738885,0.05004503269765438,0.3298449308845988,0.010063828954066649,0.3106688334573364
694,0.10079492501076869,0.35754787171554997,0.050319144770333245,0.33262521047891297,0.0101029878215922,0.30999530093589694
695,0.10079492501076869,0.3566335121588283,0.05020166816775659,0.3300035242980773,0.010220464424168853,0.31018717938677215
696,0.10067744840819204,0.35619493284254217,0.05063241571053765,0.3300916317500098,0.01014214668911775,0.3105826839487802
697,0.1008732427458198,0.35548615734032973,0.0504366213729099,0.33169322943180485,0.010181305556643303,0.31057876806202767
698,0.10048165407056428,0.3564514234248345,0.05047578024043545,0.329825351450836,0.010220464424168853,0.3104417120256882
699,0.10012922426283431,0.35520812938089835,0.05055409797548655,0.32860359478403883,0.010024670086541097,0.310461291459451
700,0.1011081959509731,0.35460899870775736,0.05094568665074206,0.33262521047891297,0.0101029878215922,0.3108822492853507
701,0.10040333633551318,0.355114148098837,0.05047578024043545,0.33149351920742454,0.010220464424168853,0.31073540353212986
702,0.10044249520303873,0.3550573677409249,0.050162509300231035,0.33063398206523864,0.010063828954066649,0.30999138504914436
703,0.10165642009633082,0.3541018913733015,0.05063241571053765,0.3313760426048479,0.0101029878215922,0.31128558562086384
704,0.10020754199788542,0.35382386341387007,0.05047578024043545,0.33058111759407915,0.010220464424168853,0.3109214081528762
705,0.10075576614324314,0.35359282609546927,0.05055409797548655,0.3313310099071935,0.010024670086541097,0.3100697027841955
706,0.10083408387829423,0.3578846379762697,0.05082821004816541,0.3305145475192858,0.0101029878215922,0.31064729608019737
707,0.10063828954066649,0.3560128441085484,0.05082821004816541,0.3305987390844657,0.010024670086541097,0.31091161843599485
708,0.10016838313035988,0.3539707091670909,0.050710733445588754,0.3307299212906763,0.01014214668911775,0.310623800759682
709,0.10138230802365196,0.3572874652465051,0.05078905118063986,0.33106668755139607,0.010181305556643303,0.3108528801347065
710,0.10134314915612641,0.35375925128245295,0.05027998590280769,0.33179700043074756,0.010181305556643303,0.31032619336648787
711,0.10189137330148412,0.3560754982965893,0.05082821004816541,0.3313819164349767,0.010063828954066649,0.31064729608019737
712,0.10067744840819204,0.35318361592982733,0.05094568665074206,0.3323099815953323,0.01014214668911775,0.31052002976073934
713,0.10161726122880527,0.357583114696323,0.05027998590280769,0.33148372949054317,0.01014214668911775,0.31049066061009517
714,0.10200884990406077,0.35576222735638485,0.05012335043270549,0.3313799584916004,0.010063828954066649,0.31032423542311155
715,0.10079492501076869,0.3547734659513647,0.05004503269765438,0.3299134589027685,0.010181305556643303,0.3104417120256882
716,0.10153894349375416,0.35648666640560756,0.05094568665074206,0.3311919959274778,0.010220464424168853,0.3102733288953283
717,0.10055997180561538,0.3565571523671536,0.05012335043270549,0.33096095860907704,0.0101029878215922,0.3104025531581627
718,0.10063828954066649,0.3563124094451188,0.05024082703528214,0.33056153816031636,0.01014214668911775,0.3101284410854838
719,0.10161726122880527,0.35610682539060967,0.050319144770333245,0.3319027293730666,0.010024670086541097,0.3098151701452794
720,0.10055997180561538,0.3561831851822845,0.0504366213729099,0.33026393076712224,0.0101029878215922,0.3099189411442221
721,0.10138230802365196,0.3561244468809962,0.05090652778321651,0.3295610290950386,0.010063828954066649,0.31102909503857146
722,0.10142146689117751,0.35912793202020593,0.05024082703528214,0.3314152014723734,0.010024670086541097,0.310285076555586
723,0.10044249520303873,0.35516505462662024,0.050162509300231035,0.3301112111837725,0.010181305556643303,0.30986411872968633
724,0.10036417746798762,0.3550397462505384,0.05027998590280769,0.3302893840310138,0.0101029878215922,0.31052002976073934
725,0.10177389669890746,0.356891960684497,0.050514939107960996,0.3314132435289971,0.010181305556643303,0.31127188001722994
726,0.10016838313035988,0.35520812938089835,0.05039746250538434,0.330819986685985,0.010063828954066649,0.3104710811763324
727,0.1008732427458198,0.3557015311117203,0.05024082703528214,0.3303305008419156,0.010024670086541097,0.31057681011865135
728,0.10079492501076869,0.356905666288131,0.05020166816775659,0.33120570153111173,0.010024670086541097,0.3104417120256882
729,0.10181305556643303,0.3556192974899166,0.050514939107960996,0.33016015976817953,0.0101029878215922,0.3110623800759682
730,0.10130399028860085,0.3548439519129107,0.0504366213729099,0.33056153816031636,0.010181305556643303,0.31082351098406236
731,0.10114735481849865,0.35647883463210245,0.050358303637858794,0.3316599443944081,0.010181305556643303,0.3108626698515879
732,0.10177389669890746,0.35719935779457257,0.05024082703528214,0.3303598699925598,0.010181305556643303,0.31071582409836707
733,0.10091240161334535,0.35605787680620277,0.05012335043270549,0.3303305008419156,0.010063828954066649,0.3108333007009437
734,0.10169557896385636,0.35709950268238244,0.050358303637858794,0.3310392763441281,0.010220464424168853,0.3107745623996554
735,0.10114735481849865,0.35643771782120065,0.05086736891569096,0.3309648744958296,0.010024670086541097,0.31032619336648787
736,0.10106903708344754,0.3569487410424091,0.050358303637858794,0.33089634647765986,0.01014214668911775,0.31002075419978853
737,0.1008732427458198,0.35582879743117835,0.05039746250538434,0.33150526686768217,0.010063828954066649,0.3109018287191134
738,0.1014997846262286,0.35660022712143163,0.0504366213729099,0.3304871363120178,0.01014214668911775,0.3105298194776207
739,0.10044249520303873,0.35668246074323534,0.050710733445588754,0.3314328229627599,0.01014214668911775,0.3103790578376473
740,0.10173473783138191,0.35647491874534987,0.05094568665074206,0.33312252809648746,0.010181305556643303,0.31115636135802954
741,0.10146062575870306,0.354691232329561,0.05047578024043545,0.33032266906841057,0.0101029878215922,0.3105474409680072
742,0.10079492501076869,0.3567901476289306,0.05086736891569096,0.33180091631750014,0.010024670086541097,0.3106688334573364
743,0.10028585973293652,0.35645925519833965,0.050358303637858794,0.33174413595958807,0.010063828954066649,0.3109214081528762
744,0.10012922426283431,0.353710302698046,0.05027998590280769,0.3301405803344167,0.010024670086541097,0.31078435211653677
745,0.10099071934839644,0.35703489055096527,0.05055409797548655,0.32784587069741944,0.01014214668911775,0.3108430904178251
746,0.10114735481849865,0.3547578024043545,0.050358303637858794,0.33060069702784195,0.010063828954066649,0.31138152484630144
747,0.10005090652778321,0.3551905078905118,0.05039746250538434,0.3302228139562204,0.01014214668911775,0.3110623800759682
748,0.10028585973293652,0.3566570074793437,0.05090652778321651,0.3298057720170733,0.010063828954066649,0.31043192230880684
749,0.10052081293808983,0.3567549046481576,0.050514939107960996,0.3309452950620668,0.010024670086541097,0.31032423542311155
750,0.10122567255354975,0.354563966010103,0.05008419156517994,0.33161882758350625,0.0101029878215922,0.3103536045737557
751,0.10102987821592199,0.35578768062027644,0.05008419156517994,0.3305341269530485,0.01014214668911775,0.3102948662724674
752,0.10196969103653522,0.356320241218624,0.05012335043270549,0.3315640051689705,0.010220464424168853,0.31036339429063714
753,0.10146062575870306,0.3553667227943768,0.05024082703528214,0.330318753181658,0.0101029878215922,0.3108822492853507
754,0.10122567255354975,0.35508282100481653,0.05082821004816541,0.3314347809061362,0.0101029878215922,0.3110858753964835
755,0.10102987821592199,0.35411363903355914,0.050319144770333245,0.33056153816031636,0.010181305556643303,0.31057093628852256
756,0.10165642009633082,0.3572698437561186,0.050358303637858794,0.32988213180874815,0.010063828954066649,0.30972706269334693
757,0.10161726122880527,0.35714649332341314,0.05039746250538434,0.3309061361945413,0.010181305556643303,0.31041234287504404
758,0.10169557896385636,0.35501037709989425,0.05098484551826761,0.33218271527587423,0.01014214668911775,0.310108861651721
759,0.10012922426283431,0.3553549751341191,0.05039746250538434,0.3320515330696636,0.0101029878215922,0.31152053882601716
760,0.10102987821592199,0.3543994987664956,0.05078905118063986,0.33273877119473705,0.010063828954066649,0.31066687551396016
761,0.1012648314210753,0.3554979050005874,0.05047578024043545,0.3318439910717782,0.01014214668911775,0.3097858009946352
762,0.10052081293808983,0.35538630222813955,0.05098484551826761,0.33178525277048987,0.010024670086541097,0.310108861651721
763,0.10028585973293652,0.35644359165132944,0.050514939107960996,0.33025218310686455,0.0101029878215922,0.31061205309942436
764,0.10071660727571759,0.3563221991620002,0.05039746250538434,0.33098836981634494,0.010181305556643303,0.31149312761874925
765,0.1011081959509731,0.35578572267690023,0.05020166816775659,0.3304538512746211,0.010181305556643303,0.31063946430669226
766,0.1008732427458198,0.3573481614911697,0.05024082703528214,0.3311215099659318,0.010063828954066649,0.3102909503857148
767,0.10012922426283431,0.3548713631201786,0.05008419156517994,0.32974899165916116,0.01014214668911775,0.31057876806202767
768,0.10063828954066649,0.3543348866350785,0.0505932568430121,0.3313623370012139,0.010181305556643303,0.31077260445627913
769,0.10016838313035988,0.35402357363825043,0.050514939107960996,0.3299702392606806,0.01014214668911775,0.31092923992638133
770,0.10048165407056428,0.35604612914594513,0.05020166816775659,0.3297705290363003,0.010220464424168853,0.31133257626189453
771,0.10005090652778321,0.35492226964796175,0.05082821004816541,0.3307025100834084,0.010063828954066649,0.31039667932803383
772,0.10071660727571759,0.3562693346908407,0.05027998590280769,0.3305067157457806,0.010024670086541097,0.3102948662724674
773,0.1008732427458198,0.35331479813603794,0.05020166816775659,0.33159729020636725,0.010063828954066649,0.3108430904178251
774,0.10024670086541097,0.3550749892313114,0.05055409797548655,0.33118024826722015,0.010181305556643303,0.3107549829658926
775,0.10063828954066649,0.35454047068958766,0.05055409797548655,0.33030504757802404,0.010181305556643303,0.3109214081528762
776,0.10114735481849865,0.3559404002036261,0.05090652778321651,0.3320515330696636,0.0101029878215922,0.31010690370834476
777,0.10165642009633082,0.3563359047656342,0.05063241571053765,0.33090417825116497,0.010063828954066649,0.3095410580726005
778,0.10173473783138191,0.35703489055096527,0.0504366213729099,0.3305419587265537,0.010220464424168853,0.31048087089321375
779,0.10130399028860085,0.3570407643810941,0.05039746250538434,0.3302658887104985,0.010063828954066649,0.31060813721267183
780,0.10122567255354975,0.3570035634569449,0.050162509300231035,0.3305830755374555,0.01014214668911775,0.3113521556956573
781,0.1009515604808709,0.3561283627677488,0.050671574578063205,0.33227669655793557,0.010063828954066649,0.3093844226024983
782,0.10001174766025767,0.3564044327838039,0.05047578024043545,0.32983514116771745,0.010063828954066649,0.3109311978697576
783,0.10146062575870306,0.3540803539961624,0.0507498923131143,0.33027567842737987,0.0101029878215922,0.31082351098406236
784,0.10048165407056428,0.35534126953048517,0.050162509300231035,0.3296706739241101,0.010024670086541097,0.3109311978697576
785,0.10044249520303873,0.3541665035047187,0.05082821004816541,0.33069076242315076,0.0101029878215922,0.31018717938677215
786,0.10028585973293652,0.35347730743626893,0.05055409797548655,0.3315855425461096,0.010181305556643303,0.3100403336335513
787,0.10099071934839644,0.3552061714375221,0.050514939107960996,0.33229823393507457,0.010063828954066649,0.31078435211653677
788,0.1011081959509731,0.3563594000861495,0.05047578024043545,0.3311528370599522,0.010220464424168853,0.3105493989113835
789,0.10102987821592199,0.3559717272976466,0.05020166816775659,0.33004268316560287,0.010181305556643303,0.31098406234091713
790,0.10059913067314093,0.35531385832321727,0.0504366213729099,0.3309903277597212,0.010181305556643303,0.310461291459451
791,0.10161726122880527,0.3562987038414849,0.05039746250538434,0.33199475271175155,0.010063828954066649,0.3102654971218232
792,0.10028585973293652,0.3549927556095078,0.05020166816775659,0.3309903277597212,0.0101029878215922,0.3104671652895798
793,0.1011081959509731,0.35402357363825043,0.050671574578063205,0.3309120100246701,0.010024670086541097,0.3112542585268434
794,0.1009515604808709,0.35710146062575865,0.05027998590280769,0.3309120100246701,0.010220464424168853,0.3105493989113835
795,0.10091240161334535,0.3553099424364648,0.050319144770333245,0.33118024826722015,0.01014214668911775,0.31072561381524844
796,0.10146062575870306,0.35577789090339507,0.050162509300231035,0.33155813133884166,0.01014214668911775,0.31030074010259623
797,0.10032501860046207,0.35385714845126676,0.05047578024043545,0.3320593648431687,0.0101029878215922,0.3105826839487802
798,0.10106903708344754,0.35620472255942365,0.05024082703528214,0.3313153463601832,0.010024670086541097,0.31117985667854486
799,0.1012648314210753,0.3580745584837686,0.050162509300231035,0.33084739789325296,0.01014214668911775,0.3103046559893488
800,0.10005090652778321,0.3530289384031014,0.050319144770333245,0.3304029447468379,0.0101029878215922,0.3106179269295532
801,0.1011081959509731,0.3562595449739594,0.051024004385793166,0.3318067901476289,0.01014214668911775,0.31048087089321375
802,0.10079492501076869,0.35612640482437247,0.0505932568430121,0.3312389865685085,0.010063828954066649,0.3111955202255551
803,0.10032501860046207,0.35797666131495476,0.05027998590280769,0.3299741551474331,0.010063828954066649,0.3106903708344755
804,0.10193053216900967,0.35758507263969924,0.05063241571053765,0.3301621177115558,0.010063828954066649,0.31131299682813174
805,0.10189137330148412,0.3546853584994322,0.05020166816775659,0.33012883267415905,0.01014214668911775,0.3108822492853507
806,0.1008732427458198,0.3567842737988018,0.05027998590280769,0.3305791596507029,0.010220464424168853,0.31115636135802954
807,0.10067744840819204,0.3564572972549634,0.05039746250538434,0.33065356149900144,0.010063828954066649,0.31001096448290716
808,0.10044249520303873,0.3555351059247367,0.05098484551826761,0.33091592591142266,0.01014214668911775,0.3108626698515879
809,0.1011865136860242,0.3561968907859185,0.05063241571053765,0.3309903277597212,0.010220464424168853,0.3098876140502017
810,0.10055997180561538,0.35626541880408824,0.050319144770333245,0.3308669773270157,0.010063828954066649,0.3100579551239378
811,0.10028585973293652,0.35467752672592706,0.05055409797548655,0.3303696597094412,0.01014214668911775,0.3101284410854838
812,0.10071660727571759,0.3560285076555586,0.05055409797548655,0.3313917061518581,0.01014214668911775,0.31096839879390686
813,0.1011865136860242,0.35415083995770846,0.05012335043270549,0.3302423933899831,0.010024670086541097,0.3101186513686024
814,0.1011865136860242,0.3572933390766339,0.05012335043270549,0.3303500802756784,0.010063828954066649,0.31082351098406236
815,0.10165642009633082,0.3546579472921643,0.05047578024043545,0.3307534166111916,0.0101029878215922,0.3100501233504327
816,0.10114735481849865,0.35906136194541255,0.05047578024043545,0.3320554489564162,0.010181305556643303,0.3110584641892156
817,0.1008732427458198,0.3567979794024356,0.05098484551826761,0.3297842346399342,0.010181305556643303,0.31047499706308496
818,0.10009006539530876,0.3567764420252966,0.05094568665074206,0.3293025805693699,0.010220464424168853,0.3107549829658926
819,0.10009006539530876,0.3561283627677488,0.05008419156517994,0.33049301014214666,0.0101029878215922,0.31048087089321375
820,0.1011865136860242,0.3574891334142617,0.05039746250538434,0.33079061753534084,0.01014214668911775,0.310553314798136
821,0.10181305556643303,0.3551826761170067,0.05008419156517994,0.33122919685162705,0.01014214668911775,0.31025570740494185
822,0.10161726122880527,0.35614598425813526,0.05063241571053765,0.33197713122136513,0.010181305556643303,0.3108098053804284
823,0.10200884990406077,0.35626737674746445,0.05090652778321651,0.3328640795708188,0.01014214668911775,0.3103418569134981
824,0.10138230802365196,0.35715432509691825,0.05004503269765438,0.3304479774444923,0.0101029878215922,0.3101382308023652
825,0.10114735481849865,0.3572541802091084,0.050319144770333245,0.331934056467087,0.010220464424168853,0.3105102400438579
826,0.1012648314210753,0.35592277871323963,0.05020166816775659,0.330050514939108,0.01014214668911775,0.3101323569722364
827,0.10146062575870306,0.35440928848337705,0.0507498923131143,0.331828327524768,0.010024670086541097,0.31058464189215645
828,0.1011865136860242,0.35638289540666485,0.050162509300231035,0.3291087441751185,0.0101029878215922,0.3102263382542977
829,0.10099071934839644,0.35626737674746445,0.050671574578063205,0.33105102400438574,0.010063828954066649,0.3105396091945021
830,0.1011081959509731,0.3552120452676508,0.050671574578063205,0.3292790852488546,0.0101029878215922,0.31069232877785175
831,0.10193053216900967,0.35528253122919684,0.05078905118063986,0.33181462192113403,0.0101029878215922,0.3106962446646043
832,0.10040333633551318,0.35401574186474527,0.05078905118063986,0.3301151270705251,0.010220464424168853,0.3105728942318988
833,0.10028585973293652,0.3556388769236794,0.050162509300231035,0.33023651955985434,0.010063828954066649,0.3107823941731605
834,0.10091240161334535,0.35308767670438973,0.05047578024043545,0.33038336531307516,0.010220464424168853,0.3111269922073854
835,0.10185221443395857,0.355721110545483,0.05008419156517994,0.3291733563065356,0.010063828954066649,0.3105983474957904
836,0.10193053216900967,0.3550886948349454,0.05039746250538434,0.3299408701100364,0.010063828954066649,0.3109018287191134
837,0.1012648314210753,0.3544523632376552,0.05000587383012883,0.3313075145866782,0.01014214668911775,0.3103829737243999
838,0.1009515604808709,0.35446411089791285,0.05020166816775659,0.3298664682617378,0.010063828954066649,0.3102948662724674
839,0.1008732427458198,0.3544288679171398,0.05098484551826761,0.3321553040686063,0.01014214668911775,0.31050045032697654
840,0.1014997846262286,0.3558738301288327,0.05086736891569096,0.33057720170732663,0.010220464424168853,0.3117868191251909
841,0.10016838313035988,0.35419978854211537,0.05078905118063986,0.3296785056976152,0.010024670086541097,0.3106179269295532
842,0.1014997846262286,0.3554000078317735,0.05004503269765438,0.3308415240631241,0.010220464424168853,0.3112640482437248
843,0.10161726122880527,0.3572404746054744,0.05063241571053765,0.3305537063868113,0.01014214668911775,0.3111661510749109
844,0.10005090652778321,0.3568723812507343,0.0505932568430121,0.32924188432470536,0.01014214668911775,0.31104867447233425
845,0.10130399028860085,0.3544719426714179,0.050319144770333245,0.3316325331871402,0.010181305556643303,0.31104867447233425
846,0.10028585973293652,0.354422994087011,0.05008419156517994,0.32976269726279517,0.010181305556643303,0.3099718056153816
847,0.10036417746798762,0.35603829737243997,0.05024082703528214,0.3296491365469711,0.01014214668911775,0.31191408544464894
848,0.10185221443395857,0.3555605591886283,0.05020166816775659,0.3304655989348788,0.010063828954066649,0.31062771664643457
849,0.10009006539530876,0.35503583036378594,0.05039746250538434,0.3302463092767357,0.010181305556643303,0.30979559071151663
850,0.10177389669890746,0.35444061557739753,0.05008419156517994,0.3308650193836394,0.010181305556643303,0.31111720249050395
851,0.10161726122880527,0.35582292360104945,0.05090652778321651,0.3306633512158828,0.010181305556643303,0.31138152484630144
852,0.10134314915612641,0.3557054469984728,0.050671574578063205,0.33230214982182715,0.010063828954066649,0.3102948662724674
853,0.10020754199788542,0.35494576496847713,0.05039746250538434,0.33078474370521205,0.010063828954066649,0.3107980577201708
854,0.10020754199788542,0.3551591807964914,0.0507498923131143,0.3309022203077887,0.01014214668911775,0.30972706269334693
855,0.10196969103653522,0.356284998237851,0.05020166816775659,0.3302012765790813,0.010181305556643303,0.31029878215921997
856,0.10138230802365196,0.3577045071856522,0.05082821004816541,0.3302032345224576,0.010181305556643303,0.3107549829658926
857,0.10181305556643303,0.3561616478051454,0.05024082703528214,0.3307103418569135,0.010063828954066649,0.31039667932803383
858,0.1014997846262286,0.35624192348357286,0.050671574578063205,0.3309237576849278,0.010220464424168853,0.3106218428163058
859,0.10016838313035988,0.3551219798723421,0.05004503269765438,0.329944785996789,0.0101029878215922,0.3106179269295532
860,0.10059913067314093,0.35652386732975677,0.05020166816775659,0.330833692289619,0.0101029878215922,0.31058464189215645
861,0.10181305556643303,0.3564729608019736,0.050671574578063205,0.3304499353878686,0.010063828954066649,0.3106805811175941
862,0.10012922426283431,0.3555566433018757,0.05055409797548655,0.3316109958100012,0.010063828954066649,0.31026353917844696
863,0.1011865136860242,0.3564553393115871,0.05027998590280769,0.3309492109488194,0.010220464424168853,0.31078435211653677
864,0.1012648314210753,0.3555801386223911,0.05078905118063986,0.3321278928613385,0.010063828954066649,0.3103731840075185
865,0.10040333633551318,0.3555331479813604,0.050358303637858794,0.3305967811410894,0.010220464424168853,0.31113090809413796
866,0.10142146689117751,0.354493480048557,0.050671574578063205,0.33074166895093393,0.01014214668911775,0.31029878215921997
867,0.10157810236127972,0.35735990915142735,0.050319144770333245,0.3304479774444923,0.010063828954066649,0.3108626698515879
868,0.10181305556643303,0.35770450718565217,0.05094568665074206,0.33067509887614055,0.010220464424168853,0.31066687551396016
869,0.10059913067314093,0.35635940008614947,0.050319144770333245,0.3305145475192858,0.010024670086541097,0.30992677291772724
870,0.10083408387829423,0.35752829228178723,0.05090652778321651,0.32932020205975643,0.0101029878215922,0.31066687551396016
871,0.10106903708344754,0.3564768766887262,0.050671574578063205,0.33150918275443475,0.010024670086541097,0.31072561381524844
872,0.10185221443395857,0.35599522261816186,0.05047578024043545,0.3314034538121157,0.010181305556643303,0.31050045032697654
873,0.10130399028860085,0.3529956533657047,0.05004503269765438,0.33076320632807305,0.010181305556643303,0.3102733288953283
874,0.10138230802365196,0.3568762971374868,0.05004503269765438,0.32972158045189337,0.01014214668911775,0.3116066883345734
875,0.10063828954066649,0.3587872498727337,0.05027998590280769,0.3308219446293613,0.010063828954066649,0.31027137095195206
876,0.10196969103653522,0.35791009124016127,0.05047578024043545,0.3311939538708541,0.010181305556643303,0.31065316991032615
877,0.1014997846262286,0.3546520734620355,0.050514939107960996,0.3321553040686063,0.0101029878215922,0.3105905157222853
878,0.10169557896385636,0.3545600501233504,0.05027998590280769,0.3307455848376865,0.0101029878215922,0.3102948662724674
879,0.10181305556643303,0.3575557034890551,0.05039746250538434,0.3305732858205741,0.010181305556643303,0.31102909503857146
880,0.10173473783138191,0.3578121940713475,0.05024082703528214,0.3289442769315111,0.010181305556643303,0.3103731840075185
881,0.1012648314210753,0.3565610682539061,0.05047578024043545,0.3308826408740259,0.01014214668911775,0.3113227865450131
882,0.10181305556643303,0.3554646199631907,0.05027998590280769,0.3306457297254964,0.010220464424168853,0.31067666523084153
883,0.1011081959509731,0.35622038610643386,0.05047578024043545,0.33084739789325296,0.010024670086541097,0.31033598308336924
884,0.10106903708344754,0.354691232329561,0.050671574578063205,0.330622234404981,0.0101029878215922,0.31017151583976194
885,0.10055997180561538,0.3538708540549007,0.05094568665074206,0.3326741590633199,0.010024670086541097,0.3111837725652974
886,0.10048165407056428,0.35564670869718445,0.05078905118063986,0.3314386967928888,0.010063828954066649,0.31177311352155695
887,0.10134314915612641,0.3556134236597877,0.0507498923131143,0.3314230332458785,0.010063828954066649,0.3110976230567412
888,0.10157810236127972,0.356469044915221,0.050710733445588754,0.3308865567607785,0.010024670086541097,0.3095900066570075
889,0.10146062575870306,0.35562908720679803,0.050319144770333245,0.3292653796452207,0.01014214668911775,0.3108528801347065
890,0.10016838313035988,0.3545189333124486,0.05027998590280769,0.3322649488976778,0.010063828954066649,0.30994243646473746
891,0.10012922426283431,0.35366918588714413,0.051024004385793166,0.33080432313897484,0.0101029878215922,0.3102067588205349
892,0.10083408387829423,0.35582879743117835,0.050671574578063205,0.3312761874926577,0.010063828954066649,0.31003054391666995
893,0.10009006539530876,0.35636527391627837,0.05027998590280769,0.33011316912714883,0.0101029878215922,0.31009907193483965
894,0.10200884990406077,0.3568586756471002,0.05090652778321651,0.3298292673375886,0.01014214668911775,0.31043192230880684
895,0.10075576614324314,0.3556545404706896,0.05047578024043545,0.3308650193836394,0.010063828954066649,0.30994047852136114
896,0.1011081959509731,0.3561322786545013,0.0507498923131143,0.3310001174766026,0.010181305556643303,0.3103810157810236
897,0.10063828954066649,0.35452480714257745,0.05020166816775659,0.33021694012609154,0.010063828954066649,0.3105102400438579
898,0.10106903708344754,0.35769667541214706,0.05008419156517994,0.3290578376473352,0.01014214668911775,0.3096487449582958
899,0.10106903708344754,0.3568528018169715,0.05098484551826761,0.3307553745545679,0.010024670086541097,0.3105219877041156
900,0.10157810236127972,0.35628891412460356,0.0504366213729099,0.33148372949054317,0.010181305556643303,0.3110388847554529
901,0.10169557896385636,0.3562066805027999,0.05012335043270549,0.330318753181658,0.010063828954066649,0.31057876806202767
902,0.10059913067314093,0.3550906527783217,0.050671574578063205,0.3301875709754474,0.01014214668911775,0.31072561381524844
903,0.10138230802365196,0.35540588166190235,0.05020166816775659,0.33041077652034306,0.01014214668911775,0.3107745623996554
904,0.10083408387829423,0.35826839487802015,0.05055409797548655,0.3322904021615695,0.010024670086541097,0.3104710811763324
905,0.1014997846262286,0.35470102204644244,0.050358303637858794,0.3309981595332263,0.010181305556643303,0.3097172729764655
906,0.10036417746798762,0.3563319888788816,0.05082821004816541,0.330776911931707,0.0101029878215922,0.31074519324901123
907,0.10012922426283431,0.3542095782589968,0.050514939107960996,0.330530211066296,0.010181305556643303,0.31066687551396016
908,0.10196969103653522,0.35509261072169795,0.05012335043270549,0.3313760426048479,0.01014214668911775,0.3102948662724674
909,0.10067744840819204,0.3561968907859185,0.050514939107960996,0.3304264400673533,0.010181305556643303,0.3111759407917923
910,0.10106903708344754,0.35571132082860163,0.05078905118063986,0.329429846888828,0.010024670086541097,0.310461291459451
911,0.1012648314210753,0.3549770920624975,0.05086736891569096,0.331150879116576,0.010063828954066649,0.311081959509731
912,0.10185221443395857,0.35740689979245804,0.05024082703528214,0.32913811332576265,0.01014214668911775,0.3108430904178251
913,0.10012922426283431,0.3567079140071269,0.05039746250538434,0.33080823902572737,0.0101029878215922,0.3103712260641422
914,0.10012922426283431,0.3545815875004895,0.0505932568430121,0.3304851783686416,0.010024670086541097,0.3103144457062302
915,0.10075576614324314,0.35782394173160514,0.05082821004816541,0.3304695148216314,0.010063828954066649,0.31102909503857146
916,0.10016838313035988,0.356469044915221,0.050358303637858794,0.32983709911109366,0.0101029878215922,0.3100599130673141
917,0.10055997180561538,0.3558170497709206,0.05008419156517994,0.3301366644476642,0.010024670086541097,0.3101186513686024
918,0.10106903708344754,0.35687629713748675,0.050162509300231035,0.33104710811763327,0.010181305556643303,0.31126796413047736
919,0.1012648314210753,0.3569839840231821,0.05094568665074206,0.33170889297881506,0.010220464424168853,0.310461291459451
920,0.10153894349375416,0.35527078356893915,0.05082821004816541,0.3304225241806007,0.010024670086541097,0.3103046559893488
921,0.10024670086541097,0.35617339546540316,0.0505932568430121,0.3306653091592591,0.010063828954066649,0.3101284410854838
922,0.10114735481849865,0.35514547519285744,0.050671574578063205,0.3300994635235149,0.010181305556643303,0.3105905157222853
923,0.1012648314210753,0.354387751106238,0.05039746250538434,0.33156987899909934,0.01014214668911775,0.31062771664643457
924,0.10185221443395857,0.35721502134158284,0.05094568665074206,0.33093354740180914,0.01014214668911775,0.31064925402357363
925,0.10028585973293652,0.35528057328582063,0.05082821004816541,0.3307553745545679,0.0101029878215922,0.31091161843599485
926,0.10028585973293652,0.3559247366566159,0.05039746250538434,0.3307044680267847,0.010024670086541097,0.31043779613893563
927,0.10012922426283431,0.35356345694482516,0.0507498923131143,0.33118024826722015,0.0101029878215922,0.3107510670791401
928,0.1011865136860242,0.35485765751654463,0.0504366213729099,0.3300837999765047,0.01014214668911775,0.31072561381524844
929,0.10102987821592199,0.3569369933821514,0.05027998590280769,0.3298938794690058,0.0101029878215922,0.3109899361710459
930,0.10138230802365196,0.3548047930453851,0.05078905118063986,0.33063202412186243,0.01014214668911775,0.3106864549477229
931,0.10122567255354975,0.3564063907271802,0.05024082703528214,0.3301836550886948,0.010024670086541097,0.31049066061009517
932,0.10173473783138191,0.3568900027411207,0.050162509300231035,0.33068097270626934,0.010024670086541097,0.3104025531581627
933,0.10055997180561538,0.35551748443435016,0.0507498923131143,0.33175979950659823,0.0101029878215922,0.3111074127736226
934,0.10193053216900967,0.35527665739906805,0.050162509300231035,0.33148960332067196,0.01014214668911775,0.31066687551396016
935,0.10020754199788542,0.35436621372909893,0.05086736891569096,0.3314993930375534,0.010063828954066649,0.3107491091357638
936,0.10063828954066649,0.35615185808826405,0.05086736891569096,0.33135842111446134,0.010220464424168853,0.31099972588792735
937,0.1008732427458198,0.35424090535301717,0.05024082703528214,0.33038532325645137,0.010181305556643303,0.31049066061009517
938,0.1011865136860242,0.3566256803853232,0.050710733445588754,0.3304871363120178,0.010181305556643303,0.3105396091945021
939,0.10142146689117751,0.354867447233426,0.05094568665074206,0.33078474370521205,0.010220464424168853,0.31068449700434664
940,0.10036417746798762,0.3547989192152563,0.050671574578063205,0.3318870658260563,0.010024670086541097,0.3100403336335513
941,0.10130399028860085,0.35673140932764225,0.05086736891569096,0.3313251360770646,0.0101029878215922,0.3101969691036535
942,0.1011865136860242,0.35471864353682897,0.050358303637858794,0.32996632337392806,0.010181305556643303,0.30983474957904217
943,0.10040333633551318,0.3539981203743588,0.05012335043270549,0.330446019501116,0.010220464424168853,0.31089203900223206
944,0.10130399028860085,0.3554391666992991,0.05086736891569096,0.33116066883345735,0.010220464424168853,0.3110623800759682
945,0.10173473783138191,0.356623722441947,0.050671574578063205,0.3296491365469711,0.010181305556643303,0.31130320711125037
946,0.10173473783138191,0.35562517132004545,0.050514939107960996,0.33059286525433684,0.010024670086541097,0.31043192230880684
947,0.10099071934839644,0.3565082037827466,0.050319144770333245,0.33043427184085833,0.0101029878215922,0.3105454830246309
948,0.10005090652778321,0.35622234404981007,0.0505932568430121,0.3306692250460117,0.010024670086541097,0.310637506363316
949,0.10114735481849865,0.3573755726984376,0.05004503269765438,0.33024826722011197,0.0101029878215922,0.31057876806202767
950,0.10091240161334535,0.35583858714805966,0.05024082703528214,0.3301875709754474,0.01014214668911775,0.31017543172651446
951,0.10044249520303873,0.35610878333398593,0.05024082703528214,0.3323354348592239,0.01014214668911775,0.3109214081528762
952,0.10028585973293652,0.3550182088733994,0.05090652778321651,0.3323569722363629,0.010024670086541097,0.3100129224262834
953,0.10032501860046207,0.35562321337666913,0.0507498923131143,0.33181853780788656,0.0101029878215922,0.3106355484199397
954,0.10122567255354975,0.35626150291733566,0.05090652778321651,0.33126443983240006,0.0101029878215922,0.310637506363316
955,0.10005090652778321,0.35637506363315974,0.050514939107960996,0.3300779261463759,0.01014214668911775,0.3100892822179583
956,0.10044249520303873,0.35453263891608255,0.0504366213729099,0.3300642205427419,0.0101029878215922,0.3106688334573364
957,0.10157810236127972,0.3553353957003564,0.05055409797548655,0.3310823510984062,0.010024670086541097,0.3111015389434938
958,0.10009006539530876,0.35367114383052045,0.0507498923131143,0.33058699142420805,0.010181305556643303,0.31071582409836707
959,0.10173473783138191,0.35824685750088114,0.05008419156517994,0.329874300035243,0.010181305556643303,0.31048087089321375
960,0.10055997180561538,0.3571758624740573,0.050710733445588754,0.33065551944237775,0.010024670086541097,0.3103536045737557
961,0.10193053216900967,0.3560754982965893,0.0507498923131143,0.3303070055214003,0.010181305556643303,0.3108430904178251
962,0.10189137330148412,0.35514155930610486,0.0505932568430121,0.3303853232564515,0.010063828954066649,0.3104515017425696
963,0.10102987821592199,0.35508869483494543,0.05027998590280769,0.3297254963386459,0.0101029878215922,0.3105219877041156
964,0.1011865136860242,0.3564044327838039,0.05094568665074206,0.33021694012609154,0.010024670086541097,0.3099365626346086
965,0.10200884990406077,0.35587578807220893,0.05082821004816541,0.3308141128558562,0.010063828954066649,0.3103731840075185
966,0.10075576614324314,0.35728746524650506,0.050514939107960996,0.3309022203077887,0.010063828954066649,0.3108470063045777
967,0.1011865136860242,0.35547440968007205,0.05024082703528214,0.3315013509809296,0.010024670086541097,0.31028116066883343
968,0.1011081959509731,0.3561518580882641,0.050162509300231035,0.3303579120491836,0.010181305556643303,0.30985824489955754
969,0.1014997846262286,0.35725809609586096,0.05082821004816541,0.33207894427693146,0.0101029878215922,0.3104691232329561
970,0.1011081959509731,0.35783177350511025,0.05047578024043545,0.33058111759407915,0.010024670086541097,0.31082351098406236
971,0.10106903708344754,0.3556192974899166,0.05012335043270549,0.3311430473430708,0.010063828954066649,0.31140110428006423
972,0.1012648314210753,0.3540098680346164,0.050319144770333245,0.33032071112503425,0.010063828954066649,0.31043192230880684
973,0.10048165407056428,0.3547382229705917,0.05027998590280769,0.3309942436464738,0.010181305556643303,0.310637506363316
974,0.10169557896385636,0.3551278537024709,0.05086736891569096,0.3298214355640835,0.01014214668911775,0.31071973998511965
975,0.10189137330148412,0.3547127697067001,0.05039746250538434,0.3313290519638172,0.010063828954066649,0.3108528801347065
976,0.10114735481849865,0.35527665739906805,0.05039746250538434,0.3308121549124799,0.010181305556643303,0.31098602028429334
977,0.1012648314210753,0.3562732505775933,0.05024082703528214,0.33080040725222226,0.01014214668911775,0.31073540353212986
978,0.10130399028860085,0.35524533030504757,0.05008419156517994,0.33153463601832633,0.010181305556643303,0.3105474409680072
979,0.1012648314210753,0.35538826017151587,0.05012335043270549,0.33151701452793986,0.0101029878215922,0.3100755766143243
980,0.1009515604808709,0.3566217644985707,0.05004503269765438,0.3297411598856561,0.010024670086541097,0.31078435211653677
981,0.10153894349375416,0.35584641892156477,0.05090652778321651,0.32966480009398125,0.010181305556643303,0.31097818851078823
982,0.10009006539530876,0.3566315542154521,0.0507498923131143,0.331031444570623,0.01014214668911775,0.3102263382542977
983,0.10169557896385636,0.3545228491992012,0.0505932568430121,0.33087872498727333,0.01014214668911775,0.3105865998355328
984,0.1009515604808709,0.35576614324313743,0.05008419156517994,0.33107647726827744,0.010220464424168853,0.3110878333398598
985,0.10044249520303873,0.35490660610095154,0.05012335043270549,0.3314073696988683,0.010063828954066649,0.3106296745898109
986,0.10071660727571759,0.3541665035047187,0.05098484551826761,0.3310940987586639,0.010181305556643303,0.31122488937619924
987,0.10196969103653522,0.35414496612757956,0.050514939107960996,0.3302463092767357,0.010024670086541097,0.31023612797117905
988,0.1011081959509731,0.35681168500606963,0.05086736891569096,0.33123702862513216,0.010063828954066649,0.31014802051924656
989,0.10102987821592199,0.35468144261267964,0.05012335043270549,0.3293906880213024,0.01014214668911775,0.3103301092532404
990,0.10071660727571759,0.3568939186278733,0.05024082703528214,0.33041077652034306,0.01014214668911775,0.3105493989113835
991,0.10091240161334535,0.3571817363041861,0.05047578024043545,0.3310138230802365,0.0101029878215922,0.31082155304068604
992,0.10071660727571759,0.35543720875592283,0.05039746250538434,0.32831381916434976,0.0101029878215922,0.3103731840075185
993,0.1011865136860242,0.3558992833927243,0.050162509300231035,0.33037553353957,0.0101029878215922,0.3103927634412813
994,0.10048165407056428,0.35614206837138274,0.0507498923131143,0.3321553040686063,0.01014214668911775,0.31082351098406236
995,0.10012922426283431,0.3550514939107961,0.05082821004816541,0.3303579120491836,0.010181305556643303,0.3109703567372832
996,0.10122567255354975,0.3568430121000901,0.05027998590280769,0.33121744919136936,0.010181305556643303,0.31133257626189453
997,0.10122567255354975,0.35725809609586096,0.05004503269765438,0.33027959431413245,0.010220464424168853,0.31063163253318715
998,0.10122567255354975,0.3529780318753182,0.05078905118063986,0.3296295571132083,0.010063828954066649,0.31087637545522184
999,0.10091240161334535,0.35540588166190235,0.050671574578063205,0.3305341269530485,0.010220464424168853,0.31001096448290716
1000,0.10052081293808983,0.35490660610095154,0.050514939107960996,0.3316971453185574,0.010181305556643303,0.3106179269295532
1001,0.10161726122880527,0.35611074127736225,0.050162509300231035,0.33155421545208913,0.01014214668911775,0.3103986372714101
1002,0.10193053216900967,0.35710146062575865,0.05086736891569096,0.3321063554841994,0.010181305556643303,0.31038688961115246
1003,0.10189137330148412,0.3576810118651368,0.050319144770333245,0.3303794494263226,0.0101029878215922,0.3105474409680072
1004,0.1009515604808709,0.3557113208286017,0.050671574578063205,0.3305909073109605,0.01014214668911775,0.3105396091945021
1005,0.10099071934839644,0.3539550456200807,0.05086736891569096,0.33100990719348394,0.010181305556643303,0.31122488937619924
1006,0.10200884990406077,0.3555605591886283,0.051024004385793166,0.3313877902651055,0.010181305556643303,0.3102459176880605
1007,0.10193053216900967,0.3563280729921291,0.0505932568430121,0.32999765046794843,0.010181305556643303,0.31041234287504404
1008,0.10153894349375416,0.3564749187453499,0.05027998590280769,0.3310999725887927,0.010063828954066649,0.3113521556956573
1009,0.10185221443395857,0.3564005168970513,0.05027998590280769,0.3308611034968869,0.010024670086541097,0.31082351098406236
1010,0.10075576614324314,0.3564083486705565,0.050671574578063205,0.3314152014723734,0.0101029878215922,0.31112503426400906
1011,0.1009515604808709,0.35534518541723775,0.05004503269765438,0.33127031366252885,0.01014214668911775,0.3106786231742178
1012,0.10032501860046207,0.35639072718016995,0.05024082703528214,0.33179504248737124,0.01014214668911775,0.3103731840075185
1013,0.10196969103653522,0.3561968907859185,0.0504366213729099,0.32984101499784624,0.0101029878215922,0.3104221325919254
1014,0.10036417746798762,0.35680972706269337,0.05094568665074206,0.33241571053765123,0.01014214668911775,0.31043975408231195
1015,0.10040333633551318,0.35466969495242195,0.0505932568430121,0.3320182480322669,0.010063828954066649,0.3102968242158437
1016,0.10052081293808983,0.3547166855934526,0.0507498923131143,0.33017582331518974,0.010024670086541097,0.31032423542311155
1017,0.10048165407056428,0.35417237733484747,0.0504366213729099,0.3308023651955985,0.010063828954066649,0.31170458550338725
1018,0.10044249520303873,0.35565062458393704,0.05012335043270549,0.33059286525433684,0.010181305556643303,0.3108528801347065
1019,0.10134314915612641,0.35539021811489213,0.051024004385793166,0.3305008419156518,0.010024670086541097,0.31067666523084153
1020,0.10177389669890746,0.3569781101930532,0.05047578024043545,0.33157771077260445,0.01014214668911775,0.31113678192426675
1021,0.10083408387829423,0.35542741903904135,0.050671574578063205,0.3312938089830442,0.010063828954066649,0.3100344598034225
1022,0.1009515604808709,0.35822727806711835,0.0505932568430121,0.3313545052277089,0.0101029878215922,0.3099718056153816
1023,0.10012922426283431,0.3554372087559228,0.05024082703528214,0.3322649488976778,0.010063828954066649,0.3108176371539335
