tag,method,p,eps,K,n,reps,cert,false,G_sel,V_sel,cost_sel,slack,slack_min,V_deploy,V_deploy_sd,cost_deploy,cert_rate,cert_lo,cert_hi,false_rate,false_lo,false_hi
stress_interp,cdf_empbernstein,0.9,0.2,32,2000,500,0,0,,,,,,,,,0.0,0.0,0.007624618530903363,0.0,0.0,0.007624618530903363
stress_interp,cdf_empbernstein,0.9,0.2,32,5000,500,0,0,,,,,,,,,0.0,0.0,0.007624618530903363,0.0,0.0,0.007624618530903363
stress_interp,cdf_empbernstein,0.9,0.2,32,10000,500,0,0,,,,,,,,,0.0,0.0,0.007624618530903363,0.0,0.0,0.007624618530903363
stress_interp,cdf_empbernstein,0.9,0.2,32,20000,500,0,0,,,,,,,,,0.0,0.0,0.007624618530903363,0.0,0.0,0.007624618530903363
stress_interp,cdf_empbernstein,0.9,0.2,32,50000,500,0,0,,,,,,,,,0.0,0.0,0.007624618530903363,0.0,0.0,0.007624618530903363
stress_interp,cdf_empbernstein,0.9,0.2,128,2000,500,0,0,,,,,,,,,0.0,0.0,0.007624618530903363,0.0,0.0,0.007624618530903363
stress_interp,cdf_empbernstein,0.9,0.2,128,5000,500,0,0,,,,,,,,,0.0,0.0,0.007624618530903363,0.0,0.0,0.007624618530903363
stress_interp,cdf_empbernstein,0.9,0.2,128,10000,500,0,0,,,,,,,,,0.0,0.0,0.007624618530903363,0.0,0.0,0.007624618530903363
stress_interp,cdf_empbernstein,0.9,0.2,128,20000,500,0,0,,,,,,,,,0.0,0.0,0.007624618530903363,0.0,0.0,0.007624618530903363
stress_interp,cdf_empbernstein,0.9,0.2,128,50000,500,0,0,,,,,,,,,0.0,0.0,0.007624618530903363,0.0,0.0,0.007624618530903363
stress_interp,cdf_empbernstein,0.9,0.2,1024,2000,500,0,0,,,,,,,,,0.0,0.0,0.007624618530903363,0.0,0.0,0.007624618530903363
stress_interp,cdf_empbernstein,0.9,0.2,1024,5000,500,0,0,,,,,,,,,0.0,0.0,0.007624618530903363,0.0,0.0,0.007624618530903363
stress_interp,cdf_empbernstein,0.9,0.2,1024,10000,500,0,0,,,,,,,,,0.0,0.0,0.007624618530903363,0.0,0.0,0.007624618530903363
stress_interp,cdf_empbernstein,0.9,0.2,1024,20000,500,0,0,,,,,,,,,0.0,0.0,0.007624618530903363,0.0,0.0,0.007624618530903363
stress_interp,cdf_empbernstein,0.9,0.2,1024,50000,500,0,0,,,,,,,,,0.0,0.0,0.007624618530903363,0.0,0.0,0.007624618530903363
stress_interp,cdf_empbernstein,0.9,0.5,32,2000,500,0,0,,,,,,,,,0.0,0.0,0.007624618530903363,0.0,0.0,0.007624618530903363
stress_interp,cdf_empbernstein,0.9,0.5,32,5000,500,0,0,,,,,,,,,0.0,0.0,0.007624618530903363,0.0,0.0,0.007624618530903363
stress_interp,cdf_empbernstein,0.9,0.5,32,10000,500,0,0,,,,,,,,,0.0,0.0,0.007624618530903363,0.0,0.0,0.007624618530903363
stress_interp,cdf_empbernstein,0.9,0.5,32,20000,500,0,0,,,,,,,,,0.0,0.0,0.007624618530903363,0.0,0.0,0.007624618530903363
stress_interp,cdf_empbernstein,0.9,0.5,32,50000,500,0,0,,,,,,,,,0.0,0.0,0.007624618530903363,0.0,0.0,0.007624618530903363
stress_interp,cdf_empbernstein,0.9,0.5,128,2000,500,0,0,,,,,,,,,0.0,0.0,0.007624618530903363,0.0,0.0,0.007624618530903363
stress_interp,cdf_empbernstein,0.9,0.5,128,5000,500,0,0,,,,,,,,,0.0,0.0,0.007624618530903363,0.0,0.0,0.007624618530903363
stress_interp,cdf_empbernstein,0.9,0.5,128,10000,500,0,0,,,,,,,,,0.0,0.0,0.007624618530903363,0.0,0.0,0.007624618530903363
stress_interp,cdf_empbernstein,0.9,0.5,128,20000,500,0,0,,,,,,,,,0.0,0.0,0.007624618530903363,0.0,0.0,0.007624618530903363
stress_interp,cdf_empbernstein,0.9,0.5,128,50000,500,0,0,,,,,,,,,0.0,0.0,0.007624618530903363,0.0,0.0,0.007624618530903363
stress_interp,cdf_empbernstein,0.9,0.5,1024,2000,500,0,0,,,,,,,,,0.0,0.0,0.007624618530903363,0.0,0.0,0.007624618530903363
stress_interp,cdf_empbernstein,0.9,0.5,1024,5000,500,0,0,,,,,,,,,0.0,0.0,0.007624618530903363,0.0,0.0,0.007624618530903363
stress_interp,cdf_empbernstein,0.9,0.5,1024,10000,500,0,0,,,,,,,,,0.0,0.0,0.007624618530903363,0.0,0.0,0.007624618530903363
stress_interp,cdf_empbernstein,0.9,0.5,1024,20000,500,0,0,,,,,,,,,0.0,0.0,0.007624618530903363,0.0,0.0,0.007624618530903363
stress_interp,cdf_empbernstein,0.9,0.5,1024,50000,500,0,0,,,,,,,,,0.0,0.0,0.007624618530903363,0.0,0.0,0.007624618530903363
stress_interp,cdf_empbernstein,0.9,1.0,32,2000,500,0,0,,,,,,,,,0.0,0.0,0.007624618530903363,0.0,0.0,0.007624618530903363
stress_interp,cdf_empbernstein,0.9,1.0,32,5000,500,0,0,,,,,,,,,0.0,0.0,0.007624618530903363,0.0,0.0,0.007624618530903363
stress_interp,cdf_empbernstein,0.9,1.0,32,10000,500,0,0,,,,,,,,,0.0,0.0,0.007624618530903363,0.0,0.0,0.007624618530903363
stress_interp,cdf_empbernstein,0.9,1.0,32,20000,500,0,0,,,,,,,,,0.0,0.0,0.007624618530903363,0.0,0.0,0.007624618530903363
stress_interp,cdf_empbernstein,0.9,1.0,32,50000,500,0,0,,,,,,,,,0.0,0.0,0.007624618530903363,0.0,0.0,0.007624618530903363
stress_interp,cdf_empbernstein,0.9,1.0,128,2000,500,0,0,,,,,,,,,0.0,0.0,0.007624618530903363,0.0,0.0,0.007624618530903363
stress_interp,cdf_empbernstein,0.9,1.0,128,5000,500,0,0,,,,,,,,,0.0,0.0,0.007624618530903363,0.0,0.0,0.007624618530903363
stress_interp,cdf_empbernstein,0.9,1.0,128,10000,500,0,0,,,,,,,,,0.0,0.0,0.007624618530903363,0.0,0.0,0.007624618530903363
stress_interp,cdf_empbernstein,0.9,1.0,128,20000,500,0,0,,,,,,,,,0.0,0.0,0.007624618530903363,0.0,0.0,0.007624618530903363
stress_interp,cdf_empbernstein,0.9,1.0,128,50000,500,0,0,,,,,,,,,0.0,0.0,0.007624618530903363,0.0,0.0,0.007624618530903363
stress_interp,cdf_empbernstein,0.9,1.0,1024,2000,500,0,0,,,,,,,,,0.0,0.0,0.007624618530903363,0.0,0.0,0.007624618530903363
stress_interp,cdf_empbernstein,0.9,1.0,1024,5000,500,0,0,,,,,,,,,0.0,0.0,0.007624618530903363,0.0,0.0,0.007624618530903363
stress_interp,cdf_empbernstein,0.9,1.0,1024,10000,500,0,0,,,,,,,,,0.0,0.0,0.007624618530903363,0.0,0.0,0.007624618530903363
stress_interp,cdf_empbernstein,0.9,1.0,1024,20000,500,0,0,,,,,,,,,0.0,0.0,0.007624618530903363,0.0,0.0,0.007624618530903363
stress_interp,cdf_empbernstein,0.9,1.0,1024,50000,500,0,0,,,,,,,,,0.0,0.0,0.007624618530903363,0.0,0.0,0.007624618530903363
stress_interp,cdf_empbernstein,0.95,0.2,32,2000,500,0,0,,,,,,,,,0.0,0.0,0.007624618530903363,0.0,0.0,0.007624618530903363
stress_interp,cdf_empbernstein,0.95,0.2,32,5000,500,0,0,,,,,,,,,0.0,0.0,0.007624618530903363,0.0,0.0,0.007624618530903363
stress_interp,cdf_empbernstein,0.95,0.2,32,10000,500,0,0,,,,,,,,,0.0,0.0,0.007624618530903363,0.0,0.0,0.007624618530903363
stress_interp,cdf_empbernstein,0.95,0.2,32,20000,500,0,0,,,,,,,,,0.0,0.0,0.007624618530903363,0.0,0.0,0.007624618530903363
stress_interp,cdf_empbernstein,0.95,0.2,32,50000,500,0,0,,,,,,,,,0.0,0.0,0.007624618530903363,0.0,0.0,0.007624618530903363
stress_interp,cdf_empbernstein,0.95,0.2,128,2000,500,0,0,,,,,,,,,0.0,0.0,0.007624618530903363,0.0,0.0,0.007624618530903363
stress_interp,cdf_empbernstein,0.95,0.2,128,5000,500,0,0,,,,,,,,,0.0,0.0,0.007624618530903363,0.0,0.0,0.007624618530903363
stress_interp,cdf_empbernstein,0.95,0.2,128,10000,500,0,0,,,,,,,,,0.0,0.0,0.007624618530903363,0.0,0.0,0.007624618530903363
stress_interp,cdf_empbernstein,0.95,0.2,128,20000,500,0,0,,,,,,,,,0.0,0.0,0.007624618530903363,0.0,0.0,0.007624618530903363
stress_interp,cdf_empbernstein,0.95,0.2,128,50000,500,0,0,,,,,,,,,0.0,0.0,0.007624618530903363,0.0,0.0,0.007624618530903363
stress_interp,cdf_empbernstein,0.95,0.2,1024,2000,500,0,0,,,,,,,,,0.0,0.0,0.007624618530903363,0.0,0.0,0.007624618530903363
stress_interp,cdf_empbernstein,0.95,0.2,1024,5000,500,0,0,,,,,,,,,0.0,0.0,0.007624618530903363,0.0,0.0,0.007624618530903363
stress_interp,cdf_empbernstein,0.95,0.2,1024,10000,500,0,0,,,,,,,,,0.0,0.0,0.007624618530903363,0.0,0.0,0.007624618530903363
stress_interp,cdf_empbernstein,0.95,0.2,1024,20000,500,0,0,,,,,,,,,0.0,0.0,0.007624618530903363,0.0,0.0,0.007624618530903363
stress_interp,cdf_empbernstein,0.95,0.2,1024,50000,500,0,0,,,,,,,,,0.0,0.0,0.007624618530903363,0.0,0.0,0.007624618530903363
stress_interp,cdf_empbernstein,0.95,0.5,32,2000,500,0,0,,,,,,,,,0.0,0.0,0.007624618530903363,0.0,0.0,0.007624618530903363
stress_interp,cdf_empbernstein,0.95,0.5,32,5000,500,0,0,,,,,,,,,0.0,0.0,0.007624618530903363,0.0,0.0,0.007624618530903363
stress_interp,cdf_empbernstein,0.95,0.5,32,10000,500,0,0,,,,,,,,,0.0,0.0,0.007624618530903363,0.0,0.0,0.007624618530903363
stress_interp,cdf_empbernstein,0.95,0.5,32,20000,500,0,0,,,,,,,,,0.0,0.0,0.007624618530903363,0.0,0.0,0.007624618530903363
stress_interp,cdf_empbernstein,0.95,0.5,32,50000,500,0,0,,,,,,,,,0.0,0.0,0.007624618530903363,0.0,0.0,0.007624618530903363
stress_interp,cdf_empbernstein,0.95,0.5,128,2000,500,0,0,,,,,,,,,0.0,0.0,0.007624618530903363,0.0,0.0,0.007624618530903363
stress_interp,cdf_empbernstein,0.95,0.5,128,5000,500,0,0,,,,,,,,,0.0,0.0,0.007624618530903363,0.0,0.0,0.007624618530903363
stress_interp,cdf_empbernstein,0.95,0.5,128,10000,500,0,0,,,,,,,,,0.0,0.0,0.007624618530903363,0.0,0.0,0.007624618530903363
stress_interp,cdf_empbernstein,0.95,0.5,128,20000,500,0,0,,,,,,,,,0.0,0.0,0.007624618530903363,0.0,0.0,0.007624618530903363
stress_interp,cdf_empbernstein,0.95,0.5,128,50000,500,0,0,,,,,,,,,0.0,0.0,0.007624618530903363,0.0,0.0,0.007624618530903363
stress_interp,cdf_empbernstein,0.95,0.5,1024,2000,500,0,0,,,,,,,,,0.0,0.0,0.007624618530903363,0.0,0.0,0.007624618530903363
stress_interp,cdf_empbernstein,0.95,0.5,1024,5000,500,0,0,,,,,,,,,0.0,0.0,0.007624618530903363,0.0,0.0,0.007624618530903363
stress_interp,cdf_empbernstein,0.95,0.5,1024,10000,500,0,0,,,,,,,,,0.0,0.0,0.007624618530903363,0.0,0.0,0.007624618530903363
stress_interp,cdf_empbernstein,0.95,0.5,1024,20000,500,0,0,,,,,,,,,0.0,0.0,0.007624618530903363,0.0,0.0,0.007624618530903363
stress_interp,cdf_empbernstein,0.95,0.5,1024,50000,500,0,0,,,,,,,,,0.0,0.0,0.007624618530903363,0.0,0.0,0.007624618530903363
stress_interp,cdf_empbernstein,0.95,1.0,32,2000,500,0,0,,,,,,,,,0.0,0.0,0.007624618530903363,0.0,0.0,0.007624618530903363
stress_interp,cdf_empbernstein,0.95,1.0,32,5000,500,0,0,,,,,,,,,0.0,0.0,0.007624618530903363,0.0,0.0,0.007624618530903363
stress_interp,cdf_empbernstein,0.95,1.0,32,10000,500,0,0,,,,,,,,,0.0,0.0,0.007624618530903363,0.0,0.0,0.007624618530903363
stress_interp,cdf_empbernstein,0.95,1.0,32,20000,500,0,0,,,,,,,,,0.0,0.0,0.007624618530903363,0.0,0.0,0.007624618530903363
stress_interp,cdf_empbernstein,0.95,1.0,32,50000,500,0,0,,,,,,,,,0.0,0.0,0.007624618530903363,0.0,0.0,0.007624618530903363
stress_interp,cdf_empbernstein,0.95,1.0,128,2000,500,0,0,,,,,,,,,0.0,0.0,0.007624618530903363,0.0,0.0,0.007624618530903363
stress_interp,cdf_empbernstein,0.95,1.0,128,5000,500,0,0,,,,,,,,,0.0,0.0,0.007624618530903363,0.0,0.0,0.007624618530903363
stress_interp,cdf_empbernstein,0.95,1.0,128,10000,500,0,0,,,,,,,,,0.0,0.0,0.007624618530903363,0.0,0.0,0.007624618530903363
stress_interp,cdf_empbernstein,0.95,1.0,128,20000,500,0,0,,,,,,,,,0.0,0.0,0.007624618530903363,0.0,0.0,0.007624618530903363
stress_interp,cdf_empbernstein,0.95,1.0,128,50000,500,0,0,,,,,,,,,0.0,0.0,0.007624618530903363,0.0,0.0,0.007624618530903363
stress_interp,cdf_empbernstein,0.95,1.0,1024,2000,500,0,0,,,,,,,,,0.0,0.0,0.007624618530903363,0.0,0.0,0.007624618530903363
stress_interp,cdf_empbernstein,0.95,1.0,1024,5000,500,0,0,,,,,,,,,0.0,0.0,0.007624618530903363,0.0,0.0,0.007624618530903363
stress_interp,cdf_empbernstein,0.95,1.0,1024,10000,500,0,0,,,,,,,,,0.0,0.0,0.007624618530903363,0.0,0.0,0.007624618530903363
stress_interp,cdf_empbernstein,0.95,1.0,1024,20000,500,0,0,,,,,,,,,0.0,0.0,0.007624618530903363,0.0,0.0,0.007624618530903363
stress_interp,cdf_empbernstein,0.95,1.0,1024,50000,500,0,0,,,,,,,,,0.0,0.0,0.007624618530903363,0.0,0.0,0.007624618530903363
stress_interp,cdf_empbernstein,0.99,0.2,32,2000,500,0,0,,,,,,,,,0.0,0.0,0.007624618530903363,0.0,0.0,0.007624618530903363
stress_interp,cdf_empbernstein,0.99,0.2,32,5000,500,0,0,,,,,,,,,0.0,0.0,0.007624618530903363,0.0,0.0,0.007624618530903363
stress_interp,cdf_empbernstein,0.99,0.2,32,10000,500,0,0,,,,,,,,,0.0,0.0,0.007624618530903363,0.0,0.0,0.007624618530903363
stress_interp,cdf_empbernstein,0.99,0.2,32,20000,500,0,0,,,,,,,,,0.0,0.0,0.007624618530903363,0.0,0.0,0.007624618530903363
stress_interp,cdf_empbernstein,0.99,0.2,32,50000,500,0,0,,,,,,,,,0.0,0.0,0.007624618530903363,0.0,0.0,0.007624618530903363
stress_interp,cdf_empbernstein,0.99,0.2,128,2000,500,0,0,,,,,,,,,0.0,0.0,0.007624618530903363,0.0,0.0,0.007624618530903363
stress_interp,cdf_empbernstein,0.99,0.2,128,5000,500,0,0,,,,,,,,,0.0,0.0,0.007624618530903363,0.0,0.0,0.007624618530903363
stress_interp,cdf_empbernstein,0.99,0.2,128,10000,500,0,0,,,,,,,,,0.0,0.0,0.007624618530903363,0.0,0.0,0.007624618530903363
stress_interp,cdf_empbernstein,0.99,0.2,128,20000,500,0,0,,,,,,,,,0.0,0.0,0.007624618530903363,0.0,0.0,0.007624618530903363
stress_interp,cdf_empbernstein,0.99,0.2,128,50000,500,0,0,,,,,,,,,0.0,0.0,0.007624618530903363,0.0,0.0,0.007624618530903363
stress_interp,cdf_empbernstein,0.99,0.2,1024,2000,500,0,0,,,,,,,,,0.0,0.0,0.007624618530903363,0.0,0.0,0.007624618530903363
stress_interp,cdf_empbernstein,0.99,0.2,1024,5000,500,0,0,,,,,,,,,0.0,0.0,0.007624618530903363,0.0,0.0,0.007624618530903363
stress_interp,cdf_empbernstein,0.99,0.2,1024,10000,500,0,0,,,,,,,,,0.0,0.0,0.007624618530903363,0.0,0.0,0.007624618530903363
stress_interp,cdf_empbernstein,0.99,0.2,1024,20000,500,0,0,,,,,,,,,0.0,0.0,0.007624618530903363,0.0,0.0,0.007624618530903363
stress_interp,cdf_empbernstein,0.99,0.2,1024,50000,500,0,0,,,,,,,,,0.0,0.0,0.007624618530903363,0.0,0.0,0.007624618530903363
stress_interp,cdf_empbernstein,0.99,0.5,32,2000,500,0,0,,,,,,,,,0.0,0.0,0.007624618530903363,0.0,0.0,0.007624618530903363
stress_interp,cdf_empbernstein,0.99,0.5,32,5000,500,0,0,,,,,,,,,0.0,0.0,0.007624618530903363,0.0,0.0,0.007624618530903363
stress_interp,cdf_empbernstein,0.99,0.5,32,10000,500,0,0,,,,,,,,,0.0,0.0,0.007624618530903363,0.0,0.0,0.007624618530903363
stress_interp,cdf_empbernstein,0.99,0.5,32,20000,500,0,0,,,,,,,,,0.0,0.0,0.007624618530903363,0.0,0.0,0.007624618530903363
stress_interp,cdf_empbernstein,0.99,0.5,32,50000,500,0,0,,,,,,,,,0.0,0.0,0.007624618530903363,0.0,0.0,0.007624618530903363
stress_interp,cdf_empbernstein,0.99,0.5,128,2000,500,0,0,,,,,,,,,0.0,0.0,0.007624618530903363,0.0,0.0,0.007624618530903363
stress_interp,cdf_empbernstein,0.99,0.5,128,5000,500,0,0,,,,,,,,,0.0,0.0,0.007624618530903363,0.0,0.0,0.007624618530903363
stress_interp,cdf_empbernstein,0.99,0.5,128,10000,500,0,0,,,,,,,,,0.0,0.0,0.007624618530903363,0.0,0.0,0.007624618530903363
stress_interp,cdf_empbernstein,0.99,0.5,128,20000,500,0,0,,,,,,,,,0.0,0.0,0.007624618530903363,0.0,0.0,0.007624618530903363
stress_interp,cdf_empbernstein,0.99,0.5,128,50000,500,0,0,,,,,,,,,0.0,0.0,0.007624618530903363,0.0,0.0,0.007624618530903363
stress_interp,cdf_empbernstein,0.99,0.5,1024,2000,500,0,0,,,,,,,,,0.0,0.0,0.007624618530903363,0.0,0.0,0.007624618530903363
stress_interp,cdf_empbernstein,0.99,0.5,1024,5000,500,0,0,,,,,,,,,0.0,0.0,0.007624618530903363,0.0,0.0,0.007624618530903363
stress_interp,cdf_empbernstein,0.99,0.5,1024,10000,500,0,0,,,,,,,,,0.0,0.0,0.007624618530903363,0.0,0.0,0.007624618530903363
stress_interp,cdf_empbernstein,0.99,0.5,1024,20000,500,0,0,,,,,,,,,0.0,0.0,0.007624618530903363,0.0,0.0,0.007624618530903363
stress_interp,cdf_empbernstein,0.99,0.5,1024,50000,500,0,0,,,,,,,,,0.0,0.0,0.007624618530903363,0.0,0.0,0.007624618530903363
stress_interp,cdf_empbernstein,0.99,1.0,32,2000,500,0,0,,,,,,,,,0.0,0.0,0.007624618530903363,0.0,0.0,0.007624618530903363
stress_interp,cdf_empbernstein,0.99,1.0,32,5000,500,0,0,,,,,,,,,0.0,0.0,0.007624618530903363,0.0,0.0,0.007624618530903363
stress_interp,cdf_empbernstein,0.99,1.0,32,10000,500,0,0,,,,,,,,,0.0,0.0,0.007624618530903363,0.0,0.0,0.007624618530903363
stress_interp,cdf_empbernstein,0.99,1.0,32,20000,500,0,0,,,,,,,,,0.0,0.0,0.007624618530903363,0.0,0.0,0.007624618530903363
stress_interp,cdf_empbernstein,0.99,1.0,32,50000,500,0,0,,,,,,,,,0.0,0.0,0.007624618530903363,0.0,0.0,0.007624618530903363
stress_interp,cdf_empbernstein,0.99,1.0,128,2000,500,0,0,,,,,,,,,0.0,0.0,0.007624618530903363,0.0,0.0,0.007624618530903363
stress_interp,cdf_empbernstein,0.99,1.0,128,5000,500,0,0,,,,,,,,,0.0,0.0,0.007624618530903363,0.0,0.0,0.007624618530903363
stress_interp,cdf_empbernstein,0.99,1.0,128,10000,500,0,0,,,,,,,,,0.0,0.0,0.007624618530903363,0.0,0.0,0.007624618530903363
stress_interp,cdf_empbernstein,0.99,1.0,128,20000,500,0,0,,,,,,,,,0.0,0.0,0.007624618530903363,0.0,0.0,0.007624618530903363
stress_interp,cdf_empbernstein,0.99,1.0,128,50000,500,0,0,,,,,,,,,0.0,0.0,0.007624618530903363,0.0,0.0,0.007624618530903363
stress_interp,cdf_empbernstein,0.99,1.0,1024,2000,500,0,0,,,,,,,,,0.0,0.0,0.007624618530903363,0.0,0.0,0.007624618530903363
stress_interp,cdf_empbernstein,0.99,1.0,1024,5000,500,0,0,,,,,,,,,0.0,0.0,0.007624618530903363,0.0,0.0,0.007624618530903363
stress_interp,cdf_empbernstein,0.99,1.0,1024,10000,500,0,0,,,,,,,,,0.0,0.0,0.007624618530903363,0.0,0.0,0.007624618530903363
stress_interp,cdf_empbernstein,0.99,1.0,1024,20000,500,0,0,,,,,,,,,0.0,0.0,0.007624618530903363,0.0,0.0,0.007624618530903363
stress_interp,cdf_empbernstein,0.99,1.0,1024,50000,500,0,0,,,,,,,,,0.0,0.0,0.007624618530903363,0.0,0.0,0.007624618530903363
stress_interp,cdf_pacbayes,0.9,0.2,32,2000,500,0,0,,,,,,,,,0.0,0.0,0.007624618530903363,0.0,0.0,0.007624618530903363
stress_interp,cdf_pacbayes,0.9,0.2,32,5000,500,0,0,,,,,,,,,0.0,0.0,0.007624618530903363,0.0,0.0,0.007624618530903363
stress_interp,cdf_pacbayes,0.9,0.2,32,10000,500,0,0,,,,,,,,,0.0,0.0,0.007624618530903363,0.0,0.0,0.007624618530903363
stress_interp,cdf_pacbayes,0.9,0.2,32,20000,500,0,0,,,,,,,,,0.0,0.0,0.007624618530903363,0.0,0.0,0.007624618530903363
stress_interp,cdf_pacbayes,0.9,0.2,32,50000,500,0,0,,,,,,,,,0.0,0.0,0.007624618530903363,0.0,0.0,0.007624618530903363
stress_interp,cdf_pacbayes,0.9,0.2,128,2000,500,0,0,,,,,,,,,0.0,0.0,0.007624618530903363,0.0,0.0,0.007624618530903363
stress_interp,cdf_pacbayes,0.9,0.2,128,5000,500,0,0,,,,,,,,,0.0,0.0,0.007624618530903363,0.0,0.0,0.007624618530903363
stress_interp,cdf_pacbayes,0.9,0.2,128,10000,500,0,0,,,,,,,,,0.0,0.0,0.007624618530903363,0.0,0.0,0.007624618530903363
stress_interp,cdf_pacbayes,0.9,0.2,128,20000,500,0,0,,,,,,,,,0.0,0.0,0.007624618530903363,0.0,0.0,0.007624618530903363
stress_interp,cdf_pacbayes,0.9,0.2,128,50000,500,0,0,,,,,,,,,0.0,0.0,0.007624618530903363,0.0,0.0,0.007624618530903363
stress_interp,cdf_pacbayes,0.9,0.2,1024,2000,500,0,0,,,,,,,,,0.0,0.0,0.007624618530903363,0.0,0.0,0.007624618530903363
stress_interp,cdf_pacbayes,0.9,0.2,1024,5000,500,0,0,,,,,,,,,0.0,0.0,0.007624618530903363,0.0,0.0,0.007624618530903363
stress_interp,cdf_pacbayes,0.9,0.2,1024,10000,500,0,0,,,,,,,,,0.0,0.0,0.007624618530903363,0.0,0.0,0.007624618530903363
stress_interp,cdf_pacbayes,0.9,0.2,1024,20000,500,0,0,,,,,,,,,0.0,0.0,0.007624618530903363,0.0,0.0,0.007624618530903363
stress_interp,cdf_pacbayes,0.9,0.2,1024,50000,500,0,0,,,,,,,,,0.0,0.0,0.007624618530903363,0.0,0.0,0.007624618530903363
stress_interp,cdf_pacbayes,0.9,0.5,32,2000,500,0,0,,,,,,,,,0.0,0.0,0.007624618530903363,0.0,0.0,0.007624618530903363
stress_interp,cdf_pacbayes,0.9,0.5,32,5000,500,0,0,,,,,,,,,0.0,0.0,0.007624618530903363,0.0,0.0,0.007624618530903363
stress_interp,cdf_pacbayes,0.9,0.5,32,10000,500,0,0,,,,,,,,,0.0,0.0,0.007624618530903363,0.0,0.0,0.007624618530903363
stress_interp,cdf_pacbayes,0.9,0.5,32,20000,500,0,0,,,,,,,,,0.0,0.0,0.007624618530903363,0.0,0.0,0.007624618530903363
stress_interp,cdf_pacbayes,0.9,0.5,32,50000,500,0,0,,,,,,,,,0.0,0.0,0.007624618530903363,0.0,0.0,0.007624618530903363
stress_interp,cdf_pacbayes,0.9,0.5,128,2000,500,0,0,,,,,,,,,0.0,0.0,0.007624618530903363,0.0,0.0,0.007624618530903363
stress_interp,cdf_pacbayes,0.9,0.5,128,5000,500,0,0,,,,,,,,,0.0,0.0,0.007624618530903363,0.0,0.0,0.007624618530903363
stress_interp,cdf_pacbayes,0.9,0.5,128,10000,500,0,0,,,,,,,,,0.0,0.0,0.007624618530903363,0.0,0.0,0.007624618530903363
stress_interp,cdf_pacbayes,0.9,0.5,128,20000,500,0,0,,,,,,,,,0.0,0.0,0.007624618530903363,0.0,0.0,0.007624618530903363
stress_interp,cdf_pacbayes,0.9,0.5,128,50000,500,0,0,,,,,,,,,0.0,0.0,0.007624618530903363,0.0,0.0,0.007624618530903363
stress_interp,cdf_pacbayes,0.9,0.5,1024,2000,500,0,0,,,,,,,,,0.0,0.0,0.007624618530903363,0.0,0.0,0.007624618530903363
stress_interp,cdf_pacbayes,0.9,0.5,1024,5000,500,0,0,,,,,,,,,0.0,0.0,0.007624618530903363,0.0,0.0,0.007624618530903363
stress_interp,cdf_pacbayes,0.9,0.5,1024,10000,500,0,0,,,,,,,,,0.0,0.0,0.007624618530903363,0.0,0.0,0.007624618530903363
stress_interp,cdf_pacbayes,0.9,0.5,1024,20000,500,0,0,,,,,,,,,0.0,0.0,0.007624618530903363,0.0,0.0,0.007624618530903363
stress_interp,cdf_pacbayes,0.9,0.5,1024,50000,500,0,0,,,,,,,,,0.0,0.0,0.007624618530903363,0.0,0.0,0.007624618530903363
stress_interp,cdf_pacbayes,0.9,1.0,32,2000,500,0,0,,,,,,,,,0.0,0.0,0.007624618530903363,0.0,0.0,0.007624618530903363
stress_interp,cdf_pacbayes,0.9,1.0,32,5000,500,0,0,,,,,,,,,0.0,0.0,0.007624618530903363,0.0,0.0,0.007624618530903363
stress_interp,cdf_pacbayes,0.9,1.0,32,10000,500,0,0,,,,,,,,,0.0,0.0,0.007624618530903363,0.0,0.0,0.007624618530903363
stress_interp,cdf_pacbayes,0.9,1.0,32,20000,500,0,0,,,,,,,,,0.0,0.0,0.007624618530903363,0.0,0.0,0.007624618530903363
stress_interp,cdf_pacbayes,0.9,1.0,32,50000,500,0,0,,,,,,,,,0.0,0.0,0.007624618530903363,0.0,0.0,0.007624618530903363
stress_interp,cdf_pacbayes,0.9,1.0,128,2000,500,0,0,,,,,,,,,0.0,0.0,0.007624618530903363,0.0,0.0,0.007624618530903363
stress_interp,cdf_pacbayes,0.9,1.0,128,5000,500,0,0,,,,,,,,,0.0,0.0,0.007624618530903363,0.0,0.0,0.007624618530903363
stress_interp,cdf_pacbayes,0.9,1.0,128,10000,500,0,0,,,,,,,,,0.0,0.0,0.007624618530903363,0.0,0.0,0.007624618530903363
stress_interp,cdf_pacbayes,0.9,1.0,128,20000,500,0,0,,,,,,,,,0.0,0.0,0.007624618530903363,0.0,0.0,0.007624618530903363
stress_interp,cdf_pacbayes,0.9,1.0,128,50000,500,0,0,,,,,,,,,0.0,0.0,0.007624618530903363,0.0,0.0,0.007624618530903363
stress_interp,cdf_pacbayes,0.9,1.0,1024,2000,500,0,0,,,,,,,,,0.0,0.0,0.007624618530903363,0.0,0.0,0.007624618530903363
stress_interp,cdf_pacbayes,0.9,1.0,1024,5000,500,0,0,,,,,,,,,0.0,0.0,0.007624618530903363,0.0,0.0,0.007624618530903363
stress_interp,cdf_pacbayes,0.9,1.0,1024,10000,500,0,0,,,,,,,,,0.0,0.0,0.007624618530903363,0.0,0.0,0.007624618530903363
stress_interp,cdf_pacbayes,0.9,1.0,1024,20000,500,0,0,,,,,,,,,0.0,0.0,0.007624618530903363,0.0,0.0,0.007624618530903363
stress_interp,cdf_pacbayes,0.9,1.0,1024,50000,500,0,0,,,,,,,,,0.0,0.0,0.007624618530903363,0.0,0.0,0.007624618530903363
stress_interp,cdf_pacbayes,0.95,0.2,32,2000,500,0,0,,,,,,,,,0.0,0.0,0.007624618530903363,0.0,0.0,0.007624618530903363
stress_interp,cdf_pacbayes,0.95,0.2,32,5000,500,0,0,,,,,,,,,0.0,0.0,0.007624618530903363,0.0,0.0,0.007624618530903363
stress_interp,cdf_pacbayes,0.95,0.2,32,10000,500,0,0,,,,,,,,,0.0,0.0,0.007624618530903363,0.0,0.0,0.007624618530903363
stress_interp,cdf_pacbayes,0.95,0.2,32,20000,500,0,0,,,,,,,,,0.0,0.0,0.007624618530903363,0.0,0.0,0.007624618530903363
stress_interp,cdf_pacbayes,0.95,0.2,32,50000,500,0,0,,,,,,,,,0.0,0.0,0.007624618530903363,0.0,0.0,0.007624618530903363
stress_interp,cdf_pacbayes,0.95,0.2,128,2000,500,0,0,,,,,,,,,0.0,0.0,0.007624618530903363,0.0,0.0,0.007624618530903363
stress_interp,cdf_pacbayes,0.95,0.2,128,5000,500,0,0,,,,,,,,,0.0,0.0,0.007624618530903363,0.0,0.0,0.007624618530903363
stress_interp,cdf_pacbayes,0.95,0.2,128,10000,500,0,0,,,,,,,,,0.0,0.0,0.007624618530903363,0.0,0.0,0.007624618530903363
stress_interp,cdf_pacbayes,0.95,0.2,128,20000,500,0,0,,,,,,,,,0.0,0.0,0.007624618530903363,0.0,0.0,0.007624618530903363
stress_interp,cdf_pacbayes,0.95,0.2,128,50000,500,0,0,,,,,,,,,0.0,0.0,0.007624618530903363,0.0,0.0,0.007624618530903363
stress_interp,cdf_pacbayes,0.95,0.2,1024,2000,500,0,0,,,,,,,,,0.0,0.0,0.007624618530903363,0.0,0.0,0.007624618530903363
stress_interp,cdf_pacbayes,0.95,0.2,1024,5000,500,0,0,,,,,,,,,0.0,0.0,0.007624618530903363,0.0,0.0,0.007624618530903363
stress_interp,cdf_pacbayes,0.95,0.2,1024,10000,500,0,0,,,,,,,,,0.0,0.0,0.007624618530903363,0.0,0.0,0.007624618530903363
stress_interp,cdf_pacbayes,0.95,0.2,1024,20000,500,0,0,,,,,,,,,0.0,0.0,0.007624618530903363,0.0,0.0,0.007624618530903363
stress_interp,cdf_pacbayes,0.95,0.2,1024,50000,500,0,0,,,,,,,,,0.0,0.0,0.007624618530903363,0.0,0.0,0.007624618530903363
stress_interp,cdf_pacbayes,0.95,0.5,32,2000,500,0,0,,,,,,,,,0.0,0.0,0.007624618530903363,0.0,0.0,0.007624618530903363
stress_interp,cdf_pacbayes,0.95,0.5,32,5000,500,0,0,,,,,,,,,0.0,0.0,0.007624618530903363,0.0,0.0,0.007624618530903363
stress_interp,cdf_pacbayes,0.95,0.5,32,10000,500,0,0,,,,,,,,,0.0,0.0,0.007624618530903363,0.0,0.0,0.007624618530903363
stress_interp,cdf_pacbayes,0.95,0.5,32,20000,500,0,0,,,,,,,,,0.0,0.0,0.007624618530903363,0.0,0.0,0.007624618530903363
stress_interp,cdf_pacbayes,0.95,0.5,32,50000,500,0,0,,,,,,,,,0.0,0.0,0.007624618530903363,0.0,0.0,0.007624618530903363
stress_interp,cdf_pacbayes,0.95,0.5,128,2000,500,0,0,,,,,,,,,0.0,0.0,0.007624618530903363,0.0,0.0,0.007624618530903363
stress_interp,cdf_pacbayes,0.95,0.5,128,5000,500,0,0,,,,,,,,,0.0,0.0,0.007624618530903363,0.0,0.0,0.007624618530903363
stress_interp,cdf_pacbayes,0.95,0.5,128,10000,500,0,0,,,,,,,,,0.0,0.0,0.007624618530903363,0.0,0.0,0.007624618530903363
stress_interp,cdf_pacbayes,0.95,0.5,128,20000,500,0,0,,,,,,,,,0.0,0.0,0.007624618530903363,0.0,0.0,0.007624618530903363
stress_interp,cdf_pacbayes,0.95,0.5,128,50000,500,0,0,,,,,,,,,0.0,0.0,0.007624618530903363,0.0,0.0,0.007624618530903363
stress_interp,cdf_pacbayes,0.95,0.5,1024,2000,500,0,0,,,,,,,,,0.0,0.0,0.007624618530903363,0.0,0.0,0.007624618530903363
stress_interp,cdf_pacbayes,0.95,0.5,1024,5000,500,0,0,,,,,,,,,0.0,0.0,0.007624618530903363,0.0,0.0,0.007624618530903363
stress_interp,cdf_pacbayes,0.95,0.5,1024,10000,500,0,0,,,,,,,,,0.0,0.0,0.007624618530903363,0.0,0.0,0.007624618530903363
stress_interp,cdf_pacbayes,0.95,0.5,1024,20000,500,0,0,,,,,,,,,0.0,0.0,0.007624618530903363,0.0,0.0,0.007624618530903363
stress_interp,cdf_pacbayes,0.95,0.5,1024,50000,500,0,0,,,,,,,,,0.0,0.0,0.007624618530903363,0.0,0.0,0.007624618530903363
stress_interp,cdf_pacbayes,0.95,1.0,32,2000,500,0,0,,,,,,,,,0.0,0.0,0.007624618530903363,0.0,0.0,0.007624618530903363
stress_interp,cdf_pacbayes,0.95,1.0,32,5000,500,0,0,,,,,,,,,0.0,0.0,0.007624618530903363,0.0,0.0,0.007624618530903363
stress_interp,cdf_pacbayes,0.95,1.0,32,10000,500,0,0,,,,,,,,,0.0,0.0,0.007624618530903363,0.0,0.0,0.007624618530903363
stress_interp,cdf_pacbayes,0.95,1.0,32,20000,500,0,0,,,,,,,,,0.0,0.0,0.007624618530903363,0.0,0.0,0.007624618530903363
stress_interp,cdf_pacbayes,0.95,1.0,32,50000,500,0,0,,,,,,,,,0.0,0.0,0.007624618530903363,0.0,0.0,0.007624618530903363
stress_interp,cdf_pacbayes,0.95,1.0,128,2000,500,0,0,,,,,,,,,0.0,0.0,0.007624618530903363,0.0,0.0,0.007624618530903363
stress_interp,cdf_pacbayes,0.95,1.0,128,5000,500,0,0,,,,,,,,,0.0,0.0,0.007624618530903363,0.0,0.0,0.007624618530903363
stress_interp,cdf_pacbayes,0.95,1.0,128,10000,500,0,0,,,,,,,,,0.0,0.0,0.007624618530903363,0.0,0.0,0.007624618530903363
stress_interp,cdf_pacbayes,0.95,1.0,128,20000,500,0,0,,,,,,,,,0.0,0.0,0.007624618530903363,0.0,0.0,0.007624618530903363
stress_interp,cdf_pacbayes,0.95,1.0,128,50000,500,0,0,,,,,,,,,0.0,0.0,0.007624618530903363,0.0,0.0,0.007624618530903363
stress_interp,cdf_pacbayes,0.95,1.0,1024,2000,500,0,0,,,,,,,,,0.0,0.0,0.007624618530903363,0.0,0.0,0.007624618530903363
stress_interp,cdf_pacbayes,0.95,1.0,1024,5000,500,0,0,,,,,,,,,0.0,0.0,0.007624618530903363,0.0,0.0,0.007624618530903363
stress_interp,cdf_pacbayes,0.95,1.0,1024,10000,500,0,0,,,,,,,,,0.0,0.0,0.007624618530903363,0.0,0.0,0.007624618530903363
stress_interp,cdf_pacbayes,0.95,1.0,1024,20000,500,0,0,,,,,,,,,0.0,0.0,0.007624618530903363,0.0,0.0,0.007624618530903363
stress_interp,cdf_pacbayes,0.95,1.0,1024,50000,500,0,0,,,,,,,,,0.0,0.0,0.007624618530903363,0.0,0.0,0.007624618530903363
stress_interp,cdf_pacbayes,0.99,0.2,32,2000,500,0,0,,,,,,,,,0.0,0.0,0.007624618530903363,0.0,0.0,0.007624618530903363
stress_interp,cdf_pacbayes,0.99,0.2,32,5000,500,0,0,,,,,,,,,0.0,0.0,0.007624618530903363,0.0,0.0,0.007624618530903363
stress_interp,cdf_pacbayes,0.99,0.2,32,10000,500,0,0,,,,,,,,,0.0,0.0,0.007624618530903363,0.0,0.0,0.007624618530903363
stress_interp,cdf_pacbayes,0.99,0.2,32,20000,500,0,0,,,,,,,,,0.0,0.0,0.007624618530903363,0.0,0.0,0.007624618530903363
stress_interp,cdf_pacbayes,0.99,0.2,32,50000,500,0,0,,,,,,,,,0.0,0.0,0.007624618530903363,0.0,0.0,0.007624618530903363
stress_interp,cdf_pacbayes,0.99,0.2,128,2000,500,0,0,,,,,,,,,0.0,0.0,0.007624618530903363,0.0,0.0,0.007624618530903363
stress_interp,cdf_pacbayes,0.99,0.2,128,5000,500,0,0,,,,,,,,,0.0,0.0,0.007624618530903363,0.0,0.0,0.007624618530903363
stress_interp,cdf_pacbayes,0.99,0.2,128,10000,500,0,0,,,,,,,,,0.0,0.0,0.007624618530903363,0.0,0.0,0.007624618530903363
stress_interp,cdf_pacbayes,0.99,0.2,128,20000,500,0,0,,,,,,,,,0.0,0.0,0.007624618530903363,0.0,0.0,0.007624618530903363
stress_interp,cdf_pacbayes,0.99,0.2,128,50000,500,0,0,,,,,,,,,0.0,0.0,0.007624618530903363,0.0,0.0,0.007624618530903363
stress_interp,cdf_pacbayes,0.99,0.2,1024,2000,500,0,0,,,,,,,,,0.0,0.0,0.007624618530903363,0.0,0.0,0.007624618530903363
stress_interp,cdf_pacbayes,0.99,0.2,1024,5000,500,0,0,,,,,,,,,0.0,0.0,0.007624618530903363,0.0,0.0,0.007624618530903363
stress_interp,cdf_pacbayes,0.99,0.2,1024,10000,500,0,0,,,,,,,,,0.0,0.0,0.007624618530903363,0.0,0.0,0.007624618530903363
stress_interp,cdf_pacbayes,0.99,0.2,1024,20000,500,0,0,,,,,,,,,0.0,0.0,0.007624618530903363,0.0,0.0,0.007624618530903363
stress_interp,cdf_pacbayes,0.99,0.2,1024,50000,500,0,0,,,,,,,,,0.0,0.0,0.007624618530903363,0.0,0.0,0.007624618530903363
stress_interp,cdf_pacbayes,0.99,0.5,32,2000,500,0,0,,,,,,,,,0.0,0.0,0.007624618530903363,0.0,0.0,0.007624618530903363
stress_interp,cdf_pacbayes,0.99,0.5,32,5000,500,0,0,,,,,,,,,0.0,0.0,0.007624618530903363,0.0,0.0,0.007624618530903363
stress_interp,cdf_pacbayes,0.99,0.5,32,10000,500,0,0,,,,,,,,,0.0,0.0,0.007624618530903363,0.0,0.0,0.007624618530903363
stress_interp,cdf_pacbayes,0.99,0.5,32,20000,500,0,0,,,,,,,,,0.0,0.0,0.007624618530903363,0.0,0.0,0.007624618530903363
stress_interp,cdf_pacbayes,0.99,0.5,32,50000,500,0,0,,,,,,,,,0.0,0.0,0.007624618530903363,0.0,0.0,0.007624618530903363
stress_interp,cdf_pacbayes,0.99,0.5,128,2000,500,0,0,,,,,,,,,0.0,0.0,0.007624618530903363,0.0,0.0,0.007624618530903363
stress_interp,cdf_pacbayes,0.99,0.5,128,5000,500,0,0,,,,,,,,,0.0,0.0,0.007624618530903363,0.0,0.0,0.007624618530903363
stress_interp,cdf_pacbayes,0.99,0.5,128,10000,500,0,0,,,,,,,,,0.0,0.0,0.007624618530903363,0.0,0.0,0.007624618530903363
stress_interp,cdf_pacbayes,0.99,0.5,128,20000,500,0,0,,,,,,,,,0.0,0.0,0.007624618530903363,0.0,0.0,0.007624618530903363
stress_interp,cdf_pacbayes,0.99,0.5,128,50000,500,0,0,,,,,,,,,0.0,0.0,0.007624618530903363,0.0,0.0,0.007624618530903363
stress_interp,cdf_pacbayes,0.99,0.5,1024,2000,500,0,0,,,,,,,,,0.0,0.0,0.007624618530903363,0.0,0.0,0.007624618530903363
stress_interp,cdf_pacbayes,0.99,0.5,1024,5000,500,0,0,,,,,,,,,0.0,0.0,0.007624618530903363,0.0,0.0,0.007624618530903363
stress_interp,cdf_pacbayes,0.99,0.5,1024,10000,500,0,0,,,,,,,,,0.0,0.0,0.007624618530903363,0.0,0.0,0.007624618530903363
stress_interp,cdf_pacbayes,0.99,0.5,1024,20000,500,0,0,,,,,,,,,0.0,0.0,0.007624618530903363,0.0,0.0,0.007624618530903363
stress_interp,cdf_pacbayes,0.99,0.5,1024,50000,500,0,0,,,,,,,,,0.0,0.0,0.007624618530903363,0.0,0.0,0.007624618530903363
stress_interp,cdf_pacbayes,0.99,1.0,32,2000,500,0,0,,,,,,,,,0.0,0.0,0.007624618530903363,0.0,0.0,0.007624618530903363
stress_interp,cdf_pacbayes,0.99,1.0,32,5000,500,0,0,,,,,,,,,0.0,0.0,0.007624618530903363,0.0,0.0,0.007624618530903363
stress_interp,cdf_pacbayes,0.99,1.0,32,10000,500,0,0,,,,,,,,,0.0,0.0,0.007624618530903363,0.0,0.0,0.007624618530903363
stress_interp,cdf_pacbayes,0.99,1.0,32,20000,500,0,0,,,,,,,,,0.0,0.0,0.007624618530903363,0.0,0.0,0.007624618530903363
stress_interp,cdf_pacbayes,0.99,1.0,32,50000,500,0,0,,,,,,,,,0.0,0.0,0.007624618530903363,0.0,0.0,0.007624618530903363
stress_interp,cdf_pacbayes,0.99,1.0,128,2000,500,0,0,,,,,,,,,0.0,0.0,0.007624618530903363,0.0,0.0,0.007624618530903363
stress_interp,cdf_pacbayes,0.99,1.0,128,5000,500,0,0,,,,,,,,,0.0,0.0,0.007624618530903363,0.0,0.0,0.007624618530903363
stress_interp,cdf_pacbayes,0.99,1.0,128,10000,500,0,0,,,,,,,,,0.0,0.0,0.007624618530903363,0.0,0.0,0.007624618530903363
stress_interp,cdf_pacbayes,0.99,1.0,128,20000,500,0,0,,,,,,,,,0.0,0.0,0.007624618530903363,0.0,0.0,0.007624618530903363
stress_interp,cdf_pacbayes,0.99,1.0,128,50000,500,0,0,,,,,,,,,0.0,0.0,0.007624618530903363,0.0,0.0,0.007624618530903363
stress_interp,cdf_pacbayes,0.99,1.0,1024,2000,500,0,0,,,,,,,,,0.0,0.0,0.007624618530903363,0.0,0.0,0.007624618530903363
stress_interp,cdf_pacbayes,0.99,1.0,1024,5000,500,0,0,,,,,,,,,0.0,0.0,0.007624618530903363,0.0,0.0,0.007624618530903363
stress_interp,cdf_pacbayes,0.99,1.0,1024,10000,500,0,0,,,,,,,,,0.0,0.0,0.007624618530903363,0.0,0.0,0.007624618530903363
stress_interp,cdf_pacbayes,0.99,1.0,1024,20000,500,0,0,,,,,,,,,0.0,0.0,0.007624618530903363,0.0,0.0,0.007624618530903363
stress_interp,cdf_pacbayes,0.99,1.0,1024,50000,500,0,0,,,,,,,,,0.0,0.0,0.007624618530903363,0.0,0.0,0.007624618530903363
stress_interp,exc_betting,0.9,0.2,32,2000,500,0,0,,,,,,,,,0.0,0.0,0.007624618530903363,0.0,0.0,0.007624618530903363
stress_interp,exc_betting,0.9,0.2,32,5000,500,0,0,,,,,,,,,0.0,0.0,0.007624618530903363,0.0,0.0,0.007624618530903363
stress_interp,exc_betting,0.9,0.2,32,10000,500,0,0,,,,,,,,,0.0,0.0,0.007624618530903363,0.0,0.0,0.007624618530903363
stress_interp,exc_betting,0.9,0.2,32,20000,500,0,0,,,,,,,,,0.0,0.0,0.007624618530903363,0.0,0.0,0.007624618530903363
stress_interp,exc_betting,0.9,0.2,32,50000,500,0,0,,,,,,,,,0.0,0.0,0.007624618530903363,0.0,0.0,0.007624618530903363
stress_interp,exc_betting,0.9,0.2,128,2000,500,0,0,,,,,,,,,0.0,0.0,0.007624618530903363,0.0,0.0,0.007624618530903363
stress_interp,exc_betting,0.9,0.2,128,5000,500,0,0,,,,,,,,,0.0,0.0,0.007624618530903363,0.0,0.0,0.007624618530903363
stress_interp,exc_betting,0.9,0.2,128,10000,500,0,0,,,,,,,,,0.0,0.0,0.007624618530903363,0.0,0.0,0.007624618530903363
stress_interp,exc_betting,0.9,0.2,128,20000,500,0,0,,,,,,,,,0.0,0.0,0.007624618530903363,0.0,0.0,0.007624618530903363
stress_interp,exc_betting,0.9,0.2,128,50000,500,0,0,,,,,,,,,0.0,0.0,0.007624618530903363,0.0,0.0,0.007624618530903363
stress_interp,exc_betting,0.9,0.2,1024,2000,500,0,0,,,,,,,,,0.0,0.0,0.007624618530903363,0.0,0.0,0.007624618530903363
stress_interp,exc_betting,0.9,0.2,1024,5000,500,0,0,,,,,,,,,0.0,0.0,0.007624618530903363,0.0,0.0,0.007624618530903363
stress_interp,exc_betting,0.9,0.2,1024,10000,500,1,1,0.10153894349375416,0.35695069898578535,0.0003342595841328269,-0.0018465543999430095,-0.0018465543999430095,0.35695069898578535,,0.0003342595841328269,0.002,0.000353127309584542,0.011240992747195207,0.002,0.000353127309584542,0.011240992747195207
stress_interp,exc_betting,0.9,0.2,1024,20000,500,2,2,0.1012648314210753,0.35571719465873053,0.00033249721972040567,-0.002245285022305213,-0.002458976892557335,0.35571719465873053,0.0017555143488752847,0.00033249721972040567,0.004,0.0010976075412372681,0.014466014041418871,0.004,0.0010976075412372681,0.014466014041418871
stress_interp,exc_betting,0.9,0.2,1024,50000,500,0,0,,,,,,,,,0.0,0.0,0.007624618530903363,0.0,0.0,0.007624618530903363
stress_interp,exc_betting,0.9,0.5,32,2000,500,0,0,,,,,,,,,0.0,0.0,0.007624618530903363,0.0,0.0,0.007624618530903363
stress_interp,exc_betting,0.9,0.5,32,5000,500,3,3,0.1007949250107687,0.3561146571641148,0.0003277643602093694,-0.006205939957531002,-0.012411920774478516,0.3561146571641148,0.0008255628253596716,0.0003277643602093694,0.006,0.002042559297638913,0.017490563810893606,0.006,0.002042559297638913,0.017490563810893606
stress_interp,exc_betting,0.9,0.5,32,10000,500,1,1,0.1009515604808709,0.35690370834475466,0.0003302679093080628,-0.0064343961535965055,-0.0064343961535965055,0.35690370834475466,,0.0003302679093080628,0.002,0.000353127309584542,0.011240992747195207,0.002,0.000353127309584542,0.011240992747195207
stress_interp,exc_betting,0.9,0.5,32,20000,500,0,0,,,,,,,,,0.0,0.0,0.007624618530903363,0.0,0.0,0.007624618530903363
stress_interp,exc_betting,0.9,0.5,32,50000,500,0,0,,,,,,,,,0.0,0.0,0.007624618530903363,0.0,0.0,0.007624618530903363
stress_interp,exc_betting,0.9,0.5,128,2000,500,0,0,,,,,,,,,0.0,0.0,0.007624618530903363,0.0,0.0,0.007624618530903363
stress_interp,exc_betting,0.9,0.5,128,5000,500,1,1,0.10153894349375416,0.35674707287465246,0.000329209860202843,-0.00713715208436487,-0.00713715208436487,0.35674707287465246,,0.000329209860202843,0.002,0.000353127309584542,0.011240992747195207,0.002,0.000353127309584542,0.011240992747195207
stress_interp,exc_betting,0.9,0.5,128,10000,500,1,1,0.1009515604808709,0.35690370834475466,0.0003302679093080628,-0.0039962692336570765,-0.0039962692336570765,0.35690370834475466,,0.0003302679093080628,0.002,0.000353127309584542,0.011240992747195207,0.002,0.000353127309584542,0.011240992747195207
stress_interp,exc_betting,0.9,0.5,128,20000,500,0,0,,,,,,,,,0.0,0.0,0.007624618530903363,0.0,0.0,0.007624618530903363
stress_interp,exc_betting,0.9,0.5,128,50000,500,0,0,,,,,,,,,0.0,0.0,0.007624618530903363,0.0,0.0,0.007624618530903363
stress_interp,exc_betting,0.9,0.5,1024,2000,500,0,0,,,,,,,,,0.0,0.0,0.007624618530903363,0.0,0.0,0.007624618530903363
stress_interp,exc_betting,0.9,0.5,1024,5000,500,0,0,,,,,,,,,0.0,0.0,0.007624618530903363,0.0,0.0,0.007624618530903363
stress_interp,exc_betting,0.9,0.5,1024,10000,500,0,0,,,,,,,,,0.0,0.0,0.007624618530903363,0.0,0.0,0.007624618530903363
stress_interp,exc_betting,0.9,0.5,1024,20000,500,0,0,,,,,,,,,0.0,0.0,0.007624618530903363,0.0,0.0,0.007624618530903363
stress_interp,exc_betting,0.9,0.5,1024,50000,500,0,0,,,,,,,,,0.0,0.0,0.007624618530903363,0.0,0.0,0.007624618530903363
stress_interp,exc_betting,0.9,1.0,32,2000,500,0,0,,,,,,,,,0.0,0.0,0.007624618530903363,0.0,0.0,0.007624618530903363
stress_interp,exc_betting,0.9,1.0,32,5000,500,2,2,0.10091240161334535,0.35525707796530526,0.0003285625210478913,-0.003921513649409729,-0.006970551845380632,0.35525707796530526,0.0006064000668828373,0.0003285625210478913,0.004,0.0010976075412372681,0.014466014041418871,0.004,0.0010976075412372681,0.014466014041418871
stress_interp,exc_betting,0.9,1.0,32,10000,500,0,0,,,,,,,,,0.0,0.0,0.007624618530903363,0.0,0.0,0.007624618530903363
stress_interp,exc_betting,0.9,1.0,32,20000,500,0,0,,,,,,,,,0.0,0.0,0.007624618530903363,0.0,0.0,0.007624618530903363
stress_interp,exc_betting,0.9,1.0,32,50000,500,0,0,,,,,,,,,0.0,0.0,0.007624618530903363,0.0,0.0,0.007624618530903363
stress_interp,exc_betting,0.9,1.0,128,2000,500,1,1,0.10165642009633082,0.3556427928104319,0.00033658032658495516,-0.010891492632831692,-0.010891492632831692,0.3556427928104319,,0.00033658032658495516,0.002,0.000353127309584542,0.011240992747195207,0.002,0.000353127309584542,0.011240992747195207
stress_interp,exc_betting,0.9,1.0,128,5000,500,1,1,0.10165642009633082,0.35482828836590047,0.00033580182480322674,-0.004030427905416925,-0.004030427905416925,0.35482828836590047,,0.00033580182480322674,0.002,0.000353127309584542,0.011240992747195207,0.002,0.000353127309584542,0.011240992747195207
stress_interp,exc_betting,0.9,1.0,128,10000,500,0,0,,,,,,,,,0.0,0.0,0.007624618530903363,0.0,0.0,0.007624618530903363
stress_interp,exc_betting,0.9,1.0,128,20000,500,0,0,,,,,,,,,0.0,0.0,0.007624618530903363,0.0,0.0,0.007624618530903363
stress_interp,exc_betting,0.9,1.0,128,50000,500,0,0,,,,,,,,,0.0,0.0,0.007624618530903363,0.0,0.0,0.007624618530903363
stress_interp,exc_betting,0.9,1.0,1024,2000,500,0,0,,,,,,,,,0.0,0.0,0.007624618530903363,0.0,0.0,0.007624618530903363
stress_interp,exc_betting,0.9,1.0,1024,5000,500,1,1,0.10055997180561538,0.3571758624740573,0.0003245065591103106,-0.0006532016929676893,-0.0006532016929676893,0.3571758624740573,,0.0003245065591103106,0.002,0.000353127309584542,0.011240992747195207,0.002,0.000353127309584542,0.011240992747195207
stress_interp,exc_betting,0.9,1.0,1024,10000,500,0,0,,,,,,,,,0.0,0.0,0.007624618530903363,0.0,0.0,0.007624618530903363
stress_interp,exc_betting,0.9,1.0,1024,20000,500,0,0,,,,,,,,,0.0,0.0,0.007624618530903363,0.0,0.0,0.007624618530903363
stress_interp,exc_betting,0.9,1.0,1024,50000,500,0,0,,,,,,,,,0.0,0.0,0.007624618530903363,0.0,0.0,0.007624618530903363
stress_interp,exc_betting,0.95,0.2,32,2000,500,0,0,,,,,,,,,0.0,0.0,0.007624618530903363,0.0,0.0,0.007624618530903363
stress_interp,exc_betting,0.95,0.2,32,5000,500,0,0,,,,,,,,,0.0,0.0,0.007624618530903363,0.0,0.0,0.007624618530903363
stress_interp,exc_betting,0.95,0.2,32,10000,500,2,2,0.05037788307162157,0.3310529819477621,0.00018661591807964914,-0.003507789155102966,-0.0035926955669101784,0.3310529819477621,0.00033781190940501335,0.00018661591807964914,0.004,0.0010976075412372681,0.014466014041418871,0.004,0.0010976075412372681,0.014466014041418871
stress_interp,exc_betting,0.95,0.2,32,20000,500,0,0,,,,,,,,,0.0,0.0,0.007624618530903363,0.0,0.0,0.007624618530903363
stress_interp,exc_betting,0.95,0.2,32,50000,500,1,1,0.05086736891569096,0.33206132278654504,0.0001892593256843012,-0.0010674480643412323,-0.0010674480643412323,0.33206132278654504,,0.0001892593256843012,0.002,0.000353127309584542,0.011240992747195207,0.002,0.000353127309584542,0.011240992747195207
stress_interp,exc_betting,0.95,0.2,128,2000,500,0,0,,,,,,,,,0.0,0.0,0.007624618530903363,0.0,0.0,0.007624618530903363
stress_interp,exc_betting,0.95,0.2,128,5000,500,0,0,,,,,,,,,0.0,0.0,0.007624618530903363,0.0,0.0,0.007624618530903363
stress_interp,exc_betting,0.95,0.2,128,10000,500,0,0,,,,,,,,,0.0,0.0,0.007624618530903363,0.0,0.0,0.007624618530903363
stress_interp,exc_betting,0.95,0.2,128,20000,500,1,1,0.05055409797548655,0.3303128793515292,0.00019294549085640444,-0.0027958872332561474,-0.0027958872332561474,0.3303128793515292,,0.00019294549085640444,0.002,0.000353127309584542,0.011240992747195207,0.002,0.000353127309584542,0.011240992747195207
stress_interp,exc_betting,0.95,0.2,128,50000,500,0,0,,,,,,,,,0.0,0.0,0.007624618530903363,0.0,0.0,0.007624618530903363
stress_interp,exc_betting,0.95,0.2,1024,2000,500,0,0,,,,,,,,,0.0,0.0,0.007624618530903363,0.0,0.0,0.007624618530903363
stress_interp,exc_betting,0.95,0.2,1024,5000,500,0,0,,,,,,,,,0.0,0.0,0.007624618530903363,0.0,0.0,0.007624618530903363
stress_interp,exc_betting,0.95,0.2,1024,10000,500,0,0,,,,,,,,,0.0,0.0,0.007624618530903363,0.0,0.0,0.007624618530903363
stress_interp,exc_betting,0.95,0.2,1024,20000,500,0,0,,,,,,,,,0.0,0.0,0.007624618530903363,0.0,0.0,0.007624618530903363
stress_interp,exc_betting,0.95,0.2,1024,50000,500,1,1,0.0507498923131143,0.33258213572463485,0.00019161854563966012,-0.002126160664267629,-0.002126160664267629,0.33258213572463485,,0.00019161854563966012,0.002,0.000353127309584542,0.011240992747195207,0.002,0.000353127309584542,0.011240992747195207
stress_interp,exc_betting,0.95,0.5,32,2000,500,0,0,,,,,,,,,0.0,0.0,0.007624618530903363,0.0,0.0,0.007624618530903363
stress_interp,exc_betting,0.95,0.5,32,5000,500,1,1,0.05094568665074206,0.3310059913067314,0.00019543400556055917,-0.007637574940106348,-0.007637574940106348,0.3310059913067314,,0.00019543400556055917,0.002,0.000353127309584542,0.011240992747195207,0.002,0.000353127309584542,0.011240992747195207
stress_interp,exc_betting,0.95,0.5,32,10000,500,4,4,0.05047578024043545,0.331313388416807,0.00018908918627873281,-0.002119128833297528,-0.002655624788438532,0.331313388416807,0.0007026171036738673,0.00018908918627873281,0.008,0.0031152647975077885,0.020387359836901122,0.008,0.0031152647975077885,0.020387359836901122
stress_interp,exc_betting,0.95,0.5,32,20000,500,0,0,,,,,,,,,0.0,0.0,0.007624618530903363,0.0,0.0,0.007624618530903363
stress_interp,exc_betting,0.95,0.5,32,50000,500,0,0,,,,,,,,,0.0,0.0,0.007624618530903363,0.0,0.0,0.007624618530903363
stress_interp,exc_betting,0.95,0.5,128,2000,500,0,0,,,,,,,,,0.0,0.0,0.007624618530903363,0.0,0.0,0.007624618530903363
stress_interp,exc_betting,0.95,0.5,128,5000,500,1,1,0.05094568665074206,0.3310059913067314,0.00019543400556055917,-0.0020338619026345067,-0.0020338619026345067,0.3310059913067314,,0.00019543400556055917,0.002,0.000353127309584542,0.011240992747195207,0.002,0.000353127309584542,0.011240992747195207
stress_interp,exc_betting,0.95,0.5,128,10000,500,4,4,0.05068136429494459,0.3310113756510162,0.00018754770333241963,-0.002007776562672585,-0.005338497469479939,0.3310113756510162,0.0008820737728422027,0.00018754770333241963,0.008,0.0031152647975077885,0.020387359836901122,0.008,0.0031152647975077885,0.020387359836901122
stress_interp,exc_betting,0.95,0.5,128,20000,500,0,0,,,,,,,,,0.0,0.0,0.007624618530903363,0.0,0.0,0.007624618530903363
stress_interp,exc_betting,0.95,0.5,128,50000,500,0,0,,,,,,,,,0.0,0.0,0.007624618530903363,0.0,0.0,0.007624618530903363
stress_interp,exc_betting,0.95,0.5,1024,2000,500,0,0,,,,,,,,,0.0,0.0,0.007624618530903363,0.0,0.0,0.007624618530903363
stress_interp,exc_betting,0.95,0.5,1024,5000,500,0,0,,,,,,,,,0.0,0.0,0.007624618530903363,0.0,0.0,0.007624618530903363
stress_interp,exc_betting,0.95,0.5,1024,10000,500,3,3,0.050554097975486545,0.3306835832974377,0.00018968699011891245,-0.0021414452597654024,-0.0029823251794489428,0.3306835832974377,0.0005981615818819677,0.00018968699011891245,0.006,0.002042559297638913,0.017490563810893606,0.006,0.002042559297638913,0.017490563810893606
stress_interp,exc_betting,0.95,0.5,1024,20000,500,0,0,,,,,,,,,0.0,0.0,0.007624618530903363,0.0,0.0,0.007624618530903363
stress_interp,exc_betting,0.95,0.5,1024,50000,500,0,0,,,,,,,,,0.0,0.0,0.007624618530903363,0.0,0.0,0.007624618530903363
stress_interp,exc_betting,0.95,1.0,32,2000,500,0,0,,,,,,,,,0.0,0.0,0.007624618530903363,0.0,0.0,0.007624618530903363
stress_interp,exc_betting,0.95,1.0,32,5000,500,0,0,,,,,,,,,0.0,0.0,0.007624618530903363,0.0,0.0,0.007624618530903363
stress_interp,exc_betting,0.95,1.0,32,10000,500,0,0,,,,,,,,,0.0,0.0,0.007624618530903363,0.0,0.0,0.007624618530903363
stress_interp,exc_betting,0.95,1.0,32,20000,500,1,1,0.05055409797548655,0.329874300035243,0.00019439201159102482,-0.0009740685687731274,-0.0009740685687731274,0.329874300035243,,0.00019439201159102482,0.002,0.000353127309584542,0.011240992747195207,0.002,0.000353127309584542,0.011240992747195207
stress_interp,exc_betting,0.95,1.0,32,50000,500,0,0,,,,,,,,,0.0,0.0,0.007624618530903363,0.0,0.0,0.007624618530903363
stress_interp,exc_betting,0.95,1.0,128,2000,500,0,0,,,,,,,,,0.0,0.0,0.007624618530903363,0.0,0.0,0.007624618530903363
stress_interp,exc_betting,0.95,1.0,128,5000,500,1,1,0.05090652778321651,0.3313310099071935,0.00019027323491404633,-0.0012979151532407224,-0.0012979151532407224,0.3313310099071935,,0.00019027323491404633,0.002,0.000353127309584542,0.011240992747195207,0.002,0.000353127309584542,0.011240992747195207
stress_interp,exc_betting,0.95,1.0,128,10000,500,0,0,,,,,,,,,0.0,0.0,0.007624618530903363,0.0,0.0,0.007624618530903363
stress_interp,exc_betting,0.95,1.0,128,20000,500,0,0,,,,,,,,,0.0,0.0,0.007624618530903363,0.0,0.0,0.007624618530903363
stress_interp,exc_betting,0.95,1.0,128,50000,500,0,0,,,,,,,,,0.0,0.0,0.007624618530903363,0.0,0.0,0.007624618530903363
stress_interp,exc_betting,0.95,1.0,1024,2000,500,0,0,,,,,,,,,0.0,0.0,0.007624618530903363,0.0,0.0,0.007624618530903363
stress_interp,exc_betting,0.95,1.0,1024,5000,500,2,2,0.05033872420409602,0.3308953675059717,0.00019023186357050554,-0.0008722923170753662,-0.0009310306183636929,0.3308953675059717,0.0004554922876812923,0.00019023186357050554,0.004,0.0010976075412372681,0.014466014041418871,0.004,0.0010976075412372681,0.014466014041418871
stress_interp,exc_betting,0.95,1.0,1024,10000,500,0,0,,,,,,,,,0.0,0.0,0.007624618530903363,0.0,0.0,0.007624618530903363
stress_interp,exc_betting,0.95,1.0,1024,20000,500,0,0,,,,,,,,,0.0,0.0,0.007624618530903363,0.0,0.0,0.007624618530903363
stress_interp,exc_betting,0.95,1.0,1024,50000,500,0,0,,,,,,,,,0.0,0.0,0.007624618530903363,0.0,0.0,0.007624618530903363
stress_interp,exc_betting,0.99,0.2,32,2000,500,0,0,,,,,,,,,0.0,0.0,0.007624618530903363,0.0,0.0,0.007624618530903363
stress_interp,exc_betting,0.99,0.2,32,5000,500,0,0,,,,,,,,,0.0,0.0,0.007624618530903363,0.0,0.0,0.007624618530903363
stress_interp,exc_betting,0.99,0.2,32,10000,500,0,0,,,,,,,,,0.0,0.0,0.007624618530903363,0.0,0.0,0.007624618530903363
stress_interp,exc_betting,0.99,0.2,32,20000,500,0,0,,,,,,,,,0.0,0.0,0.007624618530903363,0.0,0.0,0.007624618530903363
stress_interp,exc_betting,0.99,0.2,32,50000,500,2,2,0.0101029878215922,0.3109380506715746,7.916236049653445e-05,-0.0004930026147868293,-0.000801456342952778,0.3109380506715746,3.73808260407133e-05,7.916236049653445e-05,0.004,0.0010976075412372681,0.014466014041418871,0.004,0.0010976075412372681,0.014466014041418871
stress_interp,exc_betting,0.99,0.2,128,2000,500,0,0,,,,,,,,,0.0,0.0,0.007624618530903363,0.0,0.0,0.007624618530903363
stress_interp,exc_betting,0.99,0.2,128,5000,500,0,0,,,,,,,,,0.0,0.0,0.007624618530903363,0.0,0.0,0.007624618530903363
stress_interp,exc_betting,0.99,0.2,128,10000,500,0,0,,,,,,,,,0.0,0.0,0.007624618530903363,0.0,0.0,0.007624618530903363
stress_interp,exc_betting,0.99,0.2,128,20000,500,0,0,,,,,,,,,0.0,0.0,0.007624618530903363,0.0,0.0,0.007624618530903363
stress_interp,exc_betting,0.99,0.2,128,50000,500,1,1,0.01014214668911775,0.3109018287191134,7.697355993264675e-05,-0.0008851573217013506,-0.0008851573217013506,0.3109018287191134,,7.697355993264675e-05,0.002,0.000353127309584542,0.011240992747195207,0.002,0.000353127309584542,0.011240992747195207
stress_interp,exc_betting,0.99,0.2,1024,2000,500,0,0,,,,,,,,,0.0,0.0,0.007624618530903363,0.0,0.0,0.007624618530903363
stress_interp,exc_betting,0.99,0.2,1024,5000,500,0,0,,,,,,,,,0.0,0.0,0.007624618530903363,0.0,0.0,0.007624618530903363
stress_interp,exc_betting,0.99,0.2,1024,10000,500,0,0,,,,,,,,,0.0,0.0,0.007624618530903363,0.0,0.0,0.007624618530903363
stress_interp,exc_betting,0.99,0.2,1024,20000,500,0,0,,,,,,,,,0.0,0.0,0.007624618530903363,0.0,0.0,0.007624618530903363
stress_interp,exc_betting,0.99,0.2,1024,50000,500,0,0,,,,,,,,,0.0,0.0,0.007624618530903363,0.0,0.0,0.007624618530903363
stress_interp,exc_betting,0.99,0.5,32,2000,500,0,0,,,,,,,,,0.0,0.0,0.007624618530903363,0.0,0.0,0.007624618530903363
stress_interp,exc_betting,0.99,0.5,32,5000,500,0,0,,,,,,,,,0.0,0.0,0.007624618530903363,0.0,0.0,0.007624618530903363
stress_interp,exc_betting,0.99,0.5,32,10000,500,0,0,,,,,,,,,0.0,0.0,0.007624618530903363,0.0,0.0,0.007624618530903363
stress_interp,exc_betting,0.99,0.5,32,20000,500,0,0,,,,,,,,,0.0,0.0,0.007624618530903363,0.0,0.0,0.007624618530903363
stress_interp,exc_betting,0.99,0.5,32,50000,500,4,4,0.0101029878215922,0.31074666170654347,7.879350158593414e-05,-0.00042838153180537386,-0.0007975824495409407,0.31074666170654347,0.0003980981679227708,7.879350158593414e-05,0.008,0.0031152647975077885,0.020387359836901122,0.008,0.0031152647975077885,0.020387359836901122
stress_interp,exc_betting,0.99,0.5,128,2000,500,0,0,,,,,,,,,0.0,0.0,0.007624618530903363,0.0,0.0,0.007624618530903363
stress_interp,exc_betting,0.99,0.5,128,5000,500,0,0,,,,,,,,,0.0,0.0,0.007624618530903363,0.0,0.0,0.007624618530903363
stress_interp,exc_betting,0.99,0.5,128,10000,500,0,0,,,,,,,,,0.0,0.0,0.007624618530903363,0.0,0.0,0.007624618530903363
stress_interp,exc_betting,0.99,0.5,128,20000,500,0,0,,,,,,,,,0.0,0.0,0.007624618530903363,0.0,0.0,0.007624618530903363
stress_interp,exc_betting,0.99,0.5,128,50000,500,1,1,0.010063828954066649,0.31057876806202767,8.036252496377806e-05,-0.0002472181213359764,-0.0002472181213359764,0.31057876806202767,,8.036252496377806e-05,0.002,0.000353127309584542,0.011240992747195207,0.002,0.000353127309584542,0.011240992747195207
stress_interp,exc_betting,0.99,0.5,1024,2000,500,0,0,,,,,,,,,0.0,0.0,0.007624618530903363,0.0,0.0,0.007624618530903363
stress_interp,exc_betting,0.99,0.5,1024,5000,500,0,0,,,,,,,,,0.0,0.0,0.007624618530903363,0.0,0.0,0.007624618530903363
stress_interp,exc_betting,0.99,0.5,1024,10000,500,0,0,,,,,,,,,0.0,0.0,0.007624618530903363,0.0,0.0,0.007624618530903363
stress_interp,exc_betting,0.99,0.5,1024,20000,500,0,0,,,,,,,,,0.0,0.0,0.007624618530903363,0.0,0.0,0.007624618530903363
stress_interp,exc_betting,0.99,0.5,1024,50000,500,1,1,0.010063828954066649,0.3104299643654305,7.704893292085993e-05,-0.0002494451301381286,-0.0002494451301381286,0.3104299643654305,,7.704893292085993e-05,0.002,0.000353127309584542,0.011240992747195207,0.002,0.000353127309584542,0.011240992747195207
stress_interp,exc_betting,0.99,1.0,32,2000,500,0,0,,,,,,,,,0.0,0.0,0.007624618530903363,0.0,0.0,0.007624618530903363
stress_interp,exc_betting,0.99,1.0,32,5000,500,0,0,,,,,,,,,0.0,0.0,0.007624618530903363,0.0,0.0,0.007624618530903363
stress_interp,exc_betting,0.99,1.0,32,10000,500,2,2,0.0101029878215922,0.3105621255433293,7.903716176528173e-05,-0.0004657722458097308,-0.0007359600843923932,0.3105621255433293,0.0002561278821308541,7.903716176528173e-05,0.004,0.0010976075412372681,0.014466014041418871,0.004,0.0010976075412372681,0.014466014041418871
stress_interp,exc_betting,0.99,1.0,32,20000,500,3,3,0.01011604077743405,0.310757593557061,7.740840871415333e-05,-0.00026047686458166287,-0.0003257416437909156,0.310757593557061,0.00036393703176938264,7.740840871415333e-05,0.006,0.002042559297638913,0.017490563810893606,0.006,0.002042559297638913,0.017490563810893606
stress_interp,exc_betting,0.99,1.0,32,50000,500,0,0,,,,,,,,,0.0,0.0,0.007624618530903363,0.0,0.0,0.007624618530903363
stress_interp,exc_betting,0.99,1.0,128,2000,500,0,0,,,,,,,,,0.0,0.0,0.007624618530903363,0.0,0.0,0.007624618530903363
stress_interp,exc_betting,0.99,1.0,128,5000,500,0,0,,,,,,,,,0.0,0.0,0.007624618530903363,0.0,0.0,0.007624618530903363
stress_interp,exc_betting,0.99,1.0,128,10000,500,1,1,0.0101029878215922,0.30976817950424873,8.00148803696597e-05,-0.00011665735405061786,-0.00011665735405061786,0.30976817950424873,,8.00148803696597e-05,0.002,0.000353127309584542,0.011240992747195207,0.002,0.000353127309584542,0.011240992747195207
stress_interp,exc_betting,0.99,1.0,128,20000,500,1,1,0.01014214668911775,0.3104573755726984,7.993959353095509e-05,-0.0009868457130528877,-0.0009868457130528877,0.3104573755726984,,7.993959353095509e-05,0.002,0.000353127309584542,0.011240992747195207,0.002,0.000353127309584542,0.011240992747195207
stress_interp,exc_betting,0.99,1.0,128,50000,500,1,1,0.0101029878215922,0.31104867447233425,7.704021615694874e-05,-0.0004193790660633988,-0.0004193790660633988,0.31104867447233425,,7.704021615694874e-05,0.002,0.000353127309584542,0.011240992747195207,0.002,0.000353127309584542,0.011240992747195207
stress_interp,exc_betting,0.99,1.0,1024,2000,500,0,0,,,,,,,,,0.0,0.0,0.007624618530903363,0.0,0.0,0.007624618530903363
stress_interp,exc_betting,0.99,1.0,1024,5000,500,0,0,,,,,,,,,0.0,0.0,0.007624618530903363,0.0,0.0,0.007624618530903363
stress_interp,exc_betting,0.99,1.0,1024,10000,500,0,0,,,,,,,,,0.0,0.0,0.007624618530903363,0.0,0.0,0.007624618530903363
stress_interp,exc_betting,0.99,1.0,1024,20000,500,0,0,,,,,,,,,0.0,0.0,0.007624618530903363,0.0,0.0,0.007624618530903363
stress_interp,exc_betting,0.99,1.0,1024,50000,500,3,3,0.010155199644959602,0.31111393925154357,7.845861299291225e-05,-0.0002997127285973248,-0.0005299230276503784,0.31111393925154357,0.0006098241925853114,7.845861299291225e-05,0.006,0.002042559297638913,0.017490563810893606,0.006,0.002042559297638913,0.017490563810893606
stress_interp,exc_empbernstein,0.9,0.2,32,2000,500,0,0,,,,,,,,,0.0,0.0,0.007624618530903363,0.0,0.0,0.007624618530903363
stress_interp,exc_empbernstein,0.9,0.2,32,5000,500,0,0,,,,,,,,,0.0,0.0,0.007624618530903363,0.0,0.0,0.007624618530903363
stress_interp,exc_empbernstein,0.9,0.2,32,10000,500,0,0,,,,,,,,,0.0,0.0,0.007624618530903363,0.0,0.0,0.007624618530903363
stress_interp,exc_empbernstein,0.9,0.2,32,20000,500,0,0,,,,,,,,,0.0,0.0,0.007624618530903363,0.0,0.0,0.007624618530903363
stress_interp,exc_empbernstein,0.9,0.2,32,50000,500,0,0,,,,,,,,,0.0,0.0,0.007624618530903363,0.0,0.0,0.007624618530903363
stress_interp,exc_empbernstein,0.9,0.2,128,2000,500,0,0,,,,,,,,,0.0,0.0,0.007624618530903363,0.0,0.0,0.007624618530903363
stress_interp,exc_empbernstein,0.9,0.2,128,5000,500,0,0,,,,,,,,,0.0,0.0,0.007624618530903363,0.0,0.0,0.007624618530903363
stress_interp,exc_empbernstein,0.9,0.2,128,10000,500,0,0,,,,,,,,,0.0,0.0,0.007624618530903363,0.0,0.0,0.007624618530903363
stress_interp,exc_empbernstein,0.9,0.2,128,20000,500,0,0,,,,,,,,,0.0,0.0,0.007624618530903363,0.0,0.0,0.007624618530903363
stress_interp,exc_empbernstein,0.9,0.2,128,50000,500,0,0,,,,,,,,,0.0,0.0,0.007624618530903363,0.0,0.0,0.007624618530903363
stress_interp,exc_empbernstein,0.9,0.2,1024,2000,500,0,0,,,,,,,,,0.0,0.0,0.007624618530903363,0.0,0.0,0.007624618530903363
stress_interp,exc_empbernstein,0.9,0.2,1024,5000,500,0,0,,,,,,,,,0.0,0.0,0.007624618530903363,0.0,0.0,0.007624618530903363
stress_interp,exc_empbernstein,0.9,0.2,1024,10000,500,0,0,,,,,,,,,0.0,0.0,0.007624618530903363,0.0,0.0,0.007624618530903363
stress_interp,exc_empbernstein,0.9,0.2,1024,20000,500,0,0,,,,,,,,,0.0,0.0,0.007624618530903363,0.0,0.0,0.007624618530903363
stress_interp,exc_empbernstein,0.9,0.2,1024,50000,500,0,0,,,,,,,,,0.0,0.0,0.007624618530903363,0.0,0.0,0.007624618530903363
stress_interp,exc_empbernstein,0.9,0.5,32,2000,500,0,0,,,,,,,,,0.0,0.0,0.007624618530903363,0.0,0.0,0.007624618530903363
stress_interp,exc_empbernstein,0.9,0.5,32,5000,500,0,0,,,,,,,,,0.0,0.0,0.007624618530903363,0.0,0.0,0.007624618530903363
stress_interp,exc_empbernstein,0.9,0.5,32,10000,500,0,0,,,,,,,,,0.0,0.0,0.007624618530903363,0.0,0.0,0.007624618530903363
stress_interp,exc_empbernstein,0.9,0.5,32,20000,500,0,0,,,,,,,,,0.0,0.0,0.007624618530903363,0.0,0.0,0.007624618530903363
stress_interp,exc_empbernstein,0.9,0.5,32,50000,500,0,0,,,,,,,,,0.0,0.0,0.007624618530903363,0.0,0.0,0.007624618530903363
stress_interp,exc_empbernstein,0.9,0.5,128,2000,500,0,0,,,,,,,,,0.0,0.0,0.007624618530903363,0.0,0.0,0.007624618530903363
stress_interp,exc_empbernstein,0.9,0.5,128,5000,500,0,0,,,,,,,,,0.0,0.0,0.007624618530903363,0.0,0.0,0.007624618530903363
stress_interp,exc_empbernstein,0.9,0.5,128,10000,500,0,0,,,,,,,,,0.0,0.0,0.007624618530903363,0.0,0.0,0.007624618530903363
stress_interp,exc_empbernstein,0.9,0.5,128,20000,500,0,0,,,,,,,,,0.0,0.0,0.007624618530903363,0.0,0.0,0.007624618530903363
stress_interp,exc_empbernstein,0.9,0.5,128,50000,500,0,0,,,,,,,,,0.0,0.0,0.007624618530903363,0.0,0.0,0.007624618530903363
stress_interp,exc_empbernstein,0.9,0.5,1024,2000,500,0,0,,,,,,,,,0.0,0.0,0.007624618530903363,0.0,0.0,0.007624618530903363
stress_interp,exc_empbernstein,0.9,0.5,1024,5000,500,0,0,,,,,,,,,0.0,0.0,0.007624618530903363,0.0,0.0,0.007624618530903363
stress_interp,exc_empbernstein,0.9,0.5,1024,10000,500,0,0,,,,,,,,,0.0,0.0,0.007624618530903363,0.0,0.0,0.007624618530903363
stress_interp,exc_empbernstein,0.9,0.5,1024,20000,500,0,0,,,,,,,,,0.0,0.0,0.007624618530903363,0.0,0.0,0.007624618530903363
stress_interp,exc_empbernstein,0.9,0.5,1024,50000,500,0,0,,,,,,,,,0.0,0.0,0.007624618530903363,0.0,0.0,0.007624618530903363
stress_interp,exc_empbernstein,0.9,1.0,32,2000,500,0,0,,,,,,,,,0.0,0.0,0.007624618530903363,0.0,0.0,0.007624618530903363
stress_interp,exc_empbernstein,0.9,1.0,32,5000,500,0,0,,,,,,,,,0.0,0.0,0.007624618530903363,0.0,0.0,0.007624618530903363
stress_interp,exc_empbernstein,0.9,1.0,32,10000,500,0,0,,,,,,,,,0.0,0.0,0.007624618530903363,0.0,0.0,0.007624618530903363
stress_interp,exc_empbernstein,0.9,1.0,32,20000,500,0,0,,,,,,,,,0.0,0.0,0.007624618530903363,0.0,0.0,0.007624618530903363
stress_interp,exc_empbernstein,0.9,1.0,32,50000,500,0,0,,,,,,,,,0.0,0.0,0.007624618530903363,0.0,0.0,0.007624618530903363
stress_interp,exc_empbernstein,0.9,1.0,128,2000,500,0,0,,,,,,,,,0.0,0.0,0.007624618530903363,0.0,0.0,0.007624618530903363
stress_interp,exc_empbernstein,0.9,1.0,128,5000,500,0,0,,,,,,,,,0.0,0.0,0.007624618530903363,0.0,0.0,0.007624618530903363
stress_interp,exc_empbernstein,0.9,1.0,128,10000,500,0,0,,,,,,,,,0.0,0.0,0.007624618530903363,0.0,0.0,0.007624618530903363
stress_interp,exc_empbernstein,0.9,1.0,128,20000,500,0,0,,,,,,,,,0.0,0.0,0.007624618530903363,0.0,0.0,0.007624618530903363
stress_interp,exc_empbernstein,0.9,1.0,128,50000,500,0,0,,,,,,,,,0.0,0.0,0.007624618530903363,0.0,0.0,0.007624618530903363
stress_interp,exc_empbernstein,0.9,1.0,1024,2000,500,0,0,,,,,,,,,0.0,0.0,0.007624618530903363,0.0,0.0,0.007624618530903363
stress_interp,exc_empbernstein,0.9,1.0,1024,5000,500,0,0,,,,,,,,,0.0,0.0,0.007624618530903363,0.0,0.0,0.007624618530903363
stress_interp,exc_empbernstein,0.9,1.0,1024,10000,500,0,0,,,,,,,,,0.0,0.0,0.007624618530903363,0.0,0.0,0.007624618530903363
stress_interp,exc_empbernstein,0.9,1.0,1024,20000,500,0,0,,,,,,,,,0.0,0.0,0.007624618530903363,0.0,0.0,0.007624618530903363
stress_interp,exc_empbernstein,0.9,1.0,1024,50000,500,0,0,,,,,,,,,0.0,0.0,0.007624618530903363,0.0,0.0,0.007624618530903363
stress_interp,exc_empbernstein,0.95,0.2,32,2000,500,0,0,,,,,,,,,0.0,0.0,0.007624618530903363,0.0,0.0,0.007624618530903363
stress_interp,exc_empbernstein,0.95,0.2,32,5000,500,0,0,,,,,,,,,0.0,0.0,0.007624618530903363,0.0,0.0,0.007624618530903363
stress_interp,exc_empbernstein,0.95,0.2,32,10000,500,0,0,,,,,,,,,0.0,0.0,0.007624618530903363,0.0,0.0,0.007624618530903363
stress_interp,exc_empbernstein,0.95,0.2,32,20000,500,0,0,,,,,,,,,0.0,0.0,0.007624618530903363,0.0,0.0,0.007624618530903363
stress_interp,exc_empbernstein,0.95,0.2,32,50000,500,0,0,,,,,,,,,0.0,0.0,0.007624618530903363,0.0,0.0,0.007624618530903363
stress_interp,exc_empbernstein,0.95,0.2,128,2000,500,0,0,,,,,,,,,0.0,0.0,0.007624618530903363,0.0,0.0,0.007624618530903363
stress_interp,exc_empbernstein,0.95,0.2,128,5000,500,0,0,,,,,,,,,0.0,0.0,0.007624618530903363,0.0,0.0,0.007624618530903363
stress_interp,exc_empbernstein,0.95,0.2,128,10000,500,0,0,,,,,,,,,0.0,0.0,0.007624618530903363,0.0,0.0,0.007624618530903363
stress_interp,exc_empbernstein,0.95,0.2,128,20000,500,0,0,,,,,,,,,0.0,0.0,0.007624618530903363,0.0,0.0,0.007624618530903363
stress_interp,exc_empbernstein,0.95,0.2,128,50000,500,0,0,,,,,,,,,0.0,0.0,0.007624618530903363,0.0,0.0,0.007624618530903363
stress_interp,exc_empbernstein,0.95,0.2,1024,2000,500,0,0,,,,,,,,,0.0,0.0,0.007624618530903363,0.0,0.0,0.007624618530903363
stress_interp,exc_empbernstein,0.95,0.2,1024,5000,500,0,0,,,,,,,,,0.0,0.0,0.007624618530903363,0.0,0.0,0.007624618530903363
stress_interp,exc_empbernstein,0.95,0.2,1024,10000,500,0,0,,,,,,,,,0.0,0.0,0.007624618530903363,0.0,0.0,0.007624618530903363
stress_interp,exc_empbernstein,0.95,0.2,1024,20000,500,0,0,,,,,,,,,0.0,0.0,0.007624618530903363,0.0,0.0,0.007624618530903363
stress_interp,exc_empbernstein,0.95,0.2,1024,50000,500,0,0,,,,,,,,,0.0,0.0,0.007624618530903363,0.0,0.0,0.007624618530903363
stress_interp,exc_empbernstein,0.95,0.5,32,2000,500,0,0,,,,,,,,,0.0,0.0,0.007624618530903363,0.0,0.0,0.007624618530903363
stress_interp,exc_empbernstein,0.95,0.5,32,5000,500,0,0,,,,,,,,,0.0,0.0,0.007624618530903363,0.0,0.0,0.007624618530903363
stress_interp,exc_empbernstein,0.95,0.5,32,10000,500,0,0,,,,,,,,,0.0,0.0,0.007624618530903363,0.0,0.0,0.007624618530903363
stress_interp,exc_empbernstein,0.95,0.5,32,20000,500,0,0,,,,,,,,,0.0,0.0,0.007624618530903363,0.0,0.0,0.007624618530903363
stress_interp,exc_empbernstein,0.95,0.5,32,50000,500,0,0,,,,,,,,,0.0,0.0,0.007624618530903363,0.0,0.0,0.007624618530903363
stress_interp,exc_empbernstein,0.95,0.5,128,2000,500,0,0,,,,,,,,,0.0,0.0,0.007624618530903363,0.0,0.0,0.007624618530903363
stress_interp,exc_empbernstein,0.95,0.5,128,5000,500,0,0,,,,,,,,,0.0,0.0,0.007624618530903363,0.0,0.0,0.007624618530903363
stress_interp,exc_empbernstein,0.95,0.5,128,10000,500,0,0,,,,,,,,,0.0,0.0,0.007624618530903363,0.0,0.0,0.007624618530903363
stress_interp,exc_empbernstein,0.95,0.5,128,20000,500,0,0,,,,,,,,,0.0,0.0,0.007624618530903363,0.0,0.0,0.007624618530903363
stress_interp,exc_empbernstein,0.95,0.5,128,50000,500,0,0,,,,,,,,,0.0,0.0,0.007624618530903363,0.0,0.0,0.007624618530903363
stress_interp,exc_empbernstein,0.95,0.5,1024,2000,500,0,0,,,,,,,,,0.0,0.0,0.007624618530903363,0.0,0.0,0.007624618530903363
stress_interp,exc_empbernstein,0.95,0.5,1024,5000,500,0,0,,,,,,,,,0.0,0.0,0.007624618530903363,0.0,0.0,0.007624618530903363
stress_interp,exc_empbernstein,0.95,0.5,1024,10000,500,0,0,,,,,,,,,0.0,0.0,0.007624618530903363,0.0,0.0,0.007624618530903363
stress_interp,exc_empbernstein,0.95,0.5,1024,20000,500,0,0,,,,,,,,,0.0,0.0,0.007624618530903363,0.0,0.0,0.007624618530903363
stress_interp,exc_empbernstein,0.95,0.5,1024,50000,500,0,0,,,,,,,,,0.0,0.0,0.007624618530903363,0.0,0.0,0.007624618530903363
stress_interp,exc_empbernstein,0.95,1.0,32,2000,500,0,0,,,,,,,,,0.0,0.0,0.007624618530903363,0.0,0.0,0.007624618530903363
stress_interp,exc_empbernstein,0.95,1.0,32,5000,500,0,0,,,,,,,,,0.0,0.0,0.007624618530903363,0.0,0.0,0.007624618530903363
stress_interp,exc_empbernstein,0.95,1.0,32,10000,500,0,0,,,,,,,,,0.0,0.0,0.007624618530903363,0.0,0.0,0.007624618530903363
stress_interp,exc_empbernstein,0.95,1.0,32,20000,500,0,0,,,,,,,,,0.0,0.0,0.007624618530903363,0.0,0.0,0.007624618530903363
stress_interp,exc_empbernstein,0.95,1.0,32,50000,500,0,0,,,,,,,,,0.0,0.0,0.007624618530903363,0.0,0.0,0.007624618530903363
stress_interp,exc_empbernstein,0.95,1.0,128,2000,500,0,0,,,,,,,,,0.0,0.0,0.007624618530903363,0.0,0.0,0.007624618530903363
stress_interp,exc_empbernstein,0.95,1.0,128,5000,500,0,0,,,,,,,,,0.0,0.0,0.007624618530903363,0.0,0.0,0.007624618530903363
stress_interp,exc_empbernstein,0.95,1.0,128,10000,500,0,0,,,,,,,,,0.0,0.0,0.007624618530903363,0.0,0.0,0.007624618530903363
stress_interp,exc_empbernstein,0.95,1.0,128,20000,500,0,0,,,,,,,,,0.0,0.0,0.007624618530903363,0.0,0.0,0.007624618530903363
stress_interp,exc_empbernstein,0.95,1.0,128,50000,500,0,0,,,,,,,,,0.0,0.0,0.007624618530903363,0.0,0.0,0.007624618530903363
stress_interp,exc_empbernstein,0.95,1.0,1024,2000,500,0,0,,,,,,,,,0.0,0.0,0.007624618530903363,0.0,0.0,0.007624618530903363
stress_interp,exc_empbernstein,0.95,1.0,1024,5000,500,0,0,,,,,,,,,0.0,0.0,0.007624618530903363,0.0,0.0,0.007624618530903363
stress_interp,exc_empbernstein,0.95,1.0,1024,10000,500,0,0,,,,,,,,,0.0,0.0,0.007624618530903363,0.0,0.0,0.007624618530903363
stress_interp,exc_empbernstein,0.95,1.0,1024,20000,500,0,0,,,,,,,,,0.0,0.0,0.007624618530903363,0.0,0.0,0.007624618530903363
stress_interp,exc_empbernstein,0.95,1.0,1024,50000,500,0,0,,,,,,,,,0.0,0.0,0.007624618530903363,0.0,0.0,0.007624618530903363
stress_interp,exc_empbernstein,0.99,0.2,32,2000,500,0,0,,,,,,,,,0.0,0.0,0.007624618530903363,0.0,0.0,0.007624618530903363
stress_interp,exc_empbernstein,0.99,0.2,32,5000,500,0,0,,,,,,,,,0.0,0.0,0.007624618530903363,0.0,0.0,0.007624618530903363
stress_interp,exc_empbernstein,0.99,0.2,32,10000,500,0,0,,,,,,,,,0.0,0.0,0.007624618530903363,0.0,0.0,0.007624618530903363
stress_interp,exc_empbernstein,0.99,0.2,32,20000,500,0,0,,,,,,,,,0.0,0.0,0.007624618530903363,0.0,0.0,0.007624618530903363
stress_interp,exc_empbernstein,0.99,0.2,32,50000,500,0,0,,,,,,,,,0.0,0.0,0.007624618530903363,0.0,0.0,0.007624618530903363
stress_interp,exc_empbernstein,0.99,0.2,128,2000,500,0,0,,,,,,,,,0.0,0.0,0.007624618530903363,0.0,0.0,0.007624618530903363
stress_interp,exc_empbernstein,0.99,0.2,128,5000,500,0,0,,,,,,,,,0.0,0.0,0.007624618530903363,0.0,0.0,0.007624618530903363
stress_interp,exc_empbernstein,0.99,0.2,128,10000,500,0,0,,,,,,,,,0.0,0.0,0.007624618530903363,0.0,0.0,0.007624618530903363
stress_interp,exc_empbernstein,0.99,0.2,128,20000,500,0,0,,,,,,,,,0.0,0.0,0.007624618530903363,0.0,0.0,0.007624618530903363
stress_interp,exc_empbernstein,0.99,0.2,128,50000,500,0,0,,,,,,,,,0.0,0.0,0.007624618530903363,0.0,0.0,0.007624618530903363
stress_interp,exc_empbernstein,0.99,0.2,1024,2000,500,0,0,,,,,,,,,0.0,0.0,0.007624618530903363,0.0,0.0,0.007624618530903363
stress_interp,exc_empbernstein,0.99,0.2,1024,5000,500,0,0,,,,,,,,,0.0,0.0,0.007624618530903363,0.0,0.0,0.007624618530903363
stress_interp,exc_empbernstein,0.99,0.2,1024,10000,500,0,0,,,,,,,,,0.0,0.0,0.007624618530903363,0.0,0.0,0.007624618530903363
stress_interp,exc_empbernstein,0.99,0.2,1024,20000,500,0,0,,,,,,,,,0.0,0.0,0.007624618530903363,0.0,0.0,0.007624618530903363
stress_interp,exc_empbernstein,0.99,0.2,1024,50000,500,0,0,,,,,,,,,0.0,0.0,0.007624618530903363,0.0,0.0,0.007624618530903363
stress_interp,exc_empbernstein,0.99,0.5,32,2000,500,0,0,,,,,,,,,0.0,0.0,0.007624618530903363,0.0,0.0,0.007624618530903363
stress_interp,exc_empbernstein,0.99,0.5,32,5000,500,0,0,,,,,,,,,0.0,0.0,0.007624618530903363,0.0,0.0,0.007624618530903363
stress_interp,exc_empbernstein,0.99,0.5,32,10000,500,0,0,,,,,,,,,0.0,0.0,0.007624618530903363,0.0,0.0,0.007624618530903363
stress_interp,exc_empbernstein,0.99,0.5,32,20000,500,0,0,,,,,,,,,0.0,0.0,0.007624618530903363,0.0,0.0,0.007624618530903363
stress_interp,exc_empbernstein,0.99,0.5,32,50000,500,0,0,,,,,,,,,0.0,0.0,0.007624618530903363,0.0,0.0,0.007624618530903363
stress_interp,exc_empbernstein,0.99,0.5,128,2000,500,0,0,,,,,,,,,0.0,0.0,0.007624618530903363,0.0,0.0,0.007624618530903363
stress_interp,exc_empbernstein,0.99,0.5,128,5000,500,0,0,,,,,,,,,0.0,0.0,0.007624618530903363,0.0,0.0,0.007624618530903363
stress_interp,exc_empbernstein,0.99,0.5,128,10000,500,0,0,,,,,,,,,0.0,0.0,0.007624618530903363,0.0,0.0,0.007624618530903363
stress_interp,exc_empbernstein,0.99,0.5,128,20000,500,0,0,,,,,,,,,0.0,0.0,0.007624618530903363,0.0,0.0,0.007624618530903363
stress_interp,exc_empbernstein,0.99,0.5,128,50000,500,0,0,,,,,,,,,0.0,0.0,0.007624618530903363,0.0,0.0,0.007624618530903363
stress_interp,exc_empbernstein,0.99,0.5,1024,2000,500,0,0,,,,,,,,,0.0,0.0,0.007624618530903363,0.0,0.0,0.007624618530903363
stress_interp,exc_empbernstein,0.99,0.5,1024,5000,500,0,0,,,,,,,,,0.0,0.0,0.007624618530903363,0.0,0.0,0.007624618530903363
stress_interp,exc_empbernstein,0.99,0.5,1024,10000,500,0,0,,,,,,,,,0.0,0.0,0.007624618530903363,0.0,0.0,0.007624618530903363
stress_interp,exc_empbernstein,0.99,0.5,1024,20000,500,0,0,,,,,,,,,0.0,0.0,0.007624618530903363,0.0,0.0,0.007624618530903363
stress_interp,exc_empbernstein,0.99,0.5,1024,50000,500,0,0,,,,,,,,,0.0,0.0,0.007624618530903363,0.0,0.0,0.007624618530903363
stress_interp,exc_empbernstein,0.99,1.0,32,2000,500,0,0,,,,,,,,,0.0,0.0,0.007624618530903363,0.0,0.0,0.007624618530903363
stress_interp,exc_empbernstein,0.99,1.0,32,5000,500,0,0,,,,,,,,,0.0,0.0,0.007624618530903363,0.0,0.0,0.007624618530903363
stress_interp,exc_empbernstein,0.99,1.0,32,10000,500,0,0,,,,,,,,,0.0,0.0,0.007624618530903363,0.0,0.0,0.007624618530903363
stress_interp,exc_empbernstein,0.99,1.0,32,20000,500,0,0,,,,,,,,,0.0,0.0,0.007624618530903363,0.0,0.0,0.007624618530903363
stress_interp,exc_empbernstein,0.99,1.0,32,50000,500,0,0,,,,,,,,,0.0,0.0,0.007624618530903363,0.0,0.0,0.007624618530903363
stress_interp,exc_empbernstein,0.99,1.0,128,2000,500,0,0,,,,,,,,,0.0,0.0,0.007624618530903363,0.0,0.0,0.007624618530903363
stress_interp,exc_empbernstein,0.99,1.0,128,5000,500,0,0,,,,,,,,,0.0,0.0,0.007624618530903363,0.0,0.0,0.007624618530903363
stress_interp,exc_empbernstein,0.99,1.0,128,10000,500,0,0,,,,,,,,,0.0,0.0,0.007624618530903363,0.0,0.0,0.007624618530903363
stress_interp,exc_empbernstein,0.99,1.0,128,20000,500,0,0,,,,,,,,,0.0,0.0,0.007624618530903363,0.0,0.0,0.007624618530903363
stress_interp,exc_empbernstein,0.99,1.0,128,50000,500,0,0,,,,,,,,,0.0,0.0,0.007624618530903363,0.0,0.0,0.007624618530903363
stress_interp,exc_empbernstein,0.99,1.0,1024,2000,500,0,0,,,,,,,,,0.0,0.0,0.007624618530903363,0.0,0.0,0.007624618530903363
stress_interp,exc_empbernstein,0.99,1.0,1024,5000,500,0,0,,,,,,,,,0.0,0.0,0.007624618530903363,0.0,0.0,0.007624618530903363
stress_interp,exc_empbernstein,0.99,1.0,1024,10000,500,0,0,,,,,,,,,0.0,0.0,0.007624618530903363,0.0,0.0,0.007624618530903363
stress_interp,exc_empbernstein,0.99,1.0,1024,20000,500,0,0,,,,,,,,,0.0,0.0,0.007624618530903363,0.0,0.0,0.007624618530903363
stress_interp,exc_empbernstein,0.99,1.0,1024,50000,500,0,0,,,,,,,,,0.0,0.0,0.007624618530903363,0.0,0.0,0.007624618530903363
stress_interp,exceedance,0.9,0.2,32,2000,500,0,0,,,,,,,,,0.0,0.0,0.007624618530903363,0.0,0.0,0.007624618530903363
stress_interp,exceedance,0.9,0.2,32,5000,500,0,0,,,,,,,,,0.0,0.0,0.007624618530903363,0.0,0.0,0.007624618530903363
stress_interp,exceedance,0.9,0.2,32,10000,500,0,0,,,,,,,,,0.0,0.0,0.007624618530903363,0.0,0.0,0.007624618530903363
stress_interp,exceedance,0.9,0.2,32,20000,500,0,0,,,,,,,,,0.0,0.0,0.007624618530903363,0.0,0.0,0.007624618530903363
stress_interp,exceedance,0.9,0.2,32,50000,500,0,0,,,,,,,,,0.0,0.0,0.007624618530903363,0.0,0.0,0.007624618530903363
stress_interp,exceedance,0.9,0.2,128,2000,500,0,0,,,,,,,,,0.0,0.0,0.007624618530903363,0.0,0.0,0.007624618530903363
stress_interp,exceedance,0.9,0.2,128,5000,500,0,0,,,,,,,,,0.0,0.0,0.007624618530903363,0.0,0.0,0.007624618530903363
stress_interp,exceedance,0.9,0.2,128,10000,500,0,0,,,,,,,,,0.0,0.0,0.007624618530903363,0.0,0.0,0.007624618530903363
stress_interp,exceedance,0.9,0.2,128,20000,500,0,0,,,,,,,,,0.0,0.0,0.007624618530903363,0.0,0.0,0.007624618530903363
stress_interp,exceedance,0.9,0.2,128,50000,500,0,0,,,,,,,,,0.0,0.0,0.007624618530903363,0.0,0.0,0.007624618530903363
stress_interp,exceedance,0.9,0.2,1024,2000,500,0,0,,,,,,,,,0.0,0.0,0.007624618530903363,0.0,0.0,0.007624618530903363
stress_interp,exceedance,0.9,0.2,1024,5000,500,0,0,,,,,,,,,0.0,0.0,0.007624618530903363,0.0,0.0,0.007624618530903363
stress_interp,exceedance,0.9,0.2,1024,10000,500,0,0,,,,,,,,,0.0,0.0,0.007624618530903363,0.0,0.0,0.007624618530903363
stress_interp,exceedance,0.9,0.2,1024,20000,500,0,0,,,,,,,,,0.0,0.0,0.007624618530903363,0.0,0.0,0.007624618530903363
stress_interp,exceedance,0.9,0.2,1024,50000,500,0,0,,,,,,,,,0.0,0.0,0.007624618530903363,0.0,0.0,0.007624618530903363
stress_interp,exceedance,0.9,0.5,32,2000,500,0,0,,,,,,,,,0.0,0.0,0.007624618530903363,0.0,0.0,0.007624618530903363
stress_interp,exceedance,0.9,0.5,32,5000,500,0,0,,,,,,,,,0.0,0.0,0.007624618530903363,0.0,0.0,0.007624618530903363
stress_interp,exceedance,0.9,0.5,32,10000,500,0,0,,,,,,,,,0.0,0.0,0.007624618530903363,0.0,0.0,0.007624618530903363
stress_interp,exceedance,0.9,0.5,32,20000,500,0,0,,,,,,,,,0.0,0.0,0.007624618530903363,0.0,0.0,0.007624618530903363
stress_interp,exceedance,0.9,0.5,32,50000,500,0,0,,,,,,,,,0.0,0.0,0.007624618530903363,0.0,0.0,0.007624618530903363
stress_interp,exceedance,0.9,0.5,128,2000,500,0,0,,,,,,,,,0.0,0.0,0.007624618530903363,0.0,0.0,0.007624618530903363
stress_interp,exceedance,0.9,0.5,128,5000,500,0,0,,,,,,,,,0.0,0.0,0.007624618530903363,0.0,0.0,0.007624618530903363
stress_interp,exceedance,0.9,0.5,128,10000,500,0,0,,,,,,,,,0.0,0.0,0.007624618530903363,0.0,0.0,0.007624618530903363
stress_interp,exceedance,0.9,0.5,128,20000,500,0,0,,,,,,,,,0.0,0.0,0.007624618530903363,0.0,0.0,0.007624618530903363
stress_interp,exceedance,0.9,0.5,128,50000,500,0,0,,,,,,,,,0.0,0.0,0.007624618530903363,0.0,0.0,0.007624618530903363
stress_interp,exceedance,0.9,0.5,1024,2000,500,0,0,,,,,,,,,0.0,0.0,0.007624618530903363,0.0,0.0,0.007624618530903363
stress_interp,exceedance,0.9,0.5,1024,5000,500,0,0,,,,,,,,,0.0,0.0,0.007624618530903363,0.0,0.0,0.007624618530903363
stress_interp,exceedance,0.9,0.5,1024,10000,500,0,0,,,,,,,,,0.0,0.0,0.007624618530903363,0.0,0.0,0.007624618530903363
stress_interp,exceedance,0.9,0.5,1024,20000,500,0,0,,,,,,,,,0.0,0.0,0.007624618530903363,0.0,0.0,0.007624618530903363
stress_interp,exceedance,0.9,0.5,1024,50000,500,0,0,,,,,,,,,0.0,0.0,0.007624618530903363,0.0,0.0,0.007624618530903363
stress_interp,exceedance,0.9,1.0,32,2000,500,0,0,,,,,,,,,0.0,0.0,0.007624618530903363,0.0,0.0,0.007624618530903363
stress_interp,exceedance,0.9,1.0,32,5000,500,0,0,,,,,,,,,0.0,0.0,0.007624618530903363,0.0,0.0,0.007624618530903363
stress_interp,exceedance,0.9,1.0,32,10000,500,0,0,,,,,,,,,0.0,0.0,0.007624618530903363,0.0,0.0,0.007624618530903363
stress_interp,exceedance,0.9,1.0,32,20000,500,0,0,,,,,,,,,0.0,0.0,0.007624618530903363,0.0,0.0,0.007624618530903363
stress_interp,exceedance,0.9,1.0,32,50000,500,0,0,,,,,,,,,0.0,0.0,0.007624618530903363,0.0,0.0,0.007624618530903363
stress_interp,exceedance,0.9,1.0,128,2000,500,0,0,,,,,,,,,0.0,0.0,0.007624618530903363,0.0,0.0,0.007624618530903363
stress_interp,exceedance,0.9,1.0,128,5000,500,0,0,,,,,,,,,0.0,0.0,0.007624618530903363,0.0,0.0,0.007624618530903363
stress_interp,exceedance,0.9,1.0,128,10000,500,0,0,,,,,,,,,0.0,0.0,0.007624618530903363,0.0,0.0,0.007624618530903363
stress_interp,exceedance,0.9,1.0,128,20000,500,0,0,,,,,,,,,0.0,0.0,0.007624618530903363,0.0,0.0,0.007624618530903363
stress_interp,exceedance,0.9,1.0,128,50000,500,0,0,,,,,,,,,0.0,0.0,0.007624618530903363,0.0,0.0,0.007624618530903363
stress_interp,exceedance,0.9,1.0,1024,2000,500,0,0,,,,,,,,,0.0,0.0,0.007624618530903363,0.0,0.0,0.007624618530903363
stress_interp,exceedance,0.9,1.0,1024,5000,500,0,0,,,,,,,,,0.0,0.0,0.007624618530903363,0.0,0.0,0.007624618530903363
stress_interp,exceedance,0.9,1.0,1024,10000,500,0,0,,,,,,,,,0.0,0.0,0.007624618530903363,0.0,0.0,0.007624618530903363
stress_interp,exceedance,0.9,1.0,1024,20000,500,0,0,,,,,,,,,0.0,0.0,0.007624618530903363,0.0,0.0,0.007624618530903363
stress_interp,exceedance,0.9,1.0,1024,50000,500,0,0,,,,,,,,,0.0,0.0,0.007624618530903363,0.0,0.0,0.007624618530903363
stress_interp,exceedance,0.95,0.2,32,2000,500,0,0,,,,,,,,,0.0,0.0,0.007624618530903363,0.0,0.0,0.007624618530903363
stress_interp,exceedance,0.95,0.2,32,5000,500,0,0,,,,,,,,,0.0,0.0,0.007624618530903363,0.0,0.0,0.007624618530903363
stress_interp,exceedance,0.95,0.2,32,10000,500,0,0,,,,,,,,,0.0,0.0,0.007624618530903363,0.0,0.0,0.007624618530903363
stress_interp,exceedance,0.95,0.2,32,20000,500,0,0,,,,,,,,,0.0,0.0,0.007624618530903363,0.0,0.0,0.007624618530903363
stress_interp,exceedance,0.95,0.2,32,50000,500,0,0,,,,,,,,,0.0,0.0,0.007624618530903363,0.0,0.0,0.007624618530903363
stress_interp,exceedance,0.95,0.2,128,2000,500,0,0,,,,,,,,,0.0,0.0,0.007624618530903363,0.0,0.0,0.007624618530903363
stress_interp,exceedance,0.95,0.2,128,5000,500,0,0,,,,,,,,,0.0,0.0,0.007624618530903363,0.0,0.0,0.007624618530903363
stress_interp,exceedance,0.95,0.2,128,10000,500,0,0,,,,,,,,,0.0,0.0,0.007624618530903363,0.0,0.0,0.007624618530903363
stress_interp,exceedance,0.95,0.2,128,20000,500,0,0,,,,,,,,,0.0,0.0,0.007624618530903363,0.0,0.0,0.007624618530903363
stress_interp,exceedance,0.95,0.2,128,50000,500,0,0,,,,,,,,,0.0,0.0,0.007624618530903363,0.0,0.0,0.007624618530903363
stress_interp,exceedance,0.95,0.2,1024,2000,500,0,0,,,,,,,,,0.0,0.0,0.007624618530903363,0.0,0.0,0.007624618530903363
stress_interp,exceedance,0.95,0.2,1024,5000,500,0,0,,,,,,,,,0.0,0.0,0.007624618530903363,0.0,0.0,0.007624618530903363
stress_interp,exceedance,0.95,0.2,1024,10000,500,0,0,,,,,,,,,0.0,0.0,0.007624618530903363,0.0,0.0,0.007624618530903363
stress_interp,exceedance,0.95,0.2,1024,20000,500,0,0,,,,,,,,,0.0,0.0,0.007624618530903363,0.0,0.0,0.007624618530903363
stress_interp,exceedance,0.95,0.2,1024,50000,500,0,0,,,,,,,,,0.0,0.0,0.007624618530903363,0.0,0.0,0.007624618530903363
stress_interp,exceedance,0.95,0.5,32,2000,500,0,0,,,,,,,,,0.0,0.0,0.007624618530903363,0.0,0.0,0.007624618530903363
stress_interp,exceedance,0.95,0.5,32,5000,500,0,0,,,,,,,,,0.0,0.0,0.007624618530903363,0.0,0.0,0.007624618530903363
stress_interp,exceedance,0.95,0.5,32,10000,500,0,0,,,,,,,,,0.0,0.0,0.007624618530903363,0.0,0.0,0.007624618530903363
stress_interp,exceedance,0.95,0.5,32,20000,500,0,0,,,,,,,,,0.0,0.0,0.007624618530903363,0.0,0.0,0.007624618530903363
stress_interp,exceedance,0.95,0.5,32,50000,500,0,0,,,,,,,,,0.0,0.0,0.007624618530903363,0.0,0.0,0.007624618530903363
stress_interp,exceedance,0.95,0.5,128,2000,500,0,0,,,,,,,,,0.0,0.0,0.007624618530903363,0.0,0.0,0.007624618530903363
stress_interp,exceedance,0.95,0.5,128,5000,500,0,0,,,,,,,,,0.0,0.0,0.007624618530903363,0.0,0.0,0.007624618530903363
stress_interp,exceedance,0.95,0.5,128,10000,500,0,0,,,,,,,,,0.0,0.0,0.007624618530903363,0.0,0.0,0.007624618530903363
stress_interp,exceedance,0.95,0.5,128,20000,500,0,0,,,,,,,,,0.0,0.0,0.007624618530903363,0.0,0.0,0.007624618530903363
stress_interp,exceedance,0.95,0.5,128,50000,500,0,0,,,,,,,,,0.0,0.0,0.007624618530903363,0.0,0.0,0.007624618530903363
stress_interp,exceedance,0.95,0.5,1024,2000,500,0,0,,,,,,,,,0.0,0.0,0.007624618530903363,0.0,0.0,0.007624618530903363
stress_interp,exceedance,0.95,0.5,1024,5000,500,0,0,,,,,,,,,0.0,0.0,0.007624618530903363,0.0,0.0,0.007624618530903363
stress_interp,exceedance,0.95,0.5,1024,10000,500,0,0,,,,,,,,,0.0,0.0,0.007624618530903363,0.0,0.0,0.007624618530903363
stress_interp,exceedance,0.95,0.5,1024,20000,500,0,0,,,,,,,,,0.0,0.0,0.007624618530903363,0.0,0.0,0.007624618530903363
stress_interp,exceedance,0.95,0.5,1024,50000,500,0,0,,,,,,,,,0.0,0.0,0.007624618530903363,0.0,0.0,0.007624618530903363
stress_interp,exceedance,0.95,1.0,32,2000,500,0,0,,,,,,,,,0.0,0.0,0.007624618530903363,0.0,0.0,0.007624618530903363
stress_interp,exceedance,0.95,1.0,32,5000,500,0,0,,,,,,,,,0.0,0.0,0.007624618530903363,0.0,0.0,0.007624618530903363
stress_interp,exceedance,0.95,1.0,32,10000,500,0,0,,,,,,,,,0.0,0.0,0.007624618530903363,0.0,0.0,0.007624618530903363
stress_interp,exceedance,0.95,1.0,32,20000,500,0,0,,,,,,,,,0.0,0.0,0.007624618530903363,0.0,0.0,0.007624618530903363
stress_interp,exceedance,0.95,1.0,32,50000,500,0,0,,,,,,,,,0.0,0.0,0.007624618530903363,0.0,0.0,0.007624618530903363
stress_interp,exceedance,0.95,1.0,128,2000,500,0,0,,,,,,,,,0.0,0.0,0.007624618530903363,0.0,0.0,0.007624618530903363
stress_interp,exceedance,0.95,1.0,128,5000,500,0,0,,,,,,,,,0.0,0.0,0.007624618530903363,0.0,0.0,0.007624618530903363
stress_interp,exceedance,0.95,1.0,128,10000,500,0,0,,,,,,,,,0.0,0.0,0.007624618530903363,0.0,0.0,0.007624618530903363
stress_interp,exceedance,0.95,1.0,128,20000,500,0,0,,,,,,,,,0.0,0.0,0.007624618530903363,0.0,0.0,0.007624618530903363
stress_interp,exceedance,0.95,1.0,128,50000,500,0,0,,,,,,,,,0.0,0.0,0.007624618530903363,0.0,0.0,0.007624618530903363
stress_interp,exceedance,0.95,1.0,1024,2000,500,0,0,,,,,,,,,0.0,0.0,0.007624618530903363,0.0,0.0,0.007624618530903363
stress_interp,exceedance,0.95,1.0,1024,5000,500,0,0,,,,,,,,,0.0,0.0,0.007624618530903363,0.0,0.0,0.007624618530903363
stress_interp,exceedance,0.95,1.0,1024,10000,500,0,0,,,,,,,,,0.0,0.0,0.007624618530903363,0.0,0.0,0.007624618530903363
stress_interp,exceedance,0.95,1.0,1024,20000,500,0,0,,,,,,,,,0.0,0.0,0.007624618530903363,0.0,0.0,0.007624618530903363
stress_interp,exceedance,0.95,1.0,1024,50000,500,0,0,,,,,,,,,0.0,0.0,0.007624618530903363,0.0,0.0,0.007624618530903363
stress_interp,exceedance,0.99,0.2,32,2000,500,0,0,,,,,,,,,0.0,0.0,0.007624618530903363,0.0,0.0,0.007624618530903363
stress_interp,exceedance,0.99,0.2,32,5000,500,0,0,,,,,,,,,0.0,0.0,0.007624618530903363,0.0,0.0,0.007624618530903363
stress_interp,exceedance,0.99,0.2,32,10000,500,0,0,,,,,,,,,0.0,0.0,0.007624618530903363,0.0,0.0,0.007624618530903363
stress_interp,exceedance,0.99,0.2,32,20000,500,0,0,,,,,,,,,0.0,0.0,0.007624618530903363,0.0,0.0,0.007624618530903363
stress_interp,exceedance,0.99,0.2,32,50000,500,0,0,,,,,,,,,0.0,0.0,0.007624618530903363,0.0,0.0,0.007624618530903363
stress_interp,exceedance,0.99,0.2,128,2000,500,0,0,,,,,,,,,0.0,0.0,0.007624618530903363,0.0,0.0,0.007624618530903363
stress_interp,exceedance,0.99,0.2,128,5000,500,0,0,,,,,,,,,0.0,0.0,0.007624618530903363,0.0,0.0,0.007624618530903363
stress_interp,exceedance,0.99,0.2,128,10000,500,0,0,,,,,,,,,0.0,0.0,0.007624618530903363,0.0,0.0,0.007624618530903363
stress_interp,exceedance,0.99,0.2,128,20000,500,0,0,,,,,,,,,0.0,0.0,0.007624618530903363,0.0,0.0,0.007624618530903363
stress_interp,exceedance,0.99,0.2,128,50000,500,0,0,,,,,,,,,0.0,0.0,0.007624618530903363,0.0,0.0,0.007624618530903363
stress_interp,exceedance,0.99,0.2,1024,2000,500,0,0,,,,,,,,,0.0,0.0,0.007624618530903363,0.0,0.0,0.007624618530903363
stress_interp,exceedance,0.99,0.2,1024,5000,500,0,0,,,,,,,,,0.0,0.0,0.007624618530903363,0.0,0.0,0.007624618530903363
stress_interp,exceedance,0.99,0.2,1024,10000,500,0,0,,,,,,,,,0.0,0.0,0.007624618530903363,0.0,0.0,0.007624618530903363
stress_interp,exceedance,0.99,0.2,1024,20000,500,0,0,,,,,,,,,0.0,0.0,0.007624618530903363,0.0,0.0,0.007624618530903363
stress_interp,exceedance,0.99,0.2,1024,50000,500,0,0,,,,,,,,,0.0,0.0,0.007624618530903363,0.0,0.0,0.007624618530903363
stress_interp,exceedance,0.99,0.5,32,2000,500,0,0,,,,,,,,,0.0,0.0,0.007624618530903363,0.0,0.0,0.007624618530903363
stress_interp,exceedance,0.99,0.5,32,5000,500,0,0,,,,,,,,,0.0,0.0,0.007624618530903363,0.0,0.0,0.007624618530903363
stress_interp,exceedance,0.99,0.5,32,10000,500,0,0,,,,,,,,,0.0,0.0,0.007624618530903363,0.0,0.0,0.007624618530903363
stress_interp,exceedance,0.99,0.5,32,20000,500,0,0,,,,,,,,,0.0,0.0,0.007624618530903363,0.0,0.0,0.007624618530903363
stress_interp,exceedance,0.99,0.5,32,50000,500,0,0,,,,,,,,,0.0,0.0,0.007624618530903363,0.0,0.0,0.007624618530903363
stress_interp,exceedance,0.99,0.5,128,2000,500,0,0,,,,,,,,,0.0,0.0,0.007624618530903363,0.0,0.0,0.007624618530903363
stress_interp,exceedance,0.99,0.5,128,5000,500,0,0,,,,,,,,,0.0,0.0,0.007624618530903363,0.0,0.0,0.007624618530903363
stress_interp,exceedance,0.99,0.5,128,10000,500,0,0,,,,,,,,,0.0,0.0,0.007624618530903363,0.0,0.0,0.007624618530903363
stress_interp,exceedance,0.99,0.5,128,20000,500,0,0,,,,,,,,,0.0,0.0,0.007624618530903363,0.0,0.0,0.007624618530903363
stress_interp,exceedance,0.99,0.5,128,50000,500,0,0,,,,,,,,,0.0,0.0,0.007624618530903363,0.0,0.0,0.007624618530903363
stress_interp,exceedance,0.99,0.5,1024,2000,500,0,0,,,,,,,,,0.0,0.0,0.007624618530903363,0.0,0.0,0.007624618530903363
stress_interp,exceedance,0.99,0.5,1024,5000,500,0,0,,,,,,,,,0.0,0.0,0.007624618530903363,0.0,0.0,0.007624618530903363
stress_interp,exceedance,0.99,0.5,1024,10000,500,0,0,,,,,,,,,0.0,0.0,0.007624618530903363,0.0,0.0,0.007624618530903363
stress_interp,exceedance,0.99,0.5,1024,20000,500,0,0,,,,,,,,,0.0,0.0,0.007624618530903363,0.0,0.0,0.007624618530903363
stress_interp,exceedance,0.99,0.5,1024,50000,500,0,0,,,,,,,,,0.0,0.0,0.007624618530903363,0.0,0.0,0.007624618530903363
stress_interp,exceedance,0.99,1.0,32,2000,500,0,0,,,,,,,,,0.0,0.0,0.007624618530903363,0.0,0.0,0.007624618530903363
stress_interp,exceedance,0.99,1.0,32,5000,500,0,0,,,,,,,,,0.0,0.0,0.007624618530903363,0.0,0.0,0.007624618530903363
stress_interp,exceedance,0.99,1.0,32,10000,500,0,0,,,,,,,,,0.0,0.0,0.007624618530903363,0.0,0.0,0.007624618530903363
stress_interp,exceedance,0.99,1.0,32,20000,500,0,0,,,,,,,,,0.0,0.0,0.007624618530903363,0.0,0.0,0.007624618530903363
stress_interp,exceedance,0.99,1.0,32,50000,500,0,0,,,,,,,,,0.0,0.0,0.007624618530903363,0.0,0.0,0.007624618530903363
stress_interp,exceedance,0.99,1.0,128,2000,500,0,0,,,,,,,,,0.0,0.0,0.007624618530903363,0.0,0.0,0.007624618530903363
stress_interp,exceedance,0.99,1.0,128,5000,500,0,0,,,,,,,,,0.0,0.0,0.007624618530903363,0.0,0.0,0.007624618530903363
stress_interp,exceedance,0.99,1.0,128,10000,500,0,0,,,,,,,,,0.0,0.0,0.007624618530903363,0.0,0.0,0.007624618530903363
stress_interp,exceedance,0.99,1.0,128,20000,500,0,0,,,,,,,,,0.0,0.0,0.007624618530903363,0.0,0.0,0.007624618530903363
stress_interp,exceedance,0.99,1.0,128,50000,500,0,0,,,,,,,,,0.0,0.0,0.007624618530903363,0.0,0.0,0.007624618530903363
stress_interp,exceedance,0.99,1.0,1024,2000,500,0,0,,,,,,,,,0.0,0.0,0.007624618530903363,0.0,0.0,0.007624618530903363
stress_interp,exceedance,0.99,1.0,1024,5000,500,0,0,,,,,,,,,0.0,0.0,0.007624618530903363,0.0,0.0,0.007624618530903363
stress_interp,exceedance,0.99,1.0,1024,10000,500,0,0,,,,,,,,,0.0,0.0,0.007624618530903363,0.0,0.0,0.007624618530903363
stress_interp,exceedance,0.99,1.0,1024,20000,500,0,0,,,,,,,,,0.0,0.0,0.007624618530903363,0.0,0.0,0.007624618530903363
stress_interp,exceedance,0.99,1.0,1024,50000,500,0,0,,,,,,,,,0.0,0.0,0.007624618530903363,0.0,0.0,0.007624618530903363
stress_interp,naive_cdf_empbernstein,0.9,0.2,32,2000,500,0,0,,,,,,,,,0.0,0.0,0.007624618530903363,0.0,0.0,0.007624618530903363
stress_interp,naive_cdf_empbernstein,0.9,0.2,32,5000,500,0,0,,,,,,,,,0.0,0.0,0.007624618530903363,0.0,0.0,0.007624618530903363
stress_interp,naive_cdf_empbernstein,0.9,0.2,32,10000,500,0,0,,,,,,,,,0.0,0.0,0.007624618530903363,0.0,0.0,0.007624618530903363
stress_interp,naive_cdf_empbernstein,0.9,0.2,32,20000,500,0,0,,,,,,,,,0.0,0.0,0.007624618530903363,0.0,0.0,0.007624618530903363
stress_interp,naive_cdf_empbernstein,0.9,0.2,32,50000,500,0,0,,,,,,,,,0.0,0.0,0.007624618530903363,0.0,0.0,0.007624618530903363
stress_interp,naive_cdf_empbernstein,0.9,0.2,128,2000,500,0,0,,,,,,,,,0.0,0.0,0.007624618530903363,0.0,0.0,0.007624618530903363
stress_interp,naive_cdf_empbernstein,0.9,0.2,128,5000,500,0,0,,,,,,,,,0.0,0.0,0.007624618530903363,0.0,0.0,0.007624618530903363
stress_interp,naive_cdf_empbernstein,0.9,0.2,128,10000,500,0,0,,,,,,,,,0.0,0.0,0.007624618530903363,0.0,0.0,0.007624618530903363
stress_interp,naive_cdf_empbernstein,0.9,0.2,128,20000,500,0,0,,,,,,,,,0.0,0.0,0.007624618530903363,0.0,0.0,0.007624618530903363
stress_interp,naive_cdf_empbernstein,0.9,0.2,128,50000,500,0,0,,,,,,,,,0.0,0.0,0.007624618530903363,0.0,0.0,0.007624618530903363
stress_interp,naive_cdf_empbernstein,0.9,0.2,1024,2000,500,0,0,,,,,,,,,0.0,0.0,0.007624618530903363,0.0,0.0,0.007624618530903363
stress_interp,naive_cdf_empbernstein,0.9,0.2,1024,5000,500,0,0,,,,,,,,,0.0,0.0,0.007624618530903363,0.0,0.0,0.007624618530903363
stress_interp,naive_cdf_empbernstein,0.9,0.2,1024,10000,500,0,0,,,,,,,,,0.0,0.0,0.007624618530903363,0.0,0.0,0.007624618530903363
stress_interp,naive_cdf_empbernstein,0.9,0.2,1024,20000,500,0,0,,,,,,,,,0.0,0.0,0.007624618530903363,0.0,0.0,0.007624618530903363
stress_interp,naive_cdf_empbernstein,0.9,0.2,1024,50000,500,1,1,0.10153894349375416,0.35588361984571404,0.00033373834044719423,-0.0017250809827775854,-0.0017250809827775854,0.35588361984571404,,0.00033373834044719423,0.002,0.000353127309584542,0.011240992747195207,0.002,0.000353127309584542,0.011240992747195207
stress_interp,naive_cdf_empbernstein,0.9,0.5,32,2000,500,0,0,,,,,,,,,0.0,0.0,0.007624618530903363,0.0,0.0,0.007624618530903363
stress_interp,naive_cdf_empbernstein,0.9,0.5,32,5000,500,0,0,,,,,,,,,0.0,0.0,0.007624618530903363,0.0,0.0,0.007624618530903363
stress_interp,naive_cdf_empbernstein,0.9,0.5,32,10000,500,1,1,0.10075576614324314,0.35736382503817987,0.00032925169753690727,-0.0033897157134852585,-0.0033897157134852585,0.35736382503817987,,0.00032925169753690727,0.002,0.000353127309584542,0.011240992747195207,0.002,0.000353127309584542,0.011240992747195207
stress_interp,naive_cdf_empbernstein,0.9,0.5,32,20000,500,1,1,0.10165642009633082,0.35482828836590047,0.00033580182480322674,-0.0016952095406814888,-0.0016952095406814888,0.35482828836590047,,0.00033580182480322674,0.002,0.000353127309584542,0.011240992747195207,0.002,0.000353127309584542,0.011240992747195207
stress_interp,naive_cdf_empbernstein,0.9,0.5,32,50000,500,5,5,0.10072443904922271,0.356626855151349,0.00032546690840740887,-0.0013468766208824812,-0.0028390962385960727,0.356626855151349,0.0009127803085658231,0.00032546690840740887,0.01,0.004278690781520357,0.023193435378764938,0.01,0.004278690781520357,0.023193435378764938
stress_interp,naive_cdf_empbernstein,0.9,0.5,128,2000,500,0,0,,,,,,,,,0.0,0.0,0.007624618530903363,0.0,0.0,0.007624618530903363
stress_interp,naive_cdf_empbernstein,0.9,0.5,128,5000,500,0,0,,,,,,,,,0.0,0.0,0.007624618530903363,0.0,0.0,0.007624618530903363
stress_interp,naive_cdf_empbernstein,0.9,0.5,128,10000,500,1,1,0.10071660727571759,0.3560970356737283,0.00032340453459685947,-0.003943352322490726,-0.003943352322490726,0.3560970356737283,,0.00032340453459685947,0.002,0.000353127309584542,0.011240992747195207,0.002,0.000353127309584542,0.011240992747195207
stress_interp,naive_cdf_empbernstein,0.9,0.5,128,20000,500,3,3,0.1010820900392894,0.3560520029760739,0.0003264350993982587,-0.0016454463149997757,-0.0019061118818475137,0.3560520029760739,0.0017020880494255661,0.0003264350993982587,0.006,0.002042559297638913,0.017490563810893606,0.006,0.002042559297638913,0.017490563810893606
stress_interp,naive_cdf_empbernstein,0.9,0.5,128,50000,500,9,9,0.10076881909908499,0.3563339468222579,0.000325224126213381,-0.0017283362984681515,-0.0030219101131357534,0.3563339468222579,0.0011431941626259287,0.000325224126213381,0.018,0.009498085051756854,0.03385204721203399,0.018,0.009498085051756854,0.03385204721203399
stress_interp,naive_cdf_empbernstein,0.9,0.5,1024,2000,500,0,0,,,,,,,,,0.0,0.0,0.007624618530903363,0.0,0.0,0.007624618530903363
stress_interp,naive_cdf_empbernstein,0.9,0.5,1024,5000,500,1,1,0.10161726122880527,0.3562987038414849,0.0003328083016799154,-0.0021566259501848983,-0.0021566259501848983,0.3562987038414849,,0.0003328083016799154,0.002,0.000353127309584542,0.011240992747195207,0.002,0.000353127309584542,0.011240992747195207
stress_interp,naive_cdf_empbernstein,0.9,0.5,1024,10000,500,4,4,0.1006284998237851,0.3560975251595724,0.00032682830990327756,-0.0029768967383235964,-0.005408169881831987,0.3560975251595724,0.0005135049459560093,0.00032682830990327756,0.008,0.0031152647975077885,0.020387359836901122,0.008,0.0031152647975077885,0.020387359836901122
stress_interp,naive_cdf_empbernstein,0.9,0.5,1024,20000,500,9,9,0.10067744840819204,0.3559910891821453,0.0003270567133527387,-0.00217548297006394,-0.003951232658402318,0.3559910891821453,0.0005928515819120422,0.0003270567133527387,0.018,0.009498085051756854,0.03385204721203399,0.018,0.009498085051756854,0.03385204721203399
stress_interp,naive_cdf_empbernstein,0.9,0.5,1024,50000,500,25,25,0.10057876806202765,0.3553185573873203,0.00032659936750597173,-0.0014983238897729096,-0.00403833356018278,0.3553185573873203,0.0012487741006857428,0.00032659936750597173,0.05,0.03409350665098192,0.07276865002683111,0.05,0.03409350665098192,0.07276865002683111
stress_interp,naive_cdf_empbernstein,0.9,1.0,32,2000,500,1,1,0.10016838313035988,0.35404119512863685,0.00032278450092023336,-0.01687937362675214,-0.01687937362675214,0.35404119512863685,,0.00032278450092023336,0.002,0.000353127309584542,0.011240992747195207,0.002,0.000353127309584542,0.011240992747195207
stress_interp,naive_cdf_empbernstein,0.9,1.0,32,5000,500,4,4,0.10055997180561538,0.3547303911970866,0.0003236455574264792,-0.008805610751483096,-0.015696971311258204,0.3547303911970866,0.0011245074109440163,0.0003236455574264792,0.008,0.0031152647975077885,0.020387359836901122,0.008,0.0031152647975077885,0.020387359836901122
stress_interp,naive_cdf_empbernstein,0.9,1.0,32,10000,500,1,1,0.10020754199788542,0.35384344284763286,0.00032327614833379024,-0.0033875518799960924,-0.0033875518799960924,0.35384344284763286,,0.00032327614833379024,0.002,0.000353127309584542,0.011240992747195207,0.002,0.000353127309584542,0.011240992747195207
stress_interp,naive_cdf_empbernstein,0.9,1.0,32,20000,500,4,4,0.1010984062340917,0.3559056467086972,0.00032716247014136354,-0.003393930491766412,-0.007762099184206561,0.3559056467086972,0.0013146248446464835,0.00032716247014136354,0.008,0.0031152647975077885,0.020387359836901122,0.008,0.0031152647975077885,0.020387359836901122
stress_interp,naive_cdf_empbernstein,0.9,1.0,32,50000,500,2,2,0.10108861651721032,0.35629968281317304,0.0003249183302658887,-0.0022380216168354228,-0.0032085940651005868,0.35629968281317304,0.0005330228898398669,0.0003249183302658887,0.004,0.0010976075412372681,0.014466014041418871,0.004,0.0010976075412372681,0.014466014041418871
stress_interp,naive_cdf_empbernstein,0.9,1.0,128,2000,500,2,2,0.10054039237185261,0.3547235383952696,0.0003231882601715158,-0.01126997473218519,-0.01687937362675214,0.3547235383952696,0.0009649791018659897,0.0003231882601715158,0.004,0.0010976075412372681,0.014466014041418871,0.004,0.0010976075412372681,0.014466014041418871
stress_interp,naive_cdf_empbernstein,0.9,1.0,128,5000,500,8,8,0.10094177076398951,0.3561476974585895,0.00032215286153424447,-0.006760135630674898,-0.015696971311258204,0.3561476974585895,0.0014346618113563743,0.00032215286153424447,0.016,0.008129155320203278,0.03125147541771118,0.016,0.008129155320203278,0.03125147541771118
stress_interp,naive_cdf_empbernstein,0.9,1.0,128,10000,500,3,3,0.10075576614324315,0.3561205309942436,0.0003271200114866012,-0.006220031571914447,-0.01405756030938106,0.3561205309942436,0.001127154858699323,0.0003271200114866012,0.006,0.002042559297638913,0.017490563810893606,0.006,0.002042559297638913,0.017490563810893606
stress_interp,naive_cdf_empbernstein,0.9,1.0,128,20000,500,8,8,0.1009515604808709,0.35615993460469125,0.00032490721697928495,-0.003985710605955482,-0.014314606829017126,0.35615993460469125,0.000745678261268631,0.00032490721697928495,0.016,0.008129155320203278,0.03125147541771118,0.016,0.008129155320203278,0.03125147541771118
stress_interp,naive_cdf_empbernstein,0.9,1.0,128,50000,500,4,4,0.10101029878215922,0.3562061910169558,0.00032620714257743664,-0.0028033060477482795,-0.004645728654882858,0.3562061910169558,0.00036019905995490233,0.00032620714257743664,0.008,0.0031152647975077885,0.020387359836901122,0.008,0.0031152647975077885,0.020387359836901122
stress_interp,naive_cdf_empbernstein,0.9,1.0,1024,2000,500,2,2,0.10085366331205702,0.35418510396679326,0.00032202356972236364,-0.02235227846934272,-0.027825183311933302,0.35418510396679326,0.00020351783066614065,0.00032202356972236364,0.004,0.0010976075412372681,0.014466014041418871,0.004,0.0010976075412372681,0.014466014041418871
stress_interp,naive_cdf_empbernstein,0.9,1.0,1024,5000,500,11,11,0.10109751625982977,0.3558191857091493,0.0003263352112976893,-0.010359136803229597,-0.02713362918374773,0.3558191857091493,0.00122708060529905,0.0003263352112976893,0.022,0.01232788016714588,0.03896125514839773,0.022,0.01232788016714588,0.03896125514839773
stress_interp,naive_cdf_empbernstein,0.9,1.0,1024,10000,500,10,10,0.10078317735051101,0.35507146493323416,0.00032834816540705644,-0.005578486374908119,-0.017464603415977262,0.35507146493323416,0.001142851248703773,0.00032834816540705644,0.02,0.010899065235569357,0.03642056855409787,0.02,0.010899065235569357,0.03642056855409787
stress_interp,naive_cdf_empbernstein,0.9,1.0,1024,20000,500,18,18,0.10096026245143214,0.3554902907763463,0.0003283052342352926,-0.004555127341736405,-0.018265494545543548,0.3554902907763463,0.0008194074940913862,0.0003283052342352926,0.036,0.022890872735181415,0.05618477326149691,0.036,0.022890872735181415,0.05618477326149691
stress_interp,naive_cdf_empbernstein,0.9,1.0,1024,50000,500,14,14,0.10061311598297148,0.35562069602089963,0.0003261864655765584,-0.002703179128846264,-0.006697173154545752,0.35562069602089963,0.0009290275642293319,0.0003261864655765584,0.028,0.01675081930862122,0.04644682058455155,0.028,0.01675081930862122,0.04644682058455155
stress_interp,naive_cdf_empbernstein,0.95,0.2,32,2000,500,0,0,,,,,,,,,0.0,0.0,0.007624618530903363,0.0,0.0,0.007624618530903363
stress_interp,naive_cdf_empbernstein,0.95,0.2,32,5000,500,0,0,,,,,,,,,0.0,0.0,0.007624618530903363,0.0,0.0,0.007624618530903363
stress_interp,naive_cdf_empbernstein,0.95,0.2,32,10000,500,0,0,,,,,,,,,0.0,0.0,0.007624618530903363,0.0,0.0,0.007624618530903363
stress_interp,naive_cdf_empbernstein,0.95,0.2,32,20000,500,0,0,,,,,,,,,0.0,0.0,0.007624618530903363,0.0,0.0,0.007624618530903363
stress_interp,naive_cdf_empbernstein,0.95,0.2,32,50000,500,0,0,,,,,,,,,0.0,0.0,0.007624618530903363,0.0,0.0,0.007624618530903363
stress_interp,naive_cdf_empbernstein,0.95,0.2,128,2000,500,0,0,,,,,,,,,0.0,0.0,0.007624618530903363,0.0,0.0,0.007624618530903363
stress_interp,naive_cdf_empbernstein,0.95,0.2,128,5000,500,0,0,,,,,,,,,0.0,0.0,0.007624618530903363,0.0,0.0,0.007624618530903363
stress_interp,naive_cdf_empbernstein,0.95,0.2,128,10000,500,0,0,,,,,,,,,0.0,0.0,0.007624618530903363,0.0,0.0,0.007624618530903363
stress_interp,naive_cdf_empbernstein,0.95,0.2,128,20000,500,0,0,,,,,,,,,0.0,0.0,0.007624618530903363,0.0,0.0,0.007624618530903363
stress_interp,naive_cdf_empbernstein,0.95,0.2,128,50000,500,0,0,,,,,,,,,0.0,0.0,0.007624618530903363,0.0,0.0,0.007624618530903363
stress_interp,naive_cdf_empbernstein,0.95,0.2,1024,2000,500,0,0,,,,,,,,,0.0,0.0,0.007624618530903363,0.0,0.0,0.007624618530903363
stress_interp,naive_cdf_empbernstein,0.95,0.2,1024,5000,500,0,0,,,,,,,,,0.0,0.0,0.007624618530903363,0.0,0.0,0.007624618530903363
stress_interp,naive_cdf_empbernstein,0.95,0.2,1024,10000,500,0,0,,,,,,,,,0.0,0.0,0.007624618530903363,0.0,0.0,0.007624618530903363
stress_interp,naive_cdf_empbernstein,0.95,0.2,1024,20000,500,0,0,,,,,,,,,0.0,0.0,0.007624618530903363,0.0,0.0,0.007624618530903363
stress_interp,naive_cdf_empbernstein,0.95,0.2,1024,50000,500,0,0,,,,,,,,,0.0,0.0,0.007624618530903363,0.0,0.0,0.007624618530903363
stress_interp,naive_cdf_empbernstein,0.95,0.5,32,2000,500,0,0,,,,,,,,,0.0,0.0,0.007624618530903363,0.0,0.0,0.007624618530903363
stress_interp,naive_cdf_empbernstein,0.95,0.5,32,5000,500,0,0,,,,,,,,,0.0,0.0,0.007624618530903363,0.0,0.0,0.007624618530903363
stress_interp,naive_cdf_empbernstein,0.95,0.5,32,10000,500,1,1,0.05090652778321651,0.3300485569957317,0.00019104926968712064,-0.002992672216734202,-0.002992672216734202,0.3300485569957317,,0.00019104926968712064,0.002,0.000353127309584542,0.011240992747195207,0.002,0.000353127309584542,0.011240992747195207
stress_interp,naive_cdf_empbernstein,0.95,0.5,32,20000,500,0,0,,,,,,,,,0.0,0.0,0.007624618530903363,0.0,0.0,0.007624618530903363
stress_interp,naive_cdf_empbernstein,0.95,0.5,32,50000,500,1,1,0.05055409797548655,0.3326487057994283,0.00019114989231311434,-0.0010287539025759032,-0.0010287539025759032,0.3326487057994283,,0.00019114989231311434,0.002,0.000353127309584542,0.011240992747195207,0.002,0.000353127309584542,0.011240992747195207
stress_interp,naive_cdf_empbernstein,0.95,0.5,128,2000,500,0,0,,,,,,,,,0.0,0.0,0.007624618530903363,0.0,0.0,0.007624618530903363
stress_interp,naive_cdf_empbernstein,0.95,0.5,128,5000,500,0,0,,,,,,,,,0.0,0.0,0.007624618530903363,0.0,0.0,0.007624618530903363
stress_interp,naive_cdf_empbernstein,0.95,0.5,128,10000,500,1,1,0.0507498923131143,0.3300309355053452,0.00018859771312213655,-0.00317095235879869,-0.00317095235879869,0.3300309355053452,,0.00018859771312213655,0.002,0.000353127309584542,0.011240992747195207,0.002,0.000353127309584542,0.011240992747195207
stress_interp,naive_cdf_empbernstein,0.95,0.5,128,20000,500,0,0,,,,,,,,,0.0,0.0,0.007624618530903363,0.0,0.0,0.007624618530903363
stress_interp,naive_cdf_empbernstein,0.95,0.5,128,50000,500,4,4,0.05037788307162157,0.33030798449308846,0.0001919657262011983,-0.0007875588026716885,-0.0010287539025759032,0.33030798449308846,0.0019276125727334488,0.0001919657262011983,0.008,0.0031152647975077885,0.020387359836901122,0.008,0.0031152647975077885,0.020387359836901122
stress_interp,naive_cdf_empbernstein,0.95,0.5,1024,2000,500,0,0,,,,,,,,,0.0,0.0,0.007624618530903363,0.0,0.0,0.007624618530903363
stress_interp,naive_cdf_empbernstein,0.95,0.5,1024,5000,500,1,1,0.05047578024043545,0.33058111759407915,0.00018699097779692215,-0.004964771209781699,-0.004964771209781699,0.33058111759407915,,0.00018699097779692215,0.002,0.000353127309584542,0.011240992747195207,0.002,0.000353127309584542,0.011240992747195207
stress_interp,naive_cdf_empbernstein,0.95,0.5,1024,10000,500,1,1,0.0504366213729099,0.33063594000861496,0.00019103239221521717,-0.004104237993140705,-0.004104237993140705,0.33063594000861496,,0.00019103239221521717,0.002,0.000353127309584542,0.011240992747195207,0.002,0.000353127309584542,0.011240992747195207
stress_interp,naive_cdf_empbernstein,0.95,0.5,1024,20000,500,2,2,0.05012335043270549,0.3304058816619023,0.0001864545561342366,-0.0008260939772627915,-0.0015606660259159105,0.3304058816619023,0.00012321827843049648,0.0001864545561342366,0.004,0.0010976075412372681,0.014466014041418871,0.004,0.0010976075412372681,0.014466014041418871
stress_interp,naive_cdf_empbernstein,0.95,0.5,1024,50000,500,12,12,0.050358303637858794,0.3305687172860294,0.0001919488526451815,-0.0017211963747985864,-0.0036469759568964408,0.3305687172860294,0.0006522814945575785,0.0001919488526451815,0.024,0.013781177149521824,0.04147745969189818,0.024,0.013781177149521824,0.04147745969189818
stress_interp,naive_cdf_empbernstein,0.95,1.0,32,2000,500,0,0,,,,,,,,,0.0,0.0,0.007624618530903363,0.0,0.0,0.007624618530903363
stress_interp,naive_cdf_empbernstein,0.95,1.0,32,5000,500,5,5,0.05056976152249677,0.3310976230567412,0.00019163858871441437,-0.0069159021678915095,-0.012852533228593643,0.3310976230567412,0.0006372066481497786,0.00019163858871441437,0.01,0.004278690781520357,0.023193435378764938,0.01,0.004278690781520357,0.023193435378764938
stress_interp,naive_cdf_empbernstein,0.95,1.0,32,10000,500,2,2,0.0507498923131143,0.331341778595763,0.00019100419783059873,-0.0053458974046535525,-0.006169173727256137,0.331341778595763,0.0018288915259181177,0.00019100419783059873,0.004,0.0010976075412372681,0.014466014041418871,0.004,0.0010976075412372681,0.014466014041418871
stress_interp,naive_cdf_empbernstein,0.95,1.0,32,20000,500,1,1,0.05055409797548655,0.3304499353878686,0.00019154545952931043,-0.004321350524652941,-0.004321350524652941,0.3304499353878686,,0.00019154545952931043,0.002,0.000353127309584542,0.011240992747195207,0.002,0.000353127309584542,0.011240992747195207
stress_interp,naive_cdf_empbernstein,0.95,1.0,32,50000,500,2,2,0.0507498923131143,0.3300798840897521,0.00019314549868817797,-0.0017663132610517308,-0.0019172492575560487,0.3300798840897521,0.00029073975809447823,0.00019314549868817797,0.004,0.0010976075412372681,0.014466014041418871,0.004,0.0010976075412372681,0.014466014041418871
stress_interp,naive_cdf_empbernstein,0.95,1.0,128,2000,500,0,0,,,,,,,,,0.0,0.0,0.007624618530903363,0.0,0.0,0.007624618530903363
stress_interp,naive_cdf_empbernstein,0.95,1.0,128,5000,500,5,5,0.050420957825899684,0.33104397540823116,0.0001905495712104006,-0.007350695549237037,-0.015183135605423483,0.33104397540823116,0.0009757923075418141,0.0001905495712104006,0.01,0.004278690781520357,0.023193435378764938,0.01,0.004278690781520357,0.023193435378764938
stress_interp,naive_cdf_empbernstein,0.95,1.0,128,10000,500,2,2,0.05049535967419823,0.3307651642714493,0.00018913333202803773,-0.00607131832147596,-0.0076200155609009515,0.3307651642714493,0.00101343572821504,0.00018913333202803773,0.004,0.0010976075412372681,0.014466014041418871,0.004,0.0010976075412372681,0.014466014041418871
stress_interp,naive_cdf_empbernstein,0.95,1.0,128,20000,500,5,5,0.05054626620198144,0.3311363903355915,0.00019141741943063008,-0.0038700920237399366,-0.009030402321621674,0.3311363903355915,0.0012537104519166197,0.00019141741943063008,0.01,0.004278690781520357,0.023193435378764938,0.01,0.004278690781520357,0.023193435378764938
stress_interp,naive_cdf_empbernstein,0.95,1.0,128,50000,500,3,3,0.05047578024043545,0.3304218715328086,0.00019318631005991308,-0.0016408006830804327,-0.002099310291657816,0.3304218715328086,0.000374486209325574,0.00019318631005991308,0.006,0.002042559297638913,0.017490563810893606,0.006,0.002042559297638913,0.017490563810893606
stress_interp,naive_cdf_empbernstein,0.95,1.0,1024,2000,500,2,2,0.05069115401182598,0.3317000822336218,0.0001885990915142734,-0.005729452270135972,-0.008224957502585832,0.3317000822336218,0.0022414650874046163,0.0001885990915142734,0.004,0.0010976075412372681,0.014466014041418871,0.004,0.0010976075412372681,0.014466014041418871
stress_interp,naive_cdf_empbernstein,0.95,1.0,1024,5000,500,6,6,0.05056062445340748,0.33050475780240435,0.00019277466160211982,-0.01128335012518844,-0.02086934775032638,0.33050475780240435,0.0006086389099511086,0.00019277466160211982,0.012,0.0055109199671753584,0.025930707718986326,0.012,0.0055109199671753584,0.025930707718986326
stress_interp,naive_cdf_empbernstein,0.95,1.0,1024,10000,500,4,4,0.05052472882484239,0.3306320241218624,0.00018977355797470337,-0.0056108595664374535,-0.010422446436811075,0.3306320241218624,0.0008587094122093014,0.00018977355797470337,0.008,0.0031152647975077885,0.020387359836901122,0.008,0.0031152647975077885,0.020387359836901122
stress_interp,naive_cdf_empbernstein,0.95,1.0,1024,20000,500,8,8,0.05051983396640169,0.3309127442534362,0.0001920517024317657,-0.004071612581938634,-0.011881173867249323,0.3309127442534362,0.0008634399869835114,0.0001920517024317657,0.016,0.008129155320203278,0.03125147541771118,0.016,0.008129155320203278,0.03125147541771118
stress_interp,naive_cdf_empbernstein,0.95,1.0,1024,50000,500,6,6,0.05039093602746342,0.3313773479004321,0.00018802820743757422,-0.0020182708425652124,-0.004686453616711828,0.3313773479004321,0.0005734102737755318,0.00018802820743757422,0.012,0.0055109199671753584,0.025930707718986326,0.012,0.0055109199671753584,0.025930707718986326
stress_interp,naive_cdf_empbernstein,0.99,0.2,32,2000,500,0,0,,,,,,,,,0.0,0.0,0.007624618530903363,0.0,0.0,0.007624618530903363
stress_interp,naive_cdf_empbernstein,0.99,0.2,32,5000,500,0,0,,,,,,,,,0.0,0.0,0.007624618530903363,0.0,0.0,0.007624618530903363
stress_interp,naive_cdf_empbernstein,0.99,0.2,32,10000,500,0,0,,,,,,,,,0.0,0.0,0.007624618530903363,0.0,0.0,0.007624618530903363
stress_interp,naive_cdf_empbernstein,0.99,0.2,32,20000,500,0,0,,,,,,,,,0.0,0.0,0.007624618530903363,0.0,0.0,0.007624618530903363
stress_interp,naive_cdf_empbernstein,0.99,0.2,32,50000,500,0,0,,,,,,,,,0.0,0.0,0.007624618530903363,0.0,0.0,0.007624618530903363
stress_interp,naive_cdf_empbernstein,0.99,0.2,128,2000,500,0,0,,,,,,,,,0.0,0.0,0.007624618530903363,0.0,0.0,0.007624618530903363
stress_interp,naive_cdf_empbernstein,0.99,0.2,128,5000,500,0,0,,,,,,,,,0.0,0.0,0.007624618530903363,0.0,0.0,0.007624618530903363
stress_interp,naive_cdf_empbernstein,0.99,0.2,128,10000,500,0,0,,,,,,,,,0.0,0.0,0.007624618530903363,0.0,0.0,0.007624618530903363
stress_interp,naive_cdf_empbernstein,0.99,0.2,128,20000,500,0,0,,,,,,,,,0.0,0.0,0.007624618530903363,0.0,0.0,0.007624618530903363
stress_interp,naive_cdf_empbernstein,0.99,0.2,128,50000,500,0,0,,,,,,,,,0.0,0.0,0.007624618530903363,0.0,0.0,0.007624618530903363
stress_interp,naive_cdf_empbernstein,0.99,0.2,1024,2000,500,0,0,,,,,,,,,0.0,0.0,0.007624618530903363,0.0,0.0,0.007624618530903363
stress_interp,naive_cdf_empbernstein,0.99,0.2,1024,5000,500,0,0,,,,,,,,,0.0,0.0,0.007624618530903363,0.0,0.0,0.007624618530903363
stress_interp,naive_cdf_empbernstein,0.99,0.2,1024,10000,500,0,0,,,,,,,,,0.0,0.0,0.007624618530903363,0.0,0.0,0.007624618530903363
stress_interp,naive_cdf_empbernstein,0.99,0.2,1024,20000,500,0,0,,,,,,,,,0.0,0.0,0.007624618530903363,0.0,0.0,0.007624618530903363
stress_interp,naive_cdf_empbernstein,0.99,0.2,1024,50000,500,0,0,,,,,,,,,0.0,0.0,0.007624618530903363,0.0,0.0,0.007624618530903363
stress_interp,naive_cdf_empbernstein,0.99,0.5,32,2000,500,0,0,,,,,,,,,0.0,0.0,0.007624618530903363,0.0,0.0,0.007624618530903363
stress_interp,naive_cdf_empbernstein,0.99,0.5,32,5000,500,0,0,,,,,,,,,0.0,0.0,0.007624618530903363,0.0,0.0,0.007624618530903363
stress_interp,naive_cdf_empbernstein,0.99,0.5,32,10000,500,0,0,,,,,,,,,0.0,0.0,0.007624618530903363,0.0,0.0,0.007624618530903363
stress_interp,naive_cdf_empbernstein,0.99,0.5,32,20000,500,0,0,,,,,,,,,0.0,0.0,0.007624618530903363,0.0,0.0,0.007624618530903363
stress_interp,naive_cdf_empbernstein,0.99,0.5,32,50000,500,1,1,0.010181305556643303,0.3111074127736226,7.616478051454754e-05,-0.0009363491491209824,-0.0009363491491209824,0.3111074127736226,,7.616478051454754e-05,0.002,0.000353127309584542,0.011240992747195207,0.002,0.000353127309584542,0.011240992747195207
stress_interp,naive_cdf_empbernstein,0.99,0.5,128,2000,500,0,0,,,,,,,,,0.0,0.0,0.007624618530903363,0.0,0.0,0.007624618530903363
stress_interp,naive_cdf_empbernstein,0.99,0.5,128,5000,500,0,0,,,,,,,,,0.0,0.0,0.007624618530903363,0.0,0.0,0.007624618530903363
stress_interp,naive_cdf_empbernstein,0.99,0.5,128,10000,500,0,0,,,,,,,,,0.0,0.0,0.007624618530903363,0.0,0.0,0.007624618530903363
stress_interp,naive_cdf_empbernstein,0.99,0.5,128,20000,500,0,0,,,,,,,,,0.0,0.0,0.007624618530903363,0.0,0.0,0.007624618530903363
stress_interp,naive_cdf_empbernstein,0.99,0.5,128,50000,500,1,1,0.010181305556643303,0.3111074127736226,7.616478051454754e-05,-0.0009363491491209824,-0.0009363491491209824,0.3111074127736226,,7.616478051454754e-05,0.002,0.000353127309584542,0.011240992747195207,0.002,0.000353127309584542,0.011240992747195207
stress_interp,naive_cdf_empbernstein,0.99,0.5,1024,2000,500,0,0,,,,,,,,,0.0,0.0,0.007624618530903363,0.0,0.0,0.007624618530903363
stress_interp,naive_cdf_empbernstein,0.99,0.5,1024,5000,500,0,0,,,,,,,,,0.0,0.0,0.007624618530903363,0.0,0.0,0.007624618530903363
stress_interp,naive_cdf_empbernstein,0.99,0.5,1024,10000,500,1,1,0.01014214668911775,0.31049066061009517,7.892983514116772e-05,-0.0015705882523317193,-0.0015705882523317193,0.31049066061009517,,7.892983514116772e-05,0.002,0.000353127309584542,0.011240992747195207,0.002,0.000353127309584542,0.011240992747195207
stress_interp,naive_cdf_empbernstein,0.99,0.5,1024,20000,500,2,2,0.010161726122880526,0.3110388847554528,7.888471629400478e-05,-0.0007303514178536082,-0.001078919058270164,0.3110388847554528,0.00044303201233447946,7.888471629400478e-05,0.004,0.0010976075412372681,0.014466014041418871,0.004,0.0010976075412372681,0.014466014041418871
stress_interp,naive_cdf_empbernstein,0.99,0.5,1024,50000,500,5,5,0.01011081959509731,0.31086854368171674,7.786963073187924e-05,-0.0005129114813431045,-0.0012504291798304187,0.31086854368171674,0.00017912774423750223,7.786963073187924e-05,0.01,0.004278690781520357,0.023193435378764938,0.01,0.004278690781520357,0.023193435378764938
stress_interp,naive_cdf_empbernstein,0.99,1.0,32,2000,500,0,0,,,,,,,,,0.0,0.0,0.007624618530903363,0.0,0.0,0.007624618530903363
stress_interp,naive_cdf_empbernstein,0.99,1.0,32,5000,500,2,2,0.010122567255354976,0.31069134980616364,7.940961350197753e-05,-0.005388846860847386,-0.006303678412912343,0.31069134980616364,0.0001592146294326554,7.940961350197753e-05,0.004,0.0010976075412372681,0.014466014041418871,0.004,0.0010976075412372681,0.014466014041418871
stress_interp,naive_cdf_empbernstein,0.99,1.0,32,10000,500,1,1,0.010063828954066649,0.31091161843599485,7.930791400712692e-05,-0.0019113588395415146,-0.0019113588395415146,0.31091161843599485,,7.930791400712692e-05,0.002,0.000353127309584542,0.011240992747195207,0.002,0.000353127309584542,0.011240992747195207
stress_interp,naive_cdf_empbernstein,0.99,1.0,32,20000,500,1,1,0.010024670086541097,0.3103810157810236,7.720408035399616e-05,-0.002484586203636261,-0.002484586203636261,0.3103810157810236,,7.720408035399616e-05,0.002,0.000353127309584542,0.011240992747195207,0.002,0.000353127309584542,0.011240992747195207
stress_interp,naive_cdf_empbernstein,0.99,1.0,32,50000,500,1,1,0.0101029878215922,0.3111681090182872,7.855143517249481e-05,-0.0006047621443842719,-0.0006047621443842719,0.3111681090182872,,7.855143517249481e-05,0.002,0.000353127309584542,0.011240992747195207,0.002,0.000353127309584542,0.011240992747195207
stress_interp,naive_cdf_empbernstein,0.99,1.0,128,2000,500,0,0,,,,,,,,,0.0,0.0,0.007624618530903363,0.0,0.0,0.007624618530903363
stress_interp,naive_cdf_empbernstein,0.99,1.0,128,5000,500,3,3,0.0101290937332759,0.3106433801934448,7.876041038493168e-05,-0.005070987623593335,-0.007433924929907744,0.3106433801934448,0.0003262370823421282,7.876041038493168e-05,0.006,0.002042559297638913,0.017490563810893606,0.006,0.002042559297638913,0.017490563810893606
stress_interp,naive_cdf_empbernstein,0.99,1.0,128,10000,500,1,1,0.010063828954066649,0.31091161843599485,7.930791400712692e-05,-0.0019113588395415146,-0.0019113588395415146,0.31091161843599485,,7.930791400712692e-05,0.002,0.000353127309584542,0.011240992747195207,0.002,0.000353127309584542,0.011240992747195207
stress_interp,naive_cdf_empbernstein,0.99,1.0,128,20000,500,2,2,0.010044249520303873,0.3104358381955594,7.922494028272703e-05,-0.0026274594345546253,-0.004742480255572883,0.3104358381955594,0.0002685881574777258,7.922494028272703e-05,0.004,0.0010976075412372681,0.014466014041418871,0.004,0.0010976075412372681,0.014466014041418871
stress_interp,naive_cdf_empbernstein,0.99,1.0,128,50000,500,2,2,0.010083408387829423,0.3104563966010103,8.054924227591339e-05,-0.0005356308281453679,-0.0006047621443842719,0.3104563966010103,0.0001869041302035861,8.054924227591339e-05,0.004,0.0010976075412372681,0.014466014041418871,0.004,0.0010976075412372681,0.014466014041418871
stress_interp,naive_cdf_empbernstein,0.99,1.0,1024,2000,500,0,0,,,,,,,,,0.0,0.0,0.007624618530903363,0.0,0.0,0.007624618530903363
stress_interp,naive_cdf_empbernstein,0.99,1.0,1024,5000,500,3,3,0.010050775998224798,0.31106890655388914,7.853978671470155e-05,-0.00749933602441237,-0.0101029878215922,0.31106890655388914,0.00069164286257372,7.853978671470155e-05,0.006,0.002042559297638913,0.017490563810893606,0.006,0.002042559297638913,0.017490563810893606
stress_interp,naive_cdf_empbernstein,0.99,1.0,1024,10000,500,2,2,0.010161726122880526,0.31089203900223206,7.80311822062106e-05,-0.0022544598623563446,-0.003990255597831602,0.31089203900223206,4.153425115635683e-05,7.80311822062106e-05,0.004,0.0010976075412372681,0.014466014041418871,0.004,0.0010976075412372681,0.014466014041418871
stress_interp,naive_cdf_empbernstein,0.99,1.0,1024,20000,500,2,2,0.0101029878215922,0.31073638250381796,7.871034968868701e-05,-0.0036723031308182417,-0.006053460221753595,0.31073638250381796,0.0002672036824392695,7.871034968868701e-05,0.004,0.0010976075412372681,0.014466014041418871,0.004,0.0010976075412372681,0.014466014041418871
stress_interp,naive_cdf_empbernstein,0.99,1.0,1024,50000,500,2,2,0.0101029878215922,0.31048576575165443,8.009616634686926e-05,-0.0009020747444317776,-0.0013376499769570914,0.31048576575165443,0.00014536987904726855,8.009616634686926e-05,0.004,0.0010976075412372681,0.014466014041418871,0.004,0.0010976075412372681,0.014466014041418871
stress_interp,naive_cdf_pacbayes,0.9,0.2,32,2000,500,0,0,,,,,,,,,0.0,0.0,0.007624618530903363,0.0,0.0,0.007624618530903363
stress_interp,naive_cdf_pacbayes,0.9,0.2,32,5000,500,0,0,,,,,,,,,0.0,0.0,0.007624618530903363,0.0,0.0,0.007624618530903363
stress_interp,naive_cdf_pacbayes,0.9,0.2,32,10000,500,0,0,,,,,,,,,0.0,0.0,0.007624618530903363,0.0,0.0,0.007624618530903363
stress_interp,naive_cdf_pacbayes,0.9,0.2,32,20000,500,0,0,,,,,,,,,0.0,0.0,0.007624618530903363,0.0,0.0,0.007624618530903363
stress_interp,naive_cdf_pacbayes,0.9,0.2,32,50000,500,0,0,,,,,,,,,0.0,0.0,0.007624618530903363,0.0,0.0,0.007624618530903363
stress_interp,naive_cdf_pacbayes,0.9,0.2,128,2000,500,0,0,,,,,,,,,0.0,0.0,0.007624618530903363,0.0,0.0,0.007624618530903363
stress_interp,naive_cdf_pacbayes,0.9,0.2,128,5000,500,0,0,,,,,,,,,0.0,0.0,0.007624618530903363,0.0,0.0,0.007624618530903363
stress_interp,naive_cdf_pacbayes,0.9,0.2,128,10000,500,0,0,,,,,,,,,0.0,0.0,0.007624618530903363,0.0,0.0,0.007624618530903363
stress_interp,naive_cdf_pacbayes,0.9,0.2,128,20000,500,0,0,,,,,,,,,0.0,0.0,0.007624618530903363,0.0,0.0,0.007624618530903363
stress_interp,naive_cdf_pacbayes,0.9,0.2,128,50000,500,0,0,,,,,,,,,0.0,0.0,0.007624618530903363,0.0,0.0,0.007624618530903363
stress_interp,naive_cdf_pacbayes,0.9,0.2,1024,2000,500,0,0,,,,,,,,,0.0,0.0,0.007624618530903363,0.0,0.0,0.007624618530903363
stress_interp,naive_cdf_pacbayes,0.9,0.2,1024,5000,500,0,0,,,,,,,,,0.0,0.0,0.007624618530903363,0.0,0.0,0.007624618530903363
stress_interp,naive_cdf_pacbayes,0.9,0.2,1024,10000,500,0,0,,,,,,,,,0.0,0.0,0.007624618530903363,0.0,0.0,0.007624618530903363
stress_interp,naive_cdf_pacbayes,0.9,0.2,1024,20000,500,0,0,,,,,,,,,0.0,0.0,0.007624618530903363,0.0,0.0,0.007624618530903363
stress_interp,naive_cdf_pacbayes,0.9,0.2,1024,50000,500,0,0,,,,,,,,,0.0,0.0,0.007624618530903363,0.0,0.0,0.007624618530903363
stress_interp,naive_cdf_pacbayes,0.9,0.5,32,2000,500,0,0,,,,,,,,,0.0,0.0,0.007624618530903363,0.0,0.0,0.007624618530903363
stress_interp,naive_cdf_pacbayes,0.9,0.5,32,5000,500,0,0,,,,,,,,,0.0,0.0,0.007624618530903363,0.0,0.0,0.007624618530903363
stress_interp,naive_cdf_pacbayes,0.9,0.5,32,10000,500,0,0,,,,,,,,,0.0,0.0,0.007624618530903363,0.0,0.0,0.007624618530903363
stress_interp,naive_cdf_pacbayes,0.9,0.5,32,20000,500,0,0,,,,,,,,,0.0,0.0,0.007624618530903363,0.0,0.0,0.007624618530903363
stress_interp,naive_cdf_pacbayes,0.9,0.5,32,50000,500,0,0,,,,,,,,,0.0,0.0,0.007624618530903363,0.0,0.0,0.007624618530903363
stress_interp,naive_cdf_pacbayes,0.9,0.5,128,2000,500,0,0,,,,,,,,,0.0,0.0,0.007624618530903363,0.0,0.0,0.007624618530903363
stress_interp,naive_cdf_pacbayes,0.9,0.5,128,5000,500,0,0,,,,,,,,,0.0,0.0,0.007624618530903363,0.0,0.0,0.007624618530903363
stress_interp,naive_cdf_pacbayes,0.9,0.5,128,10000,500,0,0,,,,,,,,,0.0,0.0,0.007624618530903363,0.0,0.0,0.007624618530903363
stress_interp,naive_cdf_pacbayes,0.9,0.5,128,20000,500,0,0,,,,,,,,,0.0,0.0,0.007624618530903363,0.0,0.0,0.007624618530903363
stress_interp,naive_cdf_pacbayes,0.9,0.5,128,50000,500,0,0,,,,,,,,,0.0,0.0,0.007624618530903363,0.0,0.0,0.007624618530903363
stress_interp,naive_cdf_pacbayes,0.9,0.5,1024,2000,500,0,0,,,,,,,,,0.0,0.0,0.007624618530903363,0.0,0.0,0.007624618530903363
stress_interp,naive_cdf_pacbayes,0.9,0.5,1024,5000,500,0,0,,,,,,,,,0.0,0.0,0.007624618530903363,0.0,0.0,0.007624618530903363
stress_interp,naive_cdf_pacbayes,0.9,0.5,1024,10000,500,0,0,,,,,,,,,0.0,0.0,0.007624618530903363,0.0,0.0,0.007624618530903363
stress_interp,naive_cdf_pacbayes,0.9,0.5,1024,20000,500,0,0,,,,,,,,,0.0,0.0,0.007624618530903363,0.0,0.0,0.007624618530903363
stress_interp,naive_cdf_pacbayes,0.9,0.5,1024,50000,500,0,0,,,,,,,,,0.0,0.0,0.007624618530903363,0.0,0.0,0.007624618530903363
stress_interp,naive_cdf_pacbayes,0.9,1.0,32,2000,500,0,0,,,,,,,,,0.0,0.0,0.007624618530903363,0.0,0.0,0.007624618530903363
stress_interp,naive_cdf_pacbayes,0.9,1.0,32,5000,500,0,0,,,,,,,,,0.0,0.0,0.007624618530903363,0.0,0.0,0.007624618530903363
stress_interp,naive_cdf_pacbayes,0.9,1.0,32,10000,500,0,0,,,,,,,,,0.0,0.0,0.007624618530903363,0.0,0.0,0.007624618530903363
stress_interp,naive_cdf_pacbayes,0.9,1.0,32,20000,500,0,0,,,,,,,,,0.0,0.0,0.007624618530903363,0.0,0.0,0.007624618530903363
stress_interp,naive_cdf_pacbayes,0.9,1.0,32,50000,500,0,0,,,,,,,,,0.0,0.0,0.007624618530903363,0.0,0.0,0.007624618530903363
stress_interp,naive_cdf_pacbayes,0.9,1.0,128,2000,500,0,0,,,,,,,,,0.0,0.0,0.007624618530903363,0.0,0.0,0.007624618530903363
stress_interp,naive_cdf_pacbayes,0.9,1.0,128,5000,500,0,0,,,,,,,,,0.0,0.0,0.007624618530903363,0.0,0.0,0.007624618530903363
stress_interp,naive_cdf_pacbayes,0.9,1.0,128,10000,500,0,0,,,,,,,,,0.0,0.0,0.007624618530903363,0.0,0.0,0.007624618530903363
stress_interp,naive_cdf_pacbayes,0.9,1.0,128,20000,500,0,0,,,,,,,,,0.0,0.0,0.007624618530903363,0.0,0.0,0.007624618530903363
stress_interp,naive_cdf_pacbayes,0.9,1.0,128,50000,500,0,0,,,,,,,,,0.0,0.0,0.007624618530903363,0.0,0.0,0.007624618530903363
stress_interp,naive_cdf_pacbayes,0.9,1.0,1024,2000,500,0,0,,,,,,,,,0.0,0.0,0.007624618530903363,0.0,0.0,0.007624618530903363
stress_interp,naive_cdf_pacbayes,0.9,1.0,1024,5000,500,0,0,,,,,,,,,0.0,0.0,0.007624618530903363,0.0,0.0,0.007624618530903363
stress_interp,naive_cdf_pacbayes,0.9,1.0,1024,10000,500,0,0,,,,,,,,,0.0,0.0,0.007624618530903363,0.0,0.0,0.007624618530903363
stress_interp,naive_cdf_pacbayes,0.9,1.0,1024,20000,500,0,0,,,,,,,,,0.0,0.0,0.007624618530903363,0.0,0.0,0.007624618530903363
stress_interp,naive_cdf_pacbayes,0.9,1.0,1024,50000,500,0,0,,,,,,,,,0.0,0.0,0.007624618530903363,0.0,0.0,0.007624618530903363
stress_interp,naive_cdf_pacbayes,0.95,0.2,32,2000,500,0,0,,,,,,,,,0.0,0.0,0.007624618530903363,0.0,0.0,0.007624618530903363
stress_interp,naive_cdf_pacbayes,0.95,0.2,32,5000,500,0,0,,,,,,,,,0.0,0.0,0.007624618530903363,0.0,0.0,0.007624618530903363
stress_interp,naive_cdf_pacbayes,0.95,0.2,32,10000,500,0,0,,,,,,,,,0.0,0.0,0.007624618530903363,0.0,0.0,0.007624618530903363
stress_interp,naive_cdf_pacbayes,0.95,0.2,32,20000,500,0,0,,,,,,,,,0.0,0.0,0.007624618530903363,0.0,0.0,0.007624618530903363
stress_interp,naive_cdf_pacbayes,0.95,0.2,32,50000,500,0,0,,,,,,,,,0.0,0.0,0.007624618530903363,0.0,0.0,0.007624618530903363
stress_interp,naive_cdf_pacbayes,0.95,0.2,128,2000,500,0,0,,,,,,,,,0.0,0.0,0.007624618530903363,0.0,0.0,0.007624618530903363
stress_interp,naive_cdf_pacbayes,0.95,0.2,128,5000,500,0,0,,,,,,,,,0.0,0.0,0.007624618530903363,0.0,0.0,0.007624618530903363
stress_interp,naive_cdf_pacbayes,0.95,0.2,128,10000,500,0,0,,,,,,,,,0.0,0.0,0.007624618530903363,0.0,0.0,0.007624618530903363
stress_interp,naive_cdf_pacbayes,0.95,0.2,128,20000,500,0,0,,,,,,,,,0.0,0.0,0.007624618530903363,0.0,0.0,0.007624618530903363
stress_interp,naive_cdf_pacbayes,0.95,0.2,128,50000,500,0,0,,,,,,,,,0.0,0.0,0.007624618530903363,0.0,0.0,0.007624618530903363
stress_interp,naive_cdf_pacbayes,0.95,0.2,1024,2000,500,0,0,,,,,,,,,0.0,0.0,0.007624618530903363,0.0,0.0,0.007624618530903363
stress_interp,naive_cdf_pacbayes,0.95,0.2,1024,5000,500,0,0,,,,,,,,,0.0,0.0,0.007624618530903363,0.0,0.0,0.007624618530903363
stress_interp,naive_cdf_pacbayes,0.95,0.2,1024,10000,500,0,0,,,,,,,,,0.0,0.0,0.007624618530903363,0.0,0.0,0.007624618530903363
stress_interp,naive_cdf_pacbayes,0.95,0.2,1024,20000,500,0,0,,,,,,,,,0.0,0.0,0.007624618530903363,0.0,0.0,0.007624618530903363
stress_interp,naive_cdf_pacbayes,0.95,0.2,1024,50000,500,0,0,,,,,,,,,0.0,0.0,0.007624618530903363,0.0,0.0,0.007624618530903363
stress_interp,naive_cdf_pacbayes,0.95,0.5,32,2000,500,0,0,,,,,,,,,0.0,0.0,0.007624618530903363,0.0,0.0,0.007624618530903363
stress_interp,naive_cdf_pacbayes,0.95,0.5,32,5000,500,0,0,,,,,,,,,0.0,0.0,0.007624618530903363,0.0,0.0,0.007624618530903363
stress_interp,naive_cdf_pacbayes,0.95,0.5,32,10000,500,0,0,,,,,,,,,0.0,0.0,0.007624618530903363,0.0,0.0,0.007624618530903363
stress_interp,naive_cdf_pacbayes,0.95,0.5,32,20000,500,0,0,,,,,,,,,0.0,0.0,0.007624618530903363,0.0,0.0,0.007624618530903363
stress_interp,naive_cdf_pacbayes,0.95,0.5,32,50000,500,0,0,,,,,,,,,0.0,0.0,0.007624618530903363,0.0,0.0,0.007624618530903363
stress_interp,naive_cdf_pacbayes,0.95,0.5,128,2000,500,0,0,,,,,,,,,0.0,0.0,0.007624618530903363,0.0,0.0,0.007624618530903363
stress_interp,naive_cdf_pacbayes,0.95,0.5,128,5000,500,0,0,,,,,,,,,0.0,0.0,0.007624618530903363,0.0,0.0,0.007624618530903363
stress_interp,naive_cdf_pacbayes,0.95,0.5,128,10000,500,0,0,,,,,,,,,0.0,0.0,0.007624618530903363,0.0,0.0,0.007624618530903363
stress_interp,naive_cdf_pacbayes,0.95,0.5,128,20000,500,0,0,,,,,,,,,0.0,0.0,0.007624618530903363,0.0,0.0,0.007624618530903363
stress_interp,naive_cdf_pacbayes,0.95,0.5,128,50000,500,0,0,,,,,,,,,0.0,0.0,0.007624618530903363,0.0,0.0,0.007624618530903363
stress_interp,naive_cdf_pacbayes,0.95,0.5,1024,2000,500,0,0,,,,,,,,,0.0,0.0,0.007624618530903363,0.0,0.0,0.007624618530903363
stress_interp,naive_cdf_pacbayes,0.95,0.5,1024,5000,500,0,0,,,,,,,,,0.0,0.0,0.007624618530903363,0.0,0.0,0.007624618530903363
stress_interp,naive_cdf_pacbayes,0.95,0.5,1024,10000,500,0,0,,,,,,,,,0.0,0.0,0.007624618530903363,0.0,0.0,0.007624618530903363
stress_interp,naive_cdf_pacbayes,0.95,0.5,1024,20000,500,0,0,,,,,,,,,0.0,0.0,0.007624618530903363,0.0,0.0,0.007624618530903363
stress_interp,naive_cdf_pacbayes,0.95,0.5,1024,50000,500,0,0,,,,,,,,,0.0,0.0,0.007624618530903363,0.0,0.0,0.007624618530903363
stress_interp,naive_cdf_pacbayes,0.95,1.0,32,2000,500,0,0,,,,,,,,,0.0,0.0,0.007624618530903363,0.0,0.0,0.007624618530903363
stress_interp,naive_cdf_pacbayes,0.95,1.0,32,5000,500,0,0,,,,,,,,,0.0,0.0,0.007624618530903363,0.0,0.0,0.007624618530903363
stress_interp,naive_cdf_pacbayes,0.95,1.0,32,10000,500,0,0,,,,,,,,,0.0,0.0,0.007624618530903363,0.0,0.0,0.007624618530903363
stress_interp,naive_cdf_pacbayes,0.95,1.0,32,20000,500,0,0,,,,,,,,,0.0,0.0,0.007624618530903363,0.0,0.0,0.007624618530903363
stress_interp,naive_cdf_pacbayes,0.95,1.0,32,50000,500,0,0,,,,,,,,,0.0,0.0,0.007624618530903363,0.0,0.0,0.007624618530903363
stress_interp,naive_cdf_pacbayes,0.95,1.0,128,2000,500,0,0,,,,,,,,,0.0,0.0,0.007624618530903363,0.0,0.0,0.007624618530903363
stress_interp,naive_cdf_pacbayes,0.95,1.0,128,5000,500,0,0,,,,,,,,,0.0,0.0,0.007624618530903363,0.0,0.0,0.007624618530903363
stress_interp,naive_cdf_pacbayes,0.95,1.0,128,10000,500,0,0,,,,,,,,,0.0,0.0,0.007624618530903363,0.0,0.0,0.007624618530903363
stress_interp,naive_cdf_pacbayes,0.95,1.0,128,20000,500,0,0,,,,,,,,,0.0,0.0,0.007624618530903363,0.0,0.0,0.007624618530903363
stress_interp,naive_cdf_pacbayes,0.95,1.0,128,50000,500,0,0,,,,,,,,,0.0,0.0,0.007624618530903363,0.0,0.0,0.007624618530903363
stress_interp,naive_cdf_pacbayes,0.95,1.0,1024,2000,500,0,0,,,,,,,,,0.0,0.0,0.007624618530903363,0.0,0.0,0.007624618530903363
stress_interp,naive_cdf_pacbayes,0.95,1.0,1024,5000,500,0,0,,,,,,,,,0.0,0.0,0.007624618530903363,0.0,0.0,0.007624618530903363
stress_interp,naive_cdf_pacbayes,0.95,1.0,1024,10000,500,0,0,,,,,,,,,0.0,0.0,0.007624618530903363,0.0,0.0,0.007624618530903363
stress_interp,naive_cdf_pacbayes,0.95,1.0,1024,20000,500,0,0,,,,,,,,,0.0,0.0,0.007624618530903363,0.0,0.0,0.007624618530903363
stress_interp,naive_cdf_pacbayes,0.95,1.0,1024,50000,500,0,0,,,,,,,,,0.0,0.0,0.007624618530903363,0.0,0.0,0.007624618530903363
stress_interp,naive_cdf_pacbayes,0.99,0.2,32,2000,500,0,0,,,,,,,,,0.0,0.0,0.007624618530903363,0.0,0.0,0.007624618530903363
stress_interp,naive_cdf_pacbayes,0.99,0.2,32,5000,500,0,0,,,,,,,,,0.0,0.0,0.007624618530903363,0.0,0.0,0.007624618530903363
stress_interp,naive_cdf_pacbayes,0.99,0.2,32,10000,500,0,0,,,,,,,,,0.0,0.0,0.007624618530903363,0.0,0.0,0.007624618530903363
stress_interp,naive_cdf_pacbayes,0.99,0.2,32,20000,500,0,0,,,,,,,,,0.0,0.0,0.007624618530903363,0.0,0.0,0.007624618530903363
stress_interp,naive_cdf_pacbayes,0.99,0.2,32,50000,500,0,0,,,,,,,,,0.0,0.0,0.007624618530903363,0.0,0.0,0.007624618530903363
stress_interp,naive_cdf_pacbayes,0.99,0.2,128,2000,500,0,0,,,,,,,,,0.0,0.0,0.007624618530903363,0.0,0.0,0.007624618530903363
stress_interp,naive_cdf_pacbayes,0.99,0.2,128,5000,500,0,0,,,,,,,,,0.0,0.0,0.007624618530903363,0.0,0.0,0.007624618530903363
stress_interp,naive_cdf_pacbayes,0.99,0.2,128,10000,500,0,0,,,,,,,,,0.0,0.0,0.007624618530903363,0.0,0.0,0.007624618530903363
stress_interp,naive_cdf_pacbayes,0.99,0.2,128,20000,500,0,0,,,,,,,,,0.0,0.0,0.007624618530903363,0.0,0.0,0.007624618530903363
stress_interp,naive_cdf_pacbayes,0.99,0.2,128,50000,500,0,0,,,,,,,,,0.0,0.0,0.007624618530903363,0.0,0.0,0.007624618530903363
stress_interp,naive_cdf_pacbayes,0.99,0.2,1024,2000,500,0,0,,,,,,,,,0.0,0.0,0.007624618530903363,0.0,0.0,0.007624618530903363
stress_interp,naive_cdf_pacbayes,0.99,0.2,1024,5000,500,0,0,,,,,,,,,0.0,0.0,0.007624618530903363,0.0,0.0,0.007624618530903363
stress_interp,naive_cdf_pacbayes,0.99,0.2,1024,10000,500,0,0,,,,,,,,,0.0,0.0,0.007624618530903363,0.0,0.0,0.007624618530903363
stress_interp,naive_cdf_pacbayes,0.99,0.2,1024,20000,500,0,0,,,,,,,,,0.0,0.0,0.007624618530903363,0.0,0.0,0.007624618530903363
stress_interp,naive_cdf_pacbayes,0.99,0.2,1024,50000,500,0,0,,,,,,,,,0.0,0.0,0.007624618530903363,0.0,0.0,0.007624618530903363
stress_interp,naive_cdf_pacbayes,0.99,0.5,32,2000,500,0,0,,,,,,,,,0.0,0.0,0.007624618530903363,0.0,0.0,0.007624618530903363
stress_interp,naive_cdf_pacbayes,0.99,0.5,32,5000,500,0,0,,,,,,,,,0.0,0.0,0.007624618530903363,0.0,0.0,0.007624618530903363
stress_interp,naive_cdf_pacbayes,0.99,0.5,32,10000,500,0,0,,,,,,,,,0.0,0.0,0.007624618530903363,0.0,0.0,0.007624618530903363
stress_interp,naive_cdf_pacbayes,0.99,0.5,32,20000,500,0,0,,,,,,,,,0.0,0.0,0.007624618530903363,0.0,0.0,0.007624618530903363
stress_interp,naive_cdf_pacbayes,0.99,0.5,32,50000,500,0,0,,,,,,,,,0.0,0.0,0.007624618530903363,0.0,0.0,0.007624618530903363
stress_interp,naive_cdf_pacbayes,0.99,0.5,128,2000,500,0,0,,,,,,,,,0.0,0.0,0.007624618530903363,0.0,0.0,0.007624618530903363
stress_interp,naive_cdf_pacbayes,0.99,0.5,128,5000,500,0,0,,,,,,,,,0.0,0.0,0.007624618530903363,0.0,0.0,0.007624618530903363
stress_interp,naive_cdf_pacbayes,0.99,0.5,128,10000,500,0,0,,,,,,,,,0.0,0.0,0.007624618530903363,0.0,0.0,0.007624618530903363
stress_interp,naive_cdf_pacbayes,0.99,0.5,128,20000,500,0,0,,,,,,,,,0.0,0.0,0.007624618530903363,0.0,0.0,0.007624618530903363
stress_interp,naive_cdf_pacbayes,0.99,0.5,128,50000,500,0,0,,,,,,,,,0.0,0.0,0.007624618530903363,0.0,0.0,0.007624618530903363
stress_interp,naive_cdf_pacbayes,0.99,0.5,1024,2000,500,0,0,,,,,,,,,0.0,0.0,0.007624618530903363,0.0,0.0,0.007624618530903363
stress_interp,naive_cdf_pacbayes,0.99,0.5,1024,5000,500,0,0,,,,,,,,,0.0,0.0,0.007624618530903363,0.0,0.0,0.007624618530903363
stress_interp,naive_cdf_pacbayes,0.99,0.5,1024,10000,500,0,0,,,,,,,,,0.0,0.0,0.007624618530903363,0.0,0.0,0.007624618530903363
stress_interp,naive_cdf_pacbayes,0.99,0.5,1024,20000,500,0,0,,,,,,,,,0.0,0.0,0.007624618530903363,0.0,0.0,0.007624618530903363
stress_interp,naive_cdf_pacbayes,0.99,0.5,1024,50000,500,0,0,,,,,,,,,0.0,0.0,0.007624618530903363,0.0,0.0,0.007624618530903363
stress_interp,naive_cdf_pacbayes,0.99,1.0,32,2000,500,0,0,,,,,,,,,0.0,0.0,0.007624618530903363,0.0,0.0,0.007624618530903363
stress_interp,naive_cdf_pacbayes,0.99,1.0,32,5000,500,0,0,,,,,,,,,0.0,0.0,0.007624618530903363,0.0,0.0,0.007624618530903363
stress_interp,naive_cdf_pacbayes,0.99,1.0,32,10000,500,0,0,,,,,,,,,0.0,0.0,0.007624618530903363,0.0,0.0,0.007624618530903363
stress_interp,naive_cdf_pacbayes,0.99,1.0,32,20000,500,0,0,,,,,,,,,0.0,0.0,0.007624618530903363,0.0,0.0,0.007624618530903363
stress_interp,naive_cdf_pacbayes,0.99,1.0,32,50000,500,0,0,,,,,,,,,0.0,0.0,0.007624618530903363,0.0,0.0,0.007624618530903363
stress_interp,naive_cdf_pacbayes,0.99,1.0,128,2000,500,0,0,,,,,,,,,0.0,0.0,0.007624618530903363,0.0,0.0,0.007624618530903363
stress_interp,naive_cdf_pacbayes,0.99,1.0,128,5000,500,0,0,,,,,,,,,0.0,0.0,0.007624618530903363,0.0,0.0,0.007624618530903363
stress_interp,naive_cdf_pacbayes,0.99,1.0,128,10000,500,0,0,,,,,,,,,0.0,0.0,0.007624618530903363,0.0,0.0,0.007624618530903363
stress_interp,naive_cdf_pacbayes,0.99,1.0,128,20000,500,0,0,,,,,,,,,0.0,0.0,0.007624618530903363,0.0,0.0,0.007624618530903363
stress_interp,naive_cdf_pacbayes,0.99,1.0,128,50000,500,0,0,,,,,,,,,0.0,0.0,0.007624618530903363,0.0,0.0,0.007624618530903363
stress_interp,naive_cdf_pacbayes,0.99,1.0,1024,2000,500,0,0,,,,,,,,,0.0,0.0,0.007624618530903363,0.0,0.0,0.007624618530903363
stress_interp,naive_cdf_pacbayes,0.99,1.0,1024,5000,500,0,0,,,,,,,,,0.0,0.0,0.007624618530903363,0.0,0.0,0.007624618530903363
stress_interp,naive_cdf_pacbayes,0.99,1.0,1024,10000,500,0,0,,,,,,,,,0.0,0.0,0.007624618530903363,0.0,0.0,0.007624618530903363
stress_interp,naive_cdf_pacbayes,0.99,1.0,1024,20000,500,0,0,,,,,,,,,0.0,0.0,0.007624618530903363,0.0,0.0,0.007624618530903363
stress_interp,naive_cdf_pacbayes,0.99,1.0,1024,50000,500,0,0,,,,,,,,,0.0,0.0,0.007624618530903363,0.0,0.0,0.007624618530903363
stress_interp,naive_exc_betting,0.9,0.2,32,2000,500,58,58,0.10103392913325222,0.3556712167470324,0.0003258672893826807,-0.0059568456944427885,-0.02357759518605297,0.3556712167470324,0.0013929128039732622,0.0003258672893826807,0.116,0.09081324505614743,0.14704246197558635,0.116,0.09081324505614743,0.14704246197558635
stress_interp,naive_exc_betting,0.9,0.2,32,5000,500,77,77,0.10084883202320645,0.35570730323050487,0.0003255707657185983,-0.00919265676146259,-0.025354644020420272,0.35570730323050487,0.0012009886330132408,0.0003255707657185983,0.154,0.12501019573842537,0.18826604028495975,0.154,0.12501019573842537,0.18826604028495975
stress_interp,naive_exc_betting,0.9,0.2,32,10000,500,48,48,0.10101519364059991,0.35555827492135594,0.0003259317487044942,-0.007722861371145649,-0.015245634300973601,0.35555827492135594,0.0013176951391238954,0.0003259317487044942,0.096,0.07317313790557156,0.12498755386739835,0.096,0.07317313790557156,0.12498755386739835
stress_interp,naive_exc_betting,0.9,0.2,32,20000,500,22,22,0.10082518413567479,0.3553168842357079,0.00032588859480183835,-0.004385099407405031,-0.011041001303577075,0.3553168842357079,0.001219736499143518,0.00032588859480183835,0.044,0.029233737680341678,0.06571991441984218,0.044,0.029233737680341678,0.06571991441984218
stress_interp,naive_exc_betting,0.9,0.2,32,50000,500,21,21,0.10104666058771866,0.3559276269539809,0.0003251943118947857,-0.0028671898374514272,-0.00534344906174572,0.3559276269539809,0.0011556274797007453,0.0003251943118947857,0.042,0.027632099334746148,0.06335205123956134,0.042,0.027632099334746148,0.06335205123956134
stress_interp,naive_exc_betting,0.9,0.2,128,2000,500,152,152,0.10106774896280525,0.3558279859151736,0.0003258172193906468,-0.006902122181954481,-0.024326415899648512,0.3558279859151736,0.0011795751314256238,0.0003258172193906468,0.304,0.2653013836201453,0.3456874668439688,0.304,0.2653013836201453,0.3456874668439688
stress_interp,naive_exc_betting,0.9,0.2,128,5000,500,217,217,0.10096599692972823,0.355803181757237,0.0003265385390927306,-0.011450722032161426,-0.04237299767823959,0.355803181757237,0.0011896017755889323,0.0003265385390927306,0.434,0.39122280165473233,0.47778364799134687,0.434,0.39122280165473233,0.47778364799134687
stress_interp,naive_exc_betting,0.9,0.2,128,10000,500,147,147,0.10103973452951685,0.35579266205444465,0.0003268511423334263,-0.007306054559555052,-0.018907976137119753,0.35579266205444465,0.0011847972685946513,0.0003268511423334263,0.294,0.2557578175953935,0.3353835252393387,0.294,0.2557578175953935,0.3353835252393387
stress_interp,naive_exc_betting,0.9,0.2,128,20000,500,93,93,0.10109640618440627,0.3556778884191228,0.0003266857513512967,-0.005061803524932807,-0.013802619613462186,0.3556778884191228,0.0010834193137267017,0.0003266857513512967,0.186,0.15433345489426237,0.22245480554314495,0.186,0.15433345489426237,0.22245480554314495
stress_interp,naive_exc_betting,0.9,0.2,128,50000,500,64,64,0.1010665896542272,0.3560453337314485,0.00032598755543427184,-0.003022654042578423,-0.010310840339340946,0.3560453337314485,0.0009661050414150991,0.00032598755543427184,0.128,0.10152638796079462,0.1601463282261975,0.128,0.10152638796079462,0.1601463282261975
stress_interp,naive_exc_betting,0.9,0.2,1024,2000,500,412,412,0.10096733808283508,0.3558036720752793,0.00032730850110500244,-0.011421977806387078,-0.024987314416972814,0.3558036720752793,0.0011870326730350495,0.00032730850110500244,0.824,0.788185127237469,0.8548741199545055,0.824,0.788185127237469,0.8548741199545055
stress_interp,naive_exc_betting,0.9,0.2,1024,5000,500,450,450,0.10098210439754082,0.35569094081354724,0.00032760056430538697,-0.018126203530917262,-0.04887200251641657,0.35569094081354724,0.0011981707689330003,0.00032760056430538697,0.9,0.8705774917999974,0.9233228133752799,0.9,0.8705774917999974,0.9233228133752799
stress_interp,naive_exc_betting,0.9,0.2,1024,10000,500,403,403,0.10099635511593114,0.35576620640260115,0.00032735415715104567,-0.010813576382743974,-0.03684425616201645,0.35576620640260115,0.0011095844513636997,0.00032735415715104567,0.806,0.7690596512561212,0.838274082202966,0.806,0.7690596512561212,0.838274082202966
stress_interp,naive_exc_betting,0.9,0.2,1024,20000,500,320,320,0.1009431168500607,0.3557647971570662,0.0003275191048282884,-0.006564404908057831,-0.021644520160744113,0.3557647971570662,0.0011038412623323715,0.0003275191048282884,0.64,0.5970058131108227,0.6808592937005244,0.64,0.5970058131108227,0.6808592937005244
stress_interp,naive_exc_betting,0.9,0.2,1024,50000,500,258,258,0.1008767336526147,0.3557471481568164,0.00032739798422899377,-0.0037524444560506514,-0.012952845871772034,0.3557471481568164,0.0011203831846332776,0.00032739798422899377,0.516,0.4722406641485616,0.5595153480584495,0.516,0.4722406641485616,0.5595153480584495
stress_interp,naive_exc_betting,0.9,0.5,32,2000,500,92,92,0.10100391418419309,0.3556817388580253,0.00032562953404352763,-0.009417328244490805,-0.03443452959718539,0.3556817388580253,0.0013430753683865778,0.00032562953404352763,0.184,0.15248894558374934,0.2203298133277816,0.184,0.15248894558374934,0.2203298133277816
stress_interp,naive_exc_betting,0.9,0.5,32,5000,500,46,46,0.10088345810256558,0.3555464705091163,0.0003260756401197921,-0.0048376307949914545,-0.025219957142584473,0.3555464705091163,0.0012798542429292594,0.0003260756401197921,0.092,0.0696823665014548,0.12053932221976234,0.092,0.0696823665014548,0.12053932221976234
stress_interp,naive_exc_betting,0.9,0.5,32,10000,500,37,37,0.10090499317894862,0.3554447230250966,0.0003252388498299764,-0.003978213101471821,-0.017150866406005758,0.3554447230250966,0.0010971198182997406,0.0003252388498299764,0.074,0.05416087387750307,0.10033530111082659,0.074,0.05416087387750307,0.10033530111082659
stress_interp,naive_exc_betting,0.9,0.5,32,20000,500,18,18,0.10083843486357486,0.35592223484007957,0.0003248547227769729,-0.0022971415495657826,-0.005445938942103268,0.35592223484007957,0.0013611044097469013,0.0003248547227769729,0.036,0.022890872735181415,0.05618477326149691,0.036,0.022890872735181415,0.05618477326149691
stress_interp,naive_exc_betting,0.9,0.5,32,50000,500,10,10,0.10093198104710813,0.3559202333868504,0.00032563768571092927,-0.003064696773375138,-0.006985066606795723,0.3559202333868504,0.0014091202539978957,0.00032563768571092927,0.02,0.010899065235569357,0.03642056855409787,0.02,0.010899065235569357,0.03642056855409787
stress_interp,naive_exc_betting,0.9,0.5,128,2000,500,244,244,0.10107369121114526,0.35576923262100574,0.00032631895398319504,-0.01092095449735356,-0.03443452959718539,0.35576923262100574,0.001202046362512622,0.00032631895398319504,0.488,0.4444444444444444,0.5317385464002973,0.488,0.4444444444444444,0.5317385464002973
stress_interp,naive_exc_betting,0.9,0.5,128,5000,500,112,112,0.10103722050358303,0.35560347660817077,0.000326710930079045,-0.006195080145206794,-0.025219957142584473,0.35560347660817077,0.0011915792205562895,0.000326710930079045,0.224,0.18963838082995066,0.262570408599108,0.224,0.18963838082995066,0.262570408599108
stress_interp,naive_exc_betting,0.9,0.5,128,10000,500,101,101,0.1010422849858311,0.35587237621048395,0.0003265143446685977,-0.004073786539821228,-0.017150866406005758,0.35587237621048395,0.0011063787852842735,0.0003265143446685977,0.202,0.16914066023346225,0.2394036124109562,0.202,0.16914066023346225,0.2394036124109562
stress_interp,naive_exc_betting,0.9,0.5,128,20000,500,56,56,0.1008886265866334,0.3559131987760057,0.00032566762484686086,-0.0027814345347176492,-0.006921231817142867,0.3559131987760057,0.0012145475248903606,0.00032566762484686086,0.112,0.0872623972834597,0.14265430669652132,0.112,0.0872623972834597,0.14265430669652132
stress_interp,naive_exc_betting,0.9,0.5,128,50000,500,31,31,0.10098440340202136,0.35593957913059737,0.0003267206171437522,-0.002294105292923342,-0.006985066606795723,0.35593957913059737,0.00120524340086661,0.0003267206171437522,0.062,0.04401893261361028,0.08666023321946106,0.062,0.04401893261361028,0.08666023321946106
stress_interp,naive_exc_betting,0.9,0.5,1024,2000,500,471,471,0.10096286749994408,0.35573040558027996,0.00032751397681412604,-0.016984352664371285,-0.045162176211612684,0.35573040558027996,0.0011762570426036626,0.00032751397681412604,0.942,0.9179433020026042,0.9593165352160771,0.942,0.9179433020026042,0.9593165352160771
stress_interp,naive_exc_betting,0.9,0.5,1024,5000,500,380,380,0.10096835757404633,0.35571679791757266,0.00032774946688293353,-0.008566582995029076,-0.030261814848703203,0.35571679791757266,0.001178158603984684,0.00032774946688293353,0.76,0.7206724477826185,0.7953627505813117,0.76,0.7206724477826185,0.7953627505813117
stress_interp,naive_exc_betting,0.9,0.5,1024,10000,500,319,319,0.10096862343568609,0.3558112680070948,0.00032724396664351915,-0.005402198967455413,-0.01753084141016291,0.3558112680070948,0.0011100499052671827,0.00032724396664351915,0.638,0.5949709219022378,0.6789246833832329,0.638,0.5949709219022378,0.6789246833832329
stress_interp,naive_exc_betting,0.9,0.5,1024,20000,500,247,247,0.10088180379378084,0.35567744127398543,0.00032715959680000713,-0.003754457873885534,-0.013653044726230329,0.35567744127398543,0.0010488462099072149,0.00032715959680000713,0.494,0.4503893365060508,0.5377021589163201,0.494,0.4503893365060508,0.5377021589163201
stress_interp,naive_exc_betting,0.9,0.5,1024,50000,500,185,185,0.10078751657637196,0.35557812776162623,0.00032673277087088263,-0.0023549454730200014,-0.007931251581668686,0.35557812776162623,0.0010631336703963317,0.00032673277087088263,0.37,0.328821530528825,0.4131608702892099,0.37,0.328821530528825,0.4131608702892099
stress_interp,naive_exc_betting,0.9,1.0,32,2000,500,47,47,0.10082075319998766,0.35537280491635415,0.0003248978368474945,-0.005923763861177044,-0.017796061093274793,0.35537280491635415,0.00147658306023703,0.0003248978368474945,0.094,0.07142604659353205,0.12276514365356148,0.094,0.07142604659353205,0.12276514365356148
stress_interp,naive_exc_betting,0.9,1.0,32,5000,500,33,33,0.10101445199538163,0.3555119072623087,0.0003254822376563537,-0.0050618311760849445,-0.017025876460767628,0.3555119072623087,0.0013639232205980003,0.0003254822376563537,0.066,0.04737823802541255,0.09123993085941157,0.066,0.04737823802541255,0.09123993085941157
stress_interp,naive_exc_betting,0.9,1.0,32,10000,500,21,21,0.10073338964751426,0.3552052390835333,0.00032465554256475666,-0.00234363287284442,-0.0071541064067968535,0.3552052390835333,0.001404368052404898,0.00032465554256475666,0.042,0.027632099334746148,0.06335205123956134,0.042,0.027632099334746148,0.06335205123956134
stress_interp,naive_exc_betting,0.9,1.0,32,20000,500,14,14,0.1006690572222937,0.35558433421534025,0.00032362567870708605,-0.0020802433857568625,-0.004660142609899123,0.35558433421534025,0.0011327892761674163,0.00032362567870708605,0.028,0.01675081930862122,0.04644682058455155,0.028,0.01675081930862122,0.04644682058455155
stress_interp,naive_exc_betting,0.9,1.0,32,50000,500,19,19,0.10090621863426237,0.35510487363021254,0.0003256012897694367,-0.0016716386967227023,-0.0027168817764367803,0.35510487363021254,0.0014595219705730515,0.0003256012897694367,0.038,0.024459922123289107,0.0585852253992656,0.038,0.024459922123289107,0.0585852253992656
stress_interp,naive_exc_betting,0.9,1.0,128,2000,500,157,157,0.1010430974514561,0.3556640682970557,0.00032643357625964975,-0.007549449347381935,-0.03506009990880918,0.3556640682970557,0.0011002477982883705,0.00032643357625964975,0.314,0.2748671671994545,0.35596919089404155,0.314,0.2748671671994545,0.35596919089404155
stress_interp,naive_exc_betting,0.9,1.0,128,5000,500,85,85,0.10105014868852345,0.3557206959221798,0.0003267465773537359,-0.004538702747470323,-0.017025876460767628,0.3557206959221798,0.0011614688681123554,0.0003267465773537359,0.17,0.13961985448969885,0.2054123937406974,0.17,0.13961985448969885,0.2054123937406974
stress_interp,naive_exc_betting,0.9,1.0,128,10000,500,63,63,0.10094410164896127,0.3556919589441029,0.0003269141427533408,-0.002879167178743487,-0.007921956948492417,0.3556919589441029,0.0011995201648096778,0.0003269141427533408,0.126,0.09973485690292784,0.1579683577581879,0.126,0.09973485690292784,0.1579683577581879
stress_interp,naive_exc_betting,0.9,1.0,128,20000,500,45,45,0.10097070481610562,0.35567137878372557,0.000325979663320759,-0.0025112827484188673,-0.008211685725690185,0.35567137878372557,0.0010768786789874495,0.000325979663320759,0.09,0.0679421955899675,0.11830999160537325,0.09,0.0679421955899675,0.11830999160537325
stress_interp,naive_exc_betting,0.9,1.0,128,50000,500,35,35,0.10089338159197579,0.3552975794225745,0.00032522589833239166,-0.0016497060202046439,-0.0033996657604837416,0.3552975794225745,0.0011408160077481762,0.00032522589833239166,0.07,0.05075944317125315,0.09579772876532376,0.07,0.05075944317125315,0.09579772876532376
stress_interp,naive_exc_betting,0.9,1.0,1024,2000,500,407,407,0.10091105462527321,0.3556830388897585,0.0003273730175197928,-0.010826220968003135,-0.03506009990880918,0.3556830388897585,0.0010650083069675524,0.0003273730175197928,0.814,0.7775451944568551,0.8456665451057376,0.814,0.7775451944568551,0.8456665451057376
stress_interp,naive_exc_betting,0.9,1.0,1024,5000,500,306,306,0.10090945829977316,0.35566748465189946,0.00032687583032795425,-0.005452311794363427,-0.018688173615742903,0.35566748465189946,0.001165459006714377,0.00032687583032795425,0.612,0.5685873695673256,0.6537047158817519,0.612,0.5685873695673256,0.6537047158817519
stress_interp,naive_exc_betting,0.9,1.0,1024,10000,500,246,246,0.10083440224307087,0.35571121736004924,0.0003272249985434811,-0.003552538702170027,-0.011962678330215637,0.35571121736004924,0.0010514424346391965,0.0003272249985434811,0.492,0.44840701227596835,0.5357149816205261,0.492,0.44840701227596835,0.5357149816205261
stress_interp,naive_exc_betting,0.9,1.0,1024,20000,500,208,208,0.10080565604658097,0.3555735211503068,0.00032662277890150345,-0.002672521263808535,-0.008272480096478296,0.3555735211503068,0.001213004330653475,0.00032662277890150345,0.416,0.37359670506840015,0.4596842308447916,0.416,0.37359670506840015,0.4596842308447916
stress_interp,naive_exc_betting,0.9,1.0,1024,50000,500,158,158,0.10070000193315928,0.35540160640579593,0.00032684067847942646,-0.0016868198381181933,-0.004672677418185875,0.35540160640579593,0.001178734919993648,0.00032684067847942646,0.316,0.2767829376901094,0.358022921929263,0.316,0.2767829376901094,0.358022921929263
stress_interp,naive_exc_betting,0.95,0.2,32,2000,500,0,0,,,,,,,,,0.0,0.0,0.007624618530903363,0.0,0.0,0.007624618530903363
stress_interp,naive_exc_betting,0.95,0.2,32,5000,500,42,42,0.050585798011102474,0.33094860491872674,0.0001905611020051205,-0.0072086544698439226,-0.01842195951387337,0.33094860491872674,0.0007793261924797912,0.0001905611020051205,0.084,0.06274379952220428,0.11159988309550732,0.084,0.06274379952220428,0.11159988309550732
stress_interp,naive_exc_betting,0.95,0.2,32,10000,500,88,88,0.050600376637107654,0.3308502903096043,0.00019087655727696354,-0.00613827782312272,-0.020943576802431967,0.3308502903096043,0.0007889099654042587,0.00019087655727696354,0.176,0.14512588004549448,0.21181487276253086,0.176,0.14512588004549448,0.21181487276253086
stress_interp,naive_exc_betting,0.95,0.2,32,20000,500,52,52,0.05045394164123851,0.3308469084074088,0.00019060633921820825,-0.0029604126724156192,-0.00804347496482876,0.3308469084074088,0.0007422301271137223,0.00019060633921820825,0.104,0.08019382152134363,0.13384487635513181,0.104,0.08019382152134363,0.13384487635513181
stress_interp,naive_exc_betting,0.95,0.2,32,50000,500,27,27,0.05055119731863281,0.33106422199307034,0.00019043408358822856,-0.0018181495030275482,-0.006822845395171022,0.33106422199307034,0.0007858393181530851,0.00019043408358822856,0.054,0.03737409848513375,0.07742706124443205,0.054,0.03737409848513375,0.07742706124443205
stress_interp,naive_exc_betting,0.95,0.2,128,2000,500,0,0,,,,,,,,,0.0,0.0,0.007624618530903363,0.0,0.0,0.007624618530903363
stress_interp,naive_exc_betting,0.95,0.2,128,5000,500,150,150,0.050509195807390585,0.33079200114866014,0.00019007537006435107,-0.007868816617770074,-0.020355811692234455,0.33079200114866014,0.0008467859278207178,0.00019007537006435107,0.3,0.26148125649400616,0.3415685909183552,0.3,0.26148125649400616,0.3415685909183552
stress_interp,naive_exc_betting,0.95,0.2,128,10000,500,240,240,0.05054332928691702,0.33073448166712355,0.00019068705045620083,-0.0062353684530965505,-0.020943576802431967,0.33073448166712355,0.0008642812731141608,0.00019068705045620083,0.48,0.43652763662029404,0.523777348120942,0.48,0.43652763662029404,0.523777348120942
stress_interp,naive_exc_betting,0.95,0.2,128,20000,500,179,179,0.050508376169269564,0.3307685223084131,0.00019080586875478957,-0.0036760134607843583,-0.014874616784172304,0.3307685223084131,0.0007808524508114558,0.00019080586875478957,0.358,0.3172068787655445,0.400958512897232,0.358,0.3172068787655445,0.400958512897232
stress_interp,naive_exc_betting,0.95,0.2,128,50000,500,80,80,0.05047871715549986,0.33082059854329016,0.00019074260876375456,-0.0020503242806507683,-0.0077530795943576425,0.33082059854329016,0.0008224920830418359,0.00019074260876375456,0.16,0.13047587742957925,0.19470886317143507,0.16,0.13047587742957925,0.19470886317143507
stress_interp,naive_exc_betting,0.95,0.2,1024,2000,500,0,0,,,,,,,,,0.0,0.0,0.007624618530903363,0.0,0.0,0.007624618530903363
stress_interp,naive_exc_betting,0.95,0.2,1024,5000,500,443,443,0.05048930463486301,0.3307484488270947,0.0001899614273309979,-0.00906178974596141,-0.020366040122215576,0.3307484488270947,0.0008260353874026607,0.0001899614273309979,0.886,0.8551502882823536,0.9109635062117889,0.886,0.8551502882823536,0.9109635062117889
stress_interp,naive_exc_betting,0.95,0.2,1024,10000,500,485,485,0.05049596522369604,0.3308061276764783,0.00019003803149584048,-0.009268261303578891,-0.025070069690203672,0.3308061276764783,0.0008006570487715785,0.00019003803149584048,0.97,0.9510959078150344,0.9817369507659165,0.97,0.9510959078150344,0.9817369507659165
stress_interp,naive_exc_betting,0.95,0.2,1024,20000,500,460,460,0.05044045213168957,0.3307377105001949,0.00019016045403855616,-0.005515765057300812,-0.01705312332635396,0.3307377105001949,0.0007533360736110554,0.00019016045403855616,0.92,0.8928931229079627,0.9407021975260784,0.92,0.8928931229079627,0.9407021975260784
stress_interp,naive_exc_betting,0.95,0.2,1024,50000,500,336,336,0.050464475448322416,0.3308486682255626,0.00019023101839161477,-0.002719578395205075,-0.011343750945663568,0.3308486682255626,0.0008030547509035384,0.00019023101839161477,0.672,0.6296726201980068,0.7117045110273624,0.672,0.6296726201980068,0.7117045110273624
stress_interp,naive_exc_betting,0.95,0.5,32,2000,500,41,41,0.05043375608992021,0.33106219860804553,0.00019021909558297525,-0.0056083245854451624,-0.019792474421682027,0.33106219860804553,0.0007657683055485339,0.00019021909558297525,0.082,0.06101875732494105,0.10935542376689417,0.082,0.06101875732494105,0.10935542376689417
stress_interp,naive_exc_betting,0.95,0.5,32,5000,500,119,119,0.05054422599207675,0.33087785296207217,0.00019069637464571917,-0.004363475272248177,-0.021644478453165382,0.33087785296207217,0.0007880003909578458,0.00019069637464571917,0.238,0.20275841101838787,0.2772368890918055,0.238,0.20275841101838787,0.2772368890918055
stress_interp,naive_exc_betting,0.95,0.5,32,10000,500,36,36,0.0505932568430121,0.33120929109396824,0.0001903342546544665,-0.0032704261187912168,-0.009246610019166261,0.33120929109396824,0.0006121692657917485,0.0001903342546544665,0.072,0.05245772605354006,0.09806894740891321,0.072,0.05245772605354006,0.09806894740891321
stress_interp,naive_exc_betting,0.95,0.5,32,20000,500,22,22,0.05041348204209934,0.33086341742996794,0.0001904773775662408,-0.0016901378470495422,-0.004263843362775008,0.33086341742996794,0.0008740396152084598,0.0001904773775662408,0.044,0.029233737680341678,0.06571991441984218,0.044,0.029233737680341678,0.06571991441984218
stress_interp,naive_exc_betting,0.95,0.5,32,50000,500,20,20,0.050454242863296396,0.3307707444100717,0.00019004933469084074,-0.0015636454872463557,-0.0027849807987164535,0.3307707444100717,0.0006211696944834324,0.00019004933469084074,0.04,0.026040593951356387,0.06097405509707471,0.04,0.026040593951356387,0.06097405509707471
stress_interp,naive_exc_betting,0.95,0.5,128,2000,500,164,164,0.050517088070203255,0.3309197462887422,0.00019001567725261386,-0.006537960722449253,-0.019792474421682027,0.3309197462887422,0.0007721182638034978,0.00019001567725261386,0.328,0.2882954889726376,0.3703273798019932,0.328,0.2882954889726376,0.3703273798019932
stress_interp,naive_exc_betting,0.95,0.5,128,5000,500,266,266,0.0505030147911581,0.33072455534811496,0.00019063945600383462,-0.005198425247015055,-0.021644478453165382,0.33072455534811496,0.0008621852704478742,0.00019063945600383462,0.532,0.48818530469160204,0.5753267197224201,0.532,0.48818530469160204,0.5753267197224201
stress_interp,naive_exc_betting,0.95,0.5,128,10000,500,127,127,0.0505352893855727,0.33082539800980454,0.00019019879982696097,-0.003421585208119429,-0.014998763934204032,0.33082539800980454,0.0009066721374648374,0.00019019879982696097,0.254,0.2178196276777558,0.2939316846394487,0.254,0.2178196276777558,0.2939316846394487
stress_interp,naive_exc_betting,0.95,0.5,128,20000,500,71,71,0.05044820357316393,0.3306848610163546,0.0001902311475147632,-0.0019117091693288926,-0.007393578077548979,0.3306848610163546,0.000856386968103654,0.0001902311475147632,0.142,0.1141288975465133,0.17533032932161352,0.142,0.1141288975465133,0.17533032932161352
stress_interp,naive_exc_betting,0.95,0.5,128,50000,500,54,54,0.05045112465717862,0.33059554836192656,0.00019028656618791327,-0.0014619318890038088,-0.004094443874388488,0.33059554836192656,0.0008740331110300264,0.00019028656618791327,0.108,0.08372241545896647,0.13825528546926177,0.108,0.08372241545896647,0.13825528546926177
stress_interp,naive_exc_betting,0.95,0.5,1024,2000,500,456,456,0.05048565583202632,0.3308507255382455,0.00018983069431763612,-0.008488172133000661,-0.020144904229411988,0.3308507255382455,0.0008320948747492497,0.00018983069431763612,0.912,0.8839229514479334,0.9337943628826022,0.912,0.8839229514479334,0.9337943628826022
stress_interp,naive_exc_betting,0.95,0.5,1024,5000,500,487,487,0.05046211082056,0.33078532666576554,0.0001900051974672334,-0.008172500016350503,-0.021644478453165382,0.33078532666576554,0.000803186372494991,0.0001900051974672334,0.974,0.9560280989556288,0.9847437626770749,0.974,0.9560280989556288,0.9847437626770749
stress_interp,naive_exc_betting,0.95,0.5,1024,10000,500,422,422,0.050460098134720244,0.33080728789209674,0.00019022302001352187,-0.0045019902259333805,-0.016831307689459417,0.33080728789209674,0.0007802021445360919,0.00019022302001352187,0.844,0.8095845658230334,0.8731696966277049,0.844,0.8095845658230334,0.8731696966277049
stress_interp,naive_exc_betting,0.95,0.5,1024,20000,500,345,345,0.050440367003716687,0.33076482943475594,0.0001897667604776928,-0.0025774282466025414,-0.008246323739842132,0.33076482943475594,0.0007873573818542209,0.0001897667604776928,0.69,0.6481408712280013,0.7289617737302553,0.69,0.6481408712280013,0.7289617737302553
stress_interp,naive_exc_betting,0.95,0.5,1024,50000,500,281,281,0.050429792958288006,0.330757283723554,0.00019031677338735494,-0.0017138353143701375,-0.005787290167719096,0.330757283723554,0.0009071714138184146,0.00019031677338735494,0.562,0.5182021184950548,0.6048524288071132,0.562,0.5182021184950548,0.6048524288071132
stress_interp,naive_exc_betting,0.95,1.0,32,2000,500,92,92,0.050521323705927115,0.3310145253860128,0.0001899876479311349,-0.00566152416214793,-0.014043524283333574,0.3310145253860128,0.0008525683892407753,0.0001899876479311349,0.184,0.15248894558374934,0.2203298133277816,0.184,0.15248894558374934,0.2203298133277816
stress_interp,naive_exc_betting,0.95,1.0,32,5000,500,45,45,0.050517549699129374,0.3307995370551661,0.00019088905927347246,-0.0025435211365688487,-0.00734834001079239,0.3307995370551661,0.0006694687519382489,0.00019088905927347246,0.09,0.0679421955899675,0.11830999160537325,0.09,0.0679421955899675,0.11830999160537325
stress_interp,naive_exc_betting,0.95,1.0,32,10000,500,26,26,0.050548073534328775,0.33098001090423856,0.0001909320684015049,-0.0023828379712145815,-0.006017999755448901,0.33098001090423856,0.0008134009527591815,0.0001909320684015049,0.052,0.03573001990962654,0.07510163829406287,0.052,0.03573001990962654,0.07510163829406287
stress_interp,naive_exc_betting,0.95,1.0,32,20000,500,17,17,0.05058404299182962,0.33091972662503544,0.00018969573375655625,-0.0014535288517871646,-0.005348975933416884,0.33091972662503544,0.0008145187026198945,0.00018969573375655625,0.034,0.02133433944461342,0.053771805026188516,0.034,0.02133433944461342,0.053771805026188516
stress_interp,naive_exc_betting,0.95,1.0,32,50000,500,11,11,0.050561217769582105,0.33084846586236727,0.00019042736564058566,-0.0010172556838291434,-0.0018514762831914333,0.33084846586236727,0.000583019757488423,0.00019042736564058566,0.022,0.01232788016714588,0.03896125514839773,0.022,0.01232788016714588,0.03896125514839773
stress_interp,naive_exc_betting,0.95,1.0,128,2000,500,246,246,0.05052464923364823,0.33081880873631153,0.0001900009919928075,-0.005854875178813471,-0.0177913828048208,0.33081880873631153,0.000780786558394354,0.0001900009919928075,0.492,0.44840701227596835,0.5357149816205261,0.492,0.44840701227596835,0.5357149816205261
stress_interp,naive_exc_betting,0.95,1.0,128,5000,500,128,128,0.05048434624270666,0.33073830373575597,0.00019063286597632847,-0.0031796254349259426,-0.00926948192578838,0.33073830373575597,0.0007201768672011719,0.00019063286597632847,0.256,0.21970707865540234,0.29601373518767854,0.256,0.21970707865540234,0.29601373518767854
stress_interp,naive_exc_betting,0.95,1.0,128,10000,500,90,90,0.05048317691541249,0.33076298877880894,0.00019068204304864837,-0.0022238126240209915,-0.006088055964575137,0.33076298877880894,0.000802399265675551,0.00019068204304864837,0.18,0.14880438031986262,0.21607537553991554,0.18,0.14880438031986262,0.21607537553991554
stress_interp,naive_exc_betting,0.95,1.0,128,20000,500,59,59,0.05042069234205204,0.33076446737634924,0.00018984174706955612,-0.0012398316251820913,-0.005348975933416884,0.33076446737634924,0.0008021939674779394,0.00018984174706955612,0.118,0.09259259259259259,0.14923261596501758,0.118,0.09259259259259259,0.14923261596501758
stress_interp,naive_exc_betting,0.95,1.0,128,50000,500,51,51,0.05038901647513374,0.330511783363931,0.00019054686679151437,-0.0009753980995878516,-0.0028469241537988285,0.330511783363931,0.0008336581859870586,0.00019054686679151437,0.102,0.07843397139617729,0.1316352249544218,0.102,0.07843397139617729,0.1316352249544218
stress_interp,naive_exc_betting,0.95,1.0,1024,2000,500,487,487,0.050472885539755936,0.3307931986434468,0.00019026103400798892,-0.009147429868470176,-0.02415412810705224,0.3307931986434468,0.0008384411464921844,0.00019026103400798892,0.974,0.9560280989556288,0.9847437626770749,0.974,0.9560280989556288,0.9847437626770749
stress_interp,naive_exc_betting,0.95,1.0,1024,5000,500,426,426,0.05044783588426698,0.3307603981041225,0.00018990891697051558,-0.0045369562392494995,-0.014667310561924052,0.3307603981041225,0.0007957435251950037,0.00018990891697051558,0.852,0.818193200072725,0.8804390684815191,0.852,0.818193200072725,0.8804390684815191
stress_interp,naive_exc_betting,0.95,1.0,1024,10000,500,343,343,0.05043993218095141,0.3307905661607333,0.00019037150104387495,-0.0028017044212060548,-0.00882892802710538,0.3307905661607333,0.0008431479557983169,0.00019037150104387495,0.686,0.6440308091059584,0.7251328328005456,0.686,0.6440308091059584,0.7251328328005456
stress_interp,naive_exc_betting,0.95,1.0,1024,20000,500,291,291,0.05042733628061002,0.3307631928714175,0.00018983326985828932,-0.0017269220293499477,-0.006487778169190189,0.3307631928714175,0.0007196601744113826,0.00018983326985828932,0.582,0.5383018478283397,0.6244477147325922,0.582,0.5383018478283397,0.6244477147325922
stress_interp,naive_exc_betting,0.95,1.0,1024,50000,500,211,211,0.050389482262239334,0.3306833574998604,0.00018974636894297225,-0.0012052183688842013,-0.004521426948011074,0.3306833574998604,0.000862510583074776,0.00018974636894297225,0.422,0.3794656100557239,0.465723830435097,0.422,0.3794656100557239,0.465723830435097
stress_interp,naive_exc_betting,0.99,0.2,32,2000,500,0,0,,,,,,,,,0.0,0.0,0.007624618530903363,0.0,0.0,0.007624618530903363
stress_interp,naive_exc_betting,0.99,0.2,32,5000,500,0,0,,,,,,,,,0.0,0.0,0.007624618530903363,0.0,0.0,0.007624618530903363
stress_interp,naive_exc_betting,0.99,0.2,32,10000,500,0,0,,,,,,,,,0.0,0.0,0.007624618530903363,0.0,0.0,0.007624618530903363
stress_interp,naive_exc_betting,0.99,0.2,32,20000,500,43,43,0.010143057360455555,0.31063577608777415,7.918397728421414e-05,-0.0010642536268928634,-0.0026436552520293895,0.31063577608777415,0.0003772054710746945,7.918397728421414e-05,0.086,0.06447280005130328,0.11384038409228468,0.086,0.06447280005130328,0.11384038409228468
stress_interp,naive_exc_betting,0.99,0.2,32,50000,500,124,124,0.010124777836586257,0.31061524265234375,7.936369385597369e-05,-0.0007345185314234196,-0.0042627206005691224,0.31061524265234375,0.0003792077344467431,7.936369385597369e-05,0.248,0.21216358811767894,0.28767921962189635,0.248,0.21216358811767894,0.28767921962189635
stress_interp,naive_exc_betting,0.99,0.2,128,2000,500,0,0,,,,,,,,,0.0,0.0,0.007624618530903363,0.0,0.0,0.007624618530903363
stress_interp,naive_exc_betting,0.99,0.2,128,5000,500,0,0,,,,,,,,,0.0,0.0,0.007624618530903363,0.0,0.0,0.007624618530903363
stress_interp,naive_exc_betting,0.99,0.2,128,10000,500,0,0,,,,,,,,,0.0,0.0,0.007624618530903363,0.0,0.0,0.007624618530903363
stress_interp,naive_exc_betting,0.99,0.2,128,20000,500,149,149,0.010122173038567805,0.31064611342983584,7.907657088162379e-05,-0.0010654946783179295,-0.00268281411955494,0.31064611342983584,0.00040937855633265855,7.907657088162379e-05,0.298,0.25957253815100145,0.3395078077354835,0.298,0.25957253815100145,0.3395078077354835
stress_interp,naive_exc_betting,0.99,0.2,128,50000,500,331,331,0.010118249132500949,0.31065791984546565,7.896142790030271e-05,-0.0009667998999706083,-0.005735170175664416,0.31065791984546565,0.0003654154732553099,7.896142790030271e-05,0.662,0.6194419387868491,0.7020876848091384,0.662,0.6194419387868491,0.7020876848091384
stress_interp,naive_exc_betting,0.99,0.2,1024,2000,500,0,0,,,,,,,,,0.0,0.0,0.007624618530903363,0.0,0.0,0.007624618530903363
stress_interp,naive_exc_betting,0.99,0.2,1024,5000,500,0,0,,,,,,,,,0.0,0.0,0.007624618530903363,0.0,0.0,0.007624618530903363
stress_interp,naive_exc_betting,0.99,0.2,1024,10000,500,0,0,,,,,,,,,0.0,0.0,0.007624618530903363,0.0,0.0,0.007624618530903363
stress_interp,naive_exc_betting,0.99,0.2,1024,20000,500,464,464,0.010114465420694517,0.31059951635422844,7.913362465617839e-05,-0.0013345544177514647,-0.00268281411955494,0.31059951635422844,0.00040928312787905015,7.913362465617839e-05,0.928,0.9019310525910869,0.9475422739464601,0.928,0.9019310525910869,0.9475422739464601
stress_interp,naive_exc_betting,0.99,0.2,1024,50000,500,499,499,0.010108637998870434,0.3105801492164735,7.910771384959682e-05,-0.0019151802632014412,-0.005735170175664416,0.3105801492164735,0.00041483418615503436,7.910771384959682e-05,0.998,0.9887590072528046,0.9996468726904154,0.998,0.9887590072528046,0.9996468726904154
stress_interp,naive_exc_betting,0.99,0.5,32,2000,500,0,0,,,,,,,,,0.0,0.0,0.007624618530903363,0.0,0.0,0.007624618530903363
stress_interp,naive_exc_betting,0.99,0.5,32,5000,500,0,0,,,,,,,,,0.0,0.0,0.007624618530903363,0.0,0.0,0.007624618530903363
stress_interp,naive_exc_betting,0.99,0.5,32,10000,500,39,39,0.010101983748065905,0.3106602486286866,7.85429501487535e-05,-0.001451044647461775,-0.00277813282190662,0.3106602486286866,0.00031673219701659506,7.85429501487535e-05,0.078,0.057581071819524224,0.10485410622055823,0.078,0.057581071819524224,0.10485410622055823
stress_interp,naive_exc_betting,0.99,0.5,32,20000,500,132,132,0.010132356972236363,0.3105952177529693,7.936191094086893e-05,-0.0006853899666457618,-0.00294188927190904,0.3105952177529693,0.000382315160011462,7.936191094086893e-05,0.264,0.22726719286500013,0.3043316270815863,0.264,0.22726719286500013,0.3043316270815863
stress_interp,naive_exc_betting,0.99,0.5,32,50000,500,54,54,0.010120391762714667,0.31052786153424444,7.96127317080953e-05,-0.0006409562926130144,-0.002167446760837974,0.31052786153424444,0.00042247376963303236,7.96127317080953e-05,0.108,0.08372241545896647,0.13825528546926177,0.108,0.08372241545896647,0.13825528546926177
stress_interp,naive_exc_betting,0.99,0.5,128,2000,500,0,0,,,,,,,,,0.0,0.0,0.007624618530903363,0.0,0.0,0.007624618530903363
stress_interp,naive_exc_betting,0.99,0.5,128,5000,500,0,0,,,,,,,,,0.0,0.0,0.007624618530903363,0.0,0.0,0.007624618530903363
stress_interp,naive_exc_betting,0.99,0.5,128,10000,500,148,148,0.010113042125416328,0.31063226754184975,7.893557265610365e-05,-0.0015375231091191584,-0.004176415116284319,0.31063226754184975,0.0004145424006579207,7.893557265610365e-05,0.296,0.2576647234385832,0.33744612092202536,0.296,0.2576647234385832,0.33744612092202536
stress_interp,naive_exc_betting,0.99,0.5,128,20000,500,337,337,0.010121230973525469,0.3106603161131536,7.90660383740634e-05,-0.0008705331727511985,-0.003626025980091056,0.3106603161131536,0.00038848672377765457,7.90660383740634e-05,0.674,0.6317212496204101,0.7136253831308357,0.674,0.6317212496204101,0.7136253831308357
stress_interp,naive_exc_betting,0.99,0.5,128,50000,500,152,152,0.01011458090737279,0.31058040397524334,7.920662866882522e-05,-0.0006091667424422362,-0.002167446760837974,0.31058040397524334,0.0003904454635348847,7.920662866882522e-05,0.304,0.2653013836201453,0.3456874668439688,0.304,0.2653013836201453,0.3456874668439688
stress_interp,naive_exc_betting,0.99,0.5,1024,2000,500,0,0,,,,,,,,,0.0,0.0,0.007624618530903363,0.0,0.0,0.007624618530903363
stress_interp,naive_exc_betting,0.99,0.5,1024,5000,500,0,0,,,,,,,,,0.0,0.0,0.007624618530903363,0.0,0.0,0.007624618530903363
stress_interp,naive_exc_betting,0.99,0.5,1024,10000,500,468,468,0.010110183681863989,0.310610191379761,7.907594862356582e-05,-0.001896452623965746,-0.004176415116284319,0.310610191379761,0.0004462586395496593,7.907594862356582e-05,0.936,0.9110470662066095,0.954304266434443,0.936,0.9110470662066095,0.954304266434443
stress_interp,naive_exc_betting,0.99,0.5,1024,20000,500,500,500,0.01011379566902925,0.3106289305713279,7.914848751223714e-05,-0.0019490898374757216,-0.0049952537605332265,0.3106289305713279,0.0003913783438898209,7.914848751223714e-05,1.0,0.9923753814690964,0.9999999999999999,1.0,0.9923753814690964,0.9999999999999999
stress_interp,naive_exc_betting,0.99,0.5,1024,50000,500,462,462,0.010111124729129978,0.31061201071969763,7.902502266891584e-05,-0.0009209455607070149,-0.0030037693674357328,0.31061201071969763,0.00042935211354071457,7.902502266891584e-05,0.924,0.8974030342199025,0.9441312892658914,0.924,0.8974030342199025,0.9441312892658914
stress_interp,naive_exc_betting,0.99,1.0,32,2000,500,0,0,,,,,,,,,0.0,0.0,0.007624618530903363,0.0,0.0,0.007624618530903363
stress_interp,naive_exc_betting,0.99,1.0,32,5000,500,36,36,0.010111689792153433,0.3105359652443296,7.88183689896577e-05,-0.0012614963686698904,-0.002757308501107482,0.3105359652443296,0.0003414298313339867,7.88183689896577e-05,0.072,0.05245772605354006,0.09806894740891321,0.072,0.05245772605354006,0.09806894740891321
stress_interp,naive_exc_betting,0.99,1.0,32,10000,500,84,84,0.010116506954428402,0.31067267941753984,7.900458205367749e-05,-0.0009950997316315767,-0.004206282739676093,0.31067267941753984,0.000314564294189922,7.900458205367749e-05,0.168,0.13778772464256234,0.20327502206195752,0.168,0.13778772464256234,0.20327502206195752
stress_interp,naive_exc_betting,0.99,1.0,32,20000,500,51,51,0.01012064770302529,0.3105552727415123,7.945019583272866e-05,-0.0006510739357187213,-0.002048246524804462,0.3105552727415123,0.00036391821137279234,7.945019583272866e-05,0.102,0.07843397139617729,0.1316352249544218,0.102,0.07843397139617729,0.1316352249544218
stress_interp,naive_exc_betting,0.99,1.0,32,50000,500,21,21,0.01012163490136627,0.3106872008309139,7.848848188529436e-05,-0.00038016553177935744,-0.0009941679568118873,0.3106872008309139,0.00036371952458245504,7.848848188529436e-05,0.042,0.027632099334746148,0.06335205123956134,0.042,0.027632099334746148,0.06335205123956134
stress_interp,naive_exc_betting,0.99,1.0,128,2000,500,0,0,,,,,,,,,0.0,0.0,0.007624618530903363,0.0,0.0,0.007624618530903363
stress_interp,naive_exc_betting,0.99,1.0,128,5000,500,158,158,0.01011909748228309,0.3106567636038649,7.882220109515951e-05,-0.0015382331913693771,-0.004159357532999327,0.3106567636038649,0.0004108598332825149,7.882220109515951e-05,0.316,0.2767829376901094,0.358022921929263,0.316,0.2767829376901094,0.358022921929263
stress_interp,naive_exc_betting,0.99,1.0,128,10000,500,253,253,0.010113512734603019,0.31065584757201864,7.890163923972364e-05,-0.0012086337956162675,-0.004983640670988957,0.31065584757201864,0.0003806078473105993,7.890163923972364e-05,0.506,0.46229784108368,0.5496106634939493,0.506,0.46229784108368,0.5496106634939493
stress_interp,naive_exc_betting,0.99,1.0,128,20000,500,189,189,0.01011272574102977,0.31059250474412786,7.914404918851017e-05,-0.0007113289102903559,-0.003403684796440657,0.31059250474412786,0.0004027165184315892,7.914404918851017e-05,0.378,0.33658005483068504,0.4212803520908554,0.378,0.33658005483068504,0.4212803520908554
stress_interp,naive_exc_betting,0.99,1.0,128,50000,500,75,75,0.010104554176293221,0.31067528161752234,7.886573447677227e-05,-0.0003892519540842599,-0.0018766960710202042,0.31067528161752234,0.0003431498010822566,7.886573447677227e-05,0.15,0.12137548023138253,0.1839617527402498,0.15,0.12137548023138253,0.1839617527402498
stress_interp,naive_exc_betting,0.99,1.0,1024,2000,500,0,0,,,,,,,,,0.0,0.0,0.007624618530903363,0.0,0.0,0.007624618530903363
stress_interp,naive_exc_betting,0.99,1.0,1024,5000,500,460,460,0.010115246249687154,0.3106281763374881,7.902652383327856e-05,-0.0018877905854164836,-0.004159357532999327,0.3106281763374881,0.00040923812262970454,7.902652383327856e-05,0.92,0.8928931229079627,0.9407021975260784,0.92,0.8928931229079627,0.9407021975260784
stress_interp,naive_exc_betting,0.99,1.0,1024,10000,500,497,497,0.010107163716921887,0.31058384216880563,7.90475193724118e-05,-0.001942996471259149,-0.005015968027572128,0.31058384216880563,0.0004119181773939953,7.90475193724118e-05,0.994,0.9825094361891064,0.9979574407023611,0.994,0.9825094361891064,0.9979574407023611
stress_interp,naive_exc_betting,0.99,1.0,1024,20000,500,481,481,0.010109582142318956,0.31059783053361,7.9164953074081e-05,-0.0011403913745414147,-0.003403684796440657,0.31059783053361,0.0003957340072460036,7.9164953074081e-05,0.962,0.9414147746007343,0.9755400778767108,0.962,0.9414147746007343,0.9755400778767108
stress_interp,naive_exc_betting,0.99,1.0,1024,50000,500,375,375,0.010107478038401797,0.31063055696962577,7.910289415358108e-05,-0.0005268248151992015,-0.002278787655141546,0.31063055696962577,0.0004438283973818163,7.910289415358108e-05,0.75,0.7102355648988187,0.7859521258357297,0.75,0.7102355648988187,0.7859521258357297
stress_interp,naive_exc_empbernstein,0.9,0.2,32,2000,500,0,0,,,,,,,,,0.0,0.0,0.007624618530903363,0.0,0.0,0.007624618530903363
stress_interp,naive_exc_empbernstein,0.9,0.2,32,5000,500,0,0,,,,,,,,,0.0,0.0,0.007624618530903363,0.0,0.0,0.007624618530903363
stress_interp,naive_exc_empbernstein,0.9,0.2,32,10000,500,0,0,,,,,,,,,0.0,0.0,0.007624618530903363,0.0,0.0,0.007624618530903363
stress_interp,naive_exc_empbernstein,0.9,0.2,32,20000,500,3,3,0.10082103092245238,0.35445366853323934,0.0003251541919567686,-0.00329590504417047,-0.0037682574256466678,0.35445366853323934,0.001396045664327448,0.0003251541919567686,0.006,0.002042559297638913,0.017490563810893606,0.006,0.002042559297638913,0.017490563810893606
stress_interp,naive_exc_empbernstein,0.9,0.2,32,50000,500,11,11,0.10086968284877201,0.3558143798481348,0.0003254014296546544,-0.0025687988331374754,-0.0056023880449499325,0.3558143798481348,0.0011139239659342833,0.0003254014296546544,0.022,0.01232788016714588,0.03896125514839773,0.022,0.01232788016714588,0.03896125514839773
stress_interp,naive_exc_empbernstein,0.9,0.2,128,2000,500,0,0,,,,,,,,,0.0,0.0,0.007624618530903363,0.0,0.0,0.007624618530903363
stress_interp,naive_exc_empbernstein,0.9,0.2,128,5000,500,3,3,0.10117346073018235,0.35511349545104487,0.0003281454125386694,-0.0044445857859270604,-0.010514047918967206,0.35511349545104487,0.0003142504201848467,0.0003281454125386694,0.006,0.002042559297638913,0.017490563810893606,0.006,0.002042559297638913,0.017490563810893606
stress_interp,naive_exc_empbernstein,0.9,0.2,128,10000,500,2,2,0.1006970278419548,0.3553295218702275,0.0003251998511963034,-0.0009575419673191615,-0.0013051811372044586,0.3553295218702275,0.0009746704271357724,0.0003251998511963034,0.004,0.0010976075412372681,0.014466014041418871,0.004,0.0010976075412372681,0.014466014041418871
stress_interp,naive_exc_empbernstein,0.9,0.2,128,20000,500,19,19,0.10112262290216671,0.355586321601474,0.0003265332168185275,-0.0031336688892255058,-0.007800503718252125,0.355586321601474,0.0009323672228838303,0.0003265332168185275,0.038,0.024459922123289107,0.0585852253992656,0.038,0.024459922123289107,0.0585852253992656
stress_interp,naive_exc_empbernstein,0.9,0.2,128,50000,500,37,37,0.10093039352545168,0.35599749806586944,0.0003261023487912081,-0.002649432240577844,-0.008358591417547148,0.35599749806586944,0.0009521146575738734,0.0003261023487912081,0.074,0.05416087387750307,0.10033530111082659,0.074,0.05416087387750307,0.10033530111082659
stress_interp,naive_exc_empbernstein,0.9,0.2,1024,2000,500,0,0,,,,,,,,,0.0,0.0,0.007624618530903363,0.0,0.0,0.007624618530903363
stress_interp,naive_exc_empbernstein,0.9,0.2,1024,5000,500,27,27,0.10110239463726561,0.35624699963306694,0.00032732549372805475,-0.00538839189456067,-0.01863567049016497,0.35624699963306694,0.001310383529159261,0.00032732549372805475,0.054,0.03737409848513375,0.07742706124443205,0.054,0.03737409848513375,0.07742706124443205
stress_interp,naive_exc_empbernstein,0.9,0.2,1024,10000,500,50,50,0.10093354740180914,0.3555893409562596,0.00032723292853506676,-0.004510355280832483,-0.018659229273776626,0.3555893409562596,0.0009348752102890786,0.00032723292853506676,0.1,0.07667718662472012,0.1294225082000026,0.1,0.07667718662472012,0.1294225082000026
stress_interp,naive_exc_empbernstein,0.9,0.2,1024,20000,500,125,125,0.10092273955437209,0.35578061636057484,0.0003275873197321533,-0.004144475010175057,-0.014697446569381156,0.35578061636057484,0.0010847270481208614,0.0003275873197321533,0.25,0.21404787416427032,0.28976443510118144,0.25,0.21404787416427032,0.28976443510118144
stress_interp,naive_exc_empbernstein,0.9,0.2,1024,50000,500,165,165,0.10089650073986527,0.3557954055968702,0.0003279220848655724,-0.003472329972059548,-0.011651250062701873,0.3557954055968702,0.0011060566358365412,0.0003279220848655724,0.33,0.2902171971743252,0.372375173126182,0.33,0.2902171971743252,0.372375173126182
stress_interp,naive_exc_empbernstein,0.9,0.5,32,2000,500,1,1,0.10016838313035988,0.3556858675647101,0.0003213232172925559,-0.0008571234477087603,-0.0008571234477087603,0.3556858675647101,,0.0003213232172925559,0.002,0.000353127309584542,0.011240992747195207,0.002,0.000353127309584542,0.011240992747195207
stress_interp,naive_exc_empbernstein,0.9,0.5,32,5000,500,3,3,0.1007949250107687,0.3561146571641148,0.0003277643602093694,-0.0063043932456145245,-0.013848316275904105,0.3561146571641148,0.0008255628253596716,0.0003277643602093694,0.006,0.002042559297638913,0.017490563810893606,0.006,0.002042559297638913,0.017490563810893606
stress_interp,naive_exc_empbernstein,0.9,0.5,32,10000,500,8,8,0.10131378000548225,0.3560463738888671,0.0003269188990484395,-0.004048247521206274,-0.013694640590387525,0.3560463738888671,0.0010416765782658582,0.0003269188990484395,0.016,0.008129155320203278,0.03125147541771118,0.016,0.008129155320203278,0.03125147541771118
stress_interp,naive_exc_empbernstein,0.9,0.5,32,20000,500,6,6,0.10093850752502904,0.3564977614180731,0.0003259262690736317,-0.002662335769378172,-0.005614411469274216,0.3564977614180731,0.0009673410746337993,0.0003259262690736317,0.012,0.0055109199671753584,0.025930707718986326,0.012,0.0055109199671753584,0.025930707718986326
stress_interp,naive_exc_empbernstein,0.9,0.5,32,50000,500,13,13,0.10091842605450313,0.35582021260252844,0.0003262095668125585,-0.002667135378530062,-0.007131568458272425,0.35582021260252844,0.001232743327313774,0.0003262095668125585,0.026,0.0152562373229252,0.04397190104437119,0.026,0.0152562373229252,0.04397190104437119
stress_interp,naive_exc_empbernstein,0.9,0.5,128,2000,500,2,2,0.10044249520303873,0.35489192152562954,0.00032575926694599993,-0.0011312355203875746,-0.001405347593066389,0.35489192152562954,0.0011228092562601889,0.00032575926694599993,0.004,0.0010976075412372681,0.014466014041418871,0.004,0.0010976075412372681,0.014466014041418871
stress_interp,naive_exc_empbernstein,0.9,0.5,128,5000,500,5,5,0.10117868191251908,0.35541762932216,0.0003269185887144144,-0.005838627517501397,-0.013848316275904105,0.35541762932216,0.0012059023959366724,0.0003269185887144144,0.01,0.004278690781520357,0.023193435378764938,0.01,0.004278690781520357,0.023193435378764938
stress_interp,naive_exc_empbernstein,0.9,0.5,128,10000,500,28,28,0.10120609311978698,0.355958651032955,0.00032713992050749895,-0.0031684729495926535,-0.013694640590387525,0.355958651032955,0.0011614401300795083,0.00032713992050749895,0.056,0.03902536261505807,0.07974529864038413,0.056,0.03902536261505807,0.07974529864038413
stress_interp,naive_exc_empbernstein,0.9,0.5,128,20000,500,26,26,0.10087474885610924,0.3558126067455668,0.00032531314864404887,-0.0025378025173364415,-0.006129701059641612,0.3558126067455668,0.00107295462197307,0.00032531314864404887,0.052,0.03573001990962654,0.07510163829406287,0.052,0.03573001990962654,0.07510163829406287
stress_interp,naive_exc_empbernstein,0.9,0.5,128,50000,500,35,35,0.1009873628740371,0.35589117191302255,0.00032703081109202895,-0.002266342886799186,-0.007131568458272425,0.35589117191302255,0.0011396208135789367,0.00032703081109202895,0.07,0.05075944317125315,0.09579772876532376,0.07,0.05075944317125315,0.09579772876532376
stress_interp,naive_exc_empbernstein,0.9,0.5,1024,2000,500,20,20,0.10116301836550887,0.355588557778909,0.00032898526256020677,-0.005579283425321666,-0.011652117292689418,0.355588557778909,0.0009878028030456554,0.00032898526256020677,0.04,0.026040593951356387,0.06097405509707471,0.04,0.026040593951356387,0.06097405509707471
stress_interp,naive_exc_empbernstein,0.9,0.5,1024,5000,500,60,60,0.10100638289540666,0.3559150122045137,0.00032770638106799284,-0.004695806982857634,-0.013848316275904105,0.3559150122045137,0.0012533672554735499,0.00032770638106799284,0.12,0.09437448030757052,0.15142022977591602,0.12,0.09437448030757052,0.15142022977591602
stress_interp,naive_exc_empbernstein,0.9,0.5,1024,10000,500,134,134,0.10098516697165774,0.3557477181192756,0.0003273617513131371,-0.0036502161835417954,-0.013694640590387525,0.3557477181192756,0.001073094270354691,0.0003273617513131371,0.268,0.23105333049086763,0.30848449250747156,0.268,0.23105333049086763,0.30848449250747156
stress_interp,naive_exc_empbernstein,0.9,0.5,1024,20000,500,170,170,0.1009289865454738,0.35587051314240703,0.0003268995925635007,-0.0032946731260417154,-0.012536601266122258,0.35587051314240703,0.0010148523409808455,0.0003268995925635007,0.34,0.29983814768649814,0.382601730243391,0.34,0.29983814768649814,0.382601730243391
stress_interp,naive_exc_empbernstein,0.9,0.5,1024,50000,500,191,191,0.1007768832288721,0.35556830895403385,0.00032726371557786904,-0.0023042139848760117,-0.008013217374241155,0.35556830895403385,0.001115874528531927,0.00032726371557786904,0.382,0.3404638838756496,0.42533552609764363,0.382,0.3404638838756496,0.42533552609764363
stress_interp,naive_exc_empbernstein,0.9,1.0,32,2000,500,1,1,0.10059913067314093,0.35402553158162664,0.00032428824059208206,-0.0021043303600752766,-0.0021043303600752766,0.35402553158162664,,0.00032428824059208206,0.002,0.000353127309584542,0.011240992747195207,0.002,0.000353127309584542,0.011240992747195207
stress_interp,naive_exc_empbernstein,0.9,1.0,32,5000,500,7,7,0.10101309584412532,0.3556220945518827,0.00032579156070463585,-0.00664949340459776,-0.01330514743764924,0.3556220945518827,0.001106743178608326,0.00032579156070463585,0.014,0.006797703071787358,0.02861342614025071,0.014,0.006797703071787358,0.02861342614025071
stress_interp,naive_exc_empbernstein,0.9,1.0,32,10000,500,10,10,0.10056388769236795,0.35471707718212786,0.0003241608411324745,-0.0019827588555965713,-0.005379569686030414,0.35471707718212786,0.0012844698172944067,0.0003241608411324745,0.02,0.010899065235569357,0.03642056855409787,0.02,0.010899065235569357,0.03642056855409787
stress_interp,naive_exc_empbernstein,0.9,1.0,32,20000,500,10,10,0.10066178486118182,0.3556349610369268,0.00032388525981908605,-0.0023284211068513305,-0.004864944073851046,0.3556349610369268,0.0011940775942497256,0.00032388525981908605,0.02,0.010899065235569357,0.03642056855409787,0.02,0.010899065235569357,0.03642056855409787
stress_interp,naive_exc_empbernstein,0.9,1.0,32,50000,500,22,22,0.1007611059888148,0.3552018995610647,0.00032480576667722773,-0.0018396272592664867,-0.0031774615902259162,0.3552018995610647,0.0013427305694769835,0.00032480576667722773,0.044,0.029233737680341678,0.06571991441984218,0.044,0.029233737680341678,0.06571991441984218
stress_interp,naive_exc_empbernstein,0.9,1.0,128,2000,500,4,4,0.1009417707639895,0.35534959078983436,0.0003243178779809688,-0.005761546861385507,-0.016419925425112142,0.35534959078983436,0.0009335816419205771,0.0003243178779809688,0.008,0.0031152647975077885,0.020387359836901122,0.008,0.0031152647975077885,0.020387359836901122
stress_interp,naive_exc_empbernstein,0.9,1.0,128,5000,500,17,17,0.10103448514151324,0.3554837387043943,0.00032555995660276093,-0.004849426103273613,-0.01330514743764924,0.3554837387043943,0.001091350711306645,0.00032555995660276093,0.034,0.02133433944461342,0.053771805026188516,0.034,0.02133433944461342,0.053771805026188516
stress_interp,naive_exc_empbernstein,0.9,1.0,128,10000,500,33,33,0.1009717332308083,0.35575374293508766,0.0003271484583865835,-0.002474499911861676,-0.006671812314373526,0.35575374293508766,0.0012421258272611359,0.0003271484583865835,0.066,0.04737823802541255,0.09123993085941157,0.066,0.04737823802541255,0.09123993085941157
stress_interp,naive_exc_empbernstein,0.9,1.0,128,20000,500,36,36,0.10091022612070503,0.35577054861573404,0.0003260567831860525,-0.002565168237688935,-0.008512575054502702,0.35577054861573404,0.0010598311117903877,0.0003260567831860525,0.072,0.05245772605354006,0.09806894740891321,0.072,0.05245772605354006,0.09806894740891321
stress_interp,naive_exc_empbernstein,0.9,1.0,128,50000,500,46,46,0.1008110993256162,0.3553940063096853,0.0003254445687502022,-0.0017074336278336281,-0.004025919245775347,0.3553940063096853,0.0011151915947902314,0.0003254445687502022,0.092,0.0696823665014548,0.12053932221976234,0.092,0.0696823665014548,0.12053932221976234
stress_interp,naive_exc_empbernstein,0.9,1.0,1024,2000,500,49,49,0.10103946814266294,0.35577797081945123,0.0003278827559531468,-0.004560633694271728,-0.016419925425112142,0.35577797081945123,0.00120321322105007,0.0003278827559531468,0.098,0.07492354740061163,0.1272066458982347,0.098,0.07492354740061163,0.1272066458982347
stress_interp,naive_exc_empbernstein,0.9,1.0,1024,5000,500,105,105,0.10090568866462668,0.3556013030579346,0.0003272331894151716,-0.004588466231818984,-0.01338315040961395,0.3556013030579346,0.0013224886047848608,0.0003272331894151716,0.21,0.17657669884786484,0.2478455799000591,0.21,0.17657669884786484,0.2478455799000591
stress_interp,naive_exc_empbernstein,0.9,1.0,1024,10000,500,159,159,0.10084639798757901,0.3556515604562427,0.0003273493336958607,-0.003160344293515038,-0.011520644944064365,0.3556515604562427,0.0010219166698992306,0.0003273493336958607,0.318,0.2786995689688668,0.360075792176382,0.318,0.2786995689688668,0.360075792176382
stress_interp,naive_exc_empbernstein,0.9,1.0,1024,20000,500,190,190,0.10079513111007145,0.3555393206554783,0.0003267278743124012,-0.002653757775478812,-0.008512575054502702,0.3555393206554783,0.0011873688611222146,0.0003267278743124012,0.38,0.3385215907441222,0.42330831770329463,0.38,0.3385215907441222,0.42330831770329463
stress_interp,naive_exc_empbernstein,0.9,1.0,1024,50000,500,204,204,0.10067303343783376,0.3554422091897416,0.0003267367511730385,-0.00179672499688572,-0.004952862094955629,0.3554422091897416,0.0011614639262982126,0.0003267367511730385,0.408,0.3657816336552564,0.4516212961544298,0.408,0.3657816336552564,0.4516212961544298
stress_interp,naive_exc_empbernstein,0.95,0.2,32,2000,500,0,0,,,,,,,,,0.0,0.0,0.007624618530903363,0.0,0.0,0.007624618530903363
stress_interp,naive_exc_empbernstein,0.95,0.2,32,5000,500,0,0,,,,,,,,,0.0,0.0,0.007624618530903363,0.0,0.0,0.007624618530903363
stress_interp,naive_exc_empbernstein,0.95,0.2,32,10000,500,2,2,0.05037788307162157,0.3310529819477621,0.00018661591807964914,-0.004848386239092443,-0.004934729583182931,0.3310529819477621,0.00033781190940501335,0.00018661591807964914,0.004,0.0010976075412372681,0.014466014041418871,0.004,0.0010976075412372681,0.014466014041418871
stress_interp,naive_exc_empbernstein,0.95,0.2,32,20000,500,0,0,,,,,,,,,0.0,0.0,0.007624618530903363,0.0,0.0,0.007624618530903363
stress_interp,naive_exc_empbernstein,0.95,0.2,32,50000,500,5,5,0.050444453146415005,0.331345498688178,0.00019042114735481848,-0.0014045652854647165,-0.004002759429822769,0.331345498688178,0.0005520820545018045,0.00019042114735481848,0.01,0.004278690781520357,0.023193435378764938,0.01,0.004278690781520357,0.023193435378764938
stress_interp,naive_exc_empbernstein,0.95,0.2,128,2000,500,0,0,,,,,,,,,0.0,0.0,0.007624618530903363,0.0,0.0,0.007624618530903363
stress_interp,naive_exc_empbernstein,0.95,0.2,128,5000,500,5,5,0.0505932568430121,0.33021968124681833,0.00019097772486979678,-0.006561734148943217,-0.006976181465748792,0.33021968124681833,0.001392007964144741,0.00019097772486979678,0.01,0.004278690781520357,0.023193435378764938,0.01,0.004278690781520357,0.023193435378764938
stress_interp,naive_exc_empbernstein,0.95,0.2,128,10000,500,5,5,0.05046794846693033,0.33076203156204725,0.0001901556846927987,-0.003383952735975171,-0.004934729583182931,0.33076203156204725,0.0003676598524281345,0.0001901556846927987,0.01,0.004278690781520357,0.023193435378764938,0.01,0.004278690781520357,0.023193435378764938
stress_interp,naive_exc_empbernstein,0.95,0.2,128,20000,500,6,6,0.050377883071621575,0.33047604129955227,0.00019260673532521443,-0.001875130536394272,-0.0059765914879702856,0.33047604129955227,0.00045766258062390324,0.00019260673532521443,0.012,0.0055109199671753584,0.025930707718986326,0.012,0.0055109199671753584,0.025930707718986326
stress_interp,naive_exc_empbernstein,0.95,0.2,128,50000,500,20,20,0.05040725222226573,0.33103633942906374,0.00019035586404041196,-0.0017536122583197452,-0.004630130855086234,0.33103633942906374,0.0007267974148409795,0.00019035586404041196,0.04,0.026040593951356387,0.06097405509707471,0.04,0.026040593951356387,0.06097405509707471
stress_interp,naive_exc_empbernstein,0.95,0.2,1024,2000,500,0,0,,,,,,,,,0.0,0.0,0.007624618530903363,0.0,0.0,0.007624618530903363
stress_interp,naive_exc_empbernstein,0.95,0.2,1024,5000,500,18,18,0.05051276361532069,0.33066781097579545,0.00019062631519407573,-0.006691140128693133,-0.00762603850618624,0.33066781097579545,0.0009376214495925668,0.00019062631519407573,0.036,0.022890872735181415,0.05618477326149691,0.036,0.022890872735181415,0.05618477326149691
stress_interp,naive_exc_empbernstein,0.95,0.2,1024,10000,500,32,32,0.050567558836198456,0.3309433371186905,0.00018983705065199515,-0.0028015823775462394,-0.009884671588785122,0.3309433371186905,0.0007450744911272016,0.00018983705065199515,0.064,0.045695733565557124,0.08895293379339062,0.064,0.045695733565557124,0.08895293379339062
stress_interp,naive_exc_empbernstein,0.95,0.2,1024,20000,500,64,64,0.05044273994596076,0.33084075924149275,0.0001898532631573795,-0.0022822794893820005,-0.008091467954185722,0.33084075924149275,0.0007649943434868414,0.0001898532631573795,0.128,0.10152638796079462,0.1601463282261975,0.128,0.10152638796079462,0.1601463282261975
stress_interp,naive_exc_empbernstein,0.95,0.2,1024,50000,500,141,141,0.05042662336417997,0.3307963663903606,0.00018987893616743552,-0.001984517948813751,-0.008447467506094195,0.3307963663903606,0.0008436472108752661,0.00018987893616743552,0.282,0.24433577544329282,0.32298855823618094,0.282,0.24433577544329282,0.32298855823618094
stress_interp,naive_exc_empbernstein,0.95,0.5,32,2000,500,1,1,0.05055409797548655,0.3304499353878686,0.00019154545952931043,-0.0074956417827275815,-0.0074956417827275815,0.3304499353878686,,0.00019154545952931043,0.002,0.000353127309584542,0.011240992747195207,0.002,0.000353127309584542,0.011240992747195207
stress_interp,naive_exc_empbernstein,0.95,0.5,32,5000,500,1,1,0.05094568665074206,0.3310059913067314,0.00019543400556055917,-0.008063832951526101,-0.008063832951526101,0.3310059913067314,,0.00019543400556055917,0.002,0.000353127309584542,0.011240992747195207,0.002,0.000353127309584542,0.011240992747195207
stress_interp,naive_exc_empbernstein,0.95,0.5,32,10000,500,4,4,0.05047578024043545,0.331313388416807,0.00018908918627873281,-0.0029548555354881965,-0.0033246297199516772,0.331313388416807,0.0007026171036738673,0.00018908918627873281,0.008,0.0031152647975077885,0.020387359836901122,0.008,0.0031152647975077885,0.020387359836901122
stress_interp,naive_exc_empbernstein,0.95,0.5,32,20000,500,3,3,0.050266932946965846,0.33114500528644714,0.00019177782041743352,-0.0021612102717314327,-0.003417177114112206,0.33114500528644714,0.0005263591293145635,0.00019177782041743352,0.006,0.002042559297638913,0.017490563810893606,0.006,0.002042559297638913,0.017490563810893606
stress_interp,naive_exc_empbernstein,0.95,0.5,32,50000,500,16,16,0.050468437952774406,0.3306989613110389,0.00018947929572776754,-0.0013361687982109908,-0.0024107101836167016,0.3306989613110389,0.000544912312257722,0.00018947929572776754,0.032,0.01979134135128301,0.05134530159364255,0.032,0.01979134135128301,0.05134530159364255
stress_interp,naive_exc_empbernstein,0.95,0.5,128,2000,500,4,4,0.050563887692367936,0.33123751811097624,0.00018670529427888946,-0.004740278102763364,-0.0074956417827275815,0.33123751811097624,0.0005572917612108933,0.00018670529427888946,0.008,0.0031152647975077885,0.020387359836901122,0.008,0.0031152647975077885,0.020387359836901122
stress_interp,naive_exc_empbernstein,0.95,0.5,128,5000,500,6,6,0.05039093602746342,0.3305791596507029,0.00018955388390701073,-0.002527126462216789,-0.008063832951526101,0.3305791596507029,0.0010914820484175163,0.00018955388390701073,0.012,0.0055109199671753584,0.025930707718986326,0.012,0.0055109199671753584,0.025930707718986326
stress_interp,naive_exc_empbernstein,0.95,0.5,128,10000,500,18,18,0.050525816571162535,0.3310303568243029,0.0001893747547132048,-0.002470279307651682,-0.008357507775531015,0.3310303568243029,0.0008050060327655826,0.0001893747547132048,0.036,0.022890872735181415,0.05618477326149691,0.036,0.022890872735181415,0.05618477326149691
stress_interp,naive_exc_empbernstein,0.95,0.5,128,20000,500,18,18,0.05048013122571607,0.33098293108474414,0.00019030144191652202,-0.0017892266074431725,-0.004777194125323202,0.33098293108474414,0.0007304240471072844,0.00019030144191652202,0.036,0.022890872735181415,0.05618477326149691,0.036,0.022890872735181415,0.05618477326149691
stress_interp,naive_exc_empbernstein,0.95,0.5,128,50000,500,43,43,0.05046212017036839,0.3306618486081755,0.00019014177349600353,-0.0012864579067598798,-0.003501980847209922,0.3306618486081755,0.0008197379311623505,0.00019014177349600353,0.086,0.06447280005130328,0.11384038409228468,0.086,0.06447280005130328,0.11384038409228468
stress_interp,naive_exc_empbernstein,0.95,0.5,1024,2000,500,22,22,0.05042594168176657,0.33100394436592895,0.00018854600098965136,-0.006442434526912785,-0.007848071590457542,0.33100394436592895,0.0008540783818093919,0.00018854600098965136,0.044,0.029233737680341678,0.06571991441984218,0.044,0.029233737680341678,0.06571991441984218
stress_interp,naive_exc_empbernstein,0.95,0.5,1024,5000,500,36,36,0.05043770911923005,0.3306084744140311,0.00018974643436756253,-0.0027562672779743226,-0.008063832951526101,0.3306084744140311,0.0008729889020307284,0.00018974643436756253,0.072,0.05245772605354006,0.09806894740891321,0.072,0.05245772605354006,0.09806894740891321
stress_interp,naive_exc_empbernstein,0.95,0.5,1024,10000,500,93,93,0.05046146409531858,0.3307837963132558,0.00018990623876551037,-0.0021690709930281423,-0.010084281102073184,0.3307837963132558,0.0007936321325944345,0.00018990623876551037,0.186,0.15433345489426237,0.22245480554314495,0.186,0.15433345489426237,0.22245480554314495
stress_interp,naive_exc_empbernstein,0.95,0.5,1024,20000,500,131,131,0.05046023626248637,0.33086319595545693,0.00018987608591874026,-0.0019646091603481206,-0.006483790252275391,0.33086319595545693,0.000728766214321918,0.00018987608591874026,0.262,0.22537563309481617,0.30225368532589386,0.262,0.22537563309481617,0.30225368532589386
stress_interp,naive_exc_empbernstein,0.95,0.5,1024,50000,500,224,224,0.050432250963587846,0.3307283042392271,0.00019039260862390144,-0.0015425752491020019,-0.005160441904590828,0.3307283042392271,0.0008968793042794642,0.00019039260862390144,0.448,0.40497189195901473,0.4918210683681993,0.448,0.40497189195901473,0.4918210683681993
stress_interp,naive_exc_empbernstein,0.95,1.0,32,2000,500,0,0,,,,,,,,,0.0,0.0,0.007624618530903363,0.0,0.0,0.007624618530903363
stress_interp,naive_exc_empbernstein,0.95,1.0,32,5000,500,1,1,0.050514939107960996,0.33076516427144925,0.00019239962407487178,-0.0008287780128009084,-0.0008287780128009084,0.33076516427144925,,0.00019239962407487178,0.002,0.000353127309584542,0.011240992747195207,0.002,0.000353127309584542,0.011240992747195207
stress_interp,naive_exc_empbernstein,0.95,1.0,32,10000,500,6,6,0.05062588923261673,0.3307390583597656,0.00019103012752737857,-0.002713790713651984,-0.004003850328244497,0.3307390583597656,0.0008614244780438792,0.00019103012752737857,0.012,0.0055109199671753584,0.025930707718986326,0.012,0.0055109199671753584,0.025930707718986326
stress_interp,naive_exc_empbernstein,0.95,1.0,32,20000,500,4,4,0.05049535967419822,0.33051014214668917,0.00018965132944355248,-0.0021428752137507556,-0.004282719933651237,0.33051014214668917,0.0005577020499249639,0.00018965132944355248,0.008,0.0031152647975077885,0.020387359836901122,0.008,0.0031152647975077885,0.020387359836901122
stress_interp,naive_exc_empbernstein,0.95,1.0,32,50000,500,12,12,0.05058999360405164,0.33071964208795085,0.0001909748097531686,-0.0010678233177970349,-0.0022221510096734898,0.33071964208795085,0.000580607497109757,0.0001909748097531686,0.024,0.013781177149521824,0.04147745969189818,0.024,0.013781177149521824,0.04147745969189818
stress_interp,naive_exc_empbernstein,0.95,1.0,128,2000,500,3,3,0.05081515709232356,0.33076190103248876,0.0001893177115557818,-0.001617091687829084,-0.0017476212462473883,0.33076190103248876,0.0006224238041997149,0.0001893177115557818,0.006,0.002042559297638913,0.017490563810893606,0.006,0.002042559297638913,0.017490563810893606
stress_interp,naive_exc_empbernstein,0.95,1.0,128,5000,500,12,12,0.05046272728459359,0.3305714910391458,0.00019095387803318064,-0.0016194851189234385,-0.005021444285323758,0.3305714910391458,0.0006896209297022141,0.00019095387803318064,0.024,0.013781177149521824,0.04147745969189818,0.024,0.013781177149521824,0.04147745969189818
stress_interp,naive_exc_empbernstein,0.95,1.0,128,10000,500,22,22,0.050484679983054885,0.33088691275048326,0.0001912354145678107,-0.001971964195353716,-0.004003850328244497,0.33088691275048326,0.0007801817104621647,0.0001912354145678107,0.044,0.029233737680341678,0.06571991441984218,0.044,0.029233737680341678,0.06571991441984218
stress_interp,naive_exc_empbernstein,0.95,1.0,128,20000,500,22,22,0.050383222917193236,0.33089688046221705,0.00018978267291309937,-0.0013247110174104133,-0.004282719933651237,0.33089688046221705,0.000755196656964724,0.00018978267291309937,0.044,0.029233737680341678,0.06571991441984218,0.044,0.029233737680341678,0.06571991441984218
stress_interp,naive_exc_empbernstein,0.95,1.0,128,50000,500,47,47,0.050402461509749315,0.3305288779984653,0.0001909054000078318,-0.00106950335494895,-0.002711241783247789,0.3305288779984653,0.0008443403965908168,0.0001909054000078318,0.094,0.07142604659353205,0.12276514365356148,0.094,0.07142604659353205,0.12276514365356148
stress_interp,naive_exc_empbernstein,0.95,1.0,1024,2000,500,30,30,0.05047839083160381,0.3308180287426088,0.00018944078030570024,-0.002243768844050248,-0.00941682110219249,0.3308180287426088,0.0008939619570400562,0.00018944078030570024,0.06,0.042348086000950205,0.08436157830624476,0.06,0.042348086000950205,0.08436157830624476
stress_interp,naive_exc_empbernstein,0.95,1.0,1024,5000,500,100,100,0.0504479774444923,0.3307326428319693,0.00019010809194502096,-0.0018505579133685508,-0.008366073642561221,0.3307326428319693,0.0007722478467415408,0.00019010809194502096,0.2,0.16728494139259462,0.23728982972594745,0.2,0.16728494139259462,0.23728982972594745
stress_interp,naive_exc_empbernstein,0.95,1.0,1024,10000,500,131,131,0.05041928385904362,0.3308030975560981,0.00019024835079888575,-0.002221491188011861,-0.006819027877677991,0.3308030975560981,0.0008535253099680559,0.00019024835079888575,0.262,0.22537563309481617,0.30225368532589386,0.262,0.22537563309481617,0.30225368532589386
stress_interp,naive_exc_empbernstein,0.95,1.0,1024,20000,500,189,189,0.05042439717616911,0.3307917156411498,0.00019013236501119965,-0.0015178010409117578,-0.0058262250968769,0.3307917156411498,0.0007696226847039367,0.00019013236501119965,0.378,0.33658005483068504,0.4212803520908554,0.378,0.33658005483068504,0.4212803520908554
stress_interp,naive_exc_empbernstein,0.95,1.0,1024,50000,500,216,216,0.05040126961750488,0.3307548034877498,0.00018979547943506807,-0.0012316613786019124,-0.004535249032518493,0.3307548034877498,0.0008702503576811712,0.00018979547943506807,0.432,0.3892614837349535,0.4757754643852493,0.432,0.3892614837349535,0.4757754643852493
stress_interp,naive_exc_empbernstein,0.99,0.2,32,2000,500,0,0,,,,,,,,,0.0,0.0,0.007624618530903363,0.0,0.0,0.007624618530903363
stress_interp,naive_exc_empbernstein,0.99,0.2,32,5000,500,0,0,,,,,,,,,0.0,0.0,0.007624618530903363,0.0,0.0,0.007624618530903363
stress_interp,naive_exc_empbernstein,0.99,0.2,32,10000,500,0,0,,,,,,,,,0.0,0.0,0.007624618530903363,0.0,0.0,0.007624618530903363
stress_interp,naive_exc_empbernstein,0.99,0.2,32,20000,500,0,0,,,,,,,,,0.0,0.0,0.007624618530903363,0.0,0.0,0.007624618530903363
stress_interp,naive_exc_empbernstein,0.99,0.2,32,50000,500,2,2,0.0101029878215922,0.3109380506715746,7.916236049653445e-05,-0.0006728053620866266,-0.0010439286394870462,0.3109380506715746,3.73808260407133e-05,7.916236049653445e-05,0.004,0.0010976075412372681,0.014466014041418871,0.004,0.0010976075412372681,0.014466014041418871
stress_interp,naive_exc_empbernstein,0.99,0.2,128,2000,500,0,0,,,,,,,,,0.0,0.0,0.007624618530903363,0.0,0.0,0.007624618530903363
stress_interp,naive_exc_empbernstein,0.99,0.2,128,5000,500,0,0,,,,,,,,,0.0,0.0,0.007624618530903363,0.0,0.0,0.007624618530903363
stress_interp,naive_exc_empbernstein,0.99,0.2,128,10000,500,0,0,,,,,,,,,0.0,0.0,0.007624618530903363,0.0,0.0,0.007624618530903363
stress_interp,naive_exc_empbernstein,0.99,0.2,128,20000,500,0,0,,,,,,,,,0.0,0.0,0.007624618530903363,0.0,0.0,0.007624618530903363
stress_interp,naive_exc_empbernstein,0.99,0.2,128,50000,500,9,9,0.010150848659678984,0.3108402622773927,7.922667937154368e-05,-0.0007834049481797823,-0.0029177415413709712,0.3108402622773927,0.0003378489464951261,7.922667937154368e-05,0.018,0.009498085051756854,0.03385204721203399,0.018,0.009498085051756854,0.03385204721203399
stress_interp,naive_exc_empbernstein,0.99,0.2,1024,2000,500,0,0,,,,,,,,,0.0,0.0,0.007624618530903363,0.0,0.0,0.007624618530903363
stress_interp,naive_exc_empbernstein,0.99,0.2,1024,5000,500,0,0,,,,,,,,,0.0,0.0,0.007624618530903363,0.0,0.0,0.007624618530903363
stress_interp,naive_exc_empbernstein,0.99,0.2,1024,10000,500,0,0,,,,,,,,,0.0,0.0,0.007624618530903363,0.0,0.0,0.007624618530903363
stress_interp,naive_exc_empbernstein,0.99,0.2,1024,20000,500,0,0,,,,,,,,,0.0,0.0,0.007624618530903363,0.0,0.0,0.007624618530903363
stress_interp,naive_exc_empbernstein,0.99,0.2,1024,50000,500,30,30,0.01011343018626568,0.3107233295479761,7.910537442403833e-05,-0.0004969282786996189,-0.0029177415413709712,0.3107233295479761,0.00045945473501422964,7.910537442403833e-05,0.06,0.042348086000950205,0.08436157830624476,0.06,0.042348086000950205,0.08436157830624476
stress_interp,naive_exc_empbernstein,0.99,0.5,32,2000,500,0,0,,,,,,,,,0.0,0.0,0.007624618530903363,0.0,0.0,0.007624618530903363
stress_interp,naive_exc_empbernstein,0.99,0.5,32,5000,500,0,0,,,,,,,,,0.0,0.0,0.007624618530903363,0.0,0.0,0.007624618530903363
stress_interp,naive_exc_empbernstein,0.99,0.5,32,10000,500,0,0,,,,,,,,,0.0,0.0,0.007624618530903363,0.0,0.0,0.007624618530903363
stress_interp,naive_exc_empbernstein,0.99,0.5,32,20000,500,0,0,,,,,,,,,0.0,0.0,0.007624618530903363,0.0,0.0,0.007624618530903363
stress_interp,naive_exc_empbernstein,0.99,0.5,32,50000,500,6,6,0.01011604077743405,0.3106792758220099,7.941521060944251e-05,-0.000425921569151908,-0.0008816050465852831,0.3106792758220099,0.0003494249704757999,7.941521060944251e-05,0.012,0.0055109199671753584,0.025930707718986326,0.012,0.0055109199671753584,0.025930707718986326
stress_interp,naive_exc_empbernstein,0.99,0.5,128,2000,500,0,0,,,,,,,,,0.0,0.0,0.007624618530903363,0.0,0.0,0.007624618530903363
stress_interp,naive_exc_empbernstein,0.99,0.5,128,5000,500,0,0,,,,,,,,,0.0,0.0,0.007624618530903363,0.0,0.0,0.007624618530903363
stress_interp,naive_exc_empbernstein,0.99,0.5,128,10000,500,4,4,0.01014214668911775,0.31059932646747856,7.95762051141481e-05,-0.0015339004715634779,-0.00161221820661458,0.31059932646747856,0.0004632415687807655,7.95762051141481e-05,0.008,0.0031152647975077885,0.020387359836901122,0.008,0.0031152647975077885,0.020387359836901122
stress_interp,naive_exc_empbernstein,0.99,0.5,128,20000,500,1,1,0.01014214668911775,0.31078043622978424,7.898381955593844e-05,-0.0003017351988176646,-0.0003017351988176646,0.31078043622978424,,7.898381955593844e-05,0.002,0.000353127309584542,0.011240992747195207,0.002,0.000353127309584542,0.011240992747195207
stress_interp,naive_exc_empbernstein,0.99,0.5,128,50000,500,13,13,0.010096963380434422,0.310694286721228,7.932533307629051e-05,-0.0002703876448025586,-0.0008816050465852831,0.310694286721228,0.00043943653558317625,7.932533307629051e-05,0.026,0.0152562373229252,0.04397190104437119,0.026,0.0152562373229252,0.04397190104437119
stress_interp,naive_exc_empbernstein,0.99,0.5,1024,2000,500,0,0,,,,,,,,,0.0,0.0,0.007624618530903363,0.0,0.0,0.007624618530903363
stress_interp,naive_exc_empbernstein,0.99,0.5,1024,5000,500,0,0,,,,,,,,,0.0,0.0,0.007624618530903363,0.0,0.0,0.007624618530903363
stress_interp,naive_exc_empbernstein,0.99,0.5,1024,10000,500,15,15,0.01010037723042383,0.31049039955097835,7.868972706269335e-05,-0.0014921310128695566,-0.00161221820661458,0.31049039955097835,0.00040279955796690403,7.868972706269335e-05,0.03,0.018263049234083534,0.04890409218496562,0.03,0.018263049234083534,0.04890409218496562
stress_interp,naive_exc_empbernstein,0.99,0.5,1024,20000,500,30,30,0.01011081959509731,0.3107041417028886,7.917710694286722e-05,-0.000410046274477896,-0.0019468967264952963,0.3107041417028886,0.00039201732589141697,7.917710694286722e-05,0.06,0.042348086000950205,0.08436157830624476,0.06,0.042348086000950205,0.08436157830624476
stress_interp,naive_exc_empbernstein,0.99,0.5,1024,50000,500,95,95,0.01011081959509731,0.31062122451839747,7.891171909489431e-05,-0.00047722921631539167,-0.0016533741943233204,0.31062122451839747,0.0004480894586527209,7.891171909489431e-05,0.19,0.15802683592828387,0.22670042756087622,0.19,0.15802683592828387,0.22670042756087622
stress_interp,naive_exc_empbernstein,0.99,1.0,32,2000,500,0,0,,,,,,,,,0.0,0.0,0.007624618530903363,0.0,0.0,0.007624618530903363
stress_interp,naive_exc_empbernstein,0.99,1.0,32,5000,500,0,0,,,,,,,,,0.0,0.0,0.007624618530903363,0.0,0.0,0.007624618530903363
stress_interp,naive_exc_empbernstein,0.99,1.0,32,10000,500,2,2,0.0101029878215922,0.3105621255433293,7.903716176528173e-05,-0.000672867034670884,-0.001004751448052378,0.3105621255433293,0.0002561278821308541,7.903716176528173e-05,0.004,0.0010976075412372681,0.014466014041418871,0.004,0.0010976075412372681,0.014466014041418871
stress_interp,naive_exc_empbernstein,0.99,1.0,32,20000,500,3,3,0.01011604077743405,0.310757593557061,7.740840871415333e-05,-0.00025550552800329755,-0.00032077030721278446,0.310757593557061,0.00036393703176938264,7.740840871415333e-05,0.006,0.002042559297638913,0.017490563810893606,0.006,0.002042559297638913,0.017490563810893606
stress_interp,naive_exc_empbernstein,0.99,1.0,32,50000,500,4,4,0.0101029878215922,0.3108147002388691,7.876737283157772e-05,-0.0002913614613496945,-0.0005929200365329262,0.3108147002388691,0.00024073681502931947,7.876737283157772e-05,0.008,0.0031152647975077885,0.020387359836901122,0.008,0.0031152647975077885,0.020387359836901122
stress_interp,naive_exc_empbernstein,0.99,1.0,128,2000,500,0,0,,,,,,,,,0.0,0.0,0.007624618530903363,0.0,0.0,0.007624618530903363
stress_interp,naive_exc_empbernstein,0.99,1.0,128,5000,500,6,6,0.010122567255354974,0.31070799232486196,7.837006043518554e-05,-0.001513460040979583,-0.0016113572097934611,0.31070799232486196,0.00023404426656505484,7.837006043518554e-05,0.012,0.0055109199671753584,0.025930707718986326,0.012,0.0055109199671753584,0.025930707718986326
stress_interp,naive_exc_empbernstein,0.99,1.0,128,10000,500,5,5,0.010110819595097308,0.3104667737009046,7.90870564279281e-05,-0.0007714043720865981,-0.0019467991510890795,0.3104667737009046,0.00047196061618343186,7.90870564279281e-05,0.01,0.004278690781520357,0.023193435378764938,0.01,0.004278690781520357,0.023193435378764938
stress_interp,naive_exc_empbernstein,0.99,1.0,128,20000,500,11,11,0.010110107615687754,0.31075427098648306,7.926830730455276e-05,-0.00040033485536311884,-0.001611161157206855,0.31075427098648306,0.000551101256597999,7.926830730455276e-05,0.022,0.01232788016714588,0.03896125514839773,0.022,0.01232788016714588,0.03896125514839773
stress_interp,naive_exc_empbernstein,0.99,1.0,128,50000,500,13,13,0.01008491449811887,0.3107631159614556,7.854065021793416e-05,-0.0003295210143007862,-0.0011395119747426002,0.3107631159614556,0.00024553636009761224,7.854065021793416e-05,0.026,0.0152562373229252,0.04397190104437119,0.026,0.0152562373229252,0.04397190104437119
stress_interp,naive_exc_empbernstein,0.99,1.0,1024,2000,500,0,0,,,,,,,,,0.0,0.0,0.007624618530903363,0.0,0.0,0.007624618530903363
stress_interp,naive_exc_empbernstein,0.99,1.0,1024,5000,500,20,20,0.010114735481849865,0.31062918510396675,7.953622743470259e-05,-0.0015056282674744729,-0.0016113572097934611,0.31062918510396675,0.0003261457690450369,7.953622743470259e-05,0.04,0.026040593951356387,0.06097405509707471,0.04,0.026040593951356387,0.06097405509707471
stress_interp,naive_exc_empbernstein,0.99,1.0,1024,10000,500,30,30,0.010106903708344753,0.31056219080810854,7.889652608633225e-05,-0.00048824363022959797,-0.0019467991510890795,0.31056219080810854,0.0003711450132080201,7.889652608633225e-05,0.06,0.042348086000950205,0.08436157830624476,0.06,0.042348086000950205,0.08436157830624476
stress_interp,naive_exc_empbernstein,0.99,1.0,1024,20000,500,72,72,0.010101900075272044,0.31069167613005966,7.922677552831839e-05,-0.0004337609115140494,-0.001611161157206855,0.31069167613005966,0.000414519851668748,7.922677552831839e-05,0.144,0.11593760751948218,0.177491120874521,0.144,0.11593760751948218,0.177491120874521
stress_interp,naive_exc_empbernstein,0.99,1.0,1024,50000,500,128,128,0.010096869248541333,0.3106366803559541,7.907901574186475e-05,-0.0004340485963046086,-0.0018072478072313596,0.3106366803559541,0.00046737027417010187,7.907901574186475e-05,0.256,0.21970707865540234,0.29601373518767854,0.256,0.21970707865540234,0.29601373518767854
stress_interp,naive_exceedance,0.9,0.2,32,2000,500,0,0,,,,,,,,,0.0,0.0,0.007624618530903363,0.0,0.0,0.007624618530903363
stress_interp,naive_exceedance,0.9,0.2,32,5000,500,0,0,,,,,,,,,0.0,0.0,0.007624618530903363,0.0,0.0,0.007624618530903363
stress_interp,naive_exceedance,0.9,0.2,32,10000,500,0,0,,,,,,,,,0.0,0.0,0.007624618530903363,0.0,0.0,0.007624618530903363
stress_interp,naive_exceedance,0.9,0.2,32,20000,500,0,0,,,,,,,,,0.0,0.0,0.007624618530903363,0.0,0.0,0.007624618530903363
stress_interp,naive_exceedance,0.9,0.2,32,50000,500,0,0,,,,,,,,,0.0,0.0,0.007624618530903363,0.0,0.0,0.007624618530903363
stress_interp,naive_exceedance,0.9,0.2,128,2000,500,0,0,,,,,,,,,0.0,0.0,0.007624618530903363,0.0,0.0,0.007624618530903363
stress_interp,naive_exceedance,0.9,0.2,128,5000,500,0,0,,,,,,,,,0.0,0.0,0.007624618530903363,0.0,0.0,0.007624618530903363
stress_interp,naive_exceedance,0.9,0.2,128,10000,500,0,0,,,,,,,,,0.0,0.0,0.007624618530903363,0.0,0.0,0.007624618530903363
stress_interp,naive_exceedance,0.9,0.2,128,20000,500,0,0,,,,,,,,,0.0,0.0,0.007624618530903363,0.0,0.0,0.007624618530903363
stress_interp,naive_exceedance,0.9,0.2,128,50000,500,1,1,0.10169557896385636,0.35542741903904146,0.00032690698202607983,-0.002189949537091243,-0.002189949537091243,0.35542741903904146,,0.00032690698202607983,0.002,0.000353127309584542,0.011240992747195207,0.002,0.000353127309584542,0.011240992747195207
stress_interp,naive_exceedance,0.9,0.2,1024,2000,500,0,0,,,,,,,,,0.0,0.0,0.007624618530903363,0.0,0.0,0.007624618530903363
stress_interp,naive_exceedance,0.9,0.2,1024,5000,500,0,0,,,,,,,,,0.0,0.0,0.007624618530903363,0.0,0.0,0.007624618530903363
stress_interp,naive_exceedance,0.9,0.2,1024,10000,500,4,4,0.10091240161334535,0.3558439714923445,0.0003285868524102283,-0.00487348289375537,-0.007692940762196954,0.3558439714923445,0.0009933887383032018,0.0003285868524102283,0.008,0.0031152647975077885,0.020387359836901122,0.008,0.0031152647975077885,0.020387359836901122
stress_interp,naive_exceedance,0.9,0.2,1024,20000,500,11,11,0.10088036253991534,0.35580174221361516,0.0003286949182469643,-0.0026503331899744662,-0.006309929537427886,0.35580174221361516,0.001116002929832134,0.0003286949182469643,0.022,0.01232788016714588,0.03896125514839773,0.022,0.01232788016714588,0.03896125514839773
stress_interp,naive_exceedance,0.9,0.2,1024,50000,500,10,10,0.10080275678427379,0.35513979715706623,0.00032908451501742573,-0.0034088307116710943,-0.0057034426117049675,0.35513979715706623,0.0008635802686169375,0.00032908451501742573,0.02,0.010899065235569357,0.03642056855409787,0.02,0.010899065235569357,0.03642056855409787
stress_interp,naive_exceedance,0.9,0.5,32,2000,500,0,0,,,,,,,,,0.0,0.0,0.007624618530903363,0.0,0.0,0.007624618530903363
stress_interp,naive_exceedance,0.9,0.5,32,5000,500,1,1,0.10153894349375416,0.35674707287465246,0.000329209860202843,-0.0038137393361057093,-0.0038137393361057093,0.35674707287465246,,0.000329209860202843,0.002,0.000353127309584542,0.011240992747195207,0.002,0.000353127309584542,0.011240992747195207
stress_interp,naive_exceedance,0.9,0.5,32,10000,500,1,1,0.1009515604808709,0.35690370834475466,0.0003302679093080628,-0.006112795480835639,-0.006112795480835639,0.35690370834475466,,0.0003302679093080628,0.002,0.000353127309584542,0.011240992747195207,0.002,0.000353127309584542,0.011240992747195207
stress_interp,naive_exceedance,0.9,0.5,32,20000,500,0,0,,,,,,,,,0.0,0.0,0.007624618530903363,0.0,0.0,0.007624618530903363
stress_interp,naive_exceedance,0.9,0.5,32,50000,500,3,3,0.1012387255093916,0.3547708553601963,0.00032693919411050636,-0.0020428221813452115,-0.0030032289393916445,0.3547708553601963,0.0019036530101844353,0.00032693919411050636,0.006,0.002042559297638913,0.017490563810893606,0.006,0.002042559297638913,0.017490563810893606
stress_interp,naive_exceedance,0.9,0.5,128,2000,500,0,0,,,,,,,,,0.0,0.0,0.007624618530903363,0.0,0.0,0.007624618530903363
stress_interp,naive_exceedance,0.9,0.5,128,5000,500,1,1,0.10153894349375416,0.35674707287465246,0.000329209860202843,-0.0038137393361057093,-0.0038137393361057093,0.35674707287465246,,0.000329209860202843,0.002,0.000353127309584542,0.011240992747195207,0.002,0.000353127309584542,0.011240992747195207
stress_interp,naive_exceedance,0.9,0.5,128,10000,500,1,1,0.1009515604808709,0.35690370834475466,0.0003302679093080628,-0.006112795480835639,-0.006112795480835639,0.35690370834475466,,0.0003302679093080628,0.002,0.000353127309584542,0.011240992747195207,0.002,0.000353127309584542,0.011240992747195207
stress_interp,naive_exceedance,0.9,0.5,128,20000,500,0,0,,,,,,,,,0.0,0.0,0.007624618530903363,0.0,0.0,0.007624618530903363
stress_interp,naive_exceedance,0.9,0.5,128,50000,500,4,4,0.10112777538473587,0.35502163527430786,0.00032623227669655795,-0.0019561712320340825,-0.0030032289393916445,0.35502163527430786,0.001633245883736824,0.00032623227669655795,0.008,0.0031152647975077885,0.020387359836901122,0.008,0.0031152647975077885,0.020387359836901122
stress_interp,naive_exceedance,0.9,0.5,1024,2000,500,0,0,,,,,,,,,0.0,0.0,0.007624618530903363,0.0,0.0,0.007624618530903363
stress_interp,naive_exceedance,0.9,0.5,1024,5000,500,1,1,0.10153894349375416,0.35674707287465246,0.000329209860202843,-0.0038137393361057093,-0.0038137393361057093,0.35674707287465246,,0.000329209860202843,0.002,0.000353127309584542,0.011240992747195207,0.002,0.000353127309584542,0.011240992747195207
stress_interp,naive_exceedance,0.9,0.5,1024,10000,500,5,5,0.10052081293808983,0.35577397501664254,0.00032544130477346595,-0.0034488671932832865,-0.006112795480835639,0.35577397501664254,0.0009896314346939186,0.00032544130477346595,0.01,0.004278690781520357,0.023193435378764938,0.01,0.004278690781520357,0.023193435378764938
stress_interp,naive_exceedance,0.9,0.5,1024,20000,500,10,10,0.10104162587617967,0.3555098484551827,0.0003279401425382778,-0.0026127975645330094,-0.0066770117985007205,0.3555098484551827,0.00094934231740627,0.0003279401425382778,0.02,0.010899065235569357,0.03642056855409787,0.02,0.010899065235569357,0.03642056855409787
stress_interp,naive_exceedance,0.9,0.5,1024,50000,500,12,12,0.10095482371983135,0.35539233922021646,0.0003272326134628187,-0.002053547892838291,-0.003911737910305649,0.35539233922021646,0.001273294087006831,0.0003272326134628187,0.024,0.013781177149521824,0.04147745969189818,0.024,0.013781177149521824,0.04147745969189818
stress_interp,naive_exceedance,0.9,1.0,32,2000,500,0,0,,,,,,,,,0.0,0.0,0.007624618530903363,0.0,0.0,0.007624618530903363
stress_interp,naive_exceedance,0.9,1.0,32,5000,500,1,1,0.10165642009633082,0.35482828836590047,0.00033580182480322674,-0.005783775121864412,-0.005783775121864412,0.35482828836590047,,0.00033580182480322674,0.002,0.000353127309584542,0.011240992747195207,0.002,0.000353127309584542,0.011240992747195207
stress_interp,naive_exceedance,0.9,1.0,32,10000,500,0,0,,,,,,,,,0.0,0.0,0.007624618530903363,0.0,0.0,0.007624618530903363
stress_interp,naive_exceedance,0.9,1.0,32,20000,500,0,0,,,,,,,,,0.0,0.0,0.007624618530903363,0.0,0.0,0.007624618530903363
stress_interp,naive_exceedance,0.9,1.0,32,50000,500,0,0,,,,,,,,,0.0,0.0,0.007624618530903363,0.0,0.0,0.007624618530903363
stress_interp,naive_exceedance,0.9,1.0,128,2000,500,1,1,0.10165642009633082,0.3556427928104319,0.00033658032658495516,-0.005483241214208248,-0.005483241214208248,0.3556427928104319,,0.00033658032658495516,0.002,0.000353127309584542,0.011240992747195207,0.002,0.000353127309584542,0.011240992747195207
stress_interp,naive_exceedance,0.9,1.0,128,5000,500,2,2,0.10155852292751694,0.3549712182323687,0.00033253160120609316,-0.003824893999074451,-0.005783775121864412,0.3549712182323687,0.00020213335562756663,0.00033253160120609316,0.004,0.0010976075412372681,0.014466014041418871,0.004,0.0010976075412372681,0.014466014041418871
stress_interp,naive_exceedance,0.9,1.0,128,10000,500,0,0,,,,,,,,,0.0,0.0,0.007624618530903363,0.0,0.0,0.007624618530903363
stress_interp,naive_exceedance,0.9,1.0,128,20000,500,2,2,0.10079492501076869,0.35514939107961,0.00032872452128284455,-0.0023901148854967233,-0.003932785227469648,0.35514939107961,0.001229413834228131,0.00032872452128284455,0.004,0.0010976075412372681,0.014466014041418871,0.004,0.0010976075412372681,0.014466014041418871
stress_interp,naive_exceedance,0.9,1.0,128,50000,500,0,0,,,,,,,,,0.0,0.0,0.007624618530903363,0.0,0.0,0.007624618530903363
stress_interp,naive_exceedance,0.9,1.0,1024,2000,500,2,2,0.10126483142107531,0.3557514586678153,0.0003304166620981321,-0.005091652538952739,-0.005483241214208248,0.3557514586678153,0.00015367672927857524,0.0003304166620981321,0.004,0.0010976075412372681,0.014466014041418871,0.004,0.0010976075412372681,0.014466014041418871
stress_interp,naive_exceedance,0.9,1.0,1024,5000,500,11,11,0.10099427924544423,0.35558031661724343,0.0003290330500841916,-0.0034298306764541033,-0.005927982800466344,0.35558031661724343,0.0013727720212036196,0.0003290330500841916,0.022,0.01232788016714588,0.03896125514839773,0.022,0.01232788016714588,0.03896125514839773
stress_interp,naive_exceedance,0.9,1.0,1024,10000,500,6,6,0.10074271318740129,0.3559087467857096,0.00032638839200636985,-0.002968903971721691,-0.005602672309702225,0.3559087467857096,0.0015251237353198662,0.00032638839200636985,0.012,0.0055109199671753584,0.025930707718986326,0.012,0.0055109199671753584,0.025930707718986326
stress_interp,naive_exceedance,0.9,1.0,1024,20000,500,7,7,0.10098512522446422,0.3554786052730212,0.00032717158632572345,-0.002131214269162522,-0.003932785227469648,0.3554786052730212,0.0010585404546110545,0.00032717158632572345,0.014,0.006797703071787358,0.02861342614025071,0.014,0.006797703071787358,0.02861342614025071
stress_interp,naive_exceedance,0.9,1.0,1024,50000,500,9,9,0.10063828954066649,0.3553499715010464,0.000326398651194563,-0.0012335215814924141,-0.0018510999032073927,0.3553499715010464,0.0011310856506431216,0.000326398651194563,0.018,0.009498085051756854,0.03385204721203399,0.018,0.009498085051756854,0.03385204721203399
stress_interp,naive_exceedance,0.95,0.2,32,2000,500,0,0,,,,,,,,,0.0,0.0,0.007624618530903363,0.0,0.0,0.007624618530903363
stress_interp,naive_exceedance,0.95,0.2,32,5000,500,0,0,,,,,,,,,0.0,0.0,0.007624618530903363,0.0,0.0,0.007624618530903363
stress_interp,naive_exceedance,0.95,0.2,32,10000,500,0,0,,,,,,,,,0.0,0.0,0.007624618530903363,0.0,0.0,0.007624618530903363
stress_interp,naive_exceedance,0.95,0.2,32,20000,500,0,0,,,,,,,,,0.0,0.0,0.007624618530903363,0.0,0.0,0.007624618530903363
stress_interp,naive_exceedance,0.95,0.2,32,50000,500,0,0,,,,,,,,,0.0,0.0,0.007624618530903363,0.0,0.0,0.007624618530903363
stress_interp,naive_exceedance,0.95,0.2,128,2000,500,0,0,,,,,,,,,0.0,0.0,0.007624618530903363,0.0,0.0,0.007624618530903363
stress_interp,naive_exceedance,0.95,0.2,128,5000,500,0,0,,,,,,,,,0.0,0.0,0.007624618530903363,0.0,0.0,0.007624618530903363
stress_interp,naive_exceedance,0.95,0.2,128,10000,500,0,0,,,,,,,,,0.0,0.0,0.007624618530903363,0.0,0.0,0.007624618530903363
stress_interp,naive_exceedance,0.95,0.2,128,20000,500,0,0,,,,,,,,,0.0,0.0,0.007624618530903363,0.0,0.0,0.007624618530903363
stress_interp,naive_exceedance,0.95,0.2,128,50000,500,0,0,,,,,,,,,0.0,0.0,0.007624618530903363,0.0,0.0,0.007624618530903363
stress_interp,naive_exceedance,0.95,0.2,1024,2000,500,0,0,,,,,,,,,0.0,0.0,0.007624618530903363,0.0,0.0,0.007624618530903363
stress_interp,naive_exceedance,0.95,0.2,1024,5000,500,0,0,,,,,,,,,0.0,0.0,0.007624618530903363,0.0,0.0,0.007624618530903363
stress_interp,naive_exceedance,0.95,0.2,1024,10000,500,1,1,0.05078905118063986,0.33071621568704235,0.00018912249676939343,-0.0012138801809256708,-0.0012138801809256708,0.33071621568704235,,0.00018912249676939343,0.002,0.000353127309584542,0.011240992747195207,0.002,0.000353127309584542,0.011240992747195207
stress_interp,naive_exceedance,0.95,0.2,1024,20000,500,3,3,0.050671574578063205,0.3307586377935283,0.00019418295022907941,-0.002316464811936677,-0.0026017659245861774,0.3307586377935283,0.0006868512619388941,0.00019418295022907941,0.006,0.002042559297638913,0.017490563810893606,0.006,0.002042559297638913,0.017490563810893606
stress_interp,naive_exceedance,0.95,0.2,1024,50000,500,9,9,0.05057585290188963,0.33094703545617904,0.00019066694687011875,-0.0017008330410459294,-0.004763172063379867,0.33094703545617904,0.0009749557585401225,0.00019066694687011875,0.018,0.009498085051756854,0.03385204721203399,0.018,0.009498085051756854,0.03385204721203399
stress_interp,naive_exceedance,0.95,0.5,32,2000,500,0,0,,,,,,,,,0.0,0.0,0.007624618530903363,0.0,0.0,0.007624618530903363
stress_interp,naive_exceedance,0.95,0.5,32,5000,500,0,0,,,,,,,,,0.0,0.0,0.007624618530903363,0.0,0.0,0.007624618530903363
stress_interp,naive_exceedance,0.95,0.5,32,10000,500,0,0,,,,,,,,,0.0,0.0,0.007624618530903363,0.0,0.0,0.007624618530903363
stress_interp,naive_exceedance,0.95,0.5,32,20000,500,0,0,,,,,,,,,0.0,0.0,0.007624618530903363,0.0,0.0,0.007624618530903363
stress_interp,naive_exceedance,0.95,0.5,32,50000,500,0,0,,,,,,,,,0.0,0.0,0.007624618530903363,0.0,0.0,0.007624618530903363
stress_interp,naive_exceedance,0.95,0.5,128,2000,500,0,0,,,,,,,,,0.0,0.0,0.007624618530903363,0.0,0.0,0.007624618530903363
stress_interp,naive_exceedance,0.95,0.5,128,5000,500,0,0,,,,,,,,,0.0,0.0,0.007624618530903363,0.0,0.0,0.007624618530903363
stress_interp,naive_exceedance,0.95,0.5,128,10000,500,1,1,0.0507498923131143,0.3300309355053452,0.00018859771312213655,-0.003453090557348437,-0.003453090557348437,0.3300309355053452,,0.00018859771312213655,0.002,0.000353127309584542,0.011240992747195207,0.002,0.000353127309584542,0.011240992747195207
stress_interp,naive_exceedance,0.95,0.5,128,20000,500,1,1,0.050514939107960996,0.32998786075106706,0.00018719289658143085,-0.0009244086616379474,-0.0009244086616379474,0.32998786075106706,,0.00018719289658143085,0.002,0.000353127309584542,0.011240992747195207,0.002,0.000353127309584542,0.011240992747195207
stress_interp,naive_exceedance,0.95,0.5,128,50000,500,1,1,0.05012335043270549,0.3305282531229197,0.00018567028233543487,-0.0007673164877897362,-0.0007673164877897362,0.3305282531229197,,0.00018567028233543487,0.002,0.000353127309584542,0.011240992747195207,0.002,0.000353127309584542,0.011240992747195207
stress_interp,naive_exceedance,0.95,0.5,1024,2000,500,0,0,,,,,,,,,0.0,0.0,0.007624618530903363,0.0,0.0,0.007624618530903363
stress_interp,naive_exceedance,0.95,0.5,1024,5000,500,3,3,0.050332197726175094,0.3301516753468823,0.00019176090639725363,-0.0004605033870528838,-0.0006824036363643413,0.3301516753468823,0.00016856895655319417,0.00019176090639725363,0.006,0.002042559297638913,0.017490563810893606,0.006,0.002042559297638913,0.017490563810893606
stress_interp,naive_exceedance,0.95,0.5,1024,10000,500,4,4,0.05048556995731683,0.33060118651368603,0.00018869526960880293,-0.0031887682015509736,-0.005320894375894822,0.33060118651368603,0.0005154497439940218,0.00018869526960880293,0.008,0.0031152647975077885,0.020387359836901122,0.008,0.0031152647975077885,0.020387359836901122
stress_interp,naive_exceedance,0.95,0.5,1024,20000,500,8,8,0.05048067509887614,0.3309132337392803,0.00019190823119395387,-0.0015880136352941178,-0.0027822856677389637,0.3309132337392803,0.0007024936325468277,0.00019190823119395387,0.016,0.008129155320203278,0.03125147541771118,0.016,0.008129155320203278,0.03125147541771118
stress_interp,naive_exceedance,0.95,0.5,1024,50000,500,16,16,0.05032893448721463,0.3306484218976387,0.00019006394104632493,-0.0011277993702846862,-0.002457121883998513,0.3306484218976387,0.000868299912394244,0.00019006394104632493,0.032,0.01979134135128301,0.05134530159364255,0.032,0.01979134135128301,0.05134530159364255
stress_interp,naive_exceedance,0.95,1.0,32,2000,500,0,0,,,,,,,,,0.0,0.0,0.007624618530903363,0.0,0.0,0.007624618530903363
stress_interp,naive_exceedance,0.95,1.0,32,5000,500,0,0,,,,,,,,,0.0,0.0,0.007624618530903363,0.0,0.0,0.007624618530903363
stress_interp,naive_exceedance,0.95,1.0,32,10000,500,0,0,,,,,,,,,0.0,0.0,0.007624618530903363,0.0,0.0,0.007624618530903363
stress_interp,naive_exceedance,0.95,1.0,32,20000,500,1,1,0.05055409797548655,0.329874300035243,0.00019439201159102482,-0.0012761371909500163,-0.0012761371909500163,0.329874300035243,,0.00019439201159102482,0.002,0.000353127309584542,0.011240992747195207,0.002,0.000353127309584542,0.011240992747195207
stress_interp,naive_exceedance,0.95,1.0,32,50000,500,0,0,,,,,,,,,0.0,0.0,0.007624618530903363,0.0,0.0,0.007624618530903363
stress_interp,naive_exceedance,0.95,1.0,128,2000,500,0,0,,,,,,,,,0.0,0.0,0.007624618530903363,0.0,0.0,0.007624618530903363
stress_interp,naive_exceedance,0.95,1.0,128,5000,500,0,0,,,,,,,,,0.0,0.0,0.007624618530903363,0.0,0.0,0.007624618530903363
stress_interp,naive_exceedance,0.95,1.0,128,10000,500,0,0,,,,,,,,,0.0,0.0,0.007624618530903363,0.0,0.0,0.007624618530903363
stress_interp,naive_exceedance,0.95,1.0,128,20000,500,1,1,0.05055409797548655,0.329874300035243,0.00019439201159102482,-0.0012761371909500163,-0.0012761371909500163,0.329874300035243,,0.00019439201159102482,0.002,0.000353127309584542,0.011240992747195207,0.002,0.000353127309584542,0.011240992747195207
stress_interp,naive_exceedance,0.95,1.0,128,50000,500,1,1,0.05047578024043545,0.33063202412186243,0.00018903621412068764,-0.000671285585983096,-0.000671285585983096,0.33063202412186243,,0.00018903621412068764,0.002,0.000353127309584542,0.011240992747195207,0.002,0.000353127309584542,0.011240992747195207
stress_interp,naive_exceedance,0.95,1.0,1024,2000,500,1,1,0.05020166816775659,0.3302874260876375,0.00019696587696283824,-0.0008391602087923777,-0.0008391602087923777,0.3302874260876375,,0.00019696587696283824,0.002,0.000353127309584542,0.011240992747195207,0.002,0.000353127309584542,0.011240992747195207
stress_interp,naive_exceedance,0.95,1.0,1024,5000,500,4,4,0.050358303637858794,0.33106130320711125,0.00019040449348004855,-0.002166758840345286,-0.003548032270492295,0.33106130320711125,0.0005367155176955154,0.00019040449348004855,0.008,0.0031152647975077885,0.020387359836901122,0.008,0.0031152647975077885,0.020387359836901122
stress_interp,naive_exceedance,0.95,1.0,1024,10000,500,8,8,0.050412147080706425,0.3306875807651643,0.00019093864001253083,-0.001467791618402845,-0.0031206268703353815,0.3306875807651643,0.0007154500217339768,0.00019093864001253083,0.016,0.008129155320203278,0.03125147541771118,0.016,0.008129155320203278,0.03125147541771118
stress_interp,naive_exceedance,0.95,1.0,1024,20000,500,9,9,0.050558448960767166,0.3310988848424726,0.00019065408013644688,-0.001573780308753182,-0.0028800532638212917,0.3310988848424726,0.000982990981191132,0.00019065408013644688,0.018,0.009498085051756854,0.03385204721203399,0.018,0.009498085051756854,0.03385204721203399
stress_interp,naive_exceedance,0.95,1.0,1024,50000,500,14,14,0.050428230187011557,0.3304847588093467,0.00018892356021235295,-0.0009908266458009045,-0.0025383028133712307,0.3304847588093467,0.0006565498855217189,0.00018892356021235295,0.028,0.01675081930862122,0.04644682058455155,0.028,0.01675081930862122,0.04644682058455155
stress_interp,naive_exceedance,0.99,0.2,32,2000,500,0,0,,,,,,,,,0.0,0.0,0.007624618530903363,0.0,0.0,0.007624618530903363
stress_interp,naive_exceedance,0.99,0.2,32,5000,500,0,0,,,,,,,,,0.0,0.0,0.007624618530903363,0.0,0.0,0.007624618530903363
stress_interp,naive_exceedance,0.99,0.2,32,10000,500,0,0,,,,,,,,,0.0,0.0,0.007624618530903363,0.0,0.0,0.007624618530903363
stress_interp,naive_exceedance,0.99,0.2,32,20000,500,0,0,,,,,,,,,0.0,0.0,0.007624618530903363,0.0,0.0,0.007624618530903363
stress_interp,naive_exceedance,0.99,0.2,32,50000,500,0,0,,,,,,,,,0.0,0.0,0.007624618530903363,0.0,0.0,0.007624618530903363
stress_interp,naive_exceedance,0.99,0.2,128,2000,500,0,0,,,,,,,,,0.0,0.0,0.007624618530903363,0.0,0.0,0.007624618530903363
stress_interp,naive_exceedance,0.99,0.2,128,5000,500,0,0,,,,,,,,,0.0,0.0,0.007624618530903363,0.0,0.0,0.007624618530903363
stress_interp,naive_exceedance,0.99,0.2,128,10000,500,0,0,,,,,,,,,0.0,0.0,0.007624618530903363,0.0,0.0,0.007624618530903363
stress_interp,naive_exceedance,0.99,0.2,128,20000,500,0,0,,,,,,,,,0.0,0.0,0.007624618530903363,0.0,0.0,0.007624618530903363
stress_interp,naive_exceedance,0.99,0.2,128,50000,500,1,1,0.01014214668911775,0.3109018287191134,7.697355993264675e-05,-0.0011628298684747927,-0.0011628298684747927,0.3109018287191134,,7.697355993264675e-05,0.002,0.000353127309584542,0.011240992747195207,0.002,0.000353127309584542,0.011240992747195207
stress_interp,naive_exceedance,0.99,0.2,1024,2000,500,0,0,,,,,,,,,0.0,0.0,0.007624618530903363,0.0,0.0,0.007624618530903363
stress_interp,naive_exceedance,0.99,0.2,1024,5000,500,0,0,,,,,,,,,0.0,0.0,0.007624618530903363,0.0,0.0,0.007624618530903363
stress_interp,naive_exceedance,0.99,0.2,1024,10000,500,0,0,,,,,,,,,0.0,0.0,0.007624618530903363,0.0,0.0,0.007624618530903363
stress_interp,naive_exceedance,0.99,0.2,1024,20000,500,0,0,,,,,,,,,0.0,0.0,0.007624618530903363,0.0,0.0,0.007624618530903363
stress_interp,naive_exceedance,0.99,0.2,1024,50000,500,1,1,0.01014214668911775,0.3109018287191134,7.697355993264675e-05,-0.0011628298684747927,-0.0011628298684747927,0.3109018287191134,,7.697355993264675e-05,0.002,0.000353127309584542,0.011240992747195207,0.002,0.000353127309584542,0.011240992747195207
stress_interp,naive_exceedance,0.99,0.5,32,2000,500,0,0,,,,,,,,,0.0,0.0,0.007624618530903363,0.0,0.0,0.007624618530903363
stress_interp,naive_exceedance,0.99,0.5,32,5000,500,0,0,,,,,,,,,0.0,0.0,0.007624618530903363,0.0,0.0,0.007624618530903363
stress_interp,naive_exceedance,0.99,0.5,32,10000,500,0,0,,,,,,,,,0.0,0.0,0.007624618530903363,0.0,0.0,0.007624618530903363
stress_interp,naive_exceedance,0.99,0.5,32,20000,500,0,0,,,,,,,,,0.0,0.0,0.007624618530903363,0.0,0.0,0.007624618530903363
stress_interp,naive_exceedance,0.99,0.5,32,50000,500,0,0,,,,,,,,,0.0,0.0,0.007624618530903363,0.0,0.0,0.007624618530903363
stress_interp,naive_exceedance,0.99,0.5,128,2000,500,0,0,,,,,,,,,0.0,0.0,0.007624618530903363,0.0,0.0,0.007624618530903363
stress_interp,naive_exceedance,0.99,0.5,128,5000,500,0,0,,,,,,,,,0.0,0.0,0.007624618530903363,0.0,0.0,0.007624618530903363
stress_interp,naive_exceedance,0.99,0.5,128,10000,500,0,0,,,,,,,,,0.0,0.0,0.007624618530903363,0.0,0.0,0.007624618530903363
stress_interp,naive_exceedance,0.99,0.5,128,20000,500,0,0,,,,,,,,,0.0,0.0,0.007624618530903363,0.0,0.0,0.007624618530903363
stress_interp,naive_exceedance,0.99,0.5,128,50000,500,0,0,,,,,,,,,0.0,0.0,0.007624618530903363,0.0,0.0,0.007624618530903363
stress_interp,naive_exceedance,0.99,0.5,1024,2000,500,0,0,,,,,,,,,0.0,0.0,0.007624618530903363,0.0,0.0,0.007624618530903363
stress_interp,naive_exceedance,0.99,0.5,1024,5000,500,0,0,,,,,,,,,0.0,0.0,0.007624618530903363,0.0,0.0,0.007624618530903363
stress_interp,naive_exceedance,0.99,0.5,1024,10000,500,0,0,,,,,,,,,0.0,0.0,0.007624618530903363,0.0,0.0,0.007624618530903363
stress_interp,naive_exceedance,0.99,0.5,1024,20000,500,2,2,0.010063828954066649,0.31060226338254293,8.080429181188079e-05,-0.0001913273622738054,-0.00023048622979935686,0.31060226338254293,0.0006839306690413334,8.080429181188079e-05,0.004,0.0010976075412372681,0.014466014041418871,0.004,0.0010976075412372681,0.014466014041418871
stress_interp,naive_exceedance,0.99,0.5,1024,50000,500,11,11,0.010113667512735533,0.31050347623946717,7.834140124667595e-05,-0.00035334813844906376,-0.0006939429070882408,0.31050347623946717,0.00019085150582844607,7.834140124667595e-05,0.022,0.01232788016714588,0.03896125514839773,0.022,0.01232788016714588,0.03896125514839773
stress_interp,naive_exceedance,0.99,1.0,32,2000,500,0,0,,,,,,,,,0.0,0.0,0.007624618530903363,0.0,0.0,0.007624618530903363
stress_interp,naive_exceedance,0.99,1.0,32,5000,500,0,0,,,,,,,,,0.0,0.0,0.007624618530903363,0.0,0.0,0.007624618530903363
stress_interp,naive_exceedance,0.99,1.0,32,10000,500,0,0,,,,,,,,,0.0,0.0,0.007624618530903363,0.0,0.0,0.007624618530903363
stress_interp,naive_exceedance,0.99,1.0,32,20000,500,0,0,,,,,,,,,0.0,0.0,0.007624618530903363,0.0,0.0,0.007624618530903363
stress_interp,naive_exceedance,0.99,1.0,32,50000,500,0,0,,,,,,,,,0.0,0.0,0.007624618530903363,0.0,0.0,0.007624618530903363
stress_interp,naive_exceedance,0.99,1.0,128,2000,500,0,0,,,,,,,,,0.0,0.0,0.007624618530903363,0.0,0.0,0.007624618530903363
stress_interp,naive_exceedance,0.99,1.0,128,5000,500,0,0,,,,,,,,,0.0,0.0,0.007624618530903363,0.0,0.0,0.007624618530903363
stress_interp,naive_exceedance,0.99,1.0,128,10000,500,1,1,0.0101029878215922,0.30976817950424873,8.00148803696597e-05,-0.00023048622979935686,-0.00023048622979935686,0.30976817950424873,,8.00148803696597e-05,0.002,0.000353127309584542,0.011240992747195207,0.002,0.000353127309584542,0.011240992747195207
stress_interp,naive_exceedance,0.99,1.0,128,20000,500,1,1,0.01014214668911775,0.3104573755726984,7.993959353095509e-05,-0.0005248288009054927,-0.0005248288009054927,0.3104573755726984,,7.993959353095509e-05,0.002,0.000353127309584542,0.011240992747195207,0.002,0.000353127309584542,0.011240992747195207
stress_interp,naive_exceedance,0.99,1.0,128,50000,500,1,1,0.0101029878215922,0.31104867447233425,7.704021615694874e-05,-0.0003916577272138188,-0.0003916577272138188,0.31104867447233425,,7.704021615694874e-05,0.002,0.000353127309584542,0.011240992747195207,0.002,0.000353127309584542,0.011240992747195207
stress_interp,naive_exceedance,0.99,1.0,1024,2000,500,0,0,,,,,,,,,0.0,0.0,0.007624618530903363,0.0,0.0,0.007624618530903363
stress_interp,naive_exceedance,0.99,1.0,1024,5000,500,0,0,,,,,,,,,0.0,0.0,0.007624618530903363,0.0,0.0,0.007624618530903363
stress_interp,naive_exceedance,0.99,1.0,1024,10000,500,2,2,0.010063828954066649,0.3101685789246975,7.991481379958491e-05,-0.0001913273622738054,-0.00023048622979935686,0.3101685789246975,0.0005662502907649367,7.991481379958491e-05,0.004,0.0010976075412372681,0.014466014041418871,0.004,0.0010976075412372681,0.014466014041418871
stress_interp,naive_exceedance,0.99,1.0,1024,20000,500,3,3,0.01008993486575035,0.3104143008184203,7.88838391353722e-05,-0.00022199800747720508,-0.0005248288009054927,0.3104143008184203,0.00026306483034133397,7.88838391353722e-05,0.006,0.002042559297638913,0.017490563810893606,0.006,0.002042559297638913,0.017490563810893606
stress_interp,naive_exceedance,0.99,1.0,1024,50000,500,10,10,0.010095156048087089,0.3107874848259388,7.855615303285429e-05,-0.00048307843125409977,-0.0010903034469236152,0.3107874848259388,0.00045198128497889666,7.855615303285429e-05,0.02,0.010899065235569357,0.03642056855409787,0.02,0.010899065235569357,0.03642056855409787
stress_interp,naive_norm_betting,0.9,0.2,32,2000,500,4,4,0.10101029878215922,0.3564073696988683,0.00032326478834632103,-0.013233970927187092,-0.01642135581601996,0.3564073696988683,0.001599285815579255,0.00032326478834632103,0.008,0.0031152647975077885,0.020387359836901122,0.008,0.0031152647975077885,0.020387359836901122
stress_interp,naive_norm_betting,0.9,0.2,32,5000,500,75,75,0.1008387829423973,0.3557445275482633,0.0003256009293704559,-0.007009255242220028,-0.022139040830661164,0.3557445275482633,0.0012038219524974677,0.0003256009293704559,0.15,0.12137548023138253,0.1839617527402498,0.15,0.12137548023138253,0.1839617527402498
stress_interp,naive_norm_betting,0.9,0.2,32,10000,500,52,52,0.1010095457270145,0.3556017136522873,0.0003261243068127393,-0.006976979152657847,-0.014764881212965375,0.3556017136522873,0.0012952681105484613,0.0003261243068127393,0.104,0.08019382152134363,0.13384487635513181,0.104,0.08019382152134363,0.13384487635513181
stress_interp,naive_norm_betting,0.9,0.2,32,20000,500,21,21,0.10083781329424905,0.35537856369003334,0.0003258715671192313,-0.004280403204023609,-0.01016265762729486,0.35537856369003334,0.0013139614129258374,0.0003258715671192313,0.042,0.027632099334746148,0.06335205123956134,0.042,0.027632099334746148,0.06335205123956134
stress_interp,naive_norm_betting,0.9,0.2,32,50000,500,21,21,0.10097207226862237,0.3556065242402714,0.0003255695041927959,-0.0026192816500274292,-0.00486850514075117,0.3556065242402714,0.0012473500247418864,0.0003255695041927959,0.042,0.027632099334746148,0.06335205123956134,0.042,0.027632099334746148,0.06335205123956134
stress_interp,naive_norm_betting,0.9,0.2,128,2000,500,21,21,0.10110446653501828,0.3561832784176834,0.00032605545268583213,-0.011685216587707145,-0.01812974265208407,0.3561832784176834,0.0011543852955965095,0.00032605545268583213,0.042,0.027632099334746148,0.06335205123956134,0.042,0.027632099334746148,0.06335205123956134
stress_interp,naive_norm_betting,0.9,0.2,128,5000,500,212,212,0.10097280231938711,0.355777392181969,0.0003264669643233163,-0.009243821055476414,-0.03855290659675063,0.355777392181969,0.0011742148594853317,0.0003264669643233163,0.424,0.38142335182762455,0.46773559018907274,0.424,0.38142335182762455,0.46773559018907274
stress_interp,naive_norm_betting,0.9,0.2,128,10000,500,169,169,0.1010259391582419,0.3558049777176775,0.00032653906291671463,-0.006391018610660106,-0.018178658414511814,0.3558049777176775,0.0011668494745918508,0.00032653906291671463,0.338,0.2979123151908617,0.38055806121315106,0.338,0.2979123151908617,0.38055806121315106
stress_interp,naive_norm_betting,0.9,0.2,128,20000,500,98,98,0.10107662910878414,0.35568652687217345,0.0003266906487026028,-0.004625673258821802,-0.012756769336058238,0.35568652687217345,0.001068242029738756,0.0003266906487026028,0.196,0.16357755483279346,0.23305821323399578,0.196,0.16357755483279346,0.23305821323399578
stress_interp,naive_norm_betting,0.9,0.2,128,50000,500,63,63,0.10102925664659619,0.35603093177592926,0.00032599888975287026,-0.0028425693928853966,-0.01021555415736608,0.35603093177592926,0.0010139672874001162,0.00032599888975287026,0.126,0.09973485690292784,0.1579683577581879,0.126,0.09973485690292784,0.1579683577581879
stress_interp,naive_norm_betting,0.9,0.2,1024,2000,500,170,170,0.10094626251644097,0.3557960652248525,0.0003276478568351803,-0.012702496577213928,-0.020113580828368324,0.3557960652248525,0.001238208951280079,0.0003276478568351803,0.34,0.29983814768649814,0.382601730243391,0.34,0.29983814768649814,0.382601730243391
stress_interp,naive_norm_betting,0.9,0.2,1024,5000,500,446,446,0.10095823329237749,0.3557359136510095,0.0003276018269982305,-0.015210127035593017,-0.044471445181725876,0.3557359136510095,0.001179482380517773,0.0003276018269982305,0.892,0.8617447145307382,0.9162775845410336,0.892,0.8617447145307382,0.9162775845410336
stress_interp,naive_norm_betting,0.9,0.2,1024,10000,500,406,406,0.10100046084007153,0.3557585284830607,0.00032744198592557,-0.01013327197860351,-0.03420909822925766,0.3557585284830607,0.0011002114351213663,0.00032744198592557,0.812,0.7754216622802987,0.8438205757564177,0.812,0.7754216622802987,0.8438205757564177
stress_interp,naive_norm_betting,0.9,0.2,1024,20000,500,326,326,0.10091108030186441,0.35575933248304936,0.0003272743323713385,-0.006049183969655996,-0.02062175323201769,0.35575933248304936,0.001118150860121283,0.0003272743323713385,0.652,0.6092317009492663,0.6924504150173392,0.652,0.6092317009492663,0.6924504150173392
stress_interp,naive_norm_betting,0.9,0.2,1024,50000,500,250,250,0.10084849434154364,0.35577322316638604,0.0003273117220660219,-0.003542504414564837,-0.012132371353990062,0.35577322316638604,0.0011552330716395466,0.0003273117220660219,0.5,0.45634046916507415,0.5436595308349258,0.5,0.45634046916507415,0.5436595308349258
stress_interp,naive_norm_betting,0.9,0.5,32,2000,500,76,76,0.1009721704111475,0.35558346197364815,0.000325701636119315,-0.008103903251812993,-0.028346681487999806,0.35558346197364815,0.0013520071839411287,0.000325701636119315,0.152,0.12319191165756974,0.186114822839939,0.152,0.12319191165756974,0.186114822839939
stress_interp,naive_norm_betting,0.9,0.5,32,5000,500,47,47,0.1009090689437687,0.35545166421021146,0.00032611299299556174,-0.004955160306245276,-0.02442932438001008,0.35545166421021146,0.0013100990936895632,0.00032611299299556174,0.094,0.07142604659353205,0.12276514365356148,0.094,0.07142604659353205,0.12276514365356148
stress_interp,naive_norm_betting,0.9,0.5,32,10000,500,35,35,0.10091799573727757,0.3554564525422496,0.00032557048182189425,-0.003837720411869021,-0.015419128762756806,0.3554564525422496,0.0011277659354714386,0.00032557048182189425,0.07,0.05075944317125315,0.09579772876532376,0.07,0.05075944317125315,0.09579772876532376
stress_interp,naive_norm_betting,0.9,0.5,32,20000,500,17,17,0.10087093928302417,0.3560654782334283,0.00032460695369348737,-0.0022352460638681015,-0.004990533255379348,0.3560654782334283,0.0012553778241554735,0.00032460695369348737,0.034,0.02133433944461342,0.053771805026188516,0.034,0.02133433944461342,0.053771805026188516
stress_interp,naive_norm_betting,0.9,0.5,32,50000,500,14,14,0.10097673403856589,0.3558476775994496,0.0003271588865455725,-0.002465522587060435,-0.006152474499704921,0.3558476775994496,0.0011994699580430285,0.0003271588865455725,0.028,0.01675081930862122,0.04644682058455155,0.028,0.01675081930862122,0.04644682058455155
stress_interp,naive_norm_betting,0.9,0.5,128,2000,500,213,213,0.10106333790554477,0.35573968802700157,0.000326347730375938,-0.009495504052438508,-0.03195712520764343,0.35573968802700157,0.001185260469117092,0.000326347730375938,0.426,0.38338181137240096,0.4697466321701727,0.426,0.38338181137240096,0.4697466321701727
stress_interp,naive_norm_betting,0.9,0.5,128,5000,500,115,115,0.10103464538240337,0.3556326455560644,0.00032640960236723866,-0.005891603647501927,-0.02442932438001008,0.3556326455560644,0.001221492864860604,0.00032640960236723866,0.23,0.19525432702175258,0.2688629669849352,0.23,0.19525432702175258,0.2688629669849352
stress_interp,naive_norm_betting,0.9,0.5,128,10000,500,95,95,0.10102946601731647,0.35587527282395204,0.00032678262409754265,-0.0038988145876742417,-0.015419128762756806,0.35587527282395204,0.00110599714477412,0.00032678262409754265,0.19,0.15802683592828387,0.22670042756087622,0.19,0.15802683592828387,0.22670042756087622
stress_interp,naive_norm_betting,0.9,0.5,128,20000,500,57,57,0.10093644653200139,0.3560015773466638,0.0003256527809322421,-0.0026308899304264294,-0.006336006171941327,0.3560015773466638,0.0011901971869723153,0.0003256527809322421,0.114,0.08903649378821105,0.14484971171764635,0.114,0.08903649378821105,0.14484971171764635
stress_interp,naive_norm_betting,0.9,0.5,128,50000,500,34,34,0.10101145051355703,0.3558127307781789,0.00032684301670701565,-0.0021287558927251325,-0.006152474499704921,0.3558127307781789,0.0011000831904852029,0.00032684301670701565,0.068,0.04906621332682857,0.09352145708387197,0.068,0.04906621332682857,0.09352145708387197
stress_interp,naive_norm_betting,0.9,0.5,1024,2000,500,446,446,0.10097465192068977,0.3556866489860575,0.000327601700899653,-0.014651666507838631,-0.042419244628173,0.3556866489860575,0.0012085626235398851,0.000327601700899653,0.892,0.8617447145307382,0.9162775845410336,0.892,0.8617447145307382,0.9162775845410336
stress_interp,naive_norm_betting,0.9,0.5,1024,5000,500,373,373,0.10095418506984713,0.3556993002110905,0.00032773608355263526,-0.008005159698634634,-0.027610402746228974,0.3556993002110905,0.0011876836470146369,0.00032773608355263526,0.746,0.7060683153605514,0.7821803723222442,0.746,0.7060683153605514,0.7821803723222442
stress_interp,naive_norm_betting,0.9,0.5,1024,10000,500,306,306,0.1009379956444078,0.355800906335828,0.000327088109473861,-0.005085196563551968,-0.016122167337745047,0.355800906335828,0.0011139473506927237,0.000327088109473861,0.612,0.5685873695673256,0.6537047158817519,0.612,0.5685873695673256,0.6537047158817519
stress_interp,naive_norm_betting,0.9,0.5,1024,20000,500,239,239,0.10087979653117972,0.35572607503789316,0.00032715951605538147,-0.00355977819486177,-0.012936522560384314,0.35572607503789316,0.0010268043947992426,0.00032715951605538147,0.478,0.43455017112738104,0.5217853120879786,0.478,0.43455017112738104,0.5217853120879786
stress_interp,naive_norm_betting,0.9,0.5,1024,50000,500,172,172,0.10075394480056753,0.3555266252979034,0.00032678590025781107,-0.0022139616540084272,-0.007359855394771464,0.3555266252979034,0.0010003586260174256,0.00032678590025781107,0.344,0.3036922516120669,0.3866866293695749,0.344,0.3036922516120669,0.3866866293695749
stress_interp,naive_norm_betting,0.9,1.0,32,2000,500,33,33,0.10095274711322015,0.35571476206241454,0.0003247901901103687,-0.005268841052614324,-0.014374524315611578,0.35571476206241454,0.0014005425233393986,0.0003247901901103687,0.066,0.04737823802541255,0.09123993085941157,0.066,0.04737823802541255,0.09123993085941157
stress_interp,naive_norm_betting,0.9,1.0,32,5000,500,26,26,0.10107807374518421,0.35528441386705867,0.0003255338651910802,-0.005594000431454667,-0.020234460872824184,0.35528441386705867,0.0013007154679810934,0.0003255338651910802,0.052,0.03573001990962654,0.07510163829406287,0.052,0.03573001990962654,0.07510163829406287
stress_interp,naive_norm_betting,0.9,1.0,32,10000,500,13,13,0.10070757061398092,0.3551798145074567,0.00032450107988107754,-0.0023577461080905443,-0.004864523249343999,0.3551798145074567,0.001456147823111076,0.00032450107988107754,0.026,0.0152562373229252,0.04397190104437119,0.026,0.0152562373229252,0.04397190104437119
stress_interp,naive_norm_betting,0.9,1.0,32,20000,500,8,8,0.1006970278419548,0.35565919058620826,0.0003238049575126288,-0.0021427739144564365,-0.004889096011670313,0.35565919058620826,0.0010567604065679131,0.0003238049575126288,0.016,0.008129155320203278,0.03125147541771118,0.016,0.008129155320203278,0.03125147541771118
stress_interp,naive_norm_betting,0.9,1.0,32,50000,500,11,11,0.100837643775342,0.3552841331828684,0.0003249371080108363,-0.0014905378434656635,-0.002456009170368395,0.3552841331828684,0.0014443927088845002,0.0003249371080108363,0.022,0.01232788016714588,0.03896125514839773,0.022,0.01232788016714588,0.03896125514839773
stress_interp,naive_norm_betting,0.9,1.0,128,2000,500,125,125,0.10108156792105573,0.3558068214747229,0.0003262628145827623,-0.007050107767636211,-0.03612442849669434,0.3558068214747229,0.0010384175770095424,0.0003262628145827623,0.25,0.21404787416427032,0.28976443510118144,0.25,0.21404787416427032,0.28976443510118144
stress_interp,naive_norm_betting,0.9,1.0,128,5000,500,64,64,0.10111125523749853,0.35559473141911735,0.00032637376331401494,-0.00452848492453033,-0.020234460872824184,0.35559473141911735,0.0011578701782856671,0.00032637376331401494,0.128,0.10152638796079462,0.1601463282261975,0.128,0.10152638796079462,0.1601463282261975
stress_interp,naive_norm_betting,0.9,1.0,128,10000,500,49,49,0.10089402092042518,0.3554450005713998,0.00032760750875280605,-0.0028668769484519155,-0.007640363395400973,0.3554450005713998,0.0011429248483480086,0.00032760750875280605,0.098,0.07492354740061163,0.1272066458982347,0.098,0.07492354740061163,0.1272066458982347
stress_interp,naive_norm_betting,0.9,1.0,128,20000,500,34,34,0.10107018881484536,0.35598871533576426,0.0003254034008324715,-0.0024264004852066496,-0.00742401965384297,0.35598871533576426,0.0009161025525161119,0.0003254034008324715,0.068,0.04906621332682857,0.09352145708387197,0.068,0.04906621332682857,0.09352145708387197
stress_interp,naive_norm_betting,0.9,1.0,128,50000,500,27,27,0.10091240161334535,0.35549398911383484,0.0003253316886608973,-0.0016464199739434277,-0.0031286177623672667,0.35549398911383484,0.0010236161216176192,0.0003253316886608973,0.054,0.03737409848513375,0.07742706124443205,0.054,0.03737409848513375,0.07742706124443205
stress_interp,naive_norm_betting,0.9,1.0,1024,2000,500,335,335,0.10089942658559807,0.3557382235550524,0.00032724115849463965,-0.0097574336536189,-0.03612442849669434,0.3557382235550524,0.001050782471879918,0.00032724115849463965,0.67,0.627624826873818,0.709782802825675,0.67,0.627624826873818,0.709782802825675
stress_interp,naive_norm_betting,0.9,1.0,1024,5000,500,226,226,0.10092920873790277,0.3556905198460953,0.0003268002045617655,-0.005390652258898647,-0.020234460872824184,0.3556905198460953,0.0012360913140013192,0.0003268002045617655,0.452,0.4089065586120002,0.49582540476696657,0.452,0.4089065586120002,0.49582540476696657
stress_interp,naive_norm_betting,0.9,1.0,1024,10000,500,187,187,0.10081335271313366,0.35571903742896693,0.0003268510078382651,-0.003447368333256115,-0.013673492177012372,0.35571903742896693,0.0010388234847697152,0.0003268510078382651,0.374,0.3326992639903926,0.41722213987939505,0.374,0.3326992639903926,0.41722213987939505
stress_interp,naive_norm_betting,0.9,1.0,1024,20000,500,161,161,0.10077425107449745,0.3555937226146352,0.0003266778207822677,-0.002660615525434285,-0.00742401965384297,0.3555937226146352,0.0011849511425742084,0.0003266778207822677,0.322,0.28253539670832967,0.3641789674886719,0.322,0.28253539670832967,0.3641789674886719
stress_interp,naive_norm_betting,0.9,1.0,1024,50000,500,119,119,0.10066987988757785,0.35546206970080985,0.0003263722514999656,-0.001622027573079764,-0.005068430378176461,0.35546206970080985,0.0011408423892380506,0.0003263722514999656,0.238,0.20275841101838787,0.2772368890918055,0.238,0.20275841101838787,0.2772368890918055
stress_interp,naive_norm_betting,0.95,0.2,32,2000,500,0,0,,,,,,,,,0.0,0.0,0.007624618530903363,0.0,0.0,0.007624618530903363
stress_interp,naive_norm_betting,0.95,0.2,32,5000,500,41,41,0.050583705899713186,0.330987510231448,0.00019071088435049287,-0.005913783810357673,-0.016772524196935125,0.330987510231448,0.0007852032878240419,0.00019071088435049287,0.082,0.06101875732494105,0.10935542376689417,0.082,0.06101875732494105,0.10935542376689417
stress_interp,naive_norm_betting,0.95,0.2,32,10000,500,84,84,0.050603512736887846,0.3308762076315039,0.00019071989028058263,-0.005871979270399516,-0.02010665063992444,0.3308762076315039,0.0007822485205733256,0.00019071989028058263,0.168,0.13778772464256234,0.20327502206195752,0.168,0.13778772464256234,0.20327502206195752
stress_interp,naive_norm_betting,0.95,0.2,32,20000,500,57,57,0.05045997929389005,0.3308621683432845,0.00019052776562936886,-0.0028017167842222085,-0.007884978417260192,0.3308621683432845,0.0007383952951431073,0.00019052776562936886,0.114,0.08903649378821105,0.14484971171764635,0.114,0.08903649378821105,0.14484971171764635
stress_interp,naive_norm_betting,0.95,0.2,32,50000,500,27,27,0.050565700602901525,0.33100338071556307,0.00019059275444924506,-0.0018020813860451952,-0.006625331514579544,0.33100338071556307,0.0007192139489840341,0.00019059275444924506,0.054,0.03737409848513375,0.07742706124443205,0.054,0.03737409848513375,0.07742706124443205
stress_interp,naive_norm_betting,0.95,0.2,128,2000,500,0,0,,,,,,,,,0.0,0.0,0.007624618530903363,0.0,0.0,0.007624618530903363
stress_interp,naive_norm_betting,0.95,0.2,128,5000,500,149,149,0.050510471317706404,0.3307993034452182,0.00019007288642640643,-0.006449504891894063,-0.018699224434598337,0.3307993034452182,0.0008654912522354979,0.00019007288642640643,0.298,0.25957253815100145,0.3395078077354835,0.298,0.25957253815100145,0.3395078077354835
stress_interp,naive_norm_betting,0.95,0.2,128,10000,500,231,231,0.050536637528061736,0.33071906360468056,0.00019071393555603134,-0.005895522490196948,-0.02010665063992444,0.33071906360468056,0.0008864539552020284,0.00019071393555603134,0.462,0.41875551183784954,0.5058239591704992,0.462,0.41875551183784954,0.5058239591704992
stress_interp,naive_norm_betting,0.95,0.2,128,20000,500,186,186,0.05050714944076505,0.33076198524510714,0.0001908067802947526,-0.0035456715410516495,-0.014684465816302693,0.33076198524510714,0.0007852155058988814,0.0001908067802947526,0.372,0.3307600138567004,0.4151918884872109,0.372,0.3307600138567004,0.4151918884872109
stress_interp,naive_norm_betting,0.95,0.2,128,50000,500,85,85,0.05047808370323107,0.3308297764028664,0.0001908174610772374,-0.0019184104240525445,-0.007417217081835334,0.3308297764028664,0.0008052679950330748,0.0001908174610772374,0.17,0.13961985448969885,0.2054123937406974,0.17,0.13961985448969885,0.2054123937406974
stress_interp,naive_norm_betting,0.95,0.2,1024,2000,500,0,0,,,,,,,,,0.0,0.0,0.007624618530903363,0.0,0.0,0.007624618530903363
stress_interp,naive_norm_betting,0.95,0.2,1024,5000,500,443,443,0.05048258663501664,0.33073687353656994,0.00019006124979017302,-0.007580950984823601,-0.01912599824450479,0.33073687353656994,0.0008334379453035261,0.00019006124979017302,0.886,0.8551502882823536,0.9109635062117889,0.886,0.8551502882823536,0.9109635062117889
stress_interp,naive_norm_betting,0.95,0.2,1024,10000,500,479,479,0.05049163999053974,0.33078572063311795,0.00019000151934770975,-0.00866176580384848,-0.024382975876987536,0.33078572063311795,0.0007923006261561414,0.00019000151934770975,0.958,0.9366479487604386,0.9723679006652538,0.958,0.9366479487604386,0.9723679006652538
stress_interp,naive_norm_betting,0.95,0.2,1024,20000,500,460,460,0.050437728036557355,0.33073727634753325,0.0001901271348648423,-0.005376429457623059,-0.01658832213879345,0.33073727634753325,0.0007464470901065273,0.0001901271348648423,0.92,0.8928931229079627,0.9407021975260784,0.92,0.8928931229079627,0.9407021975260784
stress_interp,naive_norm_betting,0.95,0.2,1024,50000,500,334,334,0.05045561459608098,0.33083426091389295,0.00019016960416012556,-0.0026400422901278107,-0.011019437589359658,0.33083426091389295,0.0008133207934239505,0.00019016960416012556,0.668,0.6255778658042676,0.707860262369349,0.668,0.6255778658042676,0.707860262369349
stress_interp,naive_norm_betting,0.95,0.5,32,2000,500,41,41,0.05043089080693055,0.3310115786085613,0.00019014256291922672,-0.0043320796915146875,-0.017926609669982503,0.3310115786085613,0.0007258274037002838,0.00019014256291922672,0.082,0.06101875732494105,0.10935542376689417,0.082,0.06101875732494105,0.10935542376689417
stress_interp,naive_norm_betting,0.95,0.5,32,5000,500,118,118,0.05054978386296255,0.3308725027095945,0.00019070544985242416,-0.004026528871353157,-0.020558498710152036,0.3308725027095945,0.0007997097456242014,0.00019070544985242416,0.236,0.20088068978132578,0.27514510880299115,0.236,0.20088068978132578,0.27514510880299115
stress_interp,naive_norm_betting,0.95,0.5,32,10000,500,34,34,0.05054142893011064,0.3311808817194889,0.00018974585319110217,-0.0032776259313306603,-0.009134383174345513,0.3311808817194889,0.0006148523624980959,0.00018974585319110217,0.068,0.04906621332682857,0.09352145708387197,0.068,0.04906621332682857,0.09352145708387197
stress_interp,naive_norm_betting,0.95,0.5,32,20000,500,23,23,0.050392354827011446,0.33078627600872396,0.00019032340900075083,-0.0015744055932225471,-0.00428045679275995,0.33078627600872396,0.0007603464576631273,0.00019032340900075083,0.046,0.030844883399787512,0.06807827022627275,0.046,0.030844883399787512,0.06807827022627275
stress_interp,naive_norm_betting,0.95,0.5,32,50000,500,21,21,0.05042543312504545,0.3308275387532935,0.0001902682072883976,-0.0014563655116473745,-0.0030027838576730317,0.3308275387532935,0.0005702724060636521,0.0001902682072883976,0.042,0.027632099334746148,0.06335205123956134,0.042,0.027632099334746148,0.06335205123956134
stress_interp,naive_norm_betting,0.95,0.5,128,2000,500,162,162,0.050520740421668486,0.3309188507404168,0.000189871272668029,-0.005188102590308961,-0.0182625521681374,0.3309188507404168,0.0007503876681934574,0.000189871272668029,0.324,0.2844545847826361,0.3662292809402419,0.324,0.2844545847826361,0.3662292809402419
stress_interp,naive_norm_betting,0.95,0.5,128,5000,500,258,258,0.050505832394582964,0.3307223930742838,0.00019061830534384977,-0.004925404722997501,-0.020558498710152036,0.3307223930742838,0.000864876048197171,0.00019061830534384977,0.516,0.4722406641485616,0.5595153480584495,0.516,0.4722406641485616,0.5595153480584495
stress_interp,naive_norm_betting,0.95,0.5,128,10000,500,120,120,0.05052962368328308,0.3308572365587187,0.00018991678694965476,-0.003533871604637098,-0.01451627260343407,0.3308572365587187,0.0008731234129256513,0.00018991678694965476,0.24,0.20463724941868827,0.2793275522173815,0.24,0.20463724941868827,0.2793275522173815
stress_interp,naive_norm_betting,0.95,0.5,128,20000,500,70,70,0.0504366213729099,0.33066298759782725,0.00019005433706834342,-0.00187884553834731,-0.0065367763057860365,0.33066298759782725,0.000829576656364483,0.00019005433706834342,0.14,0.11232220101564047,0.17316752432660995,0.14,0.11232220101564047,0.17316752432660995
stress_interp,naive_norm_betting,0.95,0.5,128,50000,500,58,58,0.05044539836045872,0.33062598150351147,0.00019017492077080857,-0.0013556369391971444,-0.0038162139061651973,0.33062598150351147,0.0008566014958664424,0.00019017492077080857,0.116,0.09081324505614743,0.14704246197558635,0.116,0.09081324505614743,0.14704246197558635
stress_interp,naive_norm_betting,0.95,0.5,1024,2000,500,451,451,0.05048116349938575,0.3308019918405423,0.0001899161001727245,-0.007024393445783975,-0.020185535417630057,0.3308019918405423,0.0008142863096383152,0.0001899161001727245,0.902,0.8727933541017654,0.9250764525993884,0.902,0.8727933541017654,0.9250764525993884
stress_interp,naive_norm_betting,0.95,0.5,1024,5000,500,481,481,0.05046560381956082,0.33077066767985824,0.00019001949144435733,-0.007686372199785,-0.020738281202976175,0.33077066767985824,0.0007871716169685523,0.00019001949144435733,0.962,0.9414147746007343,0.9755400778767108,0.962,0.9414147746007343,0.9755400778767108
stress_interp,naive_norm_betting,0.95,0.5,1024,10000,500,416,416,0.050465990523554057,0.3307982845780331,0.00019030451398197487,-0.004374943200219419,-0.01638827259553493,0.3307982845780331,0.0007551060654454669,0.00019030451398197487,0.832,0.7967249779380424,0.8622122753574376,0.832,0.7967249779380424,0.8622122753574376
stress_interp,naive_norm_betting,0.95,0.5,1024,20000,500,333,333,0.05044508815507758,0.33079391017285054,0.0001897182843100766,-0.002557817888705232,-0.008051533017588895,0.33079391017285054,0.0007887623170556617,0.0001897182843100766,0.666,0.6235317332195806,0.7059368934281597,0.666,0.6235317332195806,0.7059368934281597
stress_interp,naive_norm_betting,0.95,0.5,1024,50000,500,276,276,0.05043250685422061,0.3307302759905633,0.0001902717199482649,-0.0016616674071056868,-0.005644817443577484,0.3307302759905633,0.0008883522734529899,0.0001902717199482649,0.552,0.5081789316318008,0.5950281080409854,0.552,0.5081789316318008,0.5950281080409854
stress_interp,naive_norm_betting,0.95,1.0,32,2000,500,82,82,0.05052974307007432,0.33108960981531343,0.0001899416503265945,-0.005519432699495709,-0.015453204288705502,0.33108960981531343,0.0008774094629415473,0.0001899416503265945,0.164,0.13412841862886243,0.19899532502390466,0.164,0.13412841862886243,0.19899532502390466
stress_interp,naive_norm_betting,0.95,1.0,32,5000,500,41,41,0.050541681749197966,0.3309062794586908,0.00019101514798709095,-0.0027778934977715306,-0.0071432105645581195,0.3309062794586908,0.0006797847711202446,0.00019101514798709095,0.082,0.06101875732494105,0.10935542376689417,0.082,0.06101875732494105,0.10935542376689417
stress_interp,naive_norm_betting,0.95,1.0,32,10000,500,26,26,0.05054355520346044,0.33097127546455973,0.0001907325102942638,-0.002225789640476621,-0.006025197450547588,0.33097127546455973,0.0006786717669136297,0.0001907325102942638,0.052,0.03573001990962654,0.07510163829406287,0.052,0.03573001990962654,0.07510163829406287
stress_interp,naive_norm_betting,0.95,1.0,32,20000,500,14,14,0.050523330293859324,0.3309135484087515,0.00019017059616578745,-0.0013824952350218352,-0.005513895079706899,0.3309135484087515,0.0006214916732864729,0.00019017059616578745,0.028,0.01675081930862122,0.04644682058455155,0.028,0.01675081930862122,0.04644682058455155
stress_interp,naive_norm_betting,0.95,1.0,32,50000,500,13,13,0.050548073534328775,0.3307092875797109,0.0001910582900828662,-0.000995103221091988,-0.002083316462766792,0.3307092875797109,0.0005549313861261685,0.0001910582900828662,0.026,0.0152562373229252,0.04397190104437119,0.026,0.0152562373229252,0.04397190104437119
stress_interp,naive_norm_betting,0.95,1.0,128,2000,500,224,224,0.05051633763894405,0.3308154851643833,0.00019011315440761023,-0.005358439228616277,-0.016647490665258544,0.3308154851643833,0.0008163933867042419,0.00019011315440761023,0.448,0.40497189195901473,0.4918210683681993,0.448,0.40497189195901473,0.4918210683681993
stress_interp,naive_norm_betting,0.95,1.0,128,5000,500,116,116,0.05049806028575171,0.33082067871769566,0.00019066014329444903,-0.003010306213246082,-0.008341208942963224,0.33082067871769566,0.0007889698403367303,0.00019066014329444903,0.232,0.19712863776715053,0.27095815776541365,0.232,0.19712863776715053,0.27095815776541365
stress_interp,naive_norm_betting,0.95,1.0,128,10000,500,85,85,0.05046472361901647,0.3308709623176521,0.000190261786335398,-0.0020618829407194517,-0.006576451919463551,0.3308709623176521,0.0007748415916588164,0.000190261786335398,0.17,0.13961985448969885,0.2054123937406974,0.17,0.13961985448969885,0.2054123937406974
stress_interp,naive_norm_betting,0.95,1.0,128,20000,500,46,46,0.05036596515541814,0.330785509856968,0.00019006160711397443,-0.0014203204518776853,-0.005513895079706899,0.330785509856968,0.000750774938987306,0.00019006160711397443,0.092,0.0696823665014548,0.12053932221976234,0.092,0.0696823665014548,0.12053932221976234
stress_interp,naive_norm_betting,0.95,1.0,128,50000,500,47,47,0.05043328870333326,0.33060636256612225,0.00019093908513221117,-0.0010445995916950148,-0.002844363077494784,0.33060636256612225,0.0007842436222975323,0.00019093908513221117,0.094,0.07142604659353205,0.12276514365356148,0.094,0.07142604659353205,0.12276514365356148
stress_interp,naive_norm_betting,0.95,1.0,1024,2000,500,465,465,0.05047207488522872,0.3307858805755595,0.00019014033734732777,-0.008302812459075666,-0.022844359482273622,0.3307858805755595,0.0008500058926724364,0.00019014033734732777,0.93,0.9042022712346763,0.9492405568287469,0.93,0.9042022712346763,0.9492405568287469
stress_interp,naive_norm_betting,0.95,1.0,1024,5000,500,373,373,0.050446594811019624,0.33079043381411255,0.00018995863639374754,-0.004451829489717922,-0.014008351173222792,0.33079043381411255,0.0007808319759965264,0.00018995863639374754,0.746,0.7060683153605514,0.7821803723222442,0.746,0.7060683153605514,0.7821803723222442
stress_interp,naive_norm_betting,0.95,1.0,1024,10000,500,306,306,0.05043879686555021,0.3307771998645564,0.00019034487644609474,-0.002623266577588197,-0.008741335573853821,0.3307771998645564,0.0008013236807430757,0.00019034487644609474,0.612,0.5685873695673256,0.6537047158817519,0.612,0.5685873695673256,0.6537047158817519
stress_interp,naive_norm_betting,0.95,1.0,1024,20000,500,245,245,0.05041504403774275,0.3307320710325874,0.00018984678097326568,-0.0018121057435390876,-0.006347811759783863,0.3307320710325874,0.0007227714862946908,0.00018984678097326568,0.49,0.4464253815391932,0.5337271108314249,0.49,0.4464253815391932,0.5337271108314249
stress_interp,naive_norm_betting,0.95,1.0,1024,50000,500,190,190,0.05038241725628242,0.3307491297456941,0.00018966692984173636,-0.0011860465609383746,-0.0047027602067006985,0.3307491297456941,0.000840587109526043,0.00018966692984173636,0.38,0.3385215907441222,0.42330831770329463,0.38,0.3385215907441222,0.42330831770329463
stress_interp,naive_norm_betting,0.99,0.2,32,2000,500,0,0,,,,,,,,,0.0,0.0,0.007624618530903363,0.0,0.0,0.007624618530903363
stress_interp,naive_norm_betting,0.99,0.2,32,5000,500,0,0,,,,,,,,,0.0,0.0,0.007624618530903363,0.0,0.0,0.007624618530903363
stress_interp,naive_norm_betting,0.99,0.2,32,10000,500,0,0,,,,,,,,,0.0,0.0,0.007624618530903363,0.0,0.0,0.007624618530903363
stress_interp,naive_norm_betting,0.99,0.2,32,20000,500,43,43,0.010143968031793358,0.3106307218618493,7.916589754401047e-05,-0.001002147499020441,-0.0026108405477304397,0.3106307218618493,0.00038497709455057125,7.916589754401047e-05,0.086,0.06447280005130328,0.11384038409228468,0.086,0.06447280005130328,0.11384038409228468
stress_interp,naive_norm_betting,0.99,0.2,32,50000,500,111,111,0.010126977037733978,0.3105740760535764,7.946458976500094e-05,-0.0007888951125059234,-0.004209733458960139,0.3105740760535764,0.00037263631152885266,7.946458976500094e-05,0.222,0.18776876356796052,0.2604705243352218,0.222,0.18776876356796052,0.2604705243352218
stress_interp,naive_norm_betting,0.99,0.2,128,2000,500,0,0,,,,,,,,,0.0,0.0,0.007624618530903363,0.0,0.0,0.007624618530903363
stress_interp,naive_norm_betting,0.99,0.2,128,5000,500,0,0,,,,,,,,,0.0,0.0,0.007624618530903363,0.0,0.0,0.007624618530903363
stress_interp,naive_norm_betting,0.99,0.2,128,10000,500,0,0,,,,,,,,,0.0,0.0,0.007624618530903363,0.0,0.0,0.007624618530903363
stress_interp,naive_norm_betting,0.99,0.2,128,20000,500,149,149,0.010123224283333591,0.3106498322081948,7.907850848341385e-05,-0.0009944160025625228,-0.002645063919846105,0.3106498322081948,0.0004236188210085942,7.907850848341385e-05,0.298,0.25957253815100145,0.3395078077354835,0.298,0.25957253815100145,0.3395078077354835
stress_interp,naive_norm_betting,0.99,0.2,128,50000,500,299,299,0.010116608297253261,0.31064188717976654,7.89768954299768e-05,-0.0010351154380033025,-0.005697859388156719,0.31064188717976654,0.00036285511461124864,7.89768954299768e-05,0.598,0.5544335612927798,0.6400720134751632,0.598,0.5544335612927798,0.6400720134751632
stress_interp,naive_norm_betting,0.99,0.2,1024,2000,500,0,0,,,,,,,,,0.0,0.0,0.007624618530903363,0.0,0.0,0.007624618530903363
stress_interp,naive_norm_betting,0.99,0.2,1024,5000,500,0,0,,,,,,,,,0.0,0.0,0.007624618530903363,0.0,0.0,0.007624618530903363
stress_interp,naive_norm_betting,0.99,0.2,1024,10000,500,0,0,,,,,,,,,0.0,0.0,0.007624618530903363,0.0,0.0,0.007624618530903363
stress_interp,naive_norm_betting,0.99,0.2,1024,20000,500,464,464,0.010111680415029984,0.31060821738707733,7.905554550327922e-05,-0.0012642841149891786,-0.002667035553708644,0.31060821738707733,0.0004040145341738265,7.905554550327922e-05,0.928,0.9019310525910869,0.9475422739464601,0.928,0.9019310525910869,0.9475422739464601
stress_interp,naive_norm_betting,0.99,0.2,1024,50000,500,497,497,0.010109921383649039,0.31057757044676326,7.908809727220274e-05,-0.0018957751544696143,-0.005697859388156719,0.31057757044676326,0.0004143841274463268,7.908809727220274e-05,0.994,0.9825094361891064,0.9979574407023611,0.994,0.9825094361891064,0.9979574407023611
stress_interp,naive_norm_betting,0.99,0.5,32,2000,500,0,0,,,,,,,,,0.0,0.0,0.007624618530903363,0.0,0.0,0.007624618530903363
stress_interp,naive_norm_betting,0.99,0.5,32,5000,500,0,0,,,,,,,,,0.0,0.0,0.007624618530903363,0.0,0.0,0.007624618530903363
stress_interp,naive_norm_betting,0.99,0.5,32,10000,500,39,39,0.010099975601013311,0.3106562323345814,7.86420927703694e-05,-0.0013831037076598583,-0.0027484215719507247,0.3106562323345814,0.0003167472238461216,7.86420927703694e-05,0.078,0.057581071819524224,0.10485410622055823,0.078,0.057581071819524224,0.10485410622055823
stress_interp,naive_norm_betting,0.99,0.5,32,20000,500,111,111,0.010130857646227502,0.31058617649642434,7.933008025451148e-05,-0.0007748005184066024,-0.0028863120231294344,0.31058617649642434,0.0003859211018621998,7.933008025451148e-05,0.222,0.18776876356796052,0.2604705243352218,0.222,0.18776876356796052,0.2604705243352218
stress_interp,naive_norm_betting,0.99,0.5,32,50000,500,53,53,0.010122936678633518,0.31052797236122803,7.960047419172034e-05,-0.0006508877095665291,-0.00216241792686025,0.31052797236122803,0.00042480905865922446,7.960047419172034e-05,0.106,0.08195666053446124,0.1360515388678906,0.106,0.08195666053446124,0.1360515388678906
stress_interp,naive_norm_betting,0.99,0.5,128,2000,500,0,0,,,,,,,,,0.0,0.0,0.007624618530903363,0.0,0.0,0.007624618530903363
stress_interp,naive_norm_betting,0.99,0.5,128,5000,500,0,0,,,,,,,,,0.0,0.0,0.007624618530903363,0.0,0.0,0.007624618530903363
stress_interp,naive_norm_betting,0.99,0.5,128,10000,500,149,149,0.010111923402101385,0.3106274144135644,7.899237379740884e-05,-0.0014690681681084768,-0.004150761071544884,0.3106274144135644,0.0003976751428340542,7.899237379740884e-05,0.298,0.25957253815100145,0.3395078077354835,0.298,0.25957253815100145,0.3395078077354835
stress_interp,naive_norm_betting,0.99,0.5,128,20000,500,296,296,0.010119259918570723,0.3106609090784014,7.902200418788214e-05,-0.0009558676187038797,-0.003609493655999799,0.3106609090784014,0.00037839306751759875,7.902200418788214e-05,0.592,0.5483787038455701,0.6342183663447436,0.592,0.5483787038455701,0.6342183663447436
stress_interp,naive_norm_betting,0.99,0.5,128,50000,500,149,149,0.010114288702824405,0.3105844710648821,7.914991580843482e-05,-0.0006191730630607313,-0.00216241792686025,0.3105844710648821,0.0003912056923736111,7.914991580843482e-05,0.298,0.25957253815100145,0.3395078077354835,0.298,0.25957253815100145,0.3395078077354835
stress_interp,naive_norm_betting,0.99,0.5,1024,2000,500,0,0,,,,,,,,,0.0,0.0,0.007624618530903363,0.0,0.0,0.007624618530903363
stress_interp,naive_norm_betting,0.99,0.5,1024,5000,500,0,0,,,,,,,,,0.0,0.0,0.007624618530903363,0.0,0.0,0.007624618530903363
stress_interp,naive_norm_betting,0.99,0.5,1024,10000,500,468,468,0.010112861211267445,0.3106039159202217,7.914978372256244e-05,-0.0018412394332416864,-0.004150761071544884,0.3106039159202217,0.00044175488338533075,7.914978372256244e-05,0.936,0.9110470662066095,0.954304266434443,0.936,0.9110470662066095,0.954304266434443
stress_interp,naive_norm_betting,0.99,0.5,1024,20000,500,496,496,0.010113961778418916,0.3106294140570229,7.914153587394382e-05,-0.001933815749308298,-0.005023017390726066,0.3106294140570229,0.0003917061067374825,7.914153587394382e-05,0.992,0.9796126401630988,0.9968847352024922,0.992,0.9796126401630988,0.9968847352024922
stress_interp,naive_norm_betting,0.99,0.5,1024,50000,500,457,457,0.010110871007177212,0.31060210486196327,7.902374400074581e-05,-0.000923352265940258,-0.0030200161011663673,0.31060210486196327,0.0004333347894097004,7.902374400074581e-05,0.914,0.8861596159077154,0.9355271999486967,0.914,0.8861596159077154,0.9355271999486967
stress_interp,naive_norm_betting,0.99,1.0,32,2000,500,0,0,,,,,,,,,0.0,0.0,0.007624618530903363,0.0,0.0,0.007624618530903363
stress_interp,naive_norm_betting,0.99,1.0,32,5000,500,51,51,0.010115272956502178,0.31059274240298773,7.895581359457672e-05,-0.0009159359343083413,-0.0028553819328315834,0.31059274240298773,0.00034870570697357836,7.895581359457672e-05,0.102,0.07843397139617729,0.1316352249544218,0.102,0.07843397139617729,0.1316352249544218
stress_interp,naive_norm_betting,0.99,1.0,32,10000,500,91,91,0.010116327655584421,0.3106200569998197,7.906766273629257e-05,-0.0009120160336725207,-0.004204896051688028,0.3106200569998197,0.00033521488104763396,7.906766273629257e-05,0.182,0.15064591449727432,0.21820334288838023,0.182,0.15064591449727432,0.21820334288838023
stress_interp,naive_norm_betting,0.99,1.0,32,20000,500,50,50,0.01012648314210753,0.31055452872302935,7.967331448486509e-05,-0.0006666320863229678,-0.0019546702539282555,0.31055452872302935,0.0003540326730803528,7.967331448486509e-05,0.1,0.07667718662472012,0.1294225082000026,0.1,0.07667718662472012,0.1294225082000026
stress_interp,naive_norm_betting,0.99,1.0,32,50000,500,22,22,0.01011722740978331,0.31069517669548996,7.844130655341448e-05,-0.0003980146256045298,-0.001099283271240429,0.31069517669548996,0.0003569198730487481,7.844130655341448e-05,0.044,0.029233737680341678,0.06571991441984218,0.044,0.029233737680341678,0.06571991441984218
stress_interp,naive_norm_betting,0.99,1.0,128,2000,500,0,0,,,,,,,,,0.0,0.0,0.007624618530903363,0.0,0.0,0.007624618530903363
stress_interp,naive_norm_betting,0.99,1.0,128,5000,500,178,178,0.010120147325339352,0.3106635646097115,7.88121741839226e-05,-0.0013385734915425682,-0.0041159676540121455,0.3106635646097115,0.000396432830567284,7.88121741839226e-05,0.356,0.31527383687422356,0.39892205326267655,0.356,0.31527383687422356,0.39892205326267655
stress_interp,naive_norm_betting,0.99,1.0,128,10000,500,277,277,0.010109208002715392,0.31063034608663664,7.889702589107982e-05,-0.0011038344624647856,-0.004969037756823714,0.31063034608663664,0.00037404206211023345,7.889702589107982e-05,0.554,0.5101821562121956,0.5969943849864668,0.554,0.5101821562121956,0.5969943849864668
stress_interp,naive_norm_betting,0.99,1.0,128,20000,500,180,180,0.010115170580377926,0.3105864040411951,7.921958965857819e-05,-0.0007364667497054869,-0.0033647554152556776,0.3105864040411951,0.00040636969192610535,7.921958965857819e-05,0.36,0.31914070629947555,0.4029941868891773,0.36,0.31914070629947555,0.4029941868891773
stress_interp,naive_norm_betting,0.99,1.0,128,50000,500,74,74,0.01010192947382124,0.31066237753593356,7.878840749352555e-05,-0.0003972648324205285,-0.0018519407117565372,0.31066237753593356,0.00033868982008529783,7.878840749352555e-05,0.148,0.11956093151848089,0.18180679992727505,0.148,0.11956093151848089,0.18180679992727505
stress_interp,naive_norm_betting,0.99,1.0,1024,2000,500,0,0,,,,,,,,,0.0,0.0,0.007624618530903363,0.0,0.0,0.007624618530903363
stress_interp,naive_norm_betting,0.99,1.0,1024,5000,500,469,469,0.010118601271970193,0.3106359575424362,7.909341597496439e-05,-0.001786850782085145,-0.004171241779866335,0.3106359575424362,0.0004217674040492075,7.909341597496439e-05,0.938,0.9133397667805389,0.9559810673863897,0.938,0.9133397667805389,0.9559810673863897
stress_interp,naive_norm_betting,0.99,1.0,1024,10000,500,496,496,0.010107803730703205,0.3105896788593906,7.90476084984848e-05,-0.0018979957758139831,-0.005083335932073648,0.3105896788593906,0.00041387692621797556,7.90476084984848e-05,0.992,0.9796126401630988,0.9968847352024922,0.992,0.9796126401630988,0.9968847352024922
stress_interp,naive_norm_betting,0.99,1.0,1024,20000,500,469,469,0.010108999417459661,0.3105973246895491,7.917607396533965e-05,-0.001143415081393016,-0.0033647554152556776,0.3105973246895491,0.00040446459419611906,7.917607396533965e-05,0.938,0.9133397667805389,0.9559810673863897,0.938,0.9133397667805389,0.9559810673863897
stress_interp,naive_norm_betting,0.99,1.0,1024,50000,500,360,360,0.010107991454664908,0.31064095995788243,7.913793188967641e-05,-0.0005320337111427263,-0.0023397757860305745,0.31064095995788243,0.0004433960458781729,7.913793188967641e-05,0.72,0.6790805551718125,0.75756461267459,0.72,0.6790805551718125,0.75756461267459
stress_interp,naive_wald,0.9,0.2,32,2000,500,452,452,0.10099851646803648,0.35559073837336835,0.0003260155996279561,-0.03208629024997914,-0.10048165407056428,0.35559073837336835,0.0013375824598791943,0.0003260155996279561,0.904,0.8750124461326017,0.9268268620944284,0.904,0.8750124461326017,0.9268268620944284
stress_interp,naive_wald,0.9,0.2,32,5000,500,399,399,0.10094154994330796,0.3556278260753501,0.00032574517538707173,-0.016557476079749393,-0.0481381585039565,0.3556278260753501,0.001297304692813111,0.00032574517538707173,0.798,0.7605963875890438,0.8308593397665378,0.798,0.7605963875890438,0.8308593397665378
stress_interp,naive_wald,0.9,0.2,32,10000,500,394,394,0.10098117810148666,0.3556626654387612,0.00032554677178867964,-0.010991397773049054,-0.03243829138087197,0.3556626654387612,0.0013532470150773505,0.00032554677178867964,0.788,0.7500471496065019,0.8215610701196979,0.788,0.7500471496065019,0.8215610701196979
stress_interp,naive_wald,0.9,0.2,32,20000,500,359,359,0.10093138112016832,0.3556372516670606,0.0003257076065609319,-0.007727927786014158,-0.023894563985281267,0.3556372516670606,0.0013199122407708795,0.0003257076065609319,0.718,0.6770114417638189,0.7556642245567071,0.718,0.6770114417638189,0.7556642245567071
stress_interp,naive_wald,0.9,0.2,32,50000,500,336,336,0.10091648066204592,0.35572166995787624,0.0003253777264361515,-0.004787708152943426,-0.01641542306344357,0.35572166995787624,0.001275412201874998,0.0003253777264361515,0.672,0.6296726201980068,0.7117045110273624,0.672,0.6296726201980068,0.7117045110273624
stress_interp,naive_wald,0.9,0.2,128,2000,500,498,498,0.10109781649211091,0.3558190509620422,0.0003269089500815653,-0.0467706738437545,-0.10091240161334535,0.3558190509620422,0.0011646204054609494,0.0003269089500815653,0.996,0.9855339859585811,0.9989023924587627,0.996,0.9855339859585811,0.9989023924587627
stress_interp,naive_wald,0.9,0.2,128,5000,500,490,490,0.10103131670493315,0.35573485211134226,0.0003264501813055566,-0.024280992703946833,-0.0642811271779295,0.35573485211134226,0.0011293625972379942,0.0003264501813055566,0.98,0.9635794314459021,0.9891009347644306,0.98,0.9635794314459021,0.9891009347644306
stress_interp,naive_wald,0.9,0.2,128,10000,500,492,492,0.10107994107704714,0.355780521392362,0.0003264982950451935,-0.01648044268803115,-0.03461150960746248,0.355780521392362,0.001146603404436448,0.0003264982950451935,0.984,0.9687485245822888,0.9918708446797967,0.984,0.9687485245822888,0.9918708446797967
stress_interp,naive_wald,0.9,0.2,128,20000,500,485,485,0.10106556526632672,0.35579056707288276,0.0003267803892875872,-0.011041688649021018,-0.02773330830181528,0.35579056707288276,0.001125968462774618,0.0003267803892875872,0.97,0.9510959078150344,0.9817369507659165,0.97,0.9510959078150344,0.9817369507659165
stress_interp,naive_wald,0.9,0.2,128,50000,500,476,476,0.10101145051355703,0.3558827889537771,0.0003262098296984142,-0.006745556270599174,-0.019061185993519525,0.3558827889537771,0.00113033318314254,0.0003262098296984142,0.952,0.9295723199393156,0.9675350249087478,0.952,0.9295723199393156,0.9675350249087478
stress_interp,naive_wald,0.9,0.2,1024,2000,500,500,500,0.10097200140971922,0.35572428632963937,0.00032758431502525747,-0.07052735239788951,-0.10189137330148412,0.35572428632963937,0.0011400200425838545,0.00032758431502525747,1.0,0.9923753814690964,0.9999999999999999,1.0,0.9923753814690964,0.9999999999999999
stress_interp,naive_wald,0.9,0.2,1024,5000,500,500,500,0.10097223636292438,0.3556739789325293,0.00032772518724987274,-0.038264850235328406,-0.07097076294477311,0.3556739789325293,0.0012132774988291152,0.00032772518724987274,1.0,0.9923753814690964,0.9999999999999999,1.0,0.9923753814690964,0.9999999999999999
stress_interp,naive_wald,0.9,0.2,1024,10000,500,500,500,0.10099228570309747,0.3557619610760857,0.00032743182724674,-0.02550173337731021,-0.050200558807719425,0.3557619610760857,0.0011092952324489504,0.00032743182724674,1.0,0.9923753814690964,0.9999999999999999,1.0,0.9923753814690964,0.9999999999999999
stress_interp,naive_wald,0.9,0.2,1024,20000,500,500,500,0.10091992011591025,0.3557867564710029,0.0003273793344558875,-0.017819380142043022,-0.03412921276654514,0.3557867564710029,0.0011438745532747594,0.0003273793344558875,1.0,0.9923753814690964,0.9999999999999999,1.0,0.9923753814690964,0.9999999999999999
stress_interp,naive_wald,0.9,0.2,1024,50000,500,500,500,0.10091060030543916,0.355731049066061,0.0003276093348474762,-0.010738995627991394,-0.02221815712489128,0.355731049066061,0.0011195092653602894,0.0003276093348474762,1.0,0.9923753814690964,0.9999999999999999,1.0,0.9923753814690964,0.9999999999999999
stress_interp,naive_wald,0.9,0.5,32,2000,500,392,392,0.10097923141532135,0.35572121543530677,0.0003257969402339783,-0.01745247613205248,-0.05591338327188586,0.35572121543530677,0.0013128704059192273,0.0003257969402339783,0.784,0.7458363816926995,0.8178328349817475,0.784,0.7458363816926995,0.8178328349817475
stress_interp,naive_wald,0.9,0.5,32,5000,500,378,378,0.10092493659474902,0.3555034991245196,0.0003257829025132741,-0.010317796629353644,-0.04111315561590906,0.3555034991245196,0.0012989297213776255,0.0003257829025132741,0.756,0.7164944353121212,0.7916017600000562,0.756,0.7164944353121212,0.7916017600000562
stress_interp,naive_wald,0.9,0.5,32,10000,500,358,358,0.10092148034520182,0.3555996141429579,0.000325415356095209,-0.007294726530866237,-0.030381235864441802,0.3555996141429579,0.0013261059530518596,0.000325415356095209,0.716,0.6749432769152115,0.7537628878794382,0.716,0.6749432769152115,0.7537628878794382
stress_interp,naive_wald,0.9,0.5,32,20000,500,335,335,0.10093881923740736,0.35558082828602805,0.0003257410736893907,-0.004805609935617381,-0.016373873461831362,0.35558082828602805,0.001355197217856475,0.0003257410736893907,0.67,0.627624826873818,0.709782802825675,0.67,0.627624826873818,0.709782802825675
stress_interp,naive_wald,0.9,0.5,32,50000,500,303,303,0.10082697583303384,0.35554181333471874,0.000325420222337071,-0.003156284701044335,-0.01314723391464509,0.35554181333471874,0.0013318818760744205,0.000325420222337071,0.606,0.5625170013722456,0.6478665794992029,0.606,0.5625170013722456,0.6478665794992029
stress_interp,naive_wald,0.9,0.5,128,2000,500,485,485,0.1010588638518842,0.3557859204897362,0.0003266371809329418,-0.024967950243238477,-0.05646160741724353,0.3557859204897362,0.0011260434090004,0.0003266371809329418,0.97,0.9510959078150344,0.9817369507659165,0.97,0.9510959078150344,0.9817369507659165
stress_interp,naive_wald,0.9,0.5,128,5000,500,484,484,0.10103149635094372,0.3557997316808507,0.0003263363641379855,-0.01417673967924671,-0.04111315561590906,0.3557997316808507,0.0012089834133911825,0.0003263363641379855,0.968,0.9486546984063574,0.980208658648717,0.968,0.9486546984063574,0.980208658648717
stress_interp,naive_wald,0.9,0.5,128,10000,500,481,481,0.10104428802788046,0.3558370606849285,0.00032668142847966635,-0.010216827616061004,-0.030381235864441802,0.3558370606849285,0.0010634957100649441,0.00032668142847966635,0.962,0.9414147746007343,0.9755400778767108,0.962,0.9414147746007343,0.9755400778767108
stress_interp,naive_wald,0.9,0.5,128,20000,500,472,472,0.10099951350084921,0.35580122444469076,0.00032645036567081464,-0.0066437346728545135,-0.01691326016805407,0.35580122444469076,0.0012044441492524889,0.00032645036567081464,0.944,0.9202547013596158,0.9609746373849419,0.944,0.9202547013596158,0.9609746373849419
stress_interp,naive_wald,0.9,0.5,128,50000,500,453,453,0.10091629156707305,0.3557231592544463,0.00032623872799896197,-0.004219450655532288,-0.01314723391464509,0.3557231592544463,0.001084157941319837,0.00032623872799896197,0.906,0.8772348563464386,0.928573953406468,0.906,0.8772348563464386,0.928573953406468
stress_interp,naive_wald,0.9,0.5,1024,2000,500,500,500,0.10098139953792537,0.3557526021067471,0.0003277870418295023,-0.038143622943112215,-0.06541556198980833,0.3557526021067471,0.0011636409116012754,0.0003277870418295023,1.0,0.9923753814690964,0.9999999999999999,1.0,0.9923753814690964,0.9999999999999999
stress_interp,naive_wald,0.9,0.5,1024,5000,500,500,500,0.10095735599326466,0.3557186278732819,0.00032735532446254455,-0.022603501446712384,-0.04111315561590906,0.3557186278732819,0.001186469999968901,0.00032735532446254455,1.0,0.9923753814690964,0.9999999999999999,1.0,0.9923753814690964,0.9999999999999999
stress_interp,naive_wald,0.9,0.5,1024,10000,500,500,500,0.10094858440693895,0.35578639620942165,0.0003273394313035987,-0.015601462623469817,-0.030381235864441802,0.35578639620942165,0.0011191628274928652,0.0003273394313035987,1.0,0.9923753814690964,0.9999999999999999,1.0,0.9923753814690964,0.9999999999999999
stress_interp,naive_wald,0.9,0.5,1024,20000,500,500,500,0.10091835376120924,0.3556739789325293,0.0003274681857383405,-0.010672805024387751,-0.023026987121913464,0.3556739789325293,0.001121115972606523,0.0003274681857383405,1.0,0.9923753814690964,0.9999999999999999,1.0,0.9923753814690964,0.9999999999999999
stress_interp,naive_wald,0.9,0.5,1024,50000,500,500,500,0.10081975173277989,0.35569570427223246,0.00032734260866977327,-0.00649892119209623,-0.01400752892521244,0.35569570427223246,0.0011687535905850921,0.00032734260866977327,1.0,0.9923753814690964,0.9999999999999999,1.0,0.9923753814690964,0.9999999999999999
stress_interp,naive_wald,0.9,1.0,32,2000,500,354,354,0.10092423776821888,0.3554818266350652,0.00032588546321068643,-0.011545493065311437,-0.03525513330715763,0.3554818266350652,0.0013537517533264087,0.00032588546321068643,0.708,0.6666799846544007,0.7461481740367435,0.708,0.6666799846544007,0.7461481740367435
stress_interp,naive_wald,0.9,1.0,32,5000,500,327,327,0.10092808911073325,0.35553256718470133,0.0003254837009656433,-0.007444872980330192,-0.030095213314695987,0.35553256718470133,0.001339968851296279,0.0003254837009656433,0.654,0.6112721337613813,0.6943794837311004,0.654,0.6112721337613813,0.6943794837311004
stress_interp,naive_wald,0.9,1.0,32,10000,500,337,337,0.10086650323746227,0.3555495784379423,0.0003255003244143687,-0.004539672743011785,-0.016173582972872386,0.3555495784379423,0.0013557887780429184,0.0003255003244143687,0.674,0.6317212496204101,0.7136253831308357,0.674,0.6317212496204101,0.7136253831308357
stress_interp,naive_wald,0.9,1.0,32,20000,500,290,290,0.10081815027012868,0.35542461715455465,0.00032574068298466186,-0.0035492327694406226,-0.011813164846889823,0.35542461715455465,0.0013853378730723628,0.00032574068298466186,0.58,0.5362886484411069,0.6224914125939485,0.58,0.5362886484411069,0.6224914125939485
stress_interp,naive_wald,0.9,1.0,32,50000,500,264,264,0.1007820203839705,0.3555839580952652,0.00032543806063928634,-0.0025114652224553745,-0.007200434687538282,0.3555839580952652,0.0013090182342194304,0.00032543806063928634,0.528,0.4841949689615891,0.5713780524006803,0.528,0.4841949689615891,0.5713780524006803
stress_interp,naive_wald,0.9,1.0,128,2000,500,478,478,0.10106387597747661,0.3557802093049662,0.0003264172077171478,-0.016785882997269415,-0.04828561357365179,0.3557802093049662,0.0011129361865634152,0.0003264172077171478,0.956,0.9342800855801577,0.9707662623196583,0.956,0.9342800855801577,0.9707662623196583
stress_interp,naive_wald,0.9,1.0,128,5000,500,467,467,0.10101763582907246,0.3557410715056853,0.0003262267555519853,-0.00976515112650371,-0.030095213314695987,0.3557410715056853,0.0010719173724346622,0.0003262267555519853,0.934,0.9087600691405885,0.9526217619745875,0.934,0.9087600691405885,0.9526217619745875
stress_interp,naive_wald,0.9,1.0,128,10000,500,474,474,0.10099534571249229,0.35576410681679876,0.00032674556530782093,-0.006529466705440202,-0.017465825601215526,0.35576410681679876,0.0011618755422928102,0.00032674556530782093,0.948,0.9248983617059371,0.9642699800903735,0.948,0.9248983617059371,0.9642699800903735
stress_interp,naive_wald,0.9,1.0,128,20000,500,461,461,0.10091299621653986,0.3556566640535272,0.00032636929854746086,-0.0047020758570984166,-0.015365744309656884,0.3556566640535272,0.0011700232291302188,0.00032636929854746086,0.922,0.8951458937794419,0.9424189281804758,0.922,0.8951458937794419,0.9424189281804758
stress_interp,naive_wald,0.9,1.0,128,50000,500,426,426,0.1008660728123292,0.3556799615618027,0.00032592571079319505,-0.0030104682397930505,-0.008047141480221454,0.3556799615618027,0.001163387771746006,0.00032592571079319505,0.852,0.818193200072725,0.8804390684815191,0.852,0.818193200072725,0.8804390684815191
stress_interp,naive_wald,0.9,1.0,1024,2000,500,500,500,0.10093002310373184,0.35569368367466814,0.0003272023458197909,-0.025329262140865793,-0.04828561357365179,0.35569368367466814,0.0011000409873410562,0.0003272023458197909,1.0,0.9923753814690964,0.9999999999999999,1.0,0.9923753814690964,0.9999999999999999
stress_interp,naive_wald,0.9,1.0,1024,5000,500,500,500,0.10092375768492776,0.3557358930179739,0.00032709443486705566,-0.015398066230023048,-0.030104410617721775,0.3557358930179739,0.0011533948083002992,0.00032709443486705566,1.0,0.9923753814690964,0.9999999999999999,1.0,0.9923753814690964,0.9999999999999999
stress_interp,naive_wald,0.9,1.0,1024,10000,500,500,500,0.10089156909582175,0.35567680620276465,0.00032744624980224774,-0.010545485915127635,-0.022096275372974636,0.35567680620276465,0.001167015425995412,0.00032744624980224774,1.0,0.9923753814690964,0.9999999999999999,1.0,0.9923753814690964,0.9999999999999999
stress_interp,naive_wald,0.9,1.0,1024,20000,500,500,500,0.10083674668128598,0.3556356933077495,0.00032729233352390654,-0.007431385847158002,-0.015365744309656884,0.3556356933077495,0.001172237679225712,0.00032729233352390654,1.0,0.9923753814690964,0.9999999999999999,1.0,0.9923753814690964,0.9999999999999999
stress_interp,naive_wald,0.9,1.0,1024,50000,500,500,500,0.1006783099032776,0.35555123937815714,0.00032644840441712025,-0.004453172134192131,-0.008961798983105604,0.35555123937815714,0.001141281534196701,0.00032644840441712025,1.0,0.9923753814690964,0.9999999999999999,1.0,0.9923753814690964,0.9999999999999999
stress_interp,naive_wald,0.95,0.2,32,2000,500,445,445,0.05055436196785189,0.3309364953165555,0.00019069747786094028,-0.03196692162868887,-0.05098484551826761,0.3309364953165555,0.0008022234818397032,0.00019069747786094028,0.89,0.8595438141340721,0.9145089834118234,0.89,0.8595438141340721,0.9145089834118234
stress_interp,naive_wald,0.95,0.2,32,5000,500,405,405,0.05056279994604778,0.3309542870983135,0.00019051078616019265,-0.015252935041132605,-0.03776034551826711,0.3309542870983135,0.0007987661536993791,0.00019051078616019265,0.81,0.7732995724391238,0.8419731640717161,0.81,0.7732995724391238,0.8419731640717161
stress_interp,naive_wald,0.95,0.2,32,10000,500,421,421,0.05056479457825481,0.33088887280781265,0.0001902652251490711,-0.009508322933220343,-0.03181404153272656,0.33088887280781265,0.0007469392797414102,0.0001902652251490711,0.842,0.8074369672976796,0.8713477936271825,0.842,0.8074369672976796,0.8713477936271825
stress_interp,naive_wald,0.95,0.2,32,20000,500,403,403,0.05053408128389781,0.3309216928563052,0.000190478162868046,-0.005802741219545748,-0.016261444180082067,0.3309216928563052,0.0007975530598333295,0.000190478162868046,0.806,0.7690596512561212,0.838274082202966,0.806,0.7690596512561212,0.838274082202966
stress_interp,naive_wald,0.95,0.2,32,50000,500,382,382,0.05056147870444424,0.3309768835569045,0.00019063514075767692,-0.003624870350935872,-0.012556373269497427,0.3309768835569045,0.0007707986326907357,0.00019063514075767692,0.764,0.7248548911970089,0.7991193102186741,0.764,0.7248548911970089,0.7991193102186741
stress_interp,naive_wald,0.95,0.2,128,2000,500,500,500,0.05054258526843404,0.3308484982574304,0.00019027090665309159,-0.04544517595219325,-0.051024004385793166,0.3308484982574304,0.0007730399129962212,0.00019027090665309159,1.0,0.9923753814690964,0.9999999999999999,1.0,0.9923753814690964,0.9999999999999999
stress_interp,naive_wald,0.95,0.2,128,5000,500,499,499,0.050528672177734484,0.330740586000289,0.00019040416192058317,-0.020985139806950454,-0.050276789687978427,0.330740586000289,0.0008734831729299914,0.00019040416192058317,0.998,0.9887590072528046,0.9996468726904154,0.998,0.9887590072528046,0.9996468726904154
stress_interp,naive_wald,0.95,0.2,128,10000,500,498,498,0.05051328783041474,0.33072039106026646,0.00019052110439643998,-0.01325050407971954,-0.03181404153272656,0.33072039106026646,0.0008186565708550662,0.00019052110439643998,0.996,0.9855339859585811,0.9989023924587627,0.996,0.9855339859585811,0.9989023924587627
stress_interp,naive_wald,0.95,0.2,128,20000,500,493,493,0.050509855603860315,0.33075673280331974,0.00019063406290883983,-0.008600631171872777,-0.022092334595880316,0.33075673280331974,0.000808951212546859,0.00019063406290883983,0.986,0.9713865738597492,0.9932022969282127,0.986,0.9713865738597492,0.9932022969282127
stress_interp,naive_wald,0.95,0.2,128,50000,500,495,495,0.05050196526094243,0.33083771892872416,0.00019025924121189973,-0.005146793411757739,-0.013149572232417063,0.33083771892872416,0.0008026082012314224,0.00019025924121189973,0.99,0.976806564621235,0.9957213092184797,0.99,0.976806564621235,0.9957213092184797
stress_interp,naive_wald,0.95,0.2,1024,2000,500,500,500,0.050501860046207464,0.330807342287661,0.0001902385899518346,-0.05019732109181988,-0.051024004385793166,0.330807342287661,0.0007684846546056878,0.0001902385899518346,1.0,0.9923753814690964,0.9999999999999999,1.0,0.9923753814690964,0.9999999999999999
stress_interp,naive_wald,0.95,0.2,1024,5000,500,500,500,0.05048416023808591,0.3307263891608255,0.00019006815918862826,-0.030841541345727808,-0.050671574578063205,0.3307263891608255,0.0008231679597414132,0.00019006815918862826,1.0,0.9923753814690964,0.9999999999999999,1.0,0.9923753814690964,0.9999999999999999
stress_interp,naive_wald,0.95,0.2,1024,10000,500,500,500,0.05048603986372714,0.3307940008614951,0.0001900316771273055,-0.019990947781582395,-0.03604543230177015,0.3307940008614951,0.0008235579041313793,0.0001900316771273055,1.0,0.9923753814690964,0.9999999999999999,1.0,0.9923753814690964,0.9999999999999999
stress_interp,naive_wald,0.95,0.2,1024,20000,500,500,500,0.05043301875709754,0.33071504092101656,0.0001901000232603673,-0.013485997758278606,-0.02403660503903702,0.33071504092101656,0.0007363006559219107,0.0001901000232603673,1.0,0.9923753814690964,0.9999999999999999,1.0,0.9923753814690964,0.9999999999999999
stress_interp,naive_wald,0.95,0.2,1024,50000,500,500,500,0.050458237067784,0.33081266397775777,0.00019003661733171478,-0.008156585457179904,-0.016723004400798373,0.33081266397775777,0.0008351731095246266,0.00019003661733171478,1.0,0.9923753814690964,0.9999999999999999,1.0,0.9923753814690964,0.9999999999999999
stress_interp,naive_wald,0.95,0.5,32,2000,500,410,410,0.05055199676796079,0.3309664408505306,0.0001905113351168128,-0.01428731737231252,-0.05055409797548655,0.3309664408505306,0.000788570362947171,0.0001905113351168128,0.82,0.7839246244600844,0.8511956196801373,0.82,0.7839246244600844,0.8511956196801373
stress_interp,naive_wald,0.95,0.5,32,5000,500,429,429,0.050556379960773584,0.3309159852430401,0.00019029718575533667,-0.008121724170659615,-0.03053967981625642,0.3309159852430401,0.000801770169201826,0.00019029718575533667,0.858,0.8246696706783865,0.8858711024534867,0.858,0.8246696706783865,0.8858711024534867
stress_interp,naive_wald,0.95,0.5,32,10000,500,405,405,0.05055255095849788,0.33088136458501033,0.00019053230135697563,-0.00510994089513216,-0.017285848019662958,0.33088136458501033,0.0007453908252662473,0.00019053230135697563,0.81,0.7732995724391238,0.8419731640717161,0.81,0.7732995724391238,0.8419731640717161
stress_interp,naive_wald,0.95,0.5,32,20000,500,371,371,0.050498684483705106,0.3308946312981524,0.00019018887208423443,-0.0035848366561999,-0.0119688003463016,0.3308946312981524,0.000754879244916598,0.00019018887208423443,0.742,0.7019052530371696,0.7784044315938733,0.742,0.7019052530371696,0.7784044315938733
stress_interp,naive_wald,0.95,0.5,32,50000,500,352,352,0.05050637310568979,0.330934798928115,0.00019011729171042376,-0.002345166734996228,-0.007119618798752683,0.330934798928115,0.0007576536438177288,0.00019011729171042376,0.704,0.6625538790779746,0.7423352765614168,0.704,0.6625538790779746,0.7423352765614168
stress_interp,naive_wald,0.95,0.5,128,2000,500,500,500,0.05055151349022986,0.3308722285311509,0.00019023813229431804,-0.02054009832170531,-0.05055409797548655,0.3308722285311509,0.0008508797731260591,0.00019023813229431804,1.0,0.9923753814690964,0.9999999999999999,1.0,0.9923753814690964,0.9999999999999999
stress_interp,naive_wald,0.95,0.5,128,5000,500,499,499,0.05052317894982509,0.3307245104611855,0.00019048273457279914,-0.0116177029311948,-0.03053967981625642,0.3307245104611855,0.0008330640168077088,0.00019048273457279914,0.998,0.9887590072528046,0.9996468726904154,0.998,0.9887590072528046,0.9996468726904154
stress_interp,naive_wald,0.95,0.5,128,10000,500,494,494,0.050538640527779094,0.33074928669824005,0.0001904971815603271,-0.007548909296963954,-0.021876500712690716,0.33074928669824005,0.0008729541156612625,0.0001904971815603271,0.988,0.9740692922810136,0.9944890800328247,0.988,0.9740692922810136,0.9944890800328247
stress_interp,naive_wald,0.95,0.5,128,20000,500,497,497,0.050486495745432375,0.33076841437866344,0.00019032698621930904,-0.004947031935236857,-0.013262067754632845,0.33076841437866344,0.000807925964346122,0.00019032698621930904,0.994,0.9825094361891064,0.9979574407023611,0.994,0.9825094361891064,0.9979574407023611
stress_interp,naive_wald,0.95,0.5,128,50000,500,487,487,0.05047320717316477,0.3307057223970791,0.00019043301523521172,-0.003159483692119054,-0.008142085074684266,0.3307057223970791,0.000848799161321053,0.00019043301523521172,0.974,0.9560280989556288,0.9847437626770749,0.974,0.9560280989556288,0.9847437626770749
stress_interp,naive_wald,0.95,0.5,1024,2000,500,500,500,0.050476328464580805,0.3308306888044798,0.0001900269385127462,-0.0308759492900622,-0.05090652778321651,0.3308306888044798,0.0008138003695473056,0.0001900269385127462,1.0,0.9923753814690964,0.9999999999999999,1.0,0.9923753814690964,0.9999999999999999
stress_interp,naive_wald,0.95,0.5,1024,5000,500,500,500,0.05047108117633238,0.33075886752555117,0.0001901428032266907,-0.017551037427453058,-0.03053967981625642,0.33075886752555117,0.000772372178417904,0.0001901428032266907,1.0,0.9923753814690964,0.9999999999999999,1.0,0.9923753814690964,0.9999999999999999
stress_interp,naive_wald,0.95,0.5,1024,10000,500,500,500,0.05045212828445001,0.3307641069820261,0.000189964733852841,-0.011928896655501396,-0.023478986043623258,0.3307641069820261,0.0008125712212502295,0.000189964733852841,1.0,0.9923753814690964,0.9999999999999999,1.0,0.9923753814690964,0.9999999999999999
stress_interp,naive_wald,0.95,0.5,1024,20000,500,500,500,0.05044335669812429,0.33080398637271413,0.00018992250256490584,-0.008070884339111723,-0.014862225075725904,0.33080398637271413,0.0008198577521727775,0.00018992250256490584,1.0,0.9923753814690964,0.9999999999999999,1.0,0.9923753814690964,0.9999999999999999
stress_interp,naive_wald,0.95,0.5,1024,50000,500,500,500,0.05043528997141403,0.33077816893135453,0.00019023048820143322,-0.005114092293403095,-0.009738047191751677,0.33077816893135453,0.0008359638391823607,0.00019023048820143322,1.0,0.9923753814690964,0.9999999999999999,1.0,0.9923753814690964,0.9999999999999999
stress_interp,naive_wald,0.95,1.0,32,2000,500,402,402,0.05054679221661984,0.3309234751955849,0.00019028926756747646,-0.009237910316473136,-0.025689583447024954,0.3309234751955849,0.0007719581098166766,0.00019028926756747646,0.804,0.7669417867660043,0.8364224451672065,0.804,0.7669417867660043,0.8364224451672065
stress_interp,naive_wald,0.95,1.0,32,5000,500,389,389,0.050546548065295245,0.33090142505058184,0.00019067129823121712,-0.005135846205261368,-0.014990044002503672,0.33090142505058184,0.0007287113946739536,0.00019067129823121712,0.778,0.7395294756647782,0.8122312364320395,0.778,0.7395294756647782,0.8122312364320395
stress_interp,naive_wald,0.95,1.0,32,10000,500,379,379,0.05054696878852279,0.3309007686400084,0.00019027423552126705,-0.003664025072385371,-0.01254637375588672,0.3309007686400084,0.000755101439083147,0.00019027423552126705,0.758,0.7185828923419191,0.7934828044961348,0.758,0.7185828923419191,0.7934828044961348
stress_interp,naive_wald,0.95,1.0,32,20000,500,357,357,0.050518120080393046,0.33094476855628496,0.0001903600351618111,-0.0023912378158916347,-0.009637072060796129,0.33094476855628496,0.0007652051979029657,0.0001903600351618111,0.714,0.6728760546154563,0.7518606086533169,0.714,0.6728760546154563,0.7518606086533169
stress_interp,naive_wald,0.95,1.0,32,50000,500,315,315,0.05048249318915411,0.3308451851064531,0.00019051403079627381,-0.0015756055719754606,-0.00527693382574522,0.3308451851064531,0.0007015812670922221,0.00019051403079627381,0.63,0.5868391297107901,0.671178469471175,0.63,0.5868391297107901,0.671178469471175
stress_interp,naive_wald,0.95,1.0,128,2000,500,496,496,0.050533413251108134,0.330726455415103,0.00019029758438735952,-0.013093012556586191,-0.029259620587590695,0.330726455415103,0.0007924583164876869,0.00019029758438735952,0.992,0.9796126401630988,0.9968847352024922,0.992,0.9796126401630988,0.9968847352024922
stress_interp,naive_wald,0.95,1.0,128,5000,500,496,496,0.05051888657444543,0.33079153729503175,0.0001904827719457031,-0.007480158732097022,-0.018866755669108795,0.33079153729503175,0.0007749435137678321,0.0001904827719457031,0.992,0.9796126401630988,0.9968847352024922,0.992,0.9796126401630988,0.9968847352024922
stress_interp,naive_wald,0.95,1.0,128,10000,500,494,494,0.05049575601901123,0.3307612840557299,0.00019039118384866352,-0.005133006189659588,-0.01254637375588672,0.3307612840557299,0.0008247092228110196,0.00019039118384866352,0.988,0.9740692922810136,0.9944890800328247,0.988,0.9740692922810136,0.9944890800328247
stress_interp,naive_wald,0.95,1.0,128,20000,500,480,480,0.05047977770816201,0.33079885313466734,0.00019044220666744987,-0.0034926705822483,-0.009637072060796129,0.33079885313466734,0.0008442166228200881,0.00019044220666744987,0.96,0.9390259449029252,0.9739594060486436,0.96,0.9390259449029252,0.9739594060486436
stress_interp,naive_wald,0.95,1.0,128,50000,500,481,481,0.05042725906570524,0.33074279649836685,0.00019021676074428551,-0.0021672916522924783,-0.005742755402868463,0.33074279649836685,0.0008149797086065077,0.00019021676074428551,0.962,0.9414147746007343,0.9755400778767108,0.962,0.9414147746007343,0.9755400778767108
stress_interp,naive_wald,0.95,1.0,1024,2000,500,500,500,0.05048682304107765,0.3308032149430239,0.00019025850494576495,-0.01997595544391919,-0.03558260622051079,0.3308032149430239,0.0008340682975251254,0.00019025850494576495,1.0,0.9923753814690964,0.9999999999999999,1.0,0.9923753814690964,0.9999999999999999
stress_interp,naive_wald,0.95,1.0,1024,5000,500,500,500,0.050462857814152016,0.33076644085053064,0.00018999021795825666,-0.012054469767039812,-0.021874677630062032,0.33076644085053064,0.0008156356443026892,0.00018999021795825666,1.0,0.9923753814690964,0.9999999999999999,1.0,0.9923753814690964,0.9999999999999999
stress_interp,naive_wald,0.95,1.0,1024,10000,500,500,500,0.050438109409875864,0.3308190116301836,0.00019007548153659396,-0.00827372690855772,-0.015190907322061478,0.3308190116301836,0.0008588233070959549,0.00019007548153659396,1.0,0.9923753814690964,0.9999999999999999,1.0,0.9923753814690964,0.9999999999999999
stress_interp,naive_wald,0.95,1.0,1024,20000,500,500,500,0.050435681560089284,0.33079097388103534,0.00018994933642949447,-0.005584391799914682,-0.011136104267028199,0.33079097388103534,0.0007708212238720745,0.00018994933642949447,1.0,0.9923753814690964,0.9999999999999999,1.0,0.9923753814690964,0.9999999999999999
stress_interp,naive_wald,0.95,1.0,1024,50000,500,500,500,0.05040866194149665,0.33076332380467555,0.00018975694355640834,-0.0034764288671581614,-0.007524745688228057,0.33076332380467555,0.000815136317734385,0.00018975694355640834,1.0,0.9923753814690964,0.9999999999999999,1.0,0.9923753814690964,0.9999999999999999
stress_interp,naive_wald,0.99,0.2,32,2000,500,500,500,0.010130477346595137,0.31062860946861415,7.938297518110977e-05,-0.010130477346595137,-0.010220464424168853,0.31062860946861415,0.0003647307165171469,7.938297518110977e-05,1.0,0.9923753814690964,0.9999999999999999,1.0,0.9923753814690964,0.9999999999999999
stress_interp,naive_wald,0.99,0.2,32,5000,500,496,496,0.010128804252400375,0.3106121636284859,7.938116796375151e-05,-0.010128804252400375,-0.010220464424168853,0.3106121636284859,0.0003645451428719117,7.938116796375151e-05,0.992,0.9796126401630988,0.9968847352024922,0.992,0.9796126401630988,0.9968847352024922
stress_interp,naive_wald,0.99,0.2,32,10000,500,464,464,0.010127377719684623,0.31062581777893605,7.938443225718465e-05,-0.00646498924985745,-0.010220464424168853,0.31062581777893605,0.000358591019676683,7.938443225718465e-05,0.928,0.9019310525910869,0.9475422739464601,0.928,0.9019310525910869,0.9475422739464601
stress_interp,naive_wald,0.99,0.2,32,20000,500,473,473,0.010131384209670982,0.31063008025249766,7.935553562749105e-05,-0.003306451615974458,-0.010181305556643303,0.31063008025249766,0.0003670597523179042,7.935553562749105e-05,0.946,0.9225729387555679,0.9626259015148662,0.946,0.9225729387555679,0.9626259015148662
stress_interp,naive_wald,0.99,0.2,32,50000,500,434,434,0.010127168873428256,0.3106298189542994,7.935976256733475e-05,-0.0018089066223234305,-0.006418978302794023,0.3106298189542994,0.0003694814540177227,7.935976256733475e-05,0.868,0.8355045607103054,0.8948837200509497,0.868,0.8355045607103054,0.8948837200509497
stress_interp,naive_wald,0.99,0.2,128,2000,500,500,500,0.010118103144457062,0.3106389983161687,7.901851382699612e-05,-0.010118103144457062,-0.010220464424168853,0.3106389983161687,0.0004005920872741743,7.901851382699612e-05,1.0,0.9923753814690964,0.9999999999999999,1.0,0.9923753814690964,0.9999999999999999
stress_interp,naive_wald,0.99,0.2,128,5000,500,500,500,0.010124446880996202,0.31062994087011003,7.922414299252066e-05,-0.010124446880996202,-0.010220464424168853,0.31062994087011003,0.00041132247666535605,7.922414299252066e-05,1.0,0.9923753814690964,0.9999999999999999,1.0,0.9923753814690964,0.9999999999999999
stress_interp,naive_wald,0.99,0.2,128,10000,500,500,500,0.01012366370364569,0.31063310882249284,7.908960582683949e-05,-0.009330193703645767,-0.010220464424168853,0.31063310882249284,0.0003960540735698885,7.908960582683949e-05,1.0,0.9923753814690964,0.9999999999999999,1.0,0.9923753814690964,0.9999999999999999
stress_interp,naive_wald,0.99,0.2,128,20000,500,500,500,0.010122645573090026,0.3106289305713279,7.900782353447938e-05,-0.005055911754396071,-0.010220464424168853,0.3106289305713279,0.00041327258810735563,7.900782353447938e-05,1.0,0.9923753814690964,0.9999999999999999,1.0,0.9923753814690964,0.9999999999999999
stress_interp,naive_wald,0.99,0.2,128,50000,500,500,500,0.01011927791048283,0.310641018913733,7.903700881074519e-05,-0.0027378619394099806,-0.00797903837623348,0.310641018913733,0.0003780049599666265,7.903700881074519e-05,1.0,0.9923753814690964,0.9999999999999999,1.0,0.9923753814690964,0.9999999999999999
stress_interp,naive_wald,0.99,0.2,1024,2000,500,500,500,0.010107765203430317,0.31062412969416925,7.904074650898695e-05,-0.010107765203430317,-0.010220464424168853,0.31062412969416925,0.00044183806156475666,7.904074650898695e-05,1.0,0.9923753814690964,0.9999999999999999,1.0,0.9923753814690964,0.9999999999999999
stress_interp,naive_wald,0.99,0.2,1024,5000,500,500,500,0.01011512707052512,0.3106017073266241,7.916896224301994e-05,-0.01011512707052512,-0.010220464424168853,0.3106017073266241,0.00040340445866223444,7.916896224301994e-05,1.0,0.9923753814690964,0.9999999999999999,1.0,0.9923753814690964,0.9999999999999999
stress_interp,naive_wald,0.99,0.2,1024,10000,500,500,500,0.010117711555781806,0.3105998472804167,7.905143677017661e-05,-0.010117711555781806,-0.010220464424168853,0.3105998472804167,0.0004330541906758052,7.905143677017661e-05,1.0,0.9923753814690964,0.9999999999999999,1.0,0.9923753814690964,0.9999999999999999
stress_interp,naive_wald,0.99,0.2,1024,20000,500,500,500,0.010110036417746798,0.3106030113169127,7.91194808160708e-05,-0.007494760857804062,-0.010220464424168853,0.3106030113169127,0.00041629204390147644,7.91194808160708e-05,1.0,0.9923753814690964,0.9999999999999999,1.0,0.9923753814690964,0.9999999999999999
stress_interp,naive_wald,0.99,0.2,1024,50000,500,500,500,0.010110741277362258,0.31058951717116345,7.912824129694169e-05,-0.004112775115447164,-0.00797903837623348,0.31058951717116345,0.00040959036548284395,7.912824129694169e-05,1.0,0.9923753814690964,0.9999999999999999,1.0,0.9923753814690964,0.9999999999999999
stress_interp,naive_wald,0.99,0.5,32,2000,500,497,497,0.010128200774526157,0.31060534015070573,7.93274174080785e-05,-0.010128200774526157,-0.010220464424168853,0.31060534015070573,0.0003615812833937707,7.93274174080785e-05,0.994,0.9825094361891064,0.9979574407023611,0.994,0.9825094361891064,0.9979574407023611
stress_interp,naive_wald,0.99,0.5,32,5000,500,491,491,0.010122128612236053,0.31063597510006447,7.922302665825642e-05,-0.004810948942491613,-0.010220464424168853,0.31063597510006447,0.000361331493986057,7.922302665825642e-05,0.982,0.9661479527879661,0.9905019149482431,0.982,0.9661479527879661,0.9905019149482431
stress_interp,naive_wald,0.99,0.5,32,10000,500,427,427,0.01011885312389178,0.31060123626470626,7.911466042888222e-05,-0.002797204115090443,-0.007575564424168899,0.31060123626470626,0.0003524278223550105,7.911466042888222e-05,0.854,0.8203500666587293,0.882251703421391,0.854,0.8203500666587293,0.882251703421391
stress_interp,naive_wald,0.99,0.5,32,20000,500,430,430,0.010123751128094119,0.31062381441975206,7.927714072877386e-05,-0.0018636666961533903,-0.005166974568880944,0.31062381441975206,0.00035245994105988156,7.927714072877386e-05,0.86,0.82683247567339,0.8876777989843596,0.86,0.82683247567339,0.8876777989843596
stress_interp,naive_wald,0.99,0.5,32,50000,500,418,418,0.010119101039808455,0.310583934596822,7.946729284631194e-05,-0.001091241104339364,-0.003652533416200752,0.310583934596822,0.0003580999299807722,7.946729284631194e-05,0.836,0.8010046749760953,0.8658715813711375,0.836,0.8010046749760953,0.8658715813711375
stress_interp,naive_wald,0.99,0.5,128,2000,500,500,500,0.010119669499158084,0.31062338959157304,7.908917396718487e-05,-0.010119669499158084,-0.010220464424168853,0.31062338959157304,0.0004057740547950769,7.908917396718487e-05,1.0,0.9923753814690964,0.9999999999999999,1.0,0.9923753814690964,0.9999999999999999
stress_interp,naive_wald,0.99,0.5,128,5000,500,500,500,0.010117554920311704,0.3106395622038611,7.887343365313075e-05,-0.007770855547353535,-0.010220464424168853,0.3106395622038611,0.00038362030496371746,7.887343365313075e-05,1.0,0.9923753814690964,0.9999999999999999,1.0,0.9923753814690964,0.9999999999999999
stress_interp,naive_wald,0.99,0.5,128,10000,500,499,499,0.010118054961000829,0.31061061308896526,7.90697487860555e-05,-0.004254070998516241,-0.010220464424168853,0.31061061308896526,0.00039948330223676774,7.90697487860555e-05,0.998,0.9887590072528046,0.9996468726904154,0.998,0.9887590072528046,0.9996468726904154
stress_interp,naive_wald,0.99,0.5,128,20000,500,499,499,0.010117741062263149,0.3106557556511778,7.901939569313667e-05,-0.002689888496581268,-0.0058032765048263765,0.3106557556511778,0.0003751239115937591,7.901939569313667e-05,0.998,0.9887590072528046,0.9996468726904154,0.998,0.9887590072528046,0.9996468726904154
stress_interp,naive_wald,0.99,0.5,128,50000,500,500,500,0.010113482398089048,0.31058585190116306,7.909482708227277e-05,-0.0015923967361056348,-0.003652533416200752,0.31058585190116306,0.0003946571769254419,7.909482708227277e-05,1.0,0.9923753814690964,0.9999999999999999,1.0,0.9923753814690964,0.9999999999999999
stress_interp,naive_wald,0.99,0.5,1024,2000,500,500,500,0.010116066883345735,0.3106093354740181,7.904403940948427e-05,-0.010116066883345735,-0.010220464424168853,0.3106093354740181,0.00039192186187141467,7.904403940948427e-05,1.0,0.9923753814690964,0.9999999999999999,1.0,0.9923753814690964,0.9999999999999999
stress_interp,naive_wald,0.99,0.5,1024,5000,500,500,500,0.010117398284841603,0.3106215138818185,7.91197503073971e-05,-0.010117398284841603,-0.010220464424168853,0.3106215138818185,0.0004188357675919242,7.91197503073971e-05,1.0,0.9923753814690964,0.9999999999999999,1.0,0.9923753814690964,0.9999999999999999
stress_interp,naive_wald,0.99,0.5,1024,10000,500,500,500,0.010115283705995223,0.31061273054783256,7.91333013901398e-05,-0.006368278387626797,-0.010220464424168853,0.31061273054783256,0.0004410681274598928,7.91333013901398e-05,1.0,0.9923753814690964,0.9999999999999999,1.0,0.9923753814690964,0.9999999999999999
stress_interp,naive_wald,0.99,0.5,1024,20000,500,500,500,0.010111837725652974,0.3106324039628774,7.914867336022242e-05,-0.004145829927352507,-0.007178533866508796,0.3106324039628774,0.0003927718494642375,7.914867336022242e-05,1.0,0.9923753814690964,0.9999999999999999,1.0,0.9923753814690964,0.9999999999999999
stress_interp,naive_wald,0.99,0.5,1024,50000,500,500,500,0.010109801464541645,0.3106093628852254,7.905781495085562e-05,-0.0025012603468299727,-0.004356554753280336,0.3106093628852254,0.0004177566075379279,7.905781495085562e-05,1.0,0.9923753814690964,0.9999999999999999,1.0,0.9923753814690964,0.9999999999999999
stress_interp,naive_wald,0.99,1.0,32,2000,500,478,478,0.01012305878925697,0.3105867227190082,7.939786338405036e-05,-0.0066094364043198005,-0.010220464424168853,0.3105867227190082,0.00035562759645552144,7.939786338405036e-05,0.956,0.9342800855801577,0.9707662623196583,0.956,0.9342800855801577,0.9707662623196583
stress_interp,naive_wald,0.99,1.0,32,5000,500,436,436,0.01012211818577326,0.31060872549382385,7.916570031682756e-05,-0.002885159561818798,-0.007575564424168814,0.31060872549382385,0.0003780406984884576,7.916570031682756e-05,0.872,0.8398536717738025,0.8984736120392054,0.872,0.8398536717738025,0.8984736120392054
stress_interp,naive_wald,0.99,1.0,32,10000,500,427,427,0.010122888229678956,0.3106199032143194,7.912554054139565e-05,-0.0017899893363074381,-0.006380016864728566,0.3106199032143194,0.0003593014626577489,7.912554054139565e-05,0.854,0.8203500666587293,0.882251703421391,0.854,0.8203500666587293,0.882251703421391
stress_interp,naive_wald,0.99,1.0,32,20000,500,409,409,0.01012778524625997,0.3106301485174252,7.942660250484627e-05,-0.0011813110814800412,-0.0036396241802060655,0.3106301485174252,0.0003611719970282114,7.942660250484627e-05,0.818,0.7817966571116197,0.8493540855027257,0.818,0.7817966571116197,0.8493540855027257
stress_interp,naive_wald,0.99,1.0,32,50000,500,383,383,0.010119653344847199,0.3106138576790897,7.917482299527303e-05,-0.0007158386357004354,-0.0023168349437555497,0.3106138576790897,0.0003831940909167446,7.917482299527303e-05,0.766,0.7269477983375824,0.8009959046039771,0.766,0.7269477983375824,0.8009959046039771
stress_interp,naive_wald,0.99,1.0,128,2000,500,500,500,0.010122175666679719,0.3106141715941575,7.919353952304499e-05,-0.009421277166679733,-0.010220464424168853,0.3106141715941575,0.0004101787883552691,7.919353952304499e-05,1.0,0.9923753814690964,0.9999999999999999,1.0,0.9923753814690964,0.9999999999999999
stress_interp,naive_wald,0.99,1.0,128,5000,500,500,500,0.010117789873516856,0.3106185769667541,7.894591558914517e-05,-0.00429702378772653,-0.010220464424168853,0.3106185769667541,0.00038710587880329245,7.894591558914517e-05,1.0,0.9923753814690964,0.9999999999999999,1.0,0.9923753814690964,0.9999999999999999
stress_interp,naive_wald,0.99,1.0,128,10000,500,500,500,0.010117398284841603,0.3106410698202608,7.902744317656733e-05,-0.002714625348641562,-0.007178605108797266,0.3106410698202608,0.0003777506254302751,7.902744317656733e-05,1.0,0.9923753814690964,0.9999999999999999,1.0,0.9923753814690964,0.9999999999999999
stress_interp,naive_wald,0.99,1.0,128,20000,500,500,500,0.010117789873516856,0.3106226377413165,7.913741081567922e-05,-0.0018098697294027899,-0.004800036671693545,0.3106226377413165,0.0003985432096176271,7.913741081567922e-05,1.0,0.9923753814690964,0.9999999999999999,1.0,0.9923753814690964,0.9999999999999999
stress_interp,naive_wald,0.99,1.0,128,50000,500,499,499,0.010109030372292535,0.31063982921397476,7.907498350265948e-05,-0.0010254821639609686,-0.0028296057363912837,0.31063982921397476,0.0003684725983958234,7.907498350265948e-05,0.998,0.9887590072528046,0.9996468726904154,0.998,0.9887590072528046,0.9996468726904154
stress_interp,naive_wald,0.99,1.0,1024,2000,500,500,500,0.010112777538473587,0.3106225790030152,7.898186584171986e-05,-0.010112777538473587,-0.010220464424168853,0.3106225790030152,0.00043855156297605236,7.898186584171986e-05,1.0,0.9923753814690964,0.9999999999999999,1.0,0.9923753814690964,0.9999999999999999
stress_interp,naive_wald,0.99,1.0,1024,5000,500,500,500,0.010118729686337471,0.3106327877197791,7.909152921643106e-05,-0.006365870417328675,-0.010220464424168853,0.3106327877197791,0.00044155953994424573,7.909152921643106e-05,1.0,0.9923753814690964,0.9999999999999999,1.0,0.9923753814690964,0.9999999999999999
stress_interp,naive_wald,0.99,1.0,1024,10000,500,500,500,0.010109018287191135,0.31058580491052196,7.906966805811176e-05,-0.004128378627817971,-0.007178605108797266,0.31058580491052196,0.0004162779494667101,7.906966805811176e-05,1.0,0.9923753814690964,0.9999999999999999,1.0,0.9923753814690964,0.9999999999999999
stress_interp,naive_wald,0.99,1.0,1024,20000,500,500,500,0.010111681090182872,0.31062572346007755,7.912070818028743e-05,-0.0027939107604175277,-0.004800036671693545,0.31062572346007755,0.00039988426526388934,7.912070818028743e-05,1.0,0.9923753814690964,0.9999999999999999,1.0,0.9923753814690964,0.9999999999999999
stress_interp,naive_wald,0.99,1.0,1024,50000,500,500,500,0.010108156792105572,0.3106090143713044,7.904354552218349e-05,-0.0016917759927169652,-0.00346207399950324,0.3106090143713044,0.0004568950206440703,7.904354552218349e-05,1.0,0.9923753814690964,0.9999999999999999,1.0,0.9923753814690964,0.9999999999999999
stress_interp,norm_betting,0.9,0.2,32,2000,500,0,0,,,,,,,,,0.0,0.0,0.007624618530903363,0.0,0.0,0.007624618530903363
stress_interp,norm_betting,0.9,0.2,32,5000,500,0,0,,,,,,,,,0.0,0.0,0.007624618530903363,0.0,0.0,0.007624618530903363
stress_interp,norm_betting,0.9,0.2,32,10000,500,0,0,,,,,,,,,0.0,0.0,0.007624618530903363,0.0,0.0,0.007624618530903363
stress_interp,norm_betting,0.9,0.2,32,20000,500,0,0,,,,,,,,,0.0,0.0,0.007624618530903363,0.0,0.0,0.007624618530903363
stress_interp,norm_betting,0.9,0.2,32,50000,500,0,0,,,,,,,,,0.0,0.0,0.007624618530903363,0.0,0.0,0.007624618530903363
stress_interp,norm_betting,0.9,0.2,128,2000,500,0,0,,,,,,,,,0.0,0.0,0.007624618530903363,0.0,0.0,0.007624618530903363
stress_interp,norm_betting,0.9,0.2,128,5000,500,0,0,,,,,,,,,0.0,0.0,0.007624618530903363,0.0,0.0,0.007624618530903363
stress_interp,norm_betting,0.9,0.2,128,10000,500,0,0,,,,,,,,,0.0,0.0,0.007624618530903363,0.0,0.0,0.007624618530903363
stress_interp,norm_betting,0.9,0.2,128,20000,500,0,0,,,,,,,,,0.0,0.0,0.007624618530903363,0.0,0.0,0.007624618530903363
stress_interp,norm_betting,0.9,0.2,128,50000,500,0,0,,,,,,,,,0.0,0.0,0.007624618530903363,0.0,0.0,0.007624618530903363
stress_interp,norm_betting,0.9,0.2,1024,2000,500,0,0,,,,,,,,,0.0,0.0,0.007624618530903363,0.0,0.0,0.007624618530903363
stress_interp,norm_betting,0.9,0.2,1024,5000,500,0,0,,,,,,,,,0.0,0.0,0.007624618530903363,0.0,0.0,0.007624618530903363
stress_interp,norm_betting,0.9,0.2,1024,10000,500,0,0,,,,,,,,,0.0,0.0,0.007624618530903363,0.0,0.0,0.007624618530903363
stress_interp,norm_betting,0.9,0.2,1024,20000,500,2,2,0.1012648314210753,0.35571719465873053,0.00033249721972040567,-0.0018852267305969894,-0.0022644913257846427,0.35571719465873053,0.0017555143488752847,0.00033249721972040567,0.004,0.0010976075412372681,0.014466014041418871,0.004,0.0010976075412372681,0.014466014041418871
stress_interp,norm_betting,0.9,0.2,1024,50000,500,0,0,,,,,,,,,0.0,0.0,0.007624618530903363,0.0,0.0,0.007624618530903363
stress_interp,norm_betting,0.9,0.5,32,2000,500,0,0,,,,,,,,,0.0,0.0,0.007624618530903363,0.0,0.0,0.007624618530903363
stress_interp,norm_betting,0.9,0.5,32,5000,500,2,2,0.10099071934839644,0.356581626659357,0.00032640673924110117,-0.007770348028645971,-0.011168005494033531,0.356581626659357,0.00023397628151412126,0.00032640673924110117,0.004,0.0010976075412372681,0.014466014041418871,0.004,0.0010976075412372681,0.014466014041418871
stress_interp,norm_betting,0.9,0.5,32,10000,500,1,1,0.1009515604808709,0.35690370834475466,0.0003302679093080628,-0.00577943997910943,-0.00577943997910943,0.35690370834475466,,0.0003302679093080628,0.002,0.000353127309584542,0.011240992747195207,0.002,0.000353127309584542,0.011240992747195207
stress_interp,norm_betting,0.9,0.5,32,20000,500,0,0,,,,,,,,,0.0,0.0,0.007624618530903363,0.0,0.0,0.007624618530903363
stress_interp,norm_betting,0.9,0.5,32,50000,500,0,0,,,,,,,,,0.0,0.0,0.007624618530903363,0.0,0.0,0.007624618530903363
stress_interp,norm_betting,0.9,0.5,128,2000,500,0,0,,,,,,,,,0.0,0.0,0.007624618530903363,0.0,0.0,0.007624618530903363
stress_interp,norm_betting,0.9,0.5,128,5000,500,1,1,0.10153894349375416,0.35674707287465246,0.000329209860202843,-0.00544614950505222,-0.00544614950505222,0.35674707287465246,,0.000329209860202843,0.002,0.000353127309584542,0.011240992747195207,0.002,0.000353127309584542,0.011240992747195207
stress_interp,norm_betting,0.9,0.5,128,10000,500,1,1,0.1009515604808709,0.35690370834475466,0.0003302679093080628,-0.0034771782543404073,-0.0034771782543404073,0.35690370834475466,,0.0003302679093080628,0.002,0.000353127309584542,0.011240992747195207,0.002,0.000353127309584542,0.011240992747195207
stress_interp,norm_betting,0.9,0.5,128,20000,500,0,0,,,,,,,,,0.0,0.0,0.007624618530903363,0.0,0.0,0.007624618530903363
stress_interp,norm_betting,0.9,0.5,128,50000,500,0,0,,,,,,,,,0.0,0.0,0.007624618530903363,0.0,0.0,0.007624618530903363
stress_interp,norm_betting,0.9,0.5,1024,2000,500,0,0,,,,,,,,,0.0,0.0,0.007624618530903363,0.0,0.0,0.007624618530903363
stress_interp,norm_betting,0.9,0.5,1024,5000,500,0,0,,,,,,,,,0.0,0.0,0.007624618530903363,0.0,0.0,0.007624618530903363
stress_interp,norm_betting,0.9,0.5,1024,10000,500,0,0,,,,,,,,,0.0,0.0,0.007624618530903363,0.0,0.0,0.007624618530903363
stress_interp,norm_betting,0.9,0.5,1024,20000,500,0,0,,,,,,,,,0.0,0.0,0.007624618530903363,0.0,0.0,0.007624618530903363
stress_interp,norm_betting,0.9,0.5,1024,50000,500,0,0,,,,,,,,,0.0,0.0,0.007624618530903363,0.0,0.0,0.007624618530903363
stress_interp,norm_betting,0.9,1.0,32,2000,500,0,0,,,,,,,,,0.0,0.0,0.007624618530903363,0.0,0.0,0.007624618530903363
stress_interp,norm_betting,0.9,1.0,32,5000,500,1,1,0.10165642009633082,0.35482828836590047,0.00033580182480322674,-0.010507114884187402,-0.010507114884187402,0.35482828836590047,,0.00033580182480322674,0.002,0.000353127309584542,0.011240992747195207,0.002,0.000353127309584542,0.011240992747195207
stress_interp,norm_betting,0.9,1.0,32,10000,500,0,0,,,,,,,,,0.0,0.0,0.007624618530903363,0.0,0.0,0.007624618530903363
stress_interp,norm_betting,0.9,1.0,32,20000,500,0,0,,,,,,,,,0.0,0.0,0.007624618530903363,0.0,0.0,0.007624618530903363
stress_interp,norm_betting,0.9,1.0,32,50000,500,0,0,,,,,,,,,0.0,0.0,0.007624618530903363,0.0,0.0,0.007624618530903363
stress_interp,norm_betting,0.9,1.0,128,2000,500,1,1,0.10165642009633082,0.3556427928104319,0.00033658032658495516,-0.010846197127956703,-0.010846197127956703,0.3556427928104319,,0.00033658032658495516,0.002,0.000353127309584542,0.011240992747195207,0.002,0.000353127309584542,0.011240992747195207
stress_interp,norm_betting,0.9,1.0,128,5000,500,1,1,0.10165642009633082,0.35482828836590047,0.00033580182480322674,-0.0077574841416495205,-0.0077574841416495205,0.35482828836590047,,0.00033580182480322674,0.002,0.000353127309584542,0.011240992747195207,0.002,0.000353127309584542,0.011240992747195207
stress_interp,norm_betting,0.9,1.0,128,10000,500,0,0,,,,,,,,,0.0,0.0,0.007624618530903363,0.0,0.0,0.007624618530903363
stress_interp,norm_betting,0.9,1.0,128,20000,500,0,0,,,,,,,,,0.0,0.0,0.007624618530903363,0.0,0.0,0.007624618530903363
stress_interp,norm_betting,0.9,1.0,128,50000,500,0,0,,,,,,,,,0.0,0.0,0.007624618530903363,0.0,0.0,0.007624618530903363
stress_interp,norm_betting,0.9,1.0,1024,2000,500,0,0,,,,,,,,,0.0,0.0,0.007624618530903363,0.0,0.0,0.007624618530903363
stress_interp,norm_betting,0.9,1.0,1024,5000,500,1,1,0.10165642009633082,0.35482828836590047,0.00033580182480322674,-0.0037689221881905127,-0.0037689221881905127,0.35482828836590047,,0.00033580182480322674,0.002,0.000353127309584542,0.011240992747195207,0.002,0.000353127309584542,0.011240992747195207
stress_interp,norm_betting,0.9,1.0,1024,10000,500,0,0,,,,,,,,,0.0,0.0,0.007624618530903363,0.0,0.0,0.007624618530903363
stress_interp,norm_betting,0.9,1.0,1024,20000,500,0,0,,,,,,,,,0.0,0.0,0.007624618530903363,0.0,0.0,0.007624618530903363
stress_interp,norm_betting,0.9,1.0,1024,50000,500,0,0,,,,,,,,,0.0,0.0,0.007624618530903363,0.0,0.0,0.007624618530903363
stress_interp,norm_betting,0.95,0.2,32,2000,500,0,0,,,,,,,,,0.0,0.0,0.007624618530903363,0.0,0.0,0.007624618530903363
stress_interp,norm_betting,0.95,0.2,32,5000,500,0,0,,,,,,,,,0.0,0.0,0.007624618530903363,0.0,0.0,0.007624618530903363
stress_interp,norm_betting,0.95,0.2,32,10000,500,2,2,0.05037788307162157,0.3310529819477621,0.00018661591807964914,-0.0022273656334610877,-0.002241543953354512,0.3310529819477621,0.00033781190940501335,0.00018661591807964914,0.004,0.0010976075412372681,0.014466014041418871,0.004,0.0010976075412372681,0.014466014041418871
stress_interp,norm_betting,0.95,0.2,32,20000,500,0,0,,,,,,,,,0.0,0.0,0.007624618530903363,0.0,0.0,0.007624618530903363
stress_interp,norm_betting,0.95,0.2,32,50000,500,1,1,0.05086736891569096,0.33206132278654504,0.0001892593256843012,-0.0011385135714363018,-0.0011385135714363018,0.33206132278654504,,0.0001892593256843012,0.002,0.000353127309584542,0.011240992747195207,0.002,0.000353127309584542,0.011240992747195207
stress_interp,norm_betting,0.95,0.2,128,2000,500,0,0,,,,,,,,,0.0,0.0,0.007624618530903363,0.0,0.0,0.007624618530903363
stress_interp,norm_betting,0.95,0.2,128,5000,500,0,0,,,,,,,,,0.0,0.0,0.007624618530903363,0.0,0.0,0.007624618530903363
stress_interp,norm_betting,0.95,0.2,128,10000,500,0,0,,,,,,,,,0.0,0.0,0.007624618530903363,0.0,0.0,0.007624618530903363
stress_interp,norm_betting,0.95,0.2,128,20000,500,1,1,0.05055409797548655,0.3303128793515292,0.00019294549085640444,-0.002535284789283665,-0.002535284789283665,0.3303128793515292,,0.00019294549085640444,0.002,0.000353127309584542,0.011240992747195207,0.002,0.000353127309584542,0.011240992747195207
stress_interp,norm_betting,0.95,0.2,128,50000,500,0,0,,,,,,,,,0.0,0.0,0.007624618530903363,0.0,0.0,0.007624618530903363
stress_interp,norm_betting,0.95,0.2,1024,2000,500,0,0,,,,,,,,,0.0,0.0,0.007624618530903363,0.0,0.0,0.007624618530903363
stress_interp,norm_betting,0.95,0.2,1024,5000,500,0,0,,,,,,,,,0.0,0.0,0.007624618530903363,0.0,0.0,0.007624618530903363
stress_interp,norm_betting,0.95,0.2,1024,10000,500,0,0,,,,,,,,,0.0,0.0,0.007624618530903363,0.0,0.0,0.007624618530903363
stress_interp,norm_betting,0.95,0.2,1024,20000,500,0,0,,,,,,,,,0.0,0.0,0.007624618530903363,0.0,0.0,0.007624618530903363
stress_interp,norm_betting,0.95,0.2,1024,50000,500,1,1,0.0507498923131143,0.33258213572463485,0.00019161854563966012,-0.0020691884626003465,-0.0020691884626003465,0.33258213572463485,,0.00019161854563966012,0.002,0.000353127309584542,0.011240992747195207,0.002,0.000353127309584542,0.011240992747195207
stress_interp,norm_betting,0.95,0.5,32,2000,500,0,0,,,,,,,,,0.0,0.0,0.007624618530903363,0.0,0.0,0.007624618530903363
stress_interp,norm_betting,0.95,0.5,32,5000,500,1,1,0.05094568665074206,0.3310059913067314,0.00019543400556055917,-0.006014103397932166,-0.006014103397932166,0.3310059913067314,,0.00019543400556055917,0.002,0.000353127309584542,0.011240992747195207,0.002,0.000353127309584542,0.011240992747195207
stress_interp,norm_betting,0.95,0.5,32,10000,500,4,4,0.05047578024043545,0.331313388416807,0.00018908918627873281,-0.0018290747760821863,-0.002386709796088668,0.331313388416807,0.0007026171036738673,0.00018908918627873281,0.008,0.0031152647975077885,0.020387359836901122,0.008,0.0031152647975077885,0.020387359836901122
stress_interp,norm_betting,0.95,0.5,32,20000,500,0,0,,,,,,,,,0.0,0.0,0.007624618530903363,0.0,0.0,0.007624618530903363
stress_interp,norm_betting,0.95,0.5,32,50000,500,0,0,,,,,,,,,0.0,0.0,0.007624618530903363,0.0,0.0,0.007624618530903363
stress_interp,norm_betting,0.95,0.5,128,2000,500,0,0,,,,,,,,,0.0,0.0,0.007624618530903363,0.0,0.0,0.007624618530903363
stress_interp,norm_betting,0.95,0.5,128,5000,500,0,0,,,,,,,,,0.0,0.0,0.007624618530903363,0.0,0.0,0.007624618530903363
stress_interp,norm_betting,0.95,0.5,128,10000,500,3,3,0.0505671509313284,0.3309035256033729,0.000187120319536359,-0.0021362668126301853,-0.004706511072295326,0.3309035256033729,0.0010475167848030796,0.000187120319536359,0.006,0.002042559297638913,0.017490563810893606,0.006,0.002042559297638913,0.017490563810893606
stress_interp,norm_betting,0.95,0.5,128,20000,500,0,0,,,,,,,,,0.0,0.0,0.007624618530903363,0.0,0.0,0.007624618530903363
stress_interp,norm_betting,0.95,0.5,128,50000,500,0,0,,,,,,,,,0.0,0.0,0.007624618530903363,0.0,0.0,0.007624618530903363
stress_interp,norm_betting,0.95,0.5,1024,2000,500,0,0,,,,,,,,,0.0,0.0,0.007624618530903363,0.0,0.0,0.007624618530903363
stress_interp,norm_betting,0.95,0.5,1024,5000,500,0,0,,,,,,,,,0.0,0.0,0.007624618530903363,0.0,0.0,0.007624618530903363
stress_interp,norm_betting,0.95,0.5,1024,10000,500,2,2,0.05045620080667267,0.331009907193484,0.0001902316286173004,-0.0019220606222677544,-0.0019945213565651307,0.331009907193484,0.00027689500770901283,0.0001902316286173004,0.004,0.0010976075412372681,0.014466014041418871,0.004,0.0010976075412372681,0.014466014041418871
stress_interp,norm_betting,0.95,0.5,1024,20000,500,1,1,0.05020166816775659,0.3309903277597212,0.0001912020205975644,-0.0003360486923849673,-0.0003360486923849673,0.3309903277597212,,0.0001912020205975644,0.002,0.000353127309584542,0.011240992747195207,0.002,0.000353127309584542,0.011240992747195207
stress_interp,norm_betting,0.95,0.5,1024,50000,500,0,0,,,,,,,,,0.0,0.0,0.007624618530903363,0.0,0.0,0.007624618530903363
stress_interp,norm_betting,0.95,1.0,32,2000,500,0,0,,,,,,,,,0.0,0.0,0.007624618530903363,0.0,0.0,0.007624618530903363
stress_interp,norm_betting,0.95,1.0,32,5000,500,0,0,,,,,,,,,0.0,0.0,0.007624618530903363,0.0,0.0,0.007624618530903363
stress_interp,norm_betting,0.95,1.0,32,10000,500,0,0,,,,,,,,,0.0,0.0,0.007624618530903363,0.0,0.0,0.007624618530903363
stress_interp,norm_betting,0.95,1.0,32,20000,500,1,1,0.05055409797548655,0.329874300035243,0.00019439201159102482,-0.0011841897192703746,-0.0011841897192703746,0.329874300035243,,0.00019439201159102482,0.002,0.000353127309584542,0.011240992747195207,0.002,0.000353127309584542,0.011240992747195207
stress_interp,norm_betting,0.95,1.0,32,50000,500,0,0,,,,,,,,,0.0,0.0,0.007624618530903363,0.0,0.0,0.007624618530903363
stress_interp,norm_betting,0.95,1.0,128,2000,500,0,0,,,,,,,,,0.0,0.0,0.007624618530903363,0.0,0.0,0.007624618530903363
stress_interp,norm_betting,0.95,1.0,128,5000,500,0,0,,,,,,,,,0.0,0.0,0.007624618530903363,0.0,0.0,0.007624618530903363
stress_interp,norm_betting,0.95,1.0,128,10000,500,0,0,,,,,,,,,0.0,0.0,0.007624618530903363,0.0,0.0,0.007624618530903363
stress_interp,norm_betting,0.95,1.0,128,20000,500,0,0,,,,,,,,,0.0,0.0,0.007624618530903363,0.0,0.0,0.007624618530903363
stress_interp,norm_betting,0.95,1.0,128,50000,500,0,0,,,,,,,,,0.0,0.0,0.007624618530903363,0.0,0.0,0.007624618530903363
stress_interp,norm_betting,0.95,1.0,1024,2000,500,0,0,,,,,,,,,0.0,0.0,0.007624618530903363,0.0,0.0,0.007624618530903363
stress_interp,norm_betting,0.95,1.0,1024,5000,500,0,0,,,,,,,,,0.0,0.0,0.007624618530903363,0.0,0.0,0.007624618530903363
stress_interp,norm_betting,0.95,1.0,1024,10000,500,0,0,,,,,,,,,0.0,0.0,0.007624618530903363,0.0,0.0,0.007624618530903363
stress_interp,norm_betting,0.95,1.0,1024,20000,500,0,0,,,,,,,,,0.0,0.0,0.007624618530903363,0.0,0.0,0.007624618530903363
stress_interp,norm_betting,0.95,1.0,1024,50000,500,0,0,,,,,,,,,0.0,0.0,0.007624618530903363,0.0,0.0,0.007624618530903363
stress_interp,norm_betting,0.99,0.2,32,2000,500,0,0,,,,,,,,,0.0,0.0,0.007624618530903363,0.0,0.0,0.007624618530903363
stress_interp,norm_betting,0.99,0.2,32,5000,500,0,0,,,,,,,,,0.0,0.0,0.007624618530903363,0.0,0.0,0.007624618530903363
stress_interp,norm_betting,0.99,0.2,32,10000,500,0,0,,,,,,,,,0.0,0.0,0.007624618530903363,0.0,0.0,0.007624618530903363
stress_interp,norm_betting,0.99,0.2,32,20000,500,0,0,,,,,,,,,0.0,0.0,0.007624618530903363,0.0,0.0,0.007624618530903363
stress_interp,norm_betting,0.99,0.2,32,50000,500,1,1,0.010063828954066649,0.31091161843599485,7.930791400712692e-05,-0.0007164824899478072,-0.0007164824899478072,0.31091161843599485,,7.930791400712692e-05,0.002,0.000353127309584542,0.011240992747195207,0.002,0.000353127309584542,0.011240992747195207
stress_interp,norm_betting,0.99,0.2,128,2000,500,0,0,,,,,,,,,0.0,0.0,0.007624618530903363,0.0,0.0,0.007624618530903363
stress_interp,norm_betting,0.99,0.2,128,5000,500,0,0,,,,,,,,,0.0,0.0,0.007624618530903363,0.0,0.0,0.007624618530903363
stress_interp,norm_betting,0.99,0.2,128,10000,500,0,0,,,,,,,,,0.0,0.0,0.007624618530903363,0.0,0.0,0.007624618530903363
stress_interp,norm_betting,0.99,0.2,128,20000,500,0,0,,,,,,,,,0.0,0.0,0.007624618530903363,0.0,0.0,0.007624618530903363
stress_interp,norm_betting,0.99,0.2,128,50000,500,1,1,0.01014214668911775,0.3109018287191134,7.697355993264675e-05,-0.0008063381312166679,-0.0008063381312166679,0.3109018287191134,,7.697355993264675e-05,0.002,0.000353127309584542,0.011240992747195207,0.002,0.000353127309584542,0.011240992747195207
stress_interp,norm_betting,0.99,0.2,1024,2000,500,0,0,,,,,,,,,0.0,0.0,0.007624618530903363,0.0,0.0,0.007624618530903363
stress_interp,norm_betting,0.99,0.2,1024,5000,500,0,0,,,,,,,,,0.0,0.0,0.007624618530903363,0.0,0.0,0.007624618530903363
stress_interp,norm_betting,0.99,0.2,1024,10000,500,0,0,,,,,,,,,0.0,0.0,0.007624618530903363,0.0,0.0,0.007624618530903363
stress_interp,norm_betting,0.99,0.2,1024,20000,500,0,0,,,,,,,,,0.0,0.0,0.007624618530903363,0.0,0.0,0.007624618530903363
stress_interp,norm_betting,0.99,0.2,1024,50000,500,0,0,,,,,,,,,0.0,0.0,0.007624618530903363,0.0,0.0,0.007624618530903363
stress_interp,norm_betting,0.99,0.5,32,2000,500,0,0,,,,,,,,,0.0,0.0,0.007624618530903363,0.0,0.0,0.007624618530903363
stress_interp,norm_betting,0.99,0.5,32,5000,500,0,0,,,,,,,,,0.0,0.0,0.007624618530903363,0.0,0.0,0.007624618530903363
stress_interp,norm_betting,0.99,0.5,32,10000,500,0,0,,,,,,,,,0.0,0.0,0.007624618530903363,0.0,0.0,0.007624618530903363
stress_interp,norm_betting,0.99,0.5,32,20000,500,0,0,,,,,,,,,0.0,0.0,0.007624618530903363,0.0,0.0,0.007624618530903363
stress_interp,norm_betting,0.99,0.5,32,50000,500,3,3,0.01008993486575035,0.3106740546396732,7.871906645259819e-05,-0.0005544394517694133,-0.0007908906532880129,0.3106740546396732,0.00045397412921681097,7.871906645259819e-05,0.006,0.002042559297638913,0.017490563810893606,0.006,0.002042559297638913,0.017490563810893606
stress_interp,norm_betting,0.99,0.5,128,2000,500,0,0,,,,,,,,,0.0,0.0,0.007624618530903363,0.0,0.0,0.007624618530903363
stress_interp,norm_betting,0.99,0.5,128,5000,500,0,0,,,,,,,,,0.0,0.0,0.007624618530903363,0.0,0.0,0.007624618530903363
stress_interp,norm_betting,0.99,0.5,128,10000,500,0,0,,,,,,,,,0.0,0.0,0.007624618530903363,0.0,0.0,0.007624618530903363
stress_interp,norm_betting,0.99,0.5,128,20000,500,0,0,,,,,,,,,0.0,0.0,0.007624618530903363,0.0,0.0,0.007624618530903363
stress_interp,norm_betting,0.99,0.5,128,50000,500,1,1,0.010063828954066649,0.31057876806202767,8.036252496377806e-05,-0.00023985344925092807,-0.00023985344925092807,0.31057876806202767,,8.036252496377806e-05,0.002,0.000353127309584542,0.011240992747195207,0.002,0.000353127309584542,0.011240992747195207
stress_interp,norm_betting,0.99,0.5,1024,2000,500,0,0,,,,,,,,,0.0,0.0,0.007624618530903363,0.0,0.0,0.007624618530903363
stress_interp,norm_betting,0.99,0.5,1024,5000,500,0,0,,,,,,,,,0.0,0.0,0.007624618530903363,0.0,0.0,0.007624618530903363
stress_interp,norm_betting,0.99,0.5,1024,10000,500,0,0,,,,,,,,,0.0,0.0,0.007624618530903363,0.0,0.0,0.007624618530903363
stress_interp,norm_betting,0.99,0.5,1024,20000,500,0,0,,,,,,,,,0.0,0.0,0.007624618530903363,0.0,0.0,0.007624618530903363
stress_interp,norm_betting,0.99,0.5,1024,50000,500,1,1,0.010063828954066649,0.3104299643654305,7.704893292085993e-05,-0.0002711346826722947,-0.0002711346826722947,0.3104299643654305,,7.704893292085993e-05,0.002,0.000353127309584542,0.011240992747195207,0.002,0.000353127309584542,0.011240992747195207
stress_interp,norm_betting,0.99,1.0,32,2000,500,0,0,,,,,,,,,0.0,0.0,0.007624618530903363,0.0,0.0,0.007624618530903363
stress_interp,norm_betting,0.99,1.0,32,5000,500,0,0,,,,,,,,,0.0,0.0,0.007624618530903363,0.0,0.0,0.007624618530903363
stress_interp,norm_betting,0.99,1.0,32,10000,500,1,1,0.010024670086541097,0.3103810157810236,7.720408035399616e-05,-0.0007166385738560134,-0.0007166385738560134,0.3103810157810236,,7.720408035399616e-05,0.002,0.000353127309584542,0.011240992747195207,0.002,0.000353127309584542,0.011240992747195207
stress_interp,norm_betting,0.99,1.0,32,20000,500,2,2,0.010083408387829423,0.3105826839487802,7.803022281395623e-05,-0.0001456605389596969,-0.00021904451824410025,0.3105826839487802,0.0002852018579402803,7.803022281395623e-05,0.004,0.0010976075412372681,0.014466014041418871,0.004,0.0010976075412372681,0.014466014041418871
stress_interp,norm_betting,0.99,1.0,32,50000,500,0,0,,,,,,,,,0.0,0.0,0.007624618530903363,0.0,0.0,0.007624618530903363
stress_interp,norm_betting,0.99,1.0,128,2000,500,0,0,,,,,,,,,0.0,0.0,0.007624618530903363,0.0,0.0,0.007624618530903363
stress_interp,norm_betting,0.99,1.0,128,5000,500,0,0,,,,,,,,,0.0,0.0,0.007624618530903363,0.0,0.0,0.007624618530903363
stress_interp,norm_betting,0.99,1.0,128,10000,500,0,0,,,,,,,,,0.0,0.0,0.007624618530903363,0.0,0.0,0.007624618530903363
stress_interp,norm_betting,0.99,1.0,128,20000,500,1,1,0.01014214668911775,0.3104573755726984,7.993959353095509e-05,-0.0009215106732357783,-0.0009215106732357783,0.3104573755726984,,7.993959353095509e-05,0.002,0.000353127309584542,0.011240992747195207,0.002,0.000353127309584542,0.011240992747195207
stress_interp,norm_betting,0.99,1.0,128,50000,500,1,1,0.0101029878215922,0.31104867447233425,7.704021615694874e-05,-0.0003913579039335896,-0.0003913579039335896,0.31104867447233425,,7.704021615694874e-05,0.002,0.000353127309584542,0.011240992747195207,0.002,0.000353127309584542,0.011240992747195207
stress_interp,norm_betting,0.99,1.0,1024,2000,500,0,0,,,,,,,,,0.0,0.0,0.007624618530903363,0.0,0.0,0.007624618530903363
stress_interp,norm_betting,0.99,1.0,1024,5000,500,0,0,,,,,,,,,0.0,0.0,0.007624618530903363,0.0,0.0,0.007624618530903363
stress_interp,norm_betting,0.99,1.0,1024,10000,500,0,0,,,,,,,,,0.0,0.0,0.007624618530903363,0.0,0.0,0.007624618530903363
stress_interp,norm_betting,0.99,1.0,1024,20000,500,0,0,,,,,,,,,0.0,0.0,0.007624618530903363,0.0,0.0,0.007624618530903363
stress_interp,norm_betting,0.99,1.0,1024,50000,500,1,1,0.010181305556643303,0.31130320711125037,7.787701766064926e-05,-0.0006014529165054832,-0.0006014529165054832,0.31130320711125037,,7.787701766064926e-05,0.002,0.000353127309584542,0.011240992747195207,0.002,0.000353127309584542,0.011240992747195207
stress_interp,split,0.9,0.2,32,2000,500,0,0,,,,,,,,,0.0,0.0,0.007624618530903363,0.0,0.0,0.007624618530903363
stress_interp,split,0.9,0.2,32,5000,500,0,0,,,,,,,,,0.0,0.0,0.007624618530903363,0.0,0.0,0.007624618530903363
stress_interp,split,0.9,0.2,32,10000,500,0,0,,,,,,,,,0.0,0.0,0.007624618530903363,0.0,0.0,0.007624618530903363
stress_interp,split,0.9,0.2,32,20000,500,0,0,,,,,,,,,0.0,0.0,0.007624618530903363,0.0,0.0,0.007624618530903363
stress_interp,split,0.9,0.2,32,50000,500,0,0,,,,,,,,,0.0,0.0,0.007624618530903363,0.0,0.0,0.007624618530903363
stress_interp,split,0.9,0.2,128,2000,500,0,0,,,,,,,,,0.0,0.0,0.007624618530903363,0.0,0.0,0.007624618530903363
stress_interp,split,0.9,0.2,128,5000,500,0,0,,,,,,,,,0.0,0.0,0.007624618530903363,0.0,0.0,0.007624618530903363
stress_interp,split,0.9,0.2,128,10000,500,0,0,,,,,,,,,0.0,0.0,0.007624618530903363,0.0,0.0,0.007624618530903363
stress_interp,split,0.9,0.2,128,20000,500,0,0,,,,,,,,,0.0,0.0,0.007624618530903363,0.0,0.0,0.007624618530903363
stress_interp,split,0.9,0.2,128,50000,500,0,0,,,,,,,,,0.0,0.0,0.007624618530903363,0.0,0.0,0.007624618530903363
stress_interp,split,0.9,0.2,1024,2000,500,0,0,,,,,,,,,0.0,0.0,0.007624618530903363,0.0,0.0,0.007624618530903363
stress_interp,split,0.9,0.2,1024,5000,500,0,0,,,,,,,,,0.0,0.0,0.007624618530903363,0.0,0.0,0.007624618530903363
stress_interp,split,0.9,0.2,1024,10000,500,0,0,,,,,,,,,0.0,0.0,0.007624618530903363,0.0,0.0,0.007624618530903363
stress_interp,split,0.9,0.2,1024,20000,500,0,0,,,,,,,,,0.0,0.0,0.007624618530903363,0.0,0.0,0.007624618530903363
stress_interp,split,0.9,0.2,1024,50000,500,0,0,,,,,,,,,0.0,0.0,0.007624618530903363,0.0,0.0,0.007624618530903363
stress_interp,split,0.9,0.5,32,2000,500,0,0,,,,,,,,,0.0,0.0,0.007624618530903363,0.0,0.0,0.007624618530903363
stress_interp,split,0.9,0.5,32,5000,500,0,0,,,,,,,,,0.0,0.0,0.007624618530903363,0.0,0.0,0.007624618530903363
stress_interp,split,0.9,0.5,32,10000,500,0,0,,,,,,,,,0.0,0.0,0.007624618530903363,0.0,0.0,0.007624618530903363
stress_interp,split,0.9,0.5,32,20000,500,0,0,,,,,,,,,0.0,0.0,0.007624618530903363,0.0,0.0,0.007624618530903363
stress_interp,split,0.9,0.5,32,50000,500,0,0,,,,,,,,,0.0,0.0,0.007624618530903363,0.0,0.0,0.007624618530903363
stress_interp,split,0.9,0.5,128,2000,500,0,0,,,,,,,,,0.0,0.0,0.007624618530903363,0.0,0.0,0.007624618530903363
stress_interp,split,0.9,0.5,128,5000,500,0,0,,,,,,,,,0.0,0.0,0.007624618530903363,0.0,0.0,0.007624618530903363
stress_interp,split,0.9,0.5,128,10000,500,0,0,,,,,,,,,0.0,0.0,0.007624618530903363,0.0,0.0,0.007624618530903363
stress_interp,split,0.9,0.5,128,20000,500,0,0,,,,,,,,,0.0,0.0,0.007624618530903363,0.0,0.0,0.007624618530903363
stress_interp,split,0.9,0.5,128,50000,500,0,0,,,,,,,,,0.0,0.0,0.007624618530903363,0.0,0.0,0.007624618530903363
stress_interp,split,0.9,0.5,1024,2000,500,0,0,,,,,,,,,0.0,0.0,0.007624618530903363,0.0,0.0,0.007624618530903363
stress_interp,split,0.9,0.5,1024,5000,500,0,0,,,,,,,,,0.0,0.0,0.007624618530903363,0.0,0.0,0.007624618530903363
stress_interp,split,0.9,0.5,1024,10000,500,0,0,,,,,,,,,0.0,0.0,0.007624618530903363,0.0,0.0,0.007624618530903363
stress_interp,split,0.9,0.5,1024,20000,500,0,0,,,,,,,,,0.0,0.0,0.007624618530903363,0.0,0.0,0.007624618530903363
stress_interp,split,0.9,0.5,1024,50000,500,0,0,,,,,,,,,0.0,0.0,0.007624618530903363,0.0,0.0,0.007624618530903363
stress_interp,split,0.9,1.0,32,2000,500,0,0,,,,,,,,,0.0,0.0,0.007624618530903363,0.0,0.0,0.007624618530903363
stress_interp,split,0.9,1.0,32,5000,500,0,0,,,,,,,,,0.0,0.0,0.007624618530903363,0.0,0.0,0.007624618530903363
stress_interp,split,0.9,1.0,32,10000,500,0,0,,,,,,,,,0.0,0.0,0.007624618530903363,0.0,0.0,0.007624618530903363
stress_interp,split,0.9,1.0,32,20000,500,0,0,,,,,,,,,0.0,0.0,0.007624618530903363,0.0,0.0,0.007624618530903363
stress_interp,split,0.9,1.0,32,50000,500,0,0,,,,,,,,,0.0,0.0,0.007624618530903363,0.0,0.0,0.007624618530903363
stress_interp,split,0.9,1.0,128,2000,500,0,0,,,,,,,,,0.0,0.0,0.007624618530903363,0.0,0.0,0.007624618530903363
stress_interp,split,0.9,1.0,128,5000,500,0,0,,,,,,,,,0.0,0.0,0.007624618530903363,0.0,0.0,0.007624618530903363
stress_interp,split,0.9,1.0,128,10000,500,0,0,,,,,,,,,0.0,0.0,0.007624618530903363,0.0,0.0,0.007624618530903363
stress_interp,split,0.9,1.0,128,20000,500,0,0,,,,,,,,,0.0,0.0,0.007624618530903363,0.0,0.0,0.007624618530903363
stress_interp,split,0.9,1.0,128,50000,500,0,0,,,,,,,,,0.0,0.0,0.007624618530903363,0.0,0.0,0.007624618530903363
stress_interp,split,0.9,1.0,1024,2000,500,0,0,,,,,,,,,0.0,0.0,0.007624618530903363,0.0,0.0,0.007624618530903363
stress_interp,split,0.9,1.0,1024,5000,500,0,0,,,,,,,,,0.0,0.0,0.007624618530903363,0.0,0.0,0.007624618530903363
stress_interp,split,0.9,1.0,1024,10000,500,0,0,,,,,,,,,0.0,0.0,0.007624618530903363,0.0,0.0,0.007624618530903363
stress_interp,split,0.9,1.0,1024,20000,500,0,0,,,,,,,,,0.0,0.0,0.007624618530903363,0.0,0.0,0.007624618530903363
stress_interp,split,0.9,1.0,1024,50000,500,0,0,,,,,,,,,0.0,0.0,0.007624618530903363,0.0,0.0,0.007624618530903363
stress_interp,split,0.95,0.2,32,2000,500,0,0,,,,,,,,,0.0,0.0,0.007624618530903363,0.0,0.0,0.007624618530903363
stress_interp,split,0.95,0.2,32,5000,500,0,0,,,,,,,,,0.0,0.0,0.007624618530903363,0.0,0.0,0.007624618530903363
stress_interp,split,0.95,0.2,32,10000,500,0,0,,,,,,,,,0.0,0.0,0.007624618530903363,0.0,0.0,0.007624618530903363
stress_interp,split,0.95,0.2,32,20000,500,0,0,,,,,,,,,0.0,0.0,0.007624618530903363,0.0,0.0,0.007624618530903363
stress_interp,split,0.95,0.2,32,50000,500,0,0,,,,,,,,,0.0,0.0,0.007624618530903363,0.0,0.0,0.007624618530903363
stress_interp,split,0.95,0.2,128,2000,500,0,0,,,,,,,,,0.0,0.0,0.007624618530903363,0.0,0.0,0.007624618530903363
stress_interp,split,0.95,0.2,128,5000,500,0,0,,,,,,,,,0.0,0.0,0.007624618530903363,0.0,0.0,0.007624618530903363
stress_interp,split,0.95,0.2,128,10000,500,0,0,,,,,,,,,0.0,0.0,0.007624618530903363,0.0,0.0,0.007624618530903363
stress_interp,split,0.95,0.2,128,20000,500,0,0,,,,,,,,,0.0,0.0,0.007624618530903363,0.0,0.0,0.007624618530903363
stress_interp,split,0.95,0.2,128,50000,500,0,0,,,,,,,,,0.0,0.0,0.007624618530903363,0.0,0.0,0.007624618530903363
stress_interp,split,0.95,0.2,1024,2000,500,0,0,,,,,,,,,0.0,0.0,0.007624618530903363,0.0,0.0,0.007624618530903363
stress_interp,split,0.95,0.2,1024,5000,500,0,0,,,,,,,,,0.0,0.0,0.007624618530903363,0.0,0.0,0.007624618530903363
stress_interp,split,0.95,0.2,1024,10000,500,0,0,,,,,,,,,0.0,0.0,0.007624618530903363,0.0,0.0,0.007624618530903363
stress_interp,split,0.95,0.2,1024,20000,500,0,0,,,,,,,,,0.0,0.0,0.007624618530903363,0.0,0.0,0.007624618530903363
stress_interp,split,0.95,0.2,1024,50000,500,0,0,,,,,,,,,0.0,0.0,0.007624618530903363,0.0,0.0,0.007624618530903363
stress_interp,split,0.95,0.5,32,2000,500,0,0,,,,,,,,,0.0,0.0,0.007624618530903363,0.0,0.0,0.007624618530903363
stress_interp,split,0.95,0.5,32,5000,500,0,0,,,,,,,,,0.0,0.0,0.007624618530903363,0.0,0.0,0.007624618530903363
stress_interp,split,0.95,0.5,32,10000,500,0,0,,,,,,,,,0.0,0.0,0.007624618530903363,0.0,0.0,0.007624618530903363
stress_interp,split,0.95,0.5,32,20000,500,0,0,,,,,,,,,0.0,0.0,0.007624618530903363,0.0,0.0,0.007624618530903363
stress_interp,split,0.95,0.5,32,50000,500,0,0,,,,,,,,,0.0,0.0,0.007624618530903363,0.0,0.0,0.007624618530903363
stress_interp,split,0.95,0.5,128,2000,500,0,0,,,,,,,,,0.0,0.0,0.007624618530903363,0.0,0.0,0.007624618530903363
stress_interp,split,0.95,0.5,128,5000,500,0,0,,,,,,,,,0.0,0.0,0.007624618530903363,0.0,0.0,0.007624618530903363
stress_interp,split,0.95,0.5,128,10000,500,0,0,,,,,,,,,0.0,0.0,0.007624618530903363,0.0,0.0,0.007624618530903363
stress_interp,split,0.95,0.5,128,20000,500,0,0,,,,,,,,,0.0,0.0,0.007624618530903363,0.0,0.0,0.007624618530903363
stress_interp,split,0.95,0.5,128,50000,500,0,0,,,,,,,,,0.0,0.0,0.007624618530903363,0.0,0.0,0.007624618530903363
stress_interp,split,0.95,0.5,1024,2000,500,0,0,,,,,,,,,0.0,0.0,0.007624618530903363,0.0,0.0,0.007624618530903363
stress_interp,split,0.95,0.5,1024,5000,500,0,0,,,,,,,,,0.0,0.0,0.007624618530903363,0.0,0.0,0.007624618530903363
stress_interp,split,0.95,0.5,1024,10000,500,0,0,,,,,,,,,0.0,0.0,0.007624618530903363,0.0,0.0,0.007624618530903363
stress_interp,split,0.95,0.5,1024,20000,500,0,0,,,,,,,,,0.0,0.0,0.007624618530903363,0.0,0.0,0.007624618530903363
stress_interp,split,0.95,0.5,1024,50000,500,0,0,,,,,,,,,0.0,0.0,0.007624618530903363,0.0,0.0,0.007624618530903363
stress_interp,split,0.95,1.0,32,2000,500,0,0,,,,,,,,,0.0,0.0,0.007624618530903363,0.0,0.0,0.007624618530903363
stress_interp,split,0.95,1.0,32,5000,500,0,0,,,,,,,,,0.0,0.0,0.007624618530903363,0.0,0.0,0.007624618530903363
stress_interp,split,0.95,1.0,32,10000,500,0,0,,,,,,,,,0.0,0.0,0.007624618530903363,0.0,0.0,0.007624618530903363
stress_interp,split,0.95,1.0,32,20000,500,0,0,,,,,,,,,0.0,0.0,0.007624618530903363,0.0,0.0,0.007624618530903363
stress_interp,split,0.95,1.0,32,50000,500,0,0,,,,,,,,,0.0,0.0,0.007624618530903363,0.0,0.0,0.007624618530903363
stress_interp,split,0.95,1.0,128,2000,500,0,0,,,,,,,,,0.0,0.0,0.007624618530903363,0.0,0.0,0.007624618530903363
stress_interp,split,0.95,1.0,128,5000,500,0,0,,,,,,,,,0.0,0.0,0.007624618530903363,0.0,0.0,0.007624618530903363
stress_interp,split,0.95,1.0,128,10000,500,0,0,,,,,,,,,0.0,0.0,0.007624618530903363,0.0,0.0,0.007624618530903363
stress_interp,split,0.95,1.0,128,20000,500,0,0,,,,,,,,,0.0,0.0,0.007624618530903363,0.0,0.0,0.007624618530903363
stress_interp,split,0.95,1.0,128,50000,500,0,0,,,,,,,,,0.0,0.0,0.007624618530903363,0.0,0.0,0.007624618530903363
stress_interp,split,0.95,1.0,1024,2000,500,0,0,,,,,,,,,0.0,0.0,0.007624618530903363,0.0,0.0,0.007624618530903363
stress_interp,split,0.95,1.0,1024,5000,500,0,0,,,,,,,,,0.0,0.0,0.007624618530903363,0.0,0.0,0.007624618530903363
stress_interp,split,0.95,1.0,1024,10000,500,0,0,,,,,,,,,0.0,0.0,0.007624618530903363,0.0,0.0,0.007624618530903363
stress_interp,split,0.95,1.0,1024,20000,500,0,0,,,,,,,,,0.0,0.0,0.007624618530903363,0.0,0.0,0.007624618530903363
stress_interp,split,0.95,1.0,1024,50000,500,0,0,,,,,,,,,0.0,0.0,0.007624618530903363,0.0,0.0,0.007624618530903363
stress_interp,split,0.99,0.2,32,2000,500,0,0,,,,,,,,,0.0,0.0,0.007624618530903363,0.0,0.0,0.007624618530903363
stress_interp,split,0.99,0.2,32,5000,500,0,0,,,,,,,,,0.0,0.0,0.007624618530903363,0.0,0.0,0.007624618530903363
stress_interp,split,0.99,0.2,32,10000,500,0,0,,,,,,,,,0.0,0.0,0.007624618530903363,0.0,0.0,0.007624618530903363
stress_interp,split,0.99,0.2,32,20000,500,0,0,,,,,,,,,0.0,0.0,0.007624618530903363,0.0,0.0,0.007624618530903363
stress_interp,split,0.99,0.2,32,50000,500,0,0,,,,,,,,,0.0,0.0,0.007624618530903363,0.0,0.0,0.007624618530903363
stress_interp,split,0.99,0.2,128,2000,500,0,0,,,,,,,,,0.0,0.0,0.007624618530903363,0.0,0.0,0.007624618530903363
stress_interp,split,0.99,0.2,128,5000,500,0,0,,,,,,,,,0.0,0.0,0.007624618530903363,0.0,0.0,0.007624618530903363
stress_interp,split,0.99,0.2,128,10000,500,0,0,,,,,,,,,0.0,0.0,0.007624618530903363,0.0,0.0,0.007624618530903363
stress_interp,split,0.99,0.2,128,20000,500,0,0,,,,,,,,,0.0,0.0,0.007624618530903363,0.0,0.0,0.007624618530903363
stress_interp,split,0.99,0.2,128,50000,500,0,0,,,,,,,,,0.0,0.0,0.007624618530903363,0.0,0.0,0.007624618530903363
stress_interp,split,0.99,0.2,1024,2000,500,0,0,,,,,,,,,0.0,0.0,0.007624618530903363,0.0,0.0,0.007624618530903363
stress_interp,split,0.99,0.2,1024,5000,500,0,0,,,,,,,,,0.0,0.0,0.007624618530903363,0.0,0.0,0.007624618530903363
stress_interp,split,0.99,0.2,1024,10000,500,0,0,,,,,,,,,0.0,0.0,0.007624618530903363,0.0,0.0,0.007624618530903363
stress_interp,split,0.99,0.2,1024,20000,500,0,0,,,,,,,,,0.0,0.0,0.007624618530903363,0.0,0.0,0.007624618530903363
stress_interp,split,0.99,0.2,1024,50000,500,0,0,,,,,,,,,0.0,0.0,0.007624618530903363,0.0,0.0,0.007624618530903363
stress_interp,split,0.99,0.5,32,2000,500,0,0,,,,,,,,,0.0,0.0,0.007624618530903363,0.0,0.0,0.007624618530903363
stress_interp,split,0.99,0.5,32,5000,500,0,0,,,,,,,,,0.0,0.0,0.007624618530903363,0.0,0.0,0.007624618530903363
stress_interp,split,0.99,0.5,32,10000,500,0,0,,,,,,,,,0.0,0.0,0.007624618530903363,0.0,0.0,0.007624618530903363
stress_interp,split,0.99,0.5,32,20000,500,0,0,,,,,,,,,0.0,0.0,0.007624618530903363,0.0,0.0,0.007624618530903363
stress_interp,split,0.99,0.5,32,50000,500,0,0,,,,,,,,,0.0,0.0,0.007624618530903363,0.0,0.0,0.007624618530903363
stress_interp,split,0.99,0.5,128,2000,500,0,0,,,,,,,,,0.0,0.0,0.007624618530903363,0.0,0.0,0.007624618530903363
stress_interp,split,0.99,0.5,128,5000,500,0,0,,,,,,,,,0.0,0.0,0.007624618530903363,0.0,0.0,0.007624618530903363
stress_interp,split,0.99,0.5,128,10000,500,0,0,,,,,,,,,0.0,0.0,0.007624618530903363,0.0,0.0,0.007624618530903363
stress_interp,split,0.99,0.5,128,20000,500,0,0,,,,,,,,,0.0,0.0,0.007624618530903363,0.0,0.0,0.007624618530903363
stress_interp,split,0.99,0.5,128,50000,500,0,0,,,,,,,,,0.0,0.0,0.007624618530903363,0.0,0.0,0.007624618530903363
stress_interp,split,0.99,0.5,1024,2000,500,0,0,,,,,,,,,0.0,0.0,0.007624618530903363,0.0,0.0,0.007624618530903363
stress_interp,split,0.99,0.5,1024,5000,500,0,0,,,,,,,,,0.0,0.0,0.007624618530903363,0.0,0.0,0.007624618530903363
stress_interp,split,0.99,0.5,1024,10000,500,0,0,,,,,,,,,0.0,0.0,0.007624618530903363,0.0,0.0,0.007624618530903363
stress_interp,split,0.99,0.5,1024,20000,500,0,0,,,,,,,,,0.0,0.0,0.007624618530903363,0.0,0.0,0.007624618530903363
stress_interp,split,0.99,0.5,1024,50000,500,0,0,,,,,,,,,0.0,0.0,0.007624618530903363,0.0,0.0,0.007624618530903363
stress_interp,split,0.99,1.0,32,2000,500,0,0,,,,,,,,,0.0,0.0,0.007624618530903363,0.0,0.0,0.007624618530903363
stress_interp,split,0.99,1.0,32,5000,500,0,0,,,,,,,,,0.0,0.0,0.007624618530903363,0.0,0.0,0.007624618530903363
stress_interp,split,0.99,1.0,32,10000,500,0,0,,,,,,,,,0.0,0.0,0.007624618530903363,0.0,0.0,0.007624618530903363
stress_interp,split,0.99,1.0,32,20000,500,0,0,,,,,,,,,0.0,0.0,0.007624618530903363,0.0,0.0,0.007624618530903363
stress_interp,split,0.99,1.0,32,50000,500,0,0,,,,,,,,,0.0,0.0,0.007624618530903363,0.0,0.0,0.007624618530903363
stress_interp,split,0.99,1.0,128,2000,500,0,0,,,,,,,,,0.0,0.0,0.007624618530903363,0.0,0.0,0.007624618530903363
stress_interp,split,0.99,1.0,128,5000,500,0,0,,,,,,,,,0.0,0.0,0.007624618530903363,0.0,0.0,0.007624618530903363
stress_interp,split,0.99,1.0,128,10000,500,0,0,,,,,,,,,0.0,0.0,0.007624618530903363,0.0,0.0,0.007624618530903363
stress_interp,split,0.99,1.0,128,20000,500,0,0,,,,,,,,,0.0,0.0,0.007624618530903363,0.0,0.0,0.007624618530903363
stress_interp,split,0.99,1.0,128,50000,500,0,0,,,,,,,,,0.0,0.0,0.007624618530903363,0.0,0.0,0.007624618530903363
stress_interp,split,0.99,1.0,1024,2000,500,0,0,,,,,,,,,0.0,0.0,0.007624618530903363,0.0,0.0,0.007624618530903363
stress_interp,split,0.99,1.0,1024,5000,500,0,0,,,,,,,,,0.0,0.0,0.007624618530903363,0.0,0.0,0.007624618530903363
stress_interp,split,0.99,1.0,1024,10000,500,0,0,,,,,,,,,0.0,0.0,0.007624618530903363,0.0,0.0,0.007624618530903363
stress_interp,split,0.99,1.0,1024,20000,500,0,0,,,,,,,,,0.0,0.0,0.007624618530903363,0.0,0.0,0.007624618530903363
stress_interp,split,0.99,1.0,1024,50000,500,0,0,,,,,,,,,0.0,0.0,0.007624618530903363,0.0,0.0,0.007624618530903363
stress_natural,cdf_empbernstein,0.9,0.2,32,2000,500,0,0,,,,,,,,,0.0,0.0,0.007624618530903363,0.0,0.0,0.007624618530903363
stress_natural,cdf_empbernstein,0.9,0.2,32,5000,500,0,0,,,,,,,,,0.0,0.0,0.007624618530903363,0.0,0.0,0.007624618530903363
stress_natural,cdf_empbernstein,0.9,0.2,32,10000,500,0,0,,,,,,,,,0.0,0.0,0.007624618530903363,0.0,0.0,0.007624618530903363
stress_natural,cdf_empbernstein,0.9,0.2,32,20000,500,0,0,,,,,,,,,0.0,0.0,0.007624618530903363,0.0,0.0,0.007624618530903363
stress_natural,cdf_empbernstein,0.9,0.2,32,50000,500,0,0,,,,,,,,,0.0,0.0,0.007624618530903363,0.0,0.0,0.007624618530903363
stress_natural,cdf_empbernstein,0.9,0.2,128,2000,500,0,0,,,,,,,,,0.0,0.0,0.007624618530903363,0.0,0.0,0.007624618530903363
stress_natural,cdf_empbernstein,0.9,0.2,128,5000,500,0,0,,,,,,,,,0.0,0.0,0.007624618530903363,0.0,0.0,0.007624618530903363
stress_natural,cdf_empbernstein,0.9,0.2,128,10000,500,0,0,,,,,,,,,0.0,0.0,0.007624618530903363,0.0,0.0,0.007624618530903363
stress_natural,cdf_empbernstein,0.9,0.2,128,20000,500,0,0,,,,,,,,,0.0,0.0,0.007624618530903363,0.0,0.0,0.007624618530903363
stress_natural,cdf_empbernstein,0.9,0.2,128,50000,500,0,0,,,,,,,,,0.0,0.0,0.007624618530903363,0.0,0.0,0.007624618530903363
stress_natural,cdf_empbernstein,0.9,0.5,32,2000,500,0,0,,,,,,,,,0.0,0.0,0.007624618530903363,0.0,0.0,0.007624618530903363
stress_natural,cdf_empbernstein,0.9,0.5,32,5000,500,0,0,,,,,,,,,0.0,0.0,0.007624618530903363,0.0,0.0,0.007624618530903363
stress_natural,cdf_empbernstein,0.9,0.5,32,10000,500,0,0,,,,,,,,,0.0,0.0,0.007624618530903363,0.0,0.0,0.007624618530903363
stress_natural,cdf_empbernstein,0.9,0.5,32,20000,500,0,0,,,,,,,,,0.0,0.0,0.007624618530903363,0.0,0.0,0.007624618530903363
stress_natural,cdf_empbernstein,0.9,0.5,32,50000,500,0,0,,,,,,,,,0.0,0.0,0.007624618530903363,0.0,0.0,0.007624618530903363
stress_natural,cdf_empbernstein,0.9,0.5,128,2000,500,0,0,,,,,,,,,0.0,0.0,0.007624618530903363,0.0,0.0,0.007624618530903363
stress_natural,cdf_empbernstein,0.9,0.5,128,5000,500,0,0,,,,,,,,,0.0,0.0,0.007624618530903363,0.0,0.0,0.007624618530903363
stress_natural,cdf_empbernstein,0.9,0.5,128,10000,500,0,0,,,,,,,,,0.0,0.0,0.007624618530903363,0.0,0.0,0.007624618530903363
stress_natural,cdf_empbernstein,0.9,0.5,128,20000,500,0,0,,,,,,,,,0.0,0.0,0.007624618530903363,0.0,0.0,0.007624618530903363
stress_natural,cdf_empbernstein,0.9,0.5,128,50000,500,0,0,,,,,,,,,0.0,0.0,0.007624618530903363,0.0,0.0,0.007624618530903363
stress_natural,cdf_empbernstein,0.9,1.0,32,2000,500,0,0,,,,,,,,,0.0,0.0,0.007624618530903363,0.0,0.0,0.007624618530903363
stress_natural,cdf_empbernstein,0.9,1.0,32,5000,500,0,0,,,,,,,,,0.0,0.0,0.007624618530903363,0.0,0.0,0.007624618530903363
stress_natural,cdf_empbernstein,0.9,1.0,32,10000,500,0,0,,,,,,,,,0.0,0.0,0.007624618530903363,0.0,0.0,0.007624618530903363
stress_natural,cdf_empbernstein,0.9,1.0,32,20000,500,0,0,,,,,,,,,0.0,0.0,0.007624618530903363,0.0,0.0,0.007624618530903363
stress_natural,cdf_empbernstein,0.9,1.0,32,50000,500,0,0,,,,,,,,,0.0,0.0,0.007624618530903363,0.0,0.0,0.007624618530903363
stress_natural,cdf_empbernstein,0.9,1.0,128,2000,500,0,0,,,,,,,,,0.0,0.0,0.007624618530903363,0.0,0.0,0.007624618530903363
stress_natural,cdf_empbernstein,0.9,1.0,128,5000,500,0,0,,,,,,,,,0.0,0.0,0.007624618530903363,0.0,0.0,0.007624618530903363
stress_natural,cdf_empbernstein,0.9,1.0,128,10000,500,0,0,,,,,,,,,0.0,0.0,0.007624618530903363,0.0,0.0,0.007624618530903363
stress_natural,cdf_empbernstein,0.9,1.0,128,20000,500,0,0,,,,,,,,,0.0,0.0,0.007624618530903363,0.0,0.0,0.007624618530903363
stress_natural,cdf_empbernstein,0.9,1.0,128,50000,500,0,0,,,,,,,,,0.0,0.0,0.007624618530903363,0.0,0.0,0.007624618530903363
stress_natural,cdf_empbernstein,0.95,0.2,32,2000,500,0,0,,,,,,,,,0.0,0.0,0.007624618530903363,0.0,0.0,0.007624618530903363
stress_natural,cdf_empbernstein,0.95,0.2,32,5000,500,0,0,,,,,,,,,0.0,0.0,0.007624618530903363,0.0,0.0,0.007624618530903363
stress_natural,cdf_empbernstein,0.95,0.2,32,10000,500,0,0,,,,,,,,,0.0,0.0,0.007624618530903363,0.0,0.0,0.007624618530903363
stress_natural,cdf_empbernstein,0.95,0.2,32,20000,500,0,0,,,,,,,,,0.0,0.0,0.007624618530903363,0.0,0.0,0.007624618530903363
stress_natural,cdf_empbernstein,0.95,0.2,32,50000,500,0,0,,,,,,,,,0.0,0.0,0.007624618530903363,0.0,0.0,0.007624618530903363
stress_natural,cdf_empbernstein,0.95,0.2,128,2000,500,0,0,,,,,,,,,0.0,0.0,0.007624618530903363,0.0,0.0,0.007624618530903363
stress_natural,cdf_empbernstein,0.95,0.2,128,5000,500,0,0,,,,,,,,,0.0,0.0,0.007624618530903363,0.0,0.0,0.007624618530903363
stress_natural,cdf_empbernstein,0.95,0.2,128,10000,500,0,0,,,,,,,,,0.0,0.0,0.007624618530903363,0.0,0.0,0.007624618530903363
stress_natural,cdf_empbernstein,0.95,0.2,128,20000,500,0,0,,,,,,,,,0.0,0.0,0.007624618530903363,0.0,0.0,0.007624618530903363
stress_natural,cdf_empbernstein,0.95,0.2,128,50000,500,0,0,,,,,,,,,0.0,0.0,0.007624618530903363,0.0,0.0,0.007624618530903363
stress_natural,cdf_empbernstein,0.95,0.5,32,2000,500,0,0,,,,,,,,,0.0,0.0,0.007624618530903363,0.0,0.0,0.007624618530903363
stress_natural,cdf_empbernstein,0.95,0.5,32,5000,500,0,0,,,,,,,,,0.0,0.0,0.007624618530903363,0.0,0.0,0.007624618530903363
stress_natural,cdf_empbernstein,0.95,0.5,32,10000,500,0,0,,,,,,,,,0.0,0.0,0.007624618530903363,0.0,0.0,0.007624618530903363
stress_natural,cdf_empbernstein,0.95,0.5,32,20000,500,0,0,,,,,,,,,0.0,0.0,0.007624618530903363,0.0,0.0,0.007624618530903363
stress_natural,cdf_empbernstein,0.95,0.5,32,50000,500,0,0,,,,,,,,,0.0,0.0,0.007624618530903363,0.0,0.0,0.007624618530903363
stress_natural,cdf_empbernstein,0.95,0.5,128,2000,500,0,0,,,,,,,,,0.0,0.0,0.007624618530903363,0.0,0.0,0.007624618530903363
stress_natural,cdf_empbernstein,0.95,0.5,128,5000,500,0,0,,,,,,,,,0.0,0.0,0.007624618530903363,0.0,0.0,0.007624618530903363
stress_natural,cdf_empbernstein,0.95,0.5,128,10000,500,0,0,,,,,,,,,0.0,0.0,0.007624618530903363,0.0,0.0,0.007624618530903363
stress_natural,cdf_empbernstein,0.95,0.5,128,20000,500,0,0,,,,,,,,,0.0,0.0,0.007624618530903363,0.0,0.0,0.007624618530903363
stress_natural,cdf_empbernstein,0.95,0.5,128,50000,500,0,0,,,,,,,,,0.0,0.0,0.007624618530903363,0.0,0.0,0.007624618530903363
stress_natural,cdf_empbernstein,0.95,1.0,32,2000,500,0,0,,,,,,,,,0.0,0.0,0.007624618530903363,0.0,0.0,0.007624618530903363
stress_natural,cdf_empbernstein,0.95,1.0,32,5000,500,0,0,,,,,,,,,0.0,0.0,0.007624618530903363,0.0,0.0,0.007624618530903363
stress_natural,cdf_empbernstein,0.95,1.0,32,10000,500,0,0,,,,,,,,,0.0,0.0,0.007624618530903363,0.0,0.0,0.007624618530903363
stress_natural,cdf_empbernstein,0.95,1.0,32,20000,500,0,0,,,,,,,,,0.0,0.0,0.007624618530903363,0.0,0.0,0.007624618530903363
stress_natural,cdf_empbernstein,0.95,1.0,32,50000,500,0,0,,,,,,,,,0.0,0.0,0.007624618530903363,0.0,0.0,0.007624618530903363
stress_natural,cdf_empbernstein,0.95,1.0,128,2000,500,0,0,,,,,,,,,0.0,0.0,0.007624618530903363,0.0,0.0,0.007624618530903363
stress_natural,cdf_empbernstein,0.95,1.0,128,5000,500,0,0,,,,,,,,,0.0,0.0,0.007624618530903363,0.0,0.0,0.007624618530903363
stress_natural,cdf_empbernstein,0.95,1.0,128,10000,500,0,0,,,,,,,,,0.0,0.0,0.007624618530903363,0.0,0.0,0.007624618530903363
stress_natural,cdf_empbernstein,0.95,1.0,128,20000,500,0,0,,,,,,,,,0.0,0.0,0.007624618530903363,0.0,0.0,0.007624618530903363
stress_natural,cdf_empbernstein,0.95,1.0,128,50000,500,0,0,,,,,,,,,0.0,0.0,0.007624618530903363,0.0,0.0,0.007624618530903363
stress_natural,cdf_empbernstein,0.99,0.2,32,2000,500,0,0,,,,,,,,,0.0,0.0,0.007624618530903363,0.0,0.0,0.007624618530903363
stress_natural,cdf_empbernstein,0.99,0.2,32,5000,500,0,0,,,,,,,,,0.0,0.0,0.007624618530903363,0.0,0.0,0.007624618530903363
stress_natural,cdf_empbernstein,0.99,0.2,32,10000,500,0,0,,,,,,,,,0.0,0.0,0.007624618530903363,0.0,0.0,0.007624618530903363
stress_natural,cdf_empbernstein,0.99,0.2,32,20000,500,0,0,,,,,,,,,0.0,0.0,0.007624618530903363,0.0,0.0,0.007624618530903363
stress_natural,cdf_empbernstein,0.99,0.2,32,50000,500,0,0,,,,,,,,,0.0,0.0,0.007624618530903363,0.0,0.0,0.007624618530903363
stress_natural,cdf_empbernstein,0.99,0.2,128,2000,500,0,0,,,,,,,,,0.0,0.0,0.007624618530903363,0.0,0.0,0.007624618530903363
stress_natural,cdf_empbernstein,0.99,0.2,128,5000,500,0,0,,,,,,,,,0.0,0.0,0.007624618530903363,0.0,0.0,0.007624618530903363
stress_natural,cdf_empbernstein,0.99,0.2,128,10000,500,0,0,,,,,,,,,0.0,0.0,0.007624618530903363,0.0,0.0,0.007624618530903363
stress_natural,cdf_empbernstein,0.99,0.2,128,20000,500,0,0,,,,,,,,,0.0,0.0,0.007624618530903363,0.0,0.0,0.007624618530903363
stress_natural,cdf_empbernstein,0.99,0.2,128,50000,500,0,0,,,,,,,,,0.0,0.0,0.007624618530903363,0.0,0.0,0.007624618530903363
stress_natural,cdf_empbernstein,0.99,0.5,32,2000,500,0,0,,,,,,,,,0.0,0.0,0.007624618530903363,0.0,0.0,0.007624618530903363
stress_natural,cdf_empbernstein,0.99,0.5,32,5000,500,0,0,,,,,,,,,0.0,0.0,0.007624618530903363,0.0,0.0,0.007624618530903363
stress_natural,cdf_empbernstein,0.99,0.5,32,10000,500,0,0,,,,,,,,,0.0,0.0,0.007624618530903363,0.0,0.0,0.007624618530903363
stress_natural,cdf_empbernstein,0.99,0.5,32,20000,500,0,0,,,,,,,,,0.0,0.0,0.007624618530903363,0.0,0.0,0.007624618530903363
stress_natural,cdf_empbernstein,0.99,0.5,32,50000,500,0,0,,,,,,,,,0.0,0.0,0.007624618530903363,0.0,0.0,0.007624618530903363
stress_natural,cdf_empbernstein,0.99,0.5,128,2000,500,0,0,,,,,,,,,0.0,0.0,0.007624618530903363,0.0,0.0,0.007624618530903363
stress_natural,cdf_empbernstein,0.99,0.5,128,5000,500,0,0,,,,,,,,,0.0,0.0,0.007624618530903363,0.0,0.0,0.007624618530903363
stress_natural,cdf_empbernstein,0.99,0.5,128,10000,500,0,0,,,,,,,,,0.0,0.0,0.007624618530903363,0.0,0.0,0.007624618530903363
stress_natural,cdf_empbernstein,0.99,0.5,128,20000,500,0,0,,,,,,,,,0.0,0.0,0.007624618530903363,0.0,0.0,0.007624618530903363
stress_natural,cdf_empbernstein,0.99,0.5,128,50000,500,0,0,,,,,,,,,0.0,0.0,0.007624618530903363,0.0,0.0,0.007624618530903363
stress_natural,cdf_empbernstein,0.99,1.0,32,2000,500,0,0,,,,,,,,,0.0,0.0,0.007624618530903363,0.0,0.0,0.007624618530903363
stress_natural,cdf_empbernstein,0.99,1.0,32,5000,500,0,0,,,,,,,,,0.0,0.0,0.007624618530903363,0.0,0.0,0.007624618530903363
stress_natural,cdf_empbernstein,0.99,1.0,32,10000,500,0,0,,,,,,,,,0.0,0.0,0.007624618530903363,0.0,0.0,0.007624618530903363
stress_natural,cdf_empbernstein,0.99,1.0,32,20000,500,0,0,,,,,,,,,0.0,0.0,0.007624618530903363,0.0,0.0,0.007624618530903363
stress_natural,cdf_empbernstein,0.99,1.0,32,50000,500,0,0,,,,,,,,,0.0,0.0,0.007624618530903363,0.0,0.0,0.007624618530903363
stress_natural,cdf_empbernstein,0.99,1.0,128,2000,500,0,0,,,,,,,,,0.0,0.0,0.007624618530903363,0.0,0.0,0.007624618530903363
stress_natural,cdf_empbernstein,0.99,1.0,128,5000,500,0,0,,,,,,,,,0.0,0.0,0.007624618530903363,0.0,0.0,0.007624618530903363
stress_natural,cdf_empbernstein,0.99,1.0,128,10000,500,0,0,,,,,,,,,0.0,0.0,0.007624618530903363,0.0,0.0,0.007624618530903363
stress_natural,cdf_empbernstein,0.99,1.0,128,20000,500,0,0,,,,,,,,,0.0,0.0,0.007624618530903363,0.0,0.0,0.007624618530903363
stress_natural,cdf_empbernstein,0.99,1.0,128,50000,500,0,0,,,,,,,,,0.0,0.0,0.007624618530903363,0.0,0.0,0.007624618530903363
stress_natural,cdf_pacbayes,0.9,0.2,32,2000,500,0,0,,,,,,,,,0.0,0.0,0.007624618530903363,0.0,0.0,0.007624618530903363
stress_natural,cdf_pacbayes,0.9,0.2,32,5000,500,0,0,,,,,,,,,0.0,0.0,0.007624618530903363,0.0,0.0,0.007624618530903363
stress_natural,cdf_pacbayes,0.9,0.2,32,10000,500,0,0,,,,,,,,,0.0,0.0,0.007624618530903363,0.0,0.0,0.007624618530903363
stress_natural,cdf_pacbayes,0.9,0.2,32,20000,500,0,0,,,,,,,,,0.0,0.0,0.007624618530903363,0.0,0.0,0.007624618530903363
stress_natural,cdf_pacbayes,0.9,0.2,32,50000,500,0,0,,,,,,,,,0.0,0.0,0.007624618530903363,0.0,0.0,0.007624618530903363
stress_natural,cdf_pacbayes,0.9,0.2,128,2000,500,0,0,,,,,,,,,0.0,0.0,0.007624618530903363,0.0,0.0,0.007624618530903363
stress_natural,cdf_pacbayes,0.9,0.2,128,5000,500,0,0,,,,,,,,,0.0,0.0,0.007624618530903363,0.0,0.0,0.007624618530903363
stress_natural,cdf_pacbayes,0.9,0.2,128,10000,500,0,0,,,,,,,,,0.0,0.0,0.007624618530903363,0.0,0.0,0.007624618530903363
stress_natural,cdf_pacbayes,0.9,0.2,128,20000,500,0,0,,,,,,,,,0.0,0.0,0.007624618530903363,0.0,0.0,0.007624618530903363
stress_natural,cdf_pacbayes,0.9,0.2,128,50000,500,0,0,,,,,,,,,0.0,0.0,0.007624618530903363,0.0,0.0,0.007624618530903363
stress_natural,cdf_pacbayes,0.9,0.5,32,2000,500,0,0,,,,,,,,,0.0,0.0,0.007624618530903363,0.0,0.0,0.007624618530903363
stress_natural,cdf_pacbayes,0.9,0.5,32,5000,500,0,0,,,,,,,,,0.0,0.0,0.007624618530903363,0.0,0.0,0.007624618530903363
stress_natural,cdf_pacbayes,0.9,0.5,32,10000,500,0,0,,,,,,,,,0.0,0.0,0.007624618530903363,0.0,0.0,0.007624618530903363
stress_natural,cdf_pacbayes,0.9,0.5,32,20000,500,0,0,,,,,,,,,0.0,0.0,0.007624618530903363,0.0,0.0,0.007624618530903363
stress_natural,cdf_pacbayes,0.9,0.5,32,50000,500,0,0,,,,,,,,,0.0,0.0,0.007624618530903363,0.0,0.0,0.007624618530903363
stress_natural,cdf_pacbayes,0.9,0.5,128,2000,500,0,0,,,,,,,,,0.0,0.0,0.007624618530903363,0.0,0.0,0.007624618530903363
stress_natural,cdf_pacbayes,0.9,0.5,128,5000,500,0,0,,,,,,,,,0.0,0.0,0.007624618530903363,0.0,0.0,0.007624618530903363
stress_natural,cdf_pacbayes,0.9,0.5,128,10000,500,0,0,,,,,,,,,0.0,0.0,0.007624618530903363,0.0,0.0,0.007624618530903363
stress_natural,cdf_pacbayes,0.9,0.5,128,20000,500,0,0,,,,,,,,,0.0,0.0,0.007624618530903363,0.0,0.0,0.007624618530903363
stress_natural,cdf_pacbayes,0.9,0.5,128,50000,500,0,0,,,,,,,,,0.0,0.0,0.007624618530903363,0.0,0.0,0.007624618530903363
stress_natural,cdf_pacbayes,0.9,1.0,32,2000,500,0,0,,,,,,,,,0.0,0.0,0.007624618530903363,0.0,0.0,0.007624618530903363
stress_natural,cdf_pacbayes,0.9,1.0,32,5000,500,0,0,,,,,,,,,0.0,0.0,0.007624618530903363,0.0,0.0,0.007624618530903363
stress_natural,cdf_pacbayes,0.9,1.0,32,10000,500,0,0,,,,,,,,,0.0,0.0,0.007624618530903363,0.0,0.0,0.007624618530903363
stress_natural,cdf_pacbayes,0.9,1.0,32,20000,500,0,0,,,,,,,,,0.0,0.0,0.007624618530903363,0.0,0.0,0.007624618530903363
stress_natural,cdf_pacbayes,0.9,1.0,32,50000,500,0,0,,,,,,,,,0.0,0.0,0.007624618530903363,0.0,0.0,0.007624618530903363
stress_natural,cdf_pacbayes,0.9,1.0,128,2000,500,0,0,,,,,,,,,0.0,0.0,0.007624618530903363,0.0,0.0,0.007624618530903363
stress_natural,cdf_pacbayes,0.9,1.0,128,5000,500,0,0,,,,,,,,,0.0,0.0,0.007624618530903363,0.0,0.0,0.007624618530903363
stress_natural,cdf_pacbayes,0.9,1.0,128,10000,500,0,0,,,,,,,,,0.0,0.0,0.007624618530903363,0.0,0.0,0.007624618530903363
stress_natural,cdf_pacbayes,0.9,1.0,128,20000,500,0,0,,,,,,,,,0.0,0.0,0.007624618530903363,0.0,0.0,0.007624618530903363
stress_natural,cdf_pacbayes,0.9,1.0,128,50000,500,0,0,,,,,,,,,0.0,0.0,0.007624618530903363,0.0,0.0,0.007624618530903363
stress_natural,cdf_pacbayes,0.95,0.2,32,2000,500,0,0,,,,,,,,,0.0,0.0,0.007624618530903363,0.0,0.0,0.007624618530903363
stress_natural,cdf_pacbayes,0.95,0.2,32,5000,500,0,0,,,,,,,,,0.0,0.0,0.007624618530903363,0.0,0.0,0.007624618530903363
stress_natural,cdf_pacbayes,0.95,0.2,32,10000,500,0,0,,,,,,,,,0.0,0.0,0.007624618530903363,0.0,0.0,0.007624618530903363
stress_natural,cdf_pacbayes,0.95,0.2,32,20000,500,0,0,,,,,,,,,0.0,0.0,0.007624618530903363,0.0,0.0,0.007624618530903363
stress_natural,cdf_pacbayes,0.95,0.2,32,50000,500,0,0,,,,,,,,,0.0,0.0,0.007624618530903363,0.0,0.0,0.007624618530903363
stress_natural,cdf_pacbayes,0.95,0.2,128,2000,500,0,0,,,,,,,,,0.0,0.0,0.007624618530903363,0.0,0.0,0.007624618530903363
stress_natural,cdf_pacbayes,0.95,0.2,128,5000,500,0,0,,,,,,,,,0.0,0.0,0.007624618530903363,0.0,0.0,0.007624618530903363
stress_natural,cdf_pacbayes,0.95,0.2,128,10000,500,0,0,,,,,,,,,0.0,0.0,0.007624618530903363,0.0,0.0,0.007624618530903363
stress_natural,cdf_pacbayes,0.95,0.2,128,20000,500,0,0,,,,,,,,,0.0,0.0,0.007624618530903363,0.0,0.0,0.007624618530903363
stress_natural,cdf_pacbayes,0.95,0.2,128,50000,500,0,0,,,,,,,,,0.0,0.0,0.007624618530903363,0.0,0.0,0.007624618530903363
stress_natural,cdf_pacbayes,0.95,0.5,32,2000,500,0,0,,,,,,,,,0.0,0.0,0.007624618530903363,0.0,0.0,0.007624618530903363
stress_natural,cdf_pacbayes,0.95,0.5,32,5000,500,0,0,,,,,,,,,0.0,0.0,0.007624618530903363,0.0,0.0,0.007624618530903363
stress_natural,cdf_pacbayes,0.95,0.5,32,10000,500,0,0,,,,,,,,,0.0,0.0,0.007624618530903363,0.0,0.0,0.007624618530903363
stress_natural,cdf_pacbayes,0.95,0.5,32,20000,500,0,0,,,,,,,,,0.0,0.0,0.007624618530903363,0.0,0.0,0.007624618530903363
stress_natural,cdf_pacbayes,0.95,0.5,32,50000,500,0,0,,,,,,,,,0.0,0.0,0.007624618530903363,0.0,0.0,0.007624618530903363
stress_natural,cdf_pacbayes,0.95,0.5,128,2000,500,0,0,,,,,,,,,0.0,0.0,0.007624618530903363,0.0,0.0,0.007624618530903363
stress_natural,cdf_pacbayes,0.95,0.5,128,5000,500,0,0,,,,,,,,,0.0,0.0,0.007624618530903363,0.0,0.0,0.007624618530903363
stress_natural,cdf_pacbayes,0.95,0.5,128,10000,500,0,0,,,,,,,,,0.0,0.0,0.007624618530903363,0.0,0.0,0.007624618530903363
stress_natural,cdf_pacbayes,0.95,0.5,128,20000,500,0,0,,,,,,,,,0.0,0.0,0.007624618530903363,0.0,0.0,0.007624618530903363
stress_natural,cdf_pacbayes,0.95,0.5,128,50000,500,0,0,,,,,,,,,0.0,0.0,0.007624618530903363,0.0,0.0,0.007624618530903363
stress_natural,cdf_pacbayes,0.95,1.0,32,2000,500,0,0,,,,,,,,,0.0,0.0,0.007624618530903363,0.0,0.0,0.007624618530903363
stress_natural,cdf_pacbayes,0.95,1.0,32,5000,500,0,0,,,,,,,,,0.0,0.0,0.007624618530903363,0.0,0.0,0.007624618530903363
stress_natural,cdf_pacbayes,0.95,1.0,32,10000,500,0,0,,,,,,,,,0.0,0.0,0.007624618530903363,0.0,0.0,0.007624618530903363
stress_natural,cdf_pacbayes,0.95,1.0,32,20000,500,0,0,,,,,,,,,0.0,0.0,0.007624618530903363,0.0,0.0,0.007624618530903363
stress_natural,cdf_pacbayes,0.95,1.0,32,50000,500,0,0,,,,,,,,,0.0,0.0,0.007624618530903363,0.0,0.0,0.007624618530903363
stress_natural,cdf_pacbayes,0.95,1.0,128,2000,500,0,0,,,,,,,,,0.0,0.0,0.007624618530903363,0.0,0.0,0.007624618530903363
stress_natural,cdf_pacbayes,0.95,1.0,128,5000,500,0,0,,,,,,,,,0.0,0.0,0.007624618530903363,0.0,0.0,0.007624618530903363
stress_natural,cdf_pacbayes,0.95,1.0,128,10000,500,0,0,,,,,,,,,0.0,0.0,0.007624618530903363,0.0,0.0,0.007624618530903363
stress_natural,cdf_pacbayes,0.95,1.0,128,20000,500,0,0,,,,,,,,,0.0,0.0,0.007624618530903363,0.0,0.0,0.007624618530903363
stress_natural,cdf_pacbayes,0.95,1.0,128,50000,500,0,0,,,,,,,,,0.0,0.0,0.007624618530903363,0.0,0.0,0.007624618530903363
stress_natural,cdf_pacbayes,0.99,0.2,32,2000,500,0,0,,,,,,,,,0.0,0.0,0.007624618530903363,0.0,0.0,0.007624618530903363
stress_natural,cdf_pacbayes,0.99,0.2,32,5000,500,0,0,,,,,,,,,0.0,0.0,0.007624618530903363,0.0,0.0,0.007624618530903363
stress_natural,cdf_pacbayes,0.99,0.2,32,10000,500,0,0,,,,,,,,,0.0,0.0,0.007624618530903363,0.0,0.0,0.007624618530903363
stress_natural,cdf_pacbayes,0.99,0.2,32,20000,500,0,0,,,,,,,,,0.0,0.0,0.007624618530903363,0.0,0.0,0.007624618530903363
stress_natural,cdf_pacbayes,0.99,0.2,32,50000,500,0,0,,,,,,,,,0.0,0.0,0.007624618530903363,0.0,0.0,0.007624618530903363
stress_natural,cdf_pacbayes,0.99,0.2,128,2000,500,0,0,,,,,,,,,0.0,0.0,0.007624618530903363,0.0,0.0,0.007624618530903363
stress_natural,cdf_pacbayes,0.99,0.2,128,5000,500,0,0,,,,,,,,,0.0,0.0,0.007624618530903363,0.0,0.0,0.007624618530903363
stress_natural,cdf_pacbayes,0.99,0.2,128,10000,500,0,0,,,,,,,,,0.0,0.0,0.007624618530903363,0.0,0.0,0.007624618530903363
stress_natural,cdf_pacbayes,0.99,0.2,128,20000,500,0,0,,,,,,,,,0.0,0.0,0.007624618530903363,0.0,0.0,0.007624618530903363
stress_natural,cdf_pacbayes,0.99,0.2,128,50000,500,0,0,,,,,,,,,0.0,0.0,0.007624618530903363,0.0,0.0,0.007624618530903363
stress_natural,cdf_pacbayes,0.99,0.5,32,2000,500,0,0,,,,,,,,,0.0,0.0,0.007624618530903363,0.0,0.0,0.007624618530903363
stress_natural,cdf_pacbayes,0.99,0.5,32,5000,500,0,0,,,,,,,,,0.0,0.0,0.007624618530903363,0.0,0.0,0.007624618530903363
stress_natural,cdf_pacbayes,0.99,0.5,32,10000,500,0,0,,,,,,,,,0.0,0.0,0.007624618530903363,0.0,0.0,0.007624618530903363
stress_natural,cdf_pacbayes,0.99,0.5,32,20000,500,0,0,,,,,,,,,0.0,0.0,0.007624618530903363,0.0,0.0,0.007624618530903363
stress_natural,cdf_pacbayes,0.99,0.5,32,50000,500,0,0,,,,,,,,,0.0,0.0,0.007624618530903363,0.0,0.0,0.007624618530903363
stress_natural,cdf_pacbayes,0.99,0.5,128,2000,500,0,0,,,,,,,,,0.0,0.0,0.007624618530903363,0.0,0.0,0.007624618530903363
stress_natural,cdf_pacbayes,0.99,0.5,128,5000,500,0,0,,,,,,,,,0.0,0.0,0.007624618530903363,0.0,0.0,0.007624618530903363
stress_natural,cdf_pacbayes,0.99,0.5,128,10000,500,0,0,,,,,,,,,0.0,0.0,0.007624618530903363,0.0,0.0,0.007624618530903363
stress_natural,cdf_pacbayes,0.99,0.5,128,20000,500,0,0,,,,,,,,,0.0,0.0,0.007624618530903363,0.0,0.0,0.007624618530903363
stress_natural,cdf_pacbayes,0.99,0.5,128,50000,500,0,0,,,,,,,,,0.0,0.0,0.007624618530903363,0.0,0.0,0.007624618530903363
stress_natural,cdf_pacbayes,0.99,1.0,32,2000,500,0,0,,,,,,,,,0.0,0.0,0.007624618530903363,0.0,0.0,0.007624618530903363
stress_natural,cdf_pacbayes,0.99,1.0,32,5000,500,0,0,,,,,,,,,0.0,0.0,0.007624618530903363,0.0,0.0,0.007624618530903363
stress_natural,cdf_pacbayes,0.99,1.0,32,10000,500,0,0,,,,,,,,,0.0,0.0,0.007624618530903363,0.0,0.0,0.007624618530903363
stress_natural,cdf_pacbayes,0.99,1.0,32,20000,500,0,0,,,,,,,,,0.0,0.0,0.007624618530903363,0.0,0.0,0.007624618530903363
stress_natural,cdf_pacbayes,0.99,1.0,32,50000,500,0,0,,,,,,,,,0.0,0.0,0.007624618530903363,0.0,0.0,0.007624618530903363
stress_natural,cdf_pacbayes,0.99,1.0,128,2000,500,0,0,,,,,,,,,0.0,0.0,0.007624618530903363,0.0,0.0,0.007624618530903363
stress_natural,cdf_pacbayes,0.99,1.0,128,5000,500,0,0,,,,,,,,,0.0,0.0,0.007624618530903363,0.0,0.0,0.007624618530903363
stress_natural,cdf_pacbayes,0.99,1.0,128,10000,500,0,0,,,,,,,,,0.0,0.0,0.007624618530903363,0.0,0.0,0.007624618530903363
stress_natural,cdf_pacbayes,0.99,1.0,128,20000,500,0,0,,,,,,,,,0.0,0.0,0.007624618530903363,0.0,0.0,0.007624618530903363
stress_natural,cdf_pacbayes,0.99,1.0,128,50000,500,0,0,,,,,,,,,0.0,0.0,0.007624618530903363,0.0,0.0,0.007624618530903363
stress_natural,exc_betting,0.9,0.2,32,2000,500,0,0,,,,,,,,,0.0,0.0,0.007624618530903363,0.0,0.0,0.007624618530903363
stress_natural,exc_betting,0.9,0.2,32,5000,500,0,0,,,,,,,,,0.0,0.0,0.007624618530903363,0.0,0.0,0.007624618530903363
stress_natural,exc_betting,0.9,0.2,32,10000,500,0,0,,,,,,,,,0.0,0.0,0.007624618530903363,0.0,0.0,0.007624618530903363
stress_natural,exc_betting,0.9,0.2,32,20000,500,0,0,,,,,,,,,0.0,0.0,0.007624618530903363,0.0,0.0,0.007624618530903363
stress_natural,exc_betting,0.9,0.2,32,50000,500,0,0,,,,,,,,,0.0,0.0,0.007624618530903363,0.0,0.0,0.007624618530903363
stress_natural,exc_betting,0.9,0.2,128,2000,500,0,0,,,,,,,,,0.0,0.0,0.007624618530903363,0.0,0.0,0.007624618530903363
stress_natural,exc_betting,0.9,0.2,128,5000,500,0,0,,,,,,,,,0.0,0.0,0.007624618530903363,0.0,0.0,0.007624618530903363
stress_natural,exc_betting,0.9,0.2,128,10000,500,0,0,,,,,,,,,0.0,0.0,0.007624618530903363,0.0,0.0,0.007624618530903363
stress_natural,exc_betting,0.9,0.2,128,20000,500,0,0,,,,,,,,,0.0,0.0,0.007624618530903363,0.0,0.0,0.007624618530903363
stress_natural,exc_betting,0.9,0.2,128,50000,500,0,0,,,,,,,,,0.0,0.0,0.007624618530903363,0.0,0.0,0.007624618530903363
stress_natural,exc_betting,0.9,0.5,32,2000,500,0,0,,,,,,,,,0.0,0.0,0.007624618530903363,0.0,0.0,0.007624618530903363
stress_natural,exc_betting,0.9,0.5,32,5000,500,0,0,,,,,,,,,0.0,0.0,0.007624618530903363,0.0,0.0,0.007624618530903363
stress_natural,exc_betting,0.9,0.5,32,10000,500,0,0,,,,,,,,,0.0,0.0,0.007624618530903363,0.0,0.0,0.007624618530903363
stress_natural,exc_betting,0.9,0.5,32,20000,500,0,0,,,,,,,,,0.0,0.0,0.007624618530903363,0.0,0.0,0.007624618530903363
stress_natural,exc_betting,0.9,0.5,32,50000,500,0,0,,,,,,,,,0.0,0.0,0.007624618530903363,0.0,0.0,0.007624618530903363
stress_natural,exc_betting,0.9,0.5,128,2000,500,0,0,,,,,,,,,0.0,0.0,0.007624618530903363,0.0,0.0,0.007624618530903363
stress_natural,exc_betting,0.9,0.5,128,5000,500,0,0,,,,,,,,,0.0,0.0,0.007624618530903363,0.0,0.0,0.007624618530903363
stress_natural,exc_betting,0.9,0.5,128,10000,500,0,0,,,,,,,,,0.0,0.0,0.007624618530903363,0.0,0.0,0.007624618530903363
stress_natural,exc_betting,0.9,0.5,128,20000,500,0,0,,,,,,,,,0.0,0.0,0.007624618530903363,0.0,0.0,0.007624618530903363
stress_natural,exc_betting,0.9,0.5,128,50000,500,0,0,,,,,,,,,0.0,0.0,0.007624618530903363,0.0,0.0,0.007624618530903363
stress_natural,exc_betting,0.9,1.0,32,2000,500,0,0,,,,,,,,,0.0,0.0,0.007624618530903363,0.0,0.0,0.007624618530903363
stress_natural,exc_betting,0.9,1.0,32,5000,500,0,0,,,,,,,,,0.0,0.0,0.007624618530903363,0.0,0.0,0.007624618530903363
stress_natural,exc_betting,0.9,1.0,32,10000,500,0,0,,,,,,,,,0.0,0.0,0.007624618530903363,0.0,0.0,0.007624618530903363
stress_natural,exc_betting,0.9,1.0,32,20000,500,0,0,,,,,,,,,0.0,0.0,0.007624618530903363,0.0,0.0,0.007624618530903363
stress_natural,exc_betting,0.9,1.0,32,50000,500,0,0,,,,,,,,,0.0,0.0,0.007624618530903363,0.0,0.0,0.007624618530903363
stress_natural,exc_betting,0.9,1.0,128,2000,500,0,0,,,,,,,,,0.0,0.0,0.007624618530903363,0.0,0.0,0.007624618530903363
stress_natural,exc_betting,0.9,1.0,128,5000,500,0,0,,,,,,,,,0.0,0.0,0.007624618530903363,0.0,0.0,0.007624618530903363
stress_natural,exc_betting,0.9,1.0,128,10000,500,0,0,,,,,,,,,0.0,0.0,0.007624618530903363,0.0,0.0,0.007624618530903363
stress_natural,exc_betting,0.9,1.0,128,20000,500,0,0,,,,,,,,,0.0,0.0,0.007624618530903363,0.0,0.0,0.007624618530903363
stress_natural,exc_betting,0.9,1.0,128,50000,500,0,0,,,,,,,,,0.0,0.0,0.007624618530903363,0.0,0.0,0.007624618530903363
stress_natural,exc_betting,0.95,0.2,32,2000,500,0,0,,,,,,,,,0.0,0.0,0.007624618530903363,0.0,0.0,0.007624618530903363
stress_natural,exc_betting,0.95,0.2,32,5000,500,0,0,,,,,,,,,0.0,0.0,0.007624618530903363,0.0,0.0,0.007624618530903363
stress_natural,exc_betting,0.95,0.2,32,10000,500,0,0,,,,,,,,,0.0,0.0,0.007624618530903363,0.0,0.0,0.007624618530903363
stress_natural,exc_betting,0.95,0.2,32,20000,500,0,0,,,,,,,,,0.0,0.0,0.007624618530903363,0.0,0.0,0.007624618530903363
stress_natural,exc_betting,0.95,0.2,32,50000,500,0,0,,,,,,,,,0.0,0.0,0.007624618530903363,0.0,0.0,0.007624618530903363
stress_natural,exc_betting,0.95,0.2,128,2000,500,0,0,,,,,,,,,0.0,0.0,0.007624618530903363,0.0,0.0,0.007624618530903363
stress_natural,exc_betting,0.95,0.2,128,5000,500,0,0,,,,,,,,,0.0,0.0,0.007624618530903363,0.0,0.0,0.007624618530903363
stress_natural,exc_betting,0.95,0.2,128,10000,500,0,0,,,,,,,,,0.0,0.0,0.007624618530903363,0.0,0.0,0.007624618530903363
stress_natural,exc_betting,0.95,0.2,128,20000,500,0,0,,,,,,,,,0.0,0.0,0.007624618530903363,0.0,0.0,0.007624618530903363
stress_natural,exc_betting,0.95,0.2,128,50000,500,0,0,,,,,,,,,0.0,0.0,0.007624618530903363,0.0,0.0,0.007624618530903363
stress_natural,exc_betting,0.95,0.5,32,2000,500,0,0,,,,,,,,,0.0,0.0,0.007624618530903363,0.0,0.0,0.007624618530903363
stress_natural,exc_betting,0.95,0.5,32,5000,500,0,0,,,,,,,,,0.0,0.0,0.007624618530903363,0.0,0.0,0.007624618530903363
stress_natural,exc_betting,0.95,0.5,32,10000,500,0,0,,,,,,,,,0.0,0.0,0.007624618530903363,0.0,0.0,0.007624618530903363
stress_natural,exc_betting,0.95,0.5,32,20000,500,0,0,,,,,,,,,0.0,0.0,0.007624618530903363,0.0,0.0,0.007624618530903363
stress_natural,exc_betting,0.95,0.5,32,50000,500,0,0,,,,,,,,,0.0,0.0,0.007624618530903363,0.0,0.0,0.007624618530903363
stress_natural,exc_betting,0.95,0.5,128,2000,500,0,0,,,,,,,,,0.0,0.0,0.007624618530903363,0.0,0.0,0.007624618530903363
stress_natural,exc_betting,0.95,0.5,128,5000,500,0,0,,,,,,,,,0.0,0.0,0.007624618530903363,0.0,0.0,0.007624618530903363
stress_natural,exc_betting,0.95,0.5,128,10000,500,0,0,,,,,,,,,0.0,0.0,0.007624618530903363,0.0,0.0,0.007624618530903363
stress_natural,exc_betting,0.95,0.5,128,20000,500,0,0,,,,,,,,,0.0,0.0,0.007624618530903363,0.0,0.0,0.007624618530903363
stress_natural,exc_betting,0.95,0.5,128,50000,500,0,0,,,,,,,,,0.0,0.0,0.007624618530903363,0.0,0.0,0.007624618530903363
stress_natural,exc_betting,0.95,1.0,32,2000,500,0,0,,,,,,,,,0.0,0.0,0.007624618530903363,0.0,0.0,0.007624618530903363
stress_natural,exc_betting,0.95,1.0,32,5000,500,0,0,,,,,,,,,0.0,0.0,0.007624618530903363,0.0,0.0,0.007624618530903363
stress_natural,exc_betting,0.95,1.0,32,10000,500,0,0,,,,,,,,,0.0,0.0,0.007624618530903363,0.0,0.0,0.007624618530903363
stress_natural,exc_betting,0.95,1.0,32,20000,500,0,0,,,,,,,,,0.0,0.0,0.007624618530903363,0.0,0.0,0.007624618530903363
stress_natural,exc_betting,0.95,1.0,32,50000,500,0,0,,,,,,,,,0.0,0.0,0.007624618530903363,0.0,0.0,0.007624618530903363
stress_natural,exc_betting,0.95,1.0,128,2000,500,0,0,,,,,,,,,0.0,0.0,0.007624618530903363,0.0,0.0,0.007624618530903363
stress_natural,exc_betting,0.95,1.0,128,5000,500,0,0,,,,,,,,,0.0,0.0,0.007624618530903363,0.0,0.0,0.007624618530903363
stress_natural,exc_betting,0.95,1.0,128,10000,500,0,0,,,,,,,,,0.0,0.0,0.007624618530903363,0.0,0.0,0.007624618530903363
stress_natural,exc_betting,0.95,1.0,128,20000,500,0,0,,,,,,,,,0.0,0.0,0.007624618530903363,0.0,0.0,0.007624618530903363
stress_natural,exc_betting,0.95,1.0,128,50000,500,0,0,,,,,,,,,0.0,0.0,0.007624618530903363,0.0,0.0,0.007624618530903363
stress_natural,exc_betting,0.99,0.2,32,2000,500,0,0,,,,,,,,,0.0,0.0,0.007624618530903363,0.0,0.0,0.007624618530903363
stress_natural,exc_betting,0.99,0.2,32,5000,500,0,0,,,,,,,,,0.0,0.0,0.007624618530903363,0.0,0.0,0.007624618530903363
stress_natural,exc_betting,0.99,0.2,32,10000,500,0,0,,,,,,,,,0.0,0.0,0.007624618530903363,0.0,0.0,0.007624618530903363
stress_natural,exc_betting,0.99,0.2,32,20000,500,0,0,,,,,,,,,0.0,0.0,0.007624618530903363,0.0,0.0,0.007624618530903363
stress_natural,exc_betting,0.99,0.2,32,50000,500,0,0,,,,,,,,,0.0,0.0,0.007624618530903363,0.0,0.0,0.007624618530903363
stress_natural,exc_betting,0.99,0.2,128,2000,500,0,0,,,,,,,,,0.0,0.0,0.007624618530903363,0.0,0.0,0.007624618530903363
stress_natural,exc_betting,0.99,0.2,128,5000,500,0,0,,,,,,,,,0.0,0.0,0.007624618530903363,0.0,0.0,0.007624618530903363
stress_natural,exc_betting,0.99,0.2,128,10000,500,0,0,,,,,,,,,0.0,0.0,0.007624618530903363,0.0,0.0,0.007624618530903363
stress_natural,exc_betting,0.99,0.2,128,20000,500,0,0,,,,,,,,,0.0,0.0,0.007624618530903363,0.0,0.0,0.007624618530903363
stress_natural,exc_betting,0.99,0.2,128,50000,500,0,0,,,,,,,,,0.0,0.0,0.007624618530903363,0.0,0.0,0.007624618530903363
stress_natural,exc_betting,0.99,0.5,32,2000,500,0,0,,,,,,,,,0.0,0.0,0.007624618530903363,0.0,0.0,0.007624618530903363
stress_natural,exc_betting,0.99,0.5,32,5000,500,0,0,,,,,,,,,0.0,0.0,0.007624618530903363,0.0,0.0,0.007624618530903363
stress_natural,exc_betting,0.99,0.5,32,10000,500,0,0,,,,,,,,,0.0,0.0,0.007624618530903363,0.0,0.0,0.007624618530903363
stress_natural,exc_betting,0.99,0.5,32,20000,500,0,0,,,,,,,,,0.0,0.0,0.007624618530903363,0.0,0.0,0.007624618530903363
stress_natural,exc_betting,0.99,0.5,32,50000,500,0,0,,,,,,,,,0.0,0.0,0.007624618530903363,0.0,0.0,0.007624618530903363
stress_natural,exc_betting,0.99,0.5,128,2000,500,0,0,,,,,,,,,0.0,0.0,0.007624618530903363,0.0,0.0,0.007624618530903363
stress_natural,exc_betting,0.99,0.5,128,5000,500,0,0,,,,,,,,,0.0,0.0,0.007624618530903363,0.0,0.0,0.007624618530903363
stress_natural,exc_betting,0.99,0.5,128,10000,500,0,0,,,,,,,,,0.0,0.0,0.007624618530903363,0.0,0.0,0.007624618530903363
stress_natural,exc_betting,0.99,0.5,128,20000,500,0,0,,,,,,,,,0.0,0.0,0.007624618530903363,0.0,0.0,0.007624618530903363
stress_natural,exc_betting,0.99,0.5,128,50000,500,0,0,,,,,,,,,0.0,0.0,0.007624618530903363,0.0,0.0,0.007624618530903363
stress_natural,exc_betting,0.99,1.0,32,2000,500,0,0,,,,,,,,,0.0,0.0,0.007624618530903363,0.0,0.0,0.007624618530903363
stress_natural,exc_betting,0.99,1.0,32,5000,500,0,0,,,,,,,,,0.0,0.0,0.007624618530903363,0.0,0.0,0.007624618530903363
stress_natural,exc_betting,0.99,1.0,32,10000,500,0,0,,,,,,,,,0.0,0.0,0.007624618530903363,0.0,0.0,0.007624618530903363
stress_natural,exc_betting,0.99,1.0,32,20000,500,0,0,,,,,,,,,0.0,0.0,0.007624618530903363,0.0,0.0,0.007624618530903363
stress_natural,exc_betting,0.99,1.0,32,50000,500,0,0,,,,,,,,,0.0,0.0,0.007624618530903363,0.0,0.0,0.007624618530903363
stress_natural,exc_betting,0.99,1.0,128,2000,500,0,0,,,,,,,,,0.0,0.0,0.007624618530903363,0.0,0.0,0.007624618530903363
stress_natural,exc_betting,0.99,1.0,128,5000,500,0,0,,,,,,,,,0.0,0.0,0.007624618530903363,0.0,0.0,0.007624618530903363
stress_natural,exc_betting,0.99,1.0,128,10000,500,0,0,,,,,,,,,0.0,0.0,0.007624618530903363,0.0,0.0,0.007624618530903363
stress_natural,exc_betting,0.99,1.0,128,20000,500,0,0,,,,,,,,,0.0,0.0,0.007624618530903363,0.0,0.0,0.007624618530903363
stress_natural,exc_betting,0.99,1.0,128,50000,500,0,0,,,,,,,,,0.0,0.0,0.007624618530903363,0.0,0.0,0.007624618530903363
stress_natural,exc_empbernstein,0.9,0.2,32,2000,500,0,0,,,,,,,,,0.0,0.0,0.007624618530903363,0.0,0.0,0.007624618530903363
stress_natural,exc_empbernstein,0.9,0.2,32,5000,500,0,0,,,,,,,,,0.0,0.0,0.007624618530903363,0.0,0.0,0.007624618530903363
stress_natural,exc_empbernstein,0.9,0.2,32,10000,500,0,0,,,,,,,,,0.0,0.0,0.007624618530903363,0.0,0.0,0.007624618530903363
stress_natural,exc_empbernstein,0.9,0.2,32,20000,500,0,0,,,,,,,,,0.0,0.0,0.007624618530903363,0.0,0.0,0.007624618530903363
stress_natural,exc_empbernstein,0.9,0.2,32,50000,500,0,0,,,,,,,,,0.0,0.0,0.007624618530903363,0.0,0.0,0.007624618530903363
stress_natural,exc_empbernstein,0.9,0.2,128,2000,500,0,0,,,,,,,,,0.0,0.0,0.007624618530903363,0.0,0.0,0.007624618530903363
stress_natural,exc_empbernstein,0.9,0.2,128,5000,500,0,0,,,,,,,,,0.0,0.0,0.007624618530903363,0.0,0.0,0.007624618530903363
stress_natural,exc_empbernstein,0.9,0.2,128,10000,500,0,0,,,,,,,,,0.0,0.0,0.007624618530903363,0.0,0.0,0.007624618530903363
stress_natural,exc_empbernstein,0.9,0.2,128,20000,500,0,0,,,,,,,,,0.0,0.0,0.007624618530903363,0.0,0.0,0.007624618530903363
stress_natural,exc_empbernstein,0.9,0.2,128,50000,500,0,0,,,,,,,,,0.0,0.0,0.007624618530903363,0.0,0.0,0.007624618530903363
stress_natural,exc_empbernstein,0.9,0.5,32,2000,500,0,0,,,,,,,,,0.0,0.0,0.007624618530903363,0.0,0.0,0.007624618530903363
stress_natural,exc_empbernstein,0.9,0.5,32,5000,500,0,0,,,,,,,,,0.0,0.0,0.007624618530903363,0.0,0.0,0.007624618530903363
stress_natural,exc_empbernstein,0.9,0.5,32,10000,500,0,0,,,,,,,,,0.0,0.0,0.007624618530903363,0.0,0.0,0.007624618530903363
stress_natural,exc_empbernstein,0.9,0.5,32,20000,500,0,0,,,,,,,,,0.0,0.0,0.007624618530903363,0.0,0.0,0.007624618530903363
stress_natural,exc_empbernstein,0.9,0.5,32,50000,500,0,0,,,,,,,,,0.0,0.0,0.007624618530903363,0.0,0.0,0.007624618530903363
stress_natural,exc_empbernstein,0.9,0.5,128,2000,500,0,0,,,,,,,,,0.0,0.0,0.007624618530903363,0.0,0.0,0.007624618530903363
stress_natural,exc_empbernstein,0.9,0.5,128,5000,500,0,0,,,,,,,,,0.0,0.0,0.007624618530903363,0.0,0.0,0.007624618530903363
stress_natural,exc_empbernstein,0.9,0.5,128,10000,500,0,0,,,,,,,,,0.0,0.0,0.007624618530903363,0.0,0.0,0.007624618530903363
stress_natural,exc_empbernstein,0.9,0.5,128,20000,500,0,0,,,,,,,,,0.0,0.0,0.007624618530903363,0.0,0.0,0.007624618530903363
stress_natural,exc_empbernstein,0.9,0.5,128,50000,500,0,0,,,,,,,,,0.0,0.0,0.007624618530903363,0.0,0.0,0.007624618530903363
stress_natural,exc_empbernstein,0.9,1.0,32,2000,500,0,0,,,,,,,,,0.0,0.0,0.007624618530903363,0.0,0.0,0.007624618530903363
stress_natural,exc_empbernstein,0.9,1.0,32,5000,500,0,0,,,,,,,,,0.0,0.0,0.007624618530903363,0.0,0.0,0.007624618530903363
stress_natural,exc_empbernstein,0.9,1.0,32,10000,500,0,0,,,,,,,,,0.0,0.0,0.007624618530903363,0.0,0.0,0.007624618530903363
stress_natural,exc_empbernstein,0.9,1.0,32,20000,500,0,0,,,,,,,,,0.0,0.0,0.007624618530903363,0.0,0.0,0.007624618530903363
stress_natural,exc_empbernstein,0.9,1.0,32,50000,500,0,0,,,,,,,,,0.0,0.0,0.007624618530903363,0.0,0.0,0.007624618530903363
stress_natural,exc_empbernstein,0.9,1.0,128,2000,500,0,0,,,,,,,,,0.0,0.0,0.007624618530903363,0.0,0.0,0.007624618530903363
stress_natural,exc_empbernstein,0.9,1.0,128,5000,500,0,0,,,,,,,,,0.0,0.0,0.007624618530903363,0.0,0.0,0.007624618530903363
stress_natural,exc_empbernstein,0.9,1.0,128,10000,500,0,0,,,,,,,,,0.0,0.0,0.007624618530903363,0.0,0.0,0.007624618530903363
stress_natural,exc_empbernstein,0.9,1.0,128,20000,500,0,0,,,,,,,,,0.0,0.0,0.007624618530903363,0.0,0.0,0.007624618530903363
stress_natural,exc_empbernstein,0.9,1.0,128,50000,500,0,0,,,,,,,,,0.0,0.0,0.007624618530903363,0.0,0.0,0.007624618530903363
stress_natural,exc_empbernstein,0.95,0.2,32,2000,500,0,0,,,,,,,,,0.0,0.0,0.007624618530903363,0.0,0.0,0.007624618530903363
stress_natural,exc_empbernstein,0.95,0.2,32,5000,500,0,0,,,,,,,,,0.0,0.0,0.007624618530903363,0.0,0.0,0.007624618530903363
stress_natural,exc_empbernstein,0.95,0.2,32,10000,500,0,0,,,,,,,,,0.0,0.0,0.007624618530903363,0.0,0.0,0.007624618530903363
stress_natural,exc_empbernstein,0.95,0.2,32,20000,500,0,0,,,,,,,,,0.0,0.0,0.007624618530903363,0.0,0.0,0.007624618530903363
stress_natural,exc_empbernstein,0.95,0.2,32,50000,500,0,0,,,,,,,,,0.0,0.0,0.007624618530903363,0.0,0.0,0.007624618530903363
stress_natural,exc_empbernstein,0.95,0.2,128,2000,500,0,0,,,,,,,,,0.0,0.0,0.007624618530903363,0.0,0.0,0.007624618530903363
stress_natural,exc_empbernstein,0.95,0.2,128,5000,500,0,0,,,,,,,,,0.0,0.0,0.007624618530903363,0.0,0.0,0.007624618530903363
stress_natural,exc_empbernstein,0.95,0.2,128,10000,500,0,0,,,,,,,,,0.0,0.0,0.007624618530903363,0.0,0.0,0.007624618530903363
stress_natural,exc_empbernstein,0.95,0.2,128,20000,500,0,0,,,,,,,,,0.0,0.0,0.007624618530903363,0.0,0.0,0.007624618530903363
stress_natural,exc_empbernstein,0.95,0.2,128,50000,500,0,0,,,,,,,,,0.0,0.0,0.007624618530903363,0.0,0.0,0.007624618530903363
stress_natural,exc_empbernstein,0.95,0.5,32,2000,500,0,0,,,,,,,,,0.0,0.0,0.007624618530903363,0.0,0.0,0.007624618530903363
stress_natural,exc_empbernstein,0.95,0.5,32,5000,500,0,0,,,,,,,,,0.0,0.0,0.007624618530903363,0.0,0.0,0.007624618530903363
stress_natural,exc_empbernstein,0.95,0.5,32,10000,500,0,0,,,,,,,,,0.0,0.0,0.007624618530903363,0.0,0.0,0.007624618530903363
stress_natural,exc_empbernstein,0.95,0.5,32,20000,500,0,0,,,,,,,,,0.0,0.0,0.007624618530903363,0.0,0.0,0.007624618530903363
stress_natural,exc_empbernstein,0.95,0.5,32,50000,500,0,0,,,,,,,,,0.0,0.0,0.007624618530903363,0.0,0.0,0.007624618530903363
stress_natural,exc_empbernstein,0.95,0.5,128,2000,500,0,0,,,,,,,,,0.0,0.0,0.007624618530903363,0.0,0.0,0.007624618530903363
stress_natural,exc_empbernstein,0.95,0.5,128,5000,500,0,0,,,,,,,,,0.0,0.0,0.007624618530903363,0.0,0.0,0.007624618530903363
stress_natural,exc_empbernstein,0.95,0.5,128,10000,500,0,0,,,,,,,,,0.0,0.0,0.007624618530903363,0.0,0.0,0.007624618530903363
stress_natural,exc_empbernstein,0.95,0.5,128,20000,500,0,0,,,,,,,,,0.0,0.0,0.007624618530903363,0.0,0.0,0.007624618530903363
stress_natural,exc_empbernstein,0.95,0.5,128,50000,500,0,0,,,,,,,,,0.0,0.0,0.007624618530903363,0.0,0.0,0.007624618530903363
stress_natural,exc_empbernstein,0.95,1.0,32,2000,500,0,0,,,,,,,,,0.0,0.0,0.007624618530903363,0.0,0.0,0.007624618530903363
stress_natural,exc_empbernstein,0.95,1.0,32,5000,500,0,0,,,,,,,,,0.0,0.0,0.007624618530903363,0.0,0.0,0.007624618530903363
stress_natural,exc_empbernstein,0.95,1.0,32,10000,500,0,0,,,,,,,,,0.0,0.0,0.007624618530903363,0.0,0.0,0.007624618530903363
stress_natural,exc_empbernstein,0.95,1.0,32,20000,500,0,0,,,,,,,,,0.0,0.0,0.007624618530903363,0.0,0.0,0.007624618530903363
stress_natural,exc_empbernstein,0.95,1.0,32,50000,500,0,0,,,,,,,,,0.0,0.0,0.007624618530903363,0.0,0.0,0.007624618530903363
stress_natural,exc_empbernstein,0.95,1.0,128,2000,500,0,0,,,,,,,,,0.0,0.0,0.007624618530903363,0.0,0.0,0.007624618530903363
stress_natural,exc_empbernstein,0.95,1.0,128,5000,500,0,0,,,,,,,,,0.0,0.0,0.007624618530903363,0.0,0.0,0.007624618530903363
stress_natural,exc_empbernstein,0.95,1.0,128,10000,500,0,0,,,,,,,,,0.0,0.0,0.007624618530903363,0.0,0.0,0.007624618530903363
stress_natural,exc_empbernstein,0.95,1.0,128,20000,500,0,0,,,,,,,,,0.0,0.0,0.007624618530903363,0.0,0.0,0.007624618530903363
stress_natural,exc_empbernstein,0.95,1.0,128,50000,500,0,0,,,,,,,,,0.0,0.0,0.007624618530903363,0.0,0.0,0.007624618530903363
stress_natural,exc_empbernstein,0.99,0.2,32,2000,500,0,0,,,,,,,,,0.0,0.0,0.007624618530903363,0.0,0.0,0.007624618530903363
stress_natural,exc_empbernstein,0.99,0.2,32,5000,500,0,0,,,,,,,,,0.0,0.0,0.007624618530903363,0.0,0.0,0.007624618530903363
stress_natural,exc_empbernstein,0.99,0.2,32,10000,500,0,0,,,,,,,,,0.0,0.0,0.007624618530903363,0.0,0.0,0.007624618530903363
stress_natural,exc_empbernstein,0.99,0.2,32,20000,500,0,0,,,,,,,,,0.0,0.0,0.007624618530903363,0.0,0.0,0.007624618530903363
stress_natural,exc_empbernstein,0.99,0.2,32,50000,500,0,0,,,,,,,,,0.0,0.0,0.007624618530903363,0.0,0.0,0.007624618530903363
stress_natural,exc_empbernstein,0.99,0.2,128,2000,500,0,0,,,,,,,,,0.0,0.0,0.007624618530903363,0.0,0.0,0.007624618530903363
stress_natural,exc_empbernstein,0.99,0.2,128,5000,500,0,0,,,,,,,,,0.0,0.0,0.007624618530903363,0.0,0.0,0.007624618530903363
stress_natural,exc_empbernstein,0.99,0.2,128,10000,500,0,0,,,,,,,,,0.0,0.0,0.007624618530903363,0.0,0.0,0.007624618530903363
stress_natural,exc_empbernstein,0.99,0.2,128,20000,500,0,0,,,,,,,,,0.0,0.0,0.007624618530903363,0.0,0.0,0.007624618530903363
stress_natural,exc_empbernstein,0.99,0.2,128,50000,500,0,0,,,,,,,,,0.0,0.0,0.007624618530903363,0.0,0.0,0.007624618530903363
stress_natural,exc_empbernstein,0.99,0.5,32,2000,500,0,0,,,,,,,,,0.0,0.0,0.007624618530903363,0.0,0.0,0.007624618530903363
stress_natural,exc_empbernstein,0.99,0.5,32,5000,500,0,0,,,,,,,,,0.0,0.0,0.007624618530903363,0.0,0.0,0.007624618530903363
stress_natural,exc_empbernstein,0.99,0.5,32,10000,500,0,0,,,,,,,,,0.0,0.0,0.007624618530903363,0.0,0.0,0.007624618530903363
stress_natural,exc_empbernstein,0.99,0.5,32,20000,500,0,0,,,,,,,,,0.0,0.0,0.007624618530903363,0.0,0.0,0.007624618530903363
stress_natural,exc_empbernstein,0.99,0.5,32,50000,500,0,0,,,,,,,,,0.0,0.0,0.007624618530903363,0.0,0.0,0.007624618530903363
stress_natural,exc_empbernstein,0.99,0.5,128,2000,500,0,0,,,,,,,,,0.0,0.0,0.007624618530903363,0.0,0.0,0.007624618530903363
stress_natural,exc_empbernstein,0.99,0.5,128,5000,500,0,0,,,,,,,,,0.0,0.0,0.007624618530903363,0.0,0.0,0.007624618530903363
stress_natural,exc_empbernstein,0.99,0.5,128,10000,500,0,0,,,,,,,,,0.0,0.0,0.007624618530903363,0.0,0.0,0.007624618530903363
stress_natural,exc_empbernstein,0.99,0.5,128,20000,500,0,0,,,,,,,,,0.0,0.0,0.007624618530903363,0.0,0.0,0.007624618530903363
stress_natural,exc_empbernstein,0.99,0.5,128,50000,500,0,0,,,,,,,,,0.0,0.0,0.007624618530903363,0.0,0.0,0.007624618530903363
stress_natural,exc_empbernstein,0.99,1.0,32,2000,500,0,0,,,,,,,,,0.0,0.0,0.007624618530903363,0.0,0.0,0.007624618530903363
stress_natural,exc_empbernstein,0.99,1.0,32,5000,500,0,0,,,,,,,,,0.0,0.0,0.007624618530903363,0.0,0.0,0.007624618530903363
stress_natural,exc_empbernstein,0.99,1.0,32,10000,500,0,0,,,,,,,,,0.0,0.0,0.007624618530903363,0.0,0.0,0.007624618530903363
stress_natural,exc_empbernstein,0.99,1.0,32,20000,500,0,0,,,,,,,,,0.0,0.0,0.007624618530903363,0.0,0.0,0.007624618530903363
stress_natural,exc_empbernstein,0.99,1.0,32,50000,500,0,0,,,,,,,,,0.0,0.0,0.007624618530903363,0.0,0.0,0.007624618530903363
stress_natural,exc_empbernstein,0.99,1.0,128,2000,500,0,0,,,,,,,,,0.0,0.0,0.007624618530903363,0.0,0.0,0.007624618530903363
stress_natural,exc_empbernstein,0.99,1.0,128,5000,500,0,0,,,,,,,,,0.0,0.0,0.007624618530903363,0.0,0.0,0.007624618530903363
stress_natural,exc_empbernstein,0.99,1.0,128,10000,500,0,0,,,,,,,,,0.0,0.0,0.007624618530903363,0.0,0.0,0.007624618530903363
stress_natural,exc_empbernstein,0.99,1.0,128,20000,500,0,0,,,,,,,,,0.0,0.0,0.007624618530903363,0.0,0.0,0.007624618530903363
stress_natural,exc_empbernstein,0.99,1.0,128,50000,500,0,0,,,,,,,,,0.0,0.0,0.007624618530903363,0.0,0.0,0.007624618530903363
stress_natural,exceedance,0.9,0.2,32,2000,500,0,0,,,,,,,,,0.0,0.0,0.007624618530903363,0.0,0.0,0.007624618530903363
stress_natural,exceedance,0.9,0.2,32,5000,500,0,0,,,,,,,,,0.0,0.0,0.007624618530903363,0.0,0.0,0.007624618530903363
stress_natural,exceedance,0.9,0.2,32,10000,500,0,0,,,,,,,,,0.0,0.0,0.007624618530903363,0.0,0.0,0.007624618530903363
stress_natural,exceedance,0.9,0.2,32,20000,500,0,0,,,,,,,,,0.0,0.0,0.007624618530903363,0.0,0.0,0.007624618530903363
stress_natural,exceedance,0.9,0.2,32,50000,500,0,0,,,,,,,,,0.0,0.0,0.007624618530903363,0.0,0.0,0.007624618530903363
stress_natural,exceedance,0.9,0.2,128,2000,500,0,0,,,,,,,,,0.0,0.0,0.007624618530903363,0.0,0.0,0.007624618530903363
stress_natural,exceedance,0.9,0.2,128,5000,500,0,0,,,,,,,,,0.0,0.0,0.007624618530903363,0.0,0.0,0.007624618530903363
stress_natural,exceedance,0.9,0.2,128,10000,500,0,0,,,,,,,,,0.0,0.0,0.007624618530903363,0.0,0.0,0.007624618530903363
stress_natural,exceedance,0.9,0.2,128,20000,500,0,0,,,,,,,,,0.0,0.0,0.007624618530903363,0.0,0.0,0.007624618530903363
stress_natural,exceedance,0.9,0.2,128,50000,500,0,0,,,,,,,,,0.0,0.0,0.007624618530903363,0.0,0.0,0.007624618530903363
stress_natural,exceedance,0.9,0.5,32,2000,500,0,0,,,,,,,,,0.0,0.0,0.007624618530903363,0.0,0.0,0.007624618530903363
stress_natural,exceedance,0.9,0.5,32,5000,500,0,0,,,,,,,,,0.0,0.0,0.007624618530903363,0.0,0.0,0.007624618530903363
stress_natural,exceedance,0.9,0.5,32,10000,500,0,0,,,,,,,,,0.0,0.0,0.007624618530903363,0.0,0.0,0.007624618530903363
stress_natural,exceedance,0.9,0.5,32,20000,500,0,0,,,,,,,,,0.0,0.0,0.007624618530903363,0.0,0.0,0.007624618530903363
stress_natural,exceedance,0.9,0.5,32,50000,500,0,0,,,,,,,,,0.0,0.0,0.007624618530903363,0.0,0.0,0.007624618530903363
stress_natural,exceedance,0.9,0.5,128,2000,500,0,0,,,,,,,,,0.0,0.0,0.007624618530903363,0.0,0.0,0.007624618530903363
stress_natural,exceedance,0.9,0.5,128,5000,500,0,0,,,,,,,,,0.0,0.0,0.007624618530903363,0.0,0.0,0.007624618530903363
stress_natural,exceedance,0.9,0.5,128,10000,500,0,0,,,,,,,,,0.0,0.0,0.007624618530903363,0.0,0.0,0.007624618530903363
stress_natural,exceedance,0.9,0.5,128,20000,500,0,0,,,,,,,,,0.0,0.0,0.007624618530903363,0.0,0.0,0.007624618530903363
stress_natural,exceedance,0.9,0.5,128,50000,500,0,0,,,,,,,,,0.0,0.0,0.007624618530903363,0.0,0.0,0.007624618530903363
stress_natural,exceedance,0.9,1.0,32,2000,500,0,0,,,,,,,,,0.0,0.0,0.007624618530903363,0.0,0.0,0.007624618530903363
stress_natural,exceedance,0.9,1.0,32,5000,500,0,0,,,,,,,,,0.0,0.0,0.007624618530903363,0.0,0.0,0.007624618530903363
stress_natural,exceedance,0.9,1.0,32,10000,500,0,0,,,,,,,,,0.0,0.0,0.007624618530903363,0.0,0.0,0.007624618530903363
stress_natural,exceedance,0.9,1.0,32,20000,500,0,0,,,,,,,,,0.0,0.0,0.007624618530903363,0.0,0.0,0.007624618530903363
stress_natural,exceedance,0.9,1.0,32,50000,500,0,0,,,,,,,,,0.0,0.0,0.007624618530903363,0.0,0.0,0.007624618530903363
stress_natural,exceedance,0.9,1.0,128,2000,500,0,0,,,,,,,,,0.0,0.0,0.007624618530903363,0.0,0.0,0.007624618530903363
stress_natural,exceedance,0.9,1.0,128,5000,500,0,0,,,,,,,,,0.0,0.0,0.007624618530903363,0.0,0.0,0.007624618530903363
stress_natural,exceedance,0.9,1.0,128,10000,500,0,0,,,,,,,,,0.0,0.0,0.007624618530903363,0.0,0.0,0.007624618530903363
stress_natural,exceedance,0.9,1.0,128,20000,500,0,0,,,,,,,,,0.0,0.0,0.007624618530903363,0.0,0.0,0.007624618530903363
stress_natural,exceedance,0.9,1.0,128,50000,500,0,0,,,,,,,,,0.0,0.0,0.007624618530903363,0.0,0.0,0.007624618530903363
stress_natural,exceedance,0.95,0.2,32,2000,500,0,0,,,,,,,,,0.0,0.0,0.007624618530903363,0.0,0.0,0.007624618530903363
stress_natural,exceedance,0.95,0.2,32,5000,500,0,0,,,,,,,,,0.0,0.0,0.007624618530903363,0.0,0.0,0.007624618530903363
stress_natural,exceedance,0.95,0.2,32,10000,500,0,0,,,,,,,,,0.0,0.0,0.007624618530903363,0.0,0.0,0.007624618530903363
stress_natural,exceedance,0.95,0.2,32,20000,500,0,0,,,,,,,,,0.0,0.0,0.007624618530903363,0.0,0.0,0.007624618530903363
stress_natural,exceedance,0.95,0.2,32,50000,500,0,0,,,,,,,,,0.0,0.0,0.007624618530903363,0.0,0.0,0.007624618530903363
stress_natural,exceedance,0.95,0.2,128,2000,500,0,0,,,,,,,,,0.0,0.0,0.007624618530903363,0.0,0.0,0.007624618530903363
stress_natural,exceedance,0.95,0.2,128,5000,500,0,0,,,,,,,,,0.0,0.0,0.007624618530903363,0.0,0.0,0.007624618530903363
stress_natural,exceedance,0.95,0.2,128,10000,500,0,0,,,,,,,,,0.0,0.0,0.007624618530903363,0.0,0.0,0.007624618530903363
stress_natural,exceedance,0.95,0.2,128,20000,500,0,0,,,,,,,,,0.0,0.0,0.007624618530903363,0.0,0.0,0.007624618530903363
stress_natural,exceedance,0.95,0.2,128,50000,500,0,0,,,,,,,,,0.0,0.0,0.007624618530903363,0.0,0.0,0.007624618530903363
stress_natural,exceedance,0.95,0.5,32,2000,500,0,0,,,,,,,,,0.0,0.0,0.007624618530903363,0.0,0.0,0.007624618530903363
stress_natural,exceedance,0.95,0.5,32,5000,500,0,0,,,,,,,,,0.0,0.0,0.007624618530903363,0.0,0.0,0.007624618530903363
stress_natural,exceedance,0.95,0.5,32,10000,500,0,0,,,,,,,,,0.0,0.0,0.007624618530903363,0.0,0.0,0.007624618530903363
stress_natural,exceedance,0.95,0.5,32,20000,500,0,0,,,,,,,,,0.0,0.0,0.007624618530903363,0.0,0.0,0.007624618530903363
stress_natural,exceedance,0.95,0.5,32,50000,500,0,0,,,,,,,,,0.0,0.0,0.007624618530903363,0.0,0.0,0.007624618530903363
stress_natural,exceedance,0.95,0.5,128,2000,500,0,0,,,,,,,,,0.0,0.0,0.007624618530903363,0.0,0.0,0.007624618530903363
stress_natural,exceedance,0.95,0.5,128,5000,500,0,0,,,,,,,,,0.0,0.0,0.007624618530903363,0.0,0.0,0.007624618530903363
stress_natural,exceedance,0.95,0.5,128,10000,500,0,0,,,,,,,,,0.0,0.0,0.007624618530903363,0.0,0.0,0.007624618530903363
stress_natural,exceedance,0.95,0.5,128,20000,500,0,0,,,,,,,,,0.0,0.0,0.007624618530903363,0.0,0.0,0.007624618530903363
stress_natural,exceedance,0.95,0.5,128,50000,500,0,0,,,,,,,,,0.0,0.0,0.007624618530903363,0.0,0.0,0.007624618530903363
stress_natural,exceedance,0.95,1.0,32,2000,500,0,0,,,,,,,,,0.0,0.0,0.007624618530903363,0.0,0.0,0.007624618530903363
stress_natural,exceedance,0.95,1.0,32,5000,500,0,0,,,,,,,,,0.0,0.0,0.007624618530903363,0.0,0.0,0.007624618530903363
stress_natural,exceedance,0.95,1.0,32,10000,500,0,0,,,,,,,,,0.0,0.0,0.007624618530903363,0.0,0.0,0.007624618530903363
stress_natural,exceedance,0.95,1.0,32,20000,500,0,0,,,,,,,,,0.0,0.0,0.007624618530903363,0.0,0.0,0.007624618530903363
stress_natural,exceedance,0.95,1.0,32,50000,500,0,0,,,,,,,,,0.0,0.0,0.007624618530903363,0.0,0.0,0.007624618530903363
stress_natural,exceedance,0.95,1.0,128,2000,500,0,0,,,,,,,,,0.0,0.0,0.007624618530903363,0.0,0.0,0.007624618530903363
stress_natural,exceedance,0.95,1.0,128,5000,500,0,0,,,,,,,,,0.0,0.0,0.007624618530903363,0.0,0.0,0.007624618530903363
stress_natural,exceedance,0.95,1.0,128,10000,500,0,0,,,,,,,,,0.0,0.0,0.007624618530903363,0.0,0.0,0.007624618530903363
stress_natural,exceedance,0.95,1.0,128,20000,500,0,0,,,,,,,,,0.0,0.0,0.007624618530903363,0.0,0.0,0.007624618530903363
stress_natural,exceedance,0.95,1.0,128,50000,500,0,0,,,,,,,,,0.0,0.0,0.007624618530903363,0.0,0.0,0.007624618530903363
stress_natural,exceedance,0.99,0.2,32,2000,500,0,0,,,,,,,,,0.0,0.0,0.007624618530903363,0.0,0.0,0.007624618530903363
stress_natural,exceedance,0.99,0.2,32,5000,500,0,0,,,,,,,,,0.0,0.0,0.007624618530903363,0.0,0.0,0.007624618530903363
stress_natural,exceedance,0.99,0.2,32,10000,500,0,0,,,,,,,,,0.0,0.0,0.007624618530903363,0.0,0.0,0.007624618530903363
stress_natural,exceedance,0.99,0.2,32,20000,500,0,0,,,,,,,,,0.0,0.0,0.007624618530903363,0.0,0.0,0.007624618530903363
stress_natural,exceedance,0.99,0.2,32,50000,500,0,0,,,,,,,,,0.0,0.0,0.007624618530903363,0.0,0.0,0.007624618530903363
stress_natural,exceedance,0.99,0.2,128,2000,500,0,0,,,,,,,,,0.0,0.0,0.007624618530903363,0.0,0.0,0.007624618530903363
stress_natural,exceedance,0.99,0.2,128,5000,500,0,0,,,,,,,,,0.0,0.0,0.007624618530903363,0.0,0.0,0.007624618530903363
stress_natural,exceedance,0.99,0.2,128,10000,500,0,0,,,,,,,,,0.0,0.0,0.007624618530903363,0.0,0.0,0.007624618530903363
stress_natural,exceedance,0.99,0.2,128,20000,500,0,0,,,,,,,,,0.0,0.0,0.007624618530903363,0.0,0.0,0.007624618530903363
stress_natural,exceedance,0.99,0.2,128,50000,500,0,0,,,,,,,,,0.0,0.0,0.007624618530903363,0.0,0.0,0.007624618530903363
stress_natural,exceedance,0.99,0.5,32,2000,500,0,0,,,,,,,,,0.0,0.0,0.007624618530903363,0.0,0.0,0.007624618530903363
stress_natural,exceedance,0.99,0.5,32,5000,500,0,0,,,,,,,,,0.0,0.0,0.007624618530903363,0.0,0.0,0.007624618530903363
stress_natural,exceedance,0.99,0.5,32,10000,500,0,0,,,,,,,,,0.0,0.0,0.007624618530903363,0.0,0.0,0.007624618530903363
stress_natural,exceedance,0.99,0.5,32,20000,500,0,0,,,,,,,,,0.0,0.0,0.007624618530903363,0.0,0.0,0.007624618530903363
stress_natural,exceedance,0.99,0.5,32,50000,500,0,0,,,,,,,,,0.0,0.0,0.007624618530903363,0.0,0.0,0.007624618530903363
stress_natural,exceedance,0.99,0.5,128,2000,500,0,0,,,,,,,,,0.0,0.0,0.007624618530903363,0.0,0.0,0.007624618530903363
stress_natural,exceedance,0.99,0.5,128,5000,500,0,0,,,,,,,,,0.0,0.0,0.007624618530903363,0.0,0.0,0.007624618530903363
stress_natural,exceedance,0.99,0.5,128,10000,500,0,0,,,,,,,,,0.0,0.0,0.007624618530903363,0.0,0.0,0.007624618530903363
stress_natural,exceedance,0.99,0.5,128,20000,500,0,0,,,,,,,,,0.0,0.0,0.007624618530903363,0.0,0.0,0.007624618530903363
stress_natural,exceedance,0.99,0.5,128,50000,500,0,0,,,,,,,,,0.0,0.0,0.007624618530903363,0.0,0.0,0.007624618530903363
stress_natural,exceedance,0.99,1.0,32,2000,500,0,0,,,,,,,,,0.0,0.0,0.007624618530903363,0.0,0.0,0.007624618530903363
stress_natural,exceedance,0.99,1.0,32,5000,500,0,0,,,,,,,,,0.0,0.0,0.007624618530903363,0.0,0.0,0.007624618530903363
stress_natural,exceedance,0.99,1.0,32,10000,500,0,0,,,,,,,,,0.0,0.0,0.007624618530903363,0.0,0.0,0.007624618530903363
stress_natural,exceedance,0.99,1.0,32,20000,500,0,0,,,,,,,,,0.0,0.0,0.007624618530903363,0.0,0.0,0.007624618530903363
stress_natural,exceedance,0.99,1.0,32,50000,500,0,0,,,,,,,,,0.0,0.0,0.007624618530903363,0.0,0.0,0.007624618530903363
stress_natural,exceedance,0.99,1.0,128,2000,500,0,0,,,,,,,,,0.0,0.0,0.007624618530903363,0.0,0.0,0.007624618530903363
stress_natural,exceedance,0.99,1.0,128,5000,500,0,0,,,,,,,,,0.0,0.0,0.007624618530903363,0.0,0.0,0.007624618530903363
stress_natural,exceedance,0.99,1.0,128,10000,500,0,0,,,,,,,,,0.0,0.0,0.007624618530903363,0.0,0.0,0.007624618530903363
stress_natural,exceedance,0.99,1.0,128,20000,500,0,0,,,,,,,,,0.0,0.0,0.007624618530903363,0.0,0.0,0.007624618530903363
stress_natural,exceedance,0.99,1.0,128,50000,500,0,0,,,,,,,,,0.0,0.0,0.007624618530903363,0.0,0.0,0.007624618530903363
stress_natural,naive_cdf_empbernstein,0.9,0.2,32,2000,500,0,0,,,,,,,,,0.0,0.0,0.007624618530903363,0.0,0.0,0.007624618530903363
stress_natural,naive_cdf_empbernstein,0.9,0.2,32,5000,500,0,0,,,,,,,,,0.0,0.0,0.007624618530903363,0.0,0.0,0.007624618530903363
stress_natural,naive_cdf_empbernstein,0.9,0.2,32,10000,500,0,0,,,,,,,,,0.0,0.0,0.007624618530903363,0.0,0.0,0.007624618530903363
stress_natural,naive_cdf_empbernstein,0.9,0.2,32,20000,500,0,0,,,,,,,,,0.0,0.0,0.007624618530903363,0.0,0.0,0.007624618530903363
stress_natural,naive_cdf_empbernstein,0.9,0.2,32,50000,500,1,1,0.10165642009633082,0.37089321376825796,5.00779183146029e-05,-0.0037490546767783434,-0.0037490546767783434,0.37089321376825796,,5.00779183146029e-05,0.002,0.000353127309584542,0.011240992747195207,0.002,0.000353127309584542,0.011240992747195207
stress_natural,naive_cdf_empbernstein,0.9,0.2,128,2000,500,0,0,,,,,,,,,0.0,0.0,0.007624618530903363,0.0,0.0,0.007624618530903363
stress_natural,naive_cdf_empbernstein,0.9,0.2,128,5000,500,0,0,,,,,,,,,0.0,0.0,0.007624618530903363,0.0,0.0,0.007624618530903363
stress_natural,naive_cdf_empbernstein,0.9,0.2,128,10000,500,0,0,,,,,,,,,0.0,0.0,0.007624618530903363,0.0,0.0,0.007624618530903363
stress_natural,naive_cdf_empbernstein,0.9,0.2,128,20000,500,0,0,,,,,,,,,0.0,0.0,0.007624618530903363,0.0,0.0,0.007624618530903363
stress_natural,naive_cdf_empbernstein,0.9,0.2,128,50000,500,1,1,0.10165642009633082,0.37089321376825796,5.00779183146029e-05,-0.0037490546767783434,-0.0037490546767783434,0.37089321376825796,,5.00779183146029e-05,0.002,0.000353127309584542,0.011240992747195207,0.002,0.000353127309584542,0.011240992747195207
stress_natural,naive_cdf_empbernstein,0.9,0.5,32,2000,500,0,0,,,,,,,,,0.0,0.0,0.007624618530903363,0.0,0.0,0.007624618530903363
stress_natural,naive_cdf_empbernstein,0.9,0.5,32,5000,500,1,1,0.10165642009633082,0.37089321376825796,5.00779183146029e-05,-0.0043050151971672085,-0.0043050151971672085,0.37089321376825796,,5.00779183146029e-05,0.002,0.000353127309584542,0.011240992747195207,0.002,0.000353127309584542,0.011240992747195207
stress_natural,naive_cdf_empbernstein,0.9,0.5,32,10000,500,0,0,,,,,,,,,0.0,0.0,0.007624618530903363,0.0,0.0,0.007624618530903363
stress_natural,naive_cdf_empbernstein,0.9,0.5,32,20000,500,1,1,0.10165642009633082,0.37089321376825796,5.00779183146029e-05,-0.003262193937303551,-0.003262193937303551,0.37089321376825796,,5.00779183146029e-05,0.002,0.000353127309584542,0.011240992747195207,0.002,0.000353127309584542,0.011240992747195207
stress_natural,naive_cdf_empbernstein,0.9,0.5,32,50000,500,1,1,0.10165642009633082,0.37089321376825796,5.00779183146029e-05,-0.003123197988679452,-0.003123197988679452,0.37089321376825796,,5.00779183146029e-05,0.002,0.000353127309584542,0.011240992747195207,0.002,0.000353127309584542,0.011240992747195207
stress_natural,naive_cdf_empbernstein,0.9,0.5,128,2000,500,0,0,,,,,,,,,0.0,0.0,0.007624618530903363,0.0,0.0,0.007624618530903363
stress_natural,naive_cdf_empbernstein,0.9,0.5,128,5000,500,1,1,0.10165642009633082,0.37089321376825796,5.00779183146029e-05,-0.0043050151971672085,-0.0043050151971672085,0.37089321376825796,,5.00779183146029e-05,0.002,0.000353127309584542,0.011240992747195207,0.002,0.000353127309584542,0.011240992747195207
stress_natural,naive_cdf_empbernstein,0.9,0.5,128,10000,500,0,0,,,,,,,,,0.0,0.0,0.007624618530903363,0.0,0.0,0.007624618530903363
stress_natural,naive_cdf_empbernstein,0.9,0.5,128,20000,500,1,1,0.10165642009633082,0.37089321376825796,5.00779183146029e-05,-0.003262193937303551,-0.003262193937303551,0.37089321376825796,,5.00779183146029e-05,0.002,0.000353127309584542,0.011240992747195207,0.002,0.000353127309584542,0.011240992747195207
stress_natural,naive_cdf_empbernstein,0.9,0.5,128,50000,500,1,1,0.10165652755291121,0.37065083137914867,5.0082035884479266e-05,-0.004614073878012048,-0.004614073878012048,0.37065083137914867,,5.0082035884479266e-05,0.002,0.000353127309584542,0.011240992747195207,0.002,0.000353127309584542,0.011240992747195207
stress_natural,naive_cdf_empbernstein,0.9,1.0,32,2000,500,0,0,,,,,,,,,0.0,0.0,0.007624618530903363,0.0,0.0,0.007624618530903363
stress_natural,naive_cdf_empbernstein,0.9,1.0,32,5000,500,0,0,,,,,,,,,0.0,0.0,0.007624618530903363,0.0,0.0,0.007624618530903363
stress_natural,naive_cdf_empbernstein,0.9,1.0,32,10000,500,0,0,,,,,,,,,0.0,0.0,0.007624618530903363,0.0,0.0,0.007624618530903363
stress_natural,naive_cdf_empbernstein,0.9,1.0,32,20000,500,0,0,,,,,,,,,0.0,0.0,0.007624618530903363,0.0,0.0,0.007624618530903363
stress_natural,naive_cdf_empbernstein,0.9,1.0,32,50000,500,5,5,0.10203234522457612,0.34717664565140777,4.8599735286056095e-05,-0.005577974847181755,-0.009143003812176045,0.34717664565140777,0.0419683322133808,4.8599735286056095e-05,0.01,0.004278690781520357,0.023193435378764938,0.01,0.004278690781520357,0.023193435378764938
stress_natural,naive_cdf_empbernstein,0.9,1.0,128,2000,500,0,0,,,,,,,,,0.0,0.0,0.007624618530903363,0.0,0.0,0.007624618530903363
stress_natural,naive_cdf_empbernstein,0.9,1.0,128,5000,500,0,0,,,,,,,,,0.0,0.0,0.007624618530903363,0.0,0.0,0.007624618530903363
stress_natural,naive_cdf_empbernstein,0.9,1.0,128,10000,500,0,0,,,,,,,,,0.0,0.0,0.007624618530903363,0.0,0.0,0.007624618530903363
stress_natural,naive_cdf_empbernstein,0.9,1.0,128,20000,500,0,0,,,,,,,,,0.0,0.0,0.007624618530903363,0.0,0.0,0.007624618530903363
stress_natural,naive_cdf_empbernstein,0.9,1.0,128,50000,500,5,5,0.10202669030341027,0.34718893773469295,4.861395475283071e-05,-0.00566270572139618,-0.00941506273489734,0.34718893773469295,0.042045503430808005,4.861395475283071e-05,0.01,0.004278690781520357,0.023193435378764938,0.01,0.004278690781520357,0.023193435378764938
stress_natural,naive_cdf_empbernstein,0.95,0.2,32,2000,500,0,0,,,,,,,,,0.0,0.0,0.007624618530903363,0.0,0.0,0.007624618530903363
stress_natural,naive_cdf_empbernstein,0.95,0.2,32,5000,500,0,0,,,,,,,,,0.0,0.0,0.007624618530903363,0.0,0.0,0.007624618530903363
stress_natural,naive_cdf_empbernstein,0.95,0.2,32,10000,500,1,1,0.051846340603829734,0.43464385009985523,5.696532873869315e-05,-0.0032086081696184113,-0.0032086081696184113,0.43464385009985523,,5.696532873869315e-05,0.002,0.000353127309584542,0.011240992747195207,0.002,0.000353127309584542,0.011240992747195207
stress_natural,naive_cdf_empbernstein,0.95,0.2,32,20000,500,0,0,,,,,,,,,0.0,0.0,0.007624618530903363,0.0,0.0,0.007624618530903363
stress_natural,naive_cdf_empbernstein,0.95,0.2,32,50000,500,1,1,0.050671574578063205,0.37089321376825796,5.00779183146029e-05,-0.003957991028453456,-0.003957991028453456,0.37089321376825796,,5.00779183146029e-05,0.002,0.000353127309584542,0.011240992747195207,0.002,0.000353127309584542,0.011240992747195207
stress_natural,naive_cdf_empbernstein,0.95,0.2,128,2000,500,0,0,,,,,,,,,0.0,0.0,0.007624618530903363,0.0,0.0,0.007624618530903363
stress_natural,naive_cdf_empbernstein,0.95,0.2,128,5000,500,0,0,,,,,,,,,0.0,0.0,0.007624618530903363,0.0,0.0,0.007624618530903363
stress_natural,naive_cdf_empbernstein,0.95,0.2,128,10000,500,1,1,0.051846340603829734,0.43464385009985523,5.696532873869315e-05,-0.0032086081696184113,-0.0032086081696184113,0.43464385009985523,,5.696532873869315e-05,0.002,0.000353127309584542,0.011240992747195207,0.002,0.000353127309584542,0.011240992747195207
stress_natural,naive_cdf_empbernstein,0.95,0.2,128,20000,500,0,0,,,,,,,,,0.0,0.0,0.007624618530903363,0.0,0.0,0.007624618530903363
stress_natural,naive_cdf_empbernstein,0.95,0.2,128,50000,500,1,1,0.050671574578063205,0.37089321376825796,5.00779183146029e-05,-0.003957991028453456,-0.003957991028453456,0.37089321376825796,,5.00779183146029e-05,0.002,0.000353127309584542,0.011240992747195207,0.002,0.000353127309584542,0.011240992747195207
stress_natural,naive_cdf_empbernstein,0.95,0.5,32,2000,500,0,0,,,,,,,,,0.0,0.0,0.007624618530903363,0.0,0.0,0.007624618530903363
stress_natural,naive_cdf_empbernstein,0.95,0.5,32,5000,500,2,2,0.05448956416180444,0.41594549085640453,5.5678094529506663e-05,-0.008265667572806938,-0.010989591291294551,0.41594549085640453,0.0637135412738476,5.5678094529506663e-05,0.004,0.0010976075412372681,0.014466014041418871,0.004,0.0010976075412372681,0.014466014041418871
stress_natural,naive_cdf_empbernstein,0.95,0.5,32,10000,500,0,0,,,,,,,,,0.0,0.0,0.007624618530903363,0.0,0.0,0.007624618530903363
stress_natural,naive_cdf_empbernstein,0.95,0.5,32,20000,500,1,1,0.050671574578063205,0.37089321376825796,5.00779183146029e-05,-0.0011090340935046572,-0.0011090340935046572,0.37089321376825796,,5.00779183146029e-05,0.002,0.000353127309584542,0.011240992747195207,0.002,0.000353127309584542,0.011240992747195207
stress_natural,naive_cdf_empbernstein,0.95,0.5,32,50000,500,4,4,0.05079884089752125,0.3732794572580962,5.074256373105737e-05,-0.0022674064485059924,-0.0047820913447865,0.3732794572580962,0.048745642118226844,5.074256373105737e-05,0.008,0.0031152647975077885,0.020387359836901122,0.008,0.0031152647975077885,0.020387359836901122
stress_natural,naive_cdf_empbernstein,0.95,0.5,128,2000,500,0,0,,,,,,,,,0.0,0.0,0.007624618530903363,0.0,0.0,0.007624618530903363
stress_natural,naive_cdf_empbernstein,0.95,0.5,128,5000,500,2,2,0.05442885268762521,0.4159731228867912,5.570857468755945e-05,-0.008827753698857244,-0.012113763543395162,0.4159731228867912,0.06375261886597636,5.570857468755945e-05,0.004,0.0010976075412372681,0.014466014041418871,0.004,0.0010976075412372681,0.014466014041418871
stress_natural,naive_cdf_empbernstein,0.95,0.5,128,10000,500,1,1,0.05067158434175335,0.37065083137914867,5.0082035884479266e-05,-0.0010087379155441362,-0.0010087379155441362,0.37065083137914867,,5.0082035884479266e-05,0.002,0.000353127309584542,0.011240992747195207,0.002,0.000353127309584542,0.011240992747195207
stress_natural,naive_cdf_empbernstein,0.95,0.5,128,20000,500,1,1,0.050671574578063205,0.37089321376825796,5.00779183146029e-05,-0.0011090340935046572,-0.0011090340935046572,0.37089321376825796,,5.00779183146029e-05,0.002,0.000353127309584542,0.011240992747195207,0.002,0.000353127309584542,0.011240992747195207
stress_natural,naive_cdf_empbernstein,0.95,0.5,128,50000,500,4,4,0.05079884333844378,0.37321886166081886,5.074359312352646e-05,-0.002640529679874798,-0.0047820913447865,0.37321886166081886,0.048749747709664414,5.074359312352646e-05,0.008,0.0031152647975077885,0.020387359836901122,0.008,0.0031152647975077885,0.020387359836901122
stress_natural,naive_cdf_empbernstein,0.95,1.0,32,2000,500,0,0,,,,,,,,,0.0,0.0,0.007624618530903363,0.0,0.0,0.007624618530903363
stress_natural,naive_cdf_empbernstein,0.95,1.0,32,5000,500,0,0,,,,,,,,,0.0,0.0,0.007624618530903363,0.0,0.0,0.007624618530903363
stress_natural,naive_cdf_empbernstein,0.95,1.0,32,10000,500,1,1,0.051846340603829734,0.43464385009985523,5.696532873869315e-05,-0.0030127721607369,-0.0030127721607369,0.43464385009985523,,5.696532873869315e-05,0.002,0.000353127309584542,0.011240992747195207,0.002,0.000353127309584542,0.011240992747195207
stress_natural,naive_cdf_empbernstein,0.95,1.0,32,20000,500,1,1,0.051846340603829734,0.43464385009985523,5.696532873869315e-05,-0.004628092471045321,-0.004628092471045321,0.43464385009985523,,5.696532873869315e-05,0.002,0.000353127309584542,0.011240992747195207,0.002,0.000353127309584542,0.011240992747195207
stress_natural,naive_cdf_empbernstein,0.95,1.0,32,50000,500,8,8,0.05085757919880957,0.36052835102008857,4.990267357168081e-05,-0.0048955650022095626,-0.007978870038808095,0.36052835102008857,0.051820416605069246,4.990267357168081e-05,0.016,0.008129155320203278,0.03125147541771118,0.016,0.008129155320203278,0.03125147541771118
stress_natural,naive_cdf_empbernstein,0.95,1.0,128,2000,500,0,0,,,,,,,,,0.0,0.0,0.007624618530903363,0.0,0.0,0.007624618530903363
stress_natural,naive_cdf_empbernstein,0.95,1.0,128,5000,500,0,0,,,,,,,,,0.0,0.0,0.007624618530903363,0.0,0.0,0.007624618530903363
stress_natural,naive_cdf_empbernstein,0.95,1.0,128,10000,500,1,1,0.051846340603829734,0.43464385009985523,5.696532873869315e-05,-0.0030127721607369,-0.0030127721607369,0.43464385009985523,,5.696532873869315e-05,0.002,0.000353127309584542,0.011240992747195207,0.002,0.000353127309584542,0.011240992747195207
stress_natural,naive_cdf_empbernstein,0.95,1.0,128,20000,500,1,1,0.0519086834844945,0.43424850437143764,5.6934797826293055e-05,-0.005117014854106081,-0.005117014854106081,0.43424850437143764,,5.6934797826293055e-05,0.002,0.000353127309584542,0.011240992747195207,0.002,0.000353127309584542,0.011240992747195207
stress_natural,naive_cdf_empbernstein,0.95,1.0,128,50000,500,8,8,0.05086984216374426,0.3615595055878855,4.998022181261998e-05,-0.004971060452743031,-0.008246487610058209,0.3615595055878855,0.05067243769199186,4.998022181261998e-05,0.016,0.008129155320203278,0.03125147541771118,0.016,0.008129155320203278,0.03125147541771118
stress_natural,naive_cdf_empbernstein,0.99,0.2,32,2000,500,0,0,,,,,,,,,0.0,0.0,0.007624618530903363,0.0,0.0,0.007624618530903363
stress_natural,naive_cdf_empbernstein,0.99,0.2,32,5000,500,1,1,0.017386537181344714,0.4752006891960686,6.469993342992572e-05,-0.00978801744801024,-0.00978801744801024,0.4752006891960686,,6.469993342992572e-05,0.002,0.000353127309584542,0.011240992747195207,0.002,0.000353127309584542,0.011240992747195207
stress_natural,naive_cdf_empbernstein,0.99,0.2,32,10000,500,1,1,0.01041625876179661,0.43464385009985523,5.696532873869315e-05,-0.004196961630071744,-0.004196961630071744,0.43464385009985523,,5.696532873869315e-05,0.002,0.000353127309584542,0.011240992747195207,0.002,0.000353127309584542,0.011240992747195207
stress_natural,naive_cdf_empbernstein,0.99,0.2,32,20000,500,0,0,,,,,,,,,0.0,0.0,0.007624618530903363,0.0,0.0,0.007624618530903363
stress_natural,naive_cdf_empbernstein,0.99,0.2,32,50000,500,1,1,0.010220464424168853,0.37089321376825796,5.00779183146029e-05,-0.0035566181941299475,-0.0035566181941299475,0.37089321376825796,,5.00779183146029e-05,0.002,0.000353127309584542,0.011240992747195207,0.002,0.000353127309584542,0.011240992747195207
stress_natural,naive_cdf_empbernstein,0.99,0.2,128,2000,500,0,0,,,,,,,,,0.0,0.0,0.007624618530903363,0.0,0.0,0.007624618530903363
stress_natural,naive_cdf_empbernstein,0.99,0.2,128,5000,500,1,1,0.017386537181344714,0.4752006891960686,6.469993342992572e-05,-0.00978801744801024,-0.00978801744801024,0.4752006891960686,,6.469993342992572e-05,0.002,0.000353127309584542,0.011240992747195207,0.002,0.000353127309584542,0.011240992747195207
stress_natural,naive_cdf_empbernstein,0.99,0.2,128,10000,500,1,1,0.01041625876179661,0.43464385009985523,5.696532873869315e-05,-0.004196961630071744,-0.004196961630071744,0.43464385009985523,,5.696532873869315e-05,0.002,0.000353127309584542,0.011240992747195207,0.002,0.000353127309584542,0.011240992747195207
stress_natural,naive_cdf_empbernstein,0.99,0.2,128,20000,500,0,0,,,,,,,,,0.0,0.0,0.007624618530903363,0.0,0.0,0.007624618530903363
stress_natural,naive_cdf_empbernstein,0.99,0.2,128,50000,500,1,1,0.010220464424168853,0.37089321376825796,5.00779183146029e-05,-0.0035566181941299475,-0.0035566181941299475,0.37089321376825796,,5.00779183146029e-05,0.002,0.000353127309584542,0.011240992747195207,0.002,0.000353127309584542,0.011240992747195207
stress_natural,naive_cdf_empbernstein,0.99,0.5,32,2000,500,0,0,,,,,,,,,0.0,0.0,0.007624618530903363,0.0,0.0,0.007624618530903363
stress_natural,naive_cdf_empbernstein,0.99,0.5,32,5000,500,1,1,0.010220464424168853,0.37089321376825796,5.00779183146029e-05,-0.007654594869274946,-0.007654594869274946,0.37089321376825796,,5.00779183146029e-05,0.002,0.000353127309584542,0.011240992747195207,0.002,0.000353127309584542,0.011240992747195207
stress_natural,naive_cdf_empbernstein,0.99,0.5,32,10000,500,1,1,0.010220464424168853,0.37089321376825796,5.00779183146029e-05,-0.0049330464215680565,-0.0049330464215680565,0.37089321376825796,,5.00779183146029e-05,0.002,0.000353127309584542,0.011240992747195207,0.002,0.000353127309584542,0.011240992747195207
stress_natural,naive_cdf_empbernstein,0.99,0.5,32,20000,500,1,1,0.010220464424168853,0.37089321376825796,5.00779183146029e-05,-0.0016681639658205367,-0.0016681639658205367,0.37089321376825796,,5.00779183146029e-05,0.002,0.000353127309584542,0.011240992747195207,0.002,0.000353127309584542,0.011240992747195207
stress_natural,naive_cdf_empbernstein,0.99,0.5,32,50000,500,5,5,0.010729529702001018,0.39082311939538716,5.284970513372797e-05,-0.0018975307633647752,-0.0032035732485621773,0.39082311939538716,0.0576281495892049,5.284970513372797e-05,0.01,0.004278690781520357,0.023193435378764938,0.01,0.004278690781520357,0.023193435378764938
stress_natural,naive_cdf_empbernstein,0.99,0.5,128,2000,500,0,0,,,,,,,,,0.0,0.0,0.007624618530903363,0.0,0.0,0.007624618530903363
stress_natural,naive_cdf_empbernstein,0.99,0.5,128,5000,500,2,2,0.011515465687683066,0.4159731228867912,5.570857468755945e-05,-0.0053011446848191665,-0.007654594869274946,0.4159731228867912,0.06375261886597636,5.570857468755945e-05,0.004,0.0010976075412372681,0.014466014041418871,0.004,0.0010976075412372681,0.014466014041418871
stress_natural,naive_cdf_empbernstein,0.99,0.5,128,10000,500,1,1,0.010220474112683356,0.37065083137914867,5.0082035884479266e-05,-0.005884257413835484,-0.005884257413835484,0.37065083137914867,,5.0082035884479266e-05,0.002,0.000353127309584542,0.011240992747195207,0.002,0.000353127309584542,0.011240992747195207
stress_natural,naive_cdf_empbernstein,0.99,0.5,128,20000,500,1,1,0.010220464424168853,0.37089321376825796,5.00779183146029e-05,-0.0016681639658205367,-0.0016681639658205367,0.37089321376825796,,5.00779183146029e-05,0.002,0.000353127309584542,0.011240992747195207,0.002,0.000353127309584542,0.011240992747195207
stress_natural,naive_cdf_empbernstein,0.99,0.5,128,50000,500,5,5,0.010838580080579484,0.3898846877056099,5.3047400660294935e-05,-0.0023323173859437383,-0.003363702740349901,0.3898846877056099,0.057340199713866155,5.3047400660294935e-05,0.01,0.004278690781520357,0.023193435378764938,0.01,0.004278690781520357,0.023193435378764938
stress_natural,naive_cdf_empbernstein,0.99,1.0,32,2000,500,0,0,,,,,,,,,0.0,0.0,0.007624618530903363,0.0,0.0,0.007624618530903363
stress_natural,naive_cdf_empbernstein,0.99,1.0,32,5000,500,3,3,0.011068906553889127,0.39156583258278843,5.351188471629443e-05,-0.004388206968481098,-0.007316448327331091,0.39156583258278843,0.07928368675693401,5.351188471629443e-05,0.006,0.002042559297638913,0.017490563810893606,0.006,0.002042559297638913,0.017490563810893606
stress_natural,naive_cdf_empbernstein,0.99,1.0,32,10000,500,2,2,0.01031836159298273,0.3803109214081529,5.1907506754905125e-05,-0.0019207352818006599,-0.0032444887016691293,0.3803109214081529,0.07683836463925567,5.1907506754905125e-05,0.004,0.0010976075412372681,0.014466014041418871,0.004,0.0010976075412372681,0.014466014041418871
stress_natural,naive_cdf_empbernstein,0.99,1.0,32,20000,500,1,1,0.01041625876179661,0.43464385009985523,5.696532873869315e-05,-0.0048483803214105226,-0.0048483803214105226,0.43464385009985523,,5.696532873869315e-05,0.002,0.000353127309584542,0.011240992747195207,0.002,0.000353127309584542,0.011240992747195207
stress_natural,naive_cdf_empbernstein,0.99,1.0,32,50000,500,8,8,0.01021556956572816,0.36052835102008857,4.990267357168081e-05,-0.0036038211357695624,-0.009641958202412928,0.36052835102008857,0.051820416605069246,4.990267357168081e-05,0.016,0.008129155320203278,0.03125147541771118,0.016,0.008129155320203278,0.03125147541771118
stress_natural,naive_cdf_empbernstein,0.99,1.0,128,2000,500,0,0,,,,,,,,,0.0,0.0,0.007624618530903363,0.0,0.0,0.007624618530903363
stress_natural,naive_cdf_empbernstein,0.99,1.0,128,5000,500,3,3,0.011071071738907997,0.39145197539099846,5.3549007555882615e-05,-0.0049950728770426864,-0.007316448327331091,0.39145197539099846,0.07924739204380067,5.3549007555882615e-05,0.006,0.002042559297638913,0.017490563810893606,0.006,0.002042559297638913,0.017490563810893606
stress_natural,naive_cdf_empbernstein,0.99,1.0,128,10000,500,2,2,0.01031801328091418,0.3801806280004998,5.191489044645234e-05,-0.0019249153297203735,-0.0032444887016691293,0.3801806280004998,0.07702262734344655,5.191489044645234e-05,0.004,0.0010976075412372681,0.014466014041418871,0.004,0.0010976075412372681,0.014466014041418871
stress_natural,naive_cdf_empbernstein,0.99,1.0,128,20000,500,1,1,0.01041466100944364,0.43424850437143764,5.6934797826293055e-05,-0.005389700171999559,-0.005389700171999559,0.43424850437143764,,5.6934797826293055e-05,0.002,0.000353127309584542,0.011240992747195207,0.002,0.000353127309584542,0.011240992747195207
stress_natural,naive_cdf_empbernstein,0.99,1.0,128,50000,500,8,8,0.010220873307546289,0.3615595055878855,4.998022181261998e-05,-0.0036714788740024205,-0.009906008080052833,0.3615595055878855,0.05067243769199186,4.998022181261998e-05,0.016,0.008129155320203278,0.03125147541771118,0.016,0.008129155320203278,0.03125147541771118
stress_natural,naive_cdf_pacbayes,0.9,0.2,32,2000,500,0,0,,,,,,,,,0.0,0.0,0.007624618530903363,0.0,0.0,0.007624618530903363
stress_natural,naive_cdf_pacbayes,0.9,0.2,32,5000,500,0,0,,,,,,,,,0.0,0.0,0.007624618530903363,0.0,0.0,0.007624618530903363
stress_natural,naive_cdf_pacbayes,0.9,0.2,32,10000,500,0,0,,,,,,,,,0.0,0.0,0.007624618530903363,0.0,0.0,0.007624618530903363
stress_natural,naive_cdf_pacbayes,0.9,0.2,32,20000,500,0,0,,,,,,,,,0.0,0.0,0.007624618530903363,0.0,0.0,0.007624618530903363
stress_natural,naive_cdf_pacbayes,0.9,0.2,32,50000,500,0,0,,,,,,,,,0.0,0.0,0.007624618530903363,0.0,0.0,0.007624618530903363
stress_natural,naive_cdf_pacbayes,0.9,0.2,128,2000,500,0,0,,,,,,,,,0.0,0.0,0.007624618530903363,0.0,0.0,0.007624618530903363
stress_natural,naive_cdf_pacbayes,0.9,0.2,128,5000,500,0,0,,,,,,,,,0.0,0.0,0.007624618530903363,0.0,0.0,0.007624618530903363
stress_natural,naive_cdf_pacbayes,0.9,0.2,128,10000,500,0,0,,,,,,,,,0.0,0.0,0.007624618530903363,0.0,0.0,0.007624618530903363
stress_natural,naive_cdf_pacbayes,0.9,0.2,128,20000,500,0,0,,,,,,,,,0.0,0.0,0.007624618530903363,0.0,0.0,0.007624618530903363
stress_natural,naive_cdf_pacbayes,0.9,0.2,128,50000,500,0,0,,,,,,,,,0.0,0.0,0.007624618530903363,0.0,0.0,0.007624618530903363
stress_natural,naive_cdf_pacbayes,0.9,0.5,32,2000,500,0,0,,,,,,,,,0.0,0.0,0.007624618530903363,0.0,0.0,0.007624618530903363
stress_natural,naive_cdf_pacbayes,0.9,0.5,32,5000,500,0,0,,,,,,,,,0.0,0.0,0.007624618530903363,0.0,0.0,0.007624618530903363
stress_natural,naive_cdf_pacbayes,0.9,0.5,32,10000,500,0,0,,,,,,,,,0.0,0.0,0.007624618530903363,0.0,0.0,0.007624618530903363
stress_natural,naive_cdf_pacbayes,0.9,0.5,32,20000,500,0,0,,,,,,,,,0.0,0.0,0.007624618530903363,0.0,0.0,0.007624618530903363
stress_natural,naive_cdf_pacbayes,0.9,0.5,32,50000,500,0,0,,,,,,,,,0.0,0.0,0.007624618530903363,0.0,0.0,0.007624618530903363
stress_natural,naive_cdf_pacbayes,0.9,0.5,128,2000,500,0,0,,,,,,,,,0.0,0.0,0.007624618530903363,0.0,0.0,0.007624618530903363
stress_natural,naive_cdf_pacbayes,0.9,0.5,128,5000,500,0,0,,,,,,,,,0.0,0.0,0.007624618530903363,0.0,0.0,0.007624618530903363
stress_natural,naive_cdf_pacbayes,0.9,0.5,128,10000,500,0,0,,,,,,,,,0.0,0.0,0.007624618530903363,0.0,0.0,0.007624618530903363
stress_natural,naive_cdf_pacbayes,0.9,0.5,128,20000,500,0,0,,,,,,,,,0.0,0.0,0.007624618530903363,0.0,0.0,0.007624618530903363
stress_natural,naive_cdf_pacbayes,0.9,0.5,128,50000,500,0,0,,,,,,,,,0.0,0.0,0.007624618530903363,0.0,0.0,0.007624618530903363
stress_natural,naive_cdf_pacbayes,0.9,1.0,32,2000,500,0,0,,,,,,,,,0.0,0.0,0.007624618530903363,0.0,0.0,0.007624618530903363
stress_natural,naive_cdf_pacbayes,0.9,1.0,32,5000,500,0,0,,,,,,,,,0.0,0.0,0.007624618530903363,0.0,0.0,0.007624618530903363
stress_natural,naive_cdf_pacbayes,0.9,1.0,32,10000,500,0,0,,,,,,,,,0.0,0.0,0.007624618530903363,0.0,0.0,0.007624618530903363
stress_natural,naive_cdf_pacbayes,0.9,1.0,32,20000,500,0,0,,,,,,,,,0.0,0.0,0.007624618530903363,0.0,0.0,0.007624618530903363
stress_natural,naive_cdf_pacbayes,0.9,1.0,32,50000,500,0,0,,,,,,,,,0.0,0.0,0.007624618530903363,0.0,0.0,0.007624618530903363
stress_natural,naive_cdf_pacbayes,0.9,1.0,128,2000,500,0,0,,,,,,,,,0.0,0.0,0.007624618530903363,0.0,0.0,0.007624618530903363
stress_natural,naive_cdf_pacbayes,0.9,1.0,128,5000,500,0,0,,,,,,,,,0.0,0.0,0.007624618530903363,0.0,0.0,0.007624618530903363
stress_natural,naive_cdf_pacbayes,0.9,1.0,128,10000,500,0,0,,,,,,,,,0.0,0.0,0.007624618530903363,0.0,0.0,0.007624618530903363
stress_natural,naive_cdf_pacbayes,0.9,1.0,128,20000,500,0,0,,,,,,,,,0.0,0.0,0.007624618530903363,0.0,0.0,0.007624618530903363
stress_natural,naive_cdf_pacbayes,0.9,1.0,128,50000,500,0,0,,,,,,,,,0.0,0.0,0.007624618530903363,0.0,0.0,0.007624618530903363
stress_natural,naive_cdf_pacbayes,0.95,0.2,32,2000,500,0,0,,,,,,,,,0.0,0.0,0.007624618530903363,0.0,0.0,0.007624618530903363
stress_natural,naive_cdf_pacbayes,0.95,0.2,32,5000,500,0,0,,,,,,,,,0.0,0.0,0.007624618530903363,0.0,0.0,0.007624618530903363
stress_natural,naive_cdf_pacbayes,0.95,0.2,32,10000,500,0,0,,,,,,,,,0.0,0.0,0.007624618530903363,0.0,0.0,0.007624618530903363
stress_natural,naive_cdf_pacbayes,0.95,0.2,32,20000,500,0,0,,,,,,,,,0.0,0.0,0.007624618530903363,0.0,0.0,0.007624618530903363
stress_natural,naive_cdf_pacbayes,0.95,0.2,32,50000,500,0,0,,,,,,,,,0.0,0.0,0.007624618530903363,0.0,0.0,0.007624618530903363
stress_natural,naive_cdf_pacbayes,0.95,0.2,128,2000,500,0,0,,,,,,,,,0.0,0.0,0.007624618530903363,0.0,0.0,0.007624618530903363
stress_natural,naive_cdf_pacbayes,0.95,0.2,128,5000,500,0,0,,,,,,,,,0.0,0.0,0.007624618530903363,0.0,0.0,0.007624618530903363
stress_natural,naive_cdf_pacbayes,0.95,0.2,128,10000,500,0,0,,,,,,,,,0.0,0.0,0.007624618530903363,0.0,0.0,0.007624618530903363
stress_natural,naive_cdf_pacbayes,0.95,0.2,128,20000,500,0,0,,,,,,,,,0.0,0.0,0.007624618530903363,0.0,0.0,0.007624618530903363
stress_natural,naive_cdf_pacbayes,0.95,0.2,128,50000,500,0,0,,,,,,,,,0.0,0.0,0.007624618530903363,0.0,0.0,0.007624618530903363
stress_natural,naive_cdf_pacbayes,0.95,0.5,32,2000,500,0,0,,,,,,,,,0.0,0.0,0.007624618530903363,0.0,0.0,0.007624618530903363
stress_natural,naive_cdf_pacbayes,0.95,0.5,32,5000,500,0,0,,,,,,,,,0.0,0.0,0.007624618530903363,0.0,0.0,0.007624618530903363
stress_natural,naive_cdf_pacbayes,0.95,0.5,32,10000,500,0,0,,,,,,,,,0.0,0.0,0.007624618530903363,0.0,0.0,0.007624618530903363
stress_natural,naive_cdf_pacbayes,0.95,0.5,32,20000,500,0,0,,,,,,,,,0.0,0.0,0.007624618530903363,0.0,0.0,0.007624618530903363
stress_natural,naive_cdf_pacbayes,0.95,0.5,32,50000,500,0,0,,,,,,,,,0.0,0.0,0.007624618530903363,0.0,0.0,0.007624618530903363
stress_natural,naive_cdf_pacbayes,0.95,0.5,128,2000,500,0,0,,,,,,,,,0.0,0.0,0.007624618530903363,0.0,0.0,0.007624618530903363
stress_natural,naive_cdf_pacbayes,0.95,0.5,128,5000,500,0,0,,,,,,,,,0.0,0.0,0.007624618530903363,0.0,0.0,0.007624618530903363
stress_natural,naive_cdf_pacbayes,0.95,0.5,128,10000,500,0,0,,,,,,,,,0.0,0.0,0.007624618530903363,0.0,0.0,0.007624618530903363
stress_natural,naive_cdf_pacbayes,0.95,0.5,128,20000,500,0,0,,,,,,,,,0.0,0.0,0.007624618530903363,0.0,0.0,0.007624618530903363
stress_natural,naive_cdf_pacbayes,0.95,0.5,128,50000,500,0,0,,,,,,,,,0.0,0.0,0.007624618530903363,0.0,0.0,0.007624618530903363
stress_natural,naive_cdf_pacbayes,0.95,1.0,32,2000,500,0,0,,,,,,,,,0.0,0.0,0.007624618530903363,0.0,0.0,0.007624618530903363
stress_natural,naive_cdf_pacbayes,0.95,1.0,32,5000,500,0,0,,,,,,,,,0.0,0.0,0.007624618530903363,0.0,0.0,0.007624618530903363
stress_natural,naive_cdf_pacbayes,0.95,1.0,32,10000,500,0,0,,,,,,,,,0.0,0.0,0.007624618530903363,0.0,0.0,0.007624618530903363
stress_natural,naive_cdf_pacbayes,0.95,1.0,32,20000,500,0,0,,,,,,,,,0.0,0.0,0.007624618530903363,0.0,0.0,0.007624618530903363
stress_natural,naive_cdf_pacbayes,0.95,1.0,32,50000,500,0,0,,,,,,,,,0.0,0.0,0.007624618530903363,0.0,0.0,0.007624618530903363
stress_natural,naive_cdf_pacbayes,0.95,1.0,128,2000,500,0,0,,,,,,,,,0.0,0.0,0.007624618530903363,0.0,0.0,0.007624618530903363
stress_natural,naive_cdf_pacbayes,0.95,1.0,128,5000,500,0,0,,,,,,,,,0.0,0.0,0.007624618530903363,0.0,0.0,0.007624618530903363
stress_natural,naive_cdf_pacbayes,0.95,1.0,128,10000,500,0,0,,,,,,,,,0.0,0.0,0.007624618530903363,0.0,0.0,0.007624618530903363
stress_natural,naive_cdf_pacbayes,0.95,1.0,128,20000,500,0,0,,,,,,,,,0.0,0.0,0.007624618530903363,0.0,0.0,0.007624618530903363
stress_natural,naive_cdf_pacbayes,0.95,1.0,128,50000,500,0,0,,,,,,,,,0.0,0.0,0.007624618530903363,0.0,0.0,0.007624618530903363
stress_natural,naive_cdf_pacbayes,0.99,0.2,32,2000,500,0,0,,,,,,,,,0.0,0.0,0.007624618530903363,0.0,0.0,0.007624618530903363
stress_natural,naive_cdf_pacbayes,0.99,0.2,32,5000,500,0,0,,,,,,,,,0.0,0.0,0.007624618530903363,0.0,0.0,0.007624618530903363
stress_natural,naive_cdf_pacbayes,0.99,0.2,32,10000,500,0,0,,,,,,,,,0.0,0.0,0.007624618530903363,0.0,0.0,0.007624618530903363
stress_natural,naive_cdf_pacbayes,0.99,0.2,32,20000,500,0,0,,,,,,,,,0.0,0.0,0.007624618530903363,0.0,0.0,0.007624618530903363
stress_natural,naive_cdf_pacbayes,0.99,0.2,32,50000,500,0,0,,,,,,,,,0.0,0.0,0.007624618530903363,0.0,0.0,0.007624618530903363
stress_natural,naive_cdf_pacbayes,0.99,0.2,128,2000,500,0,0,,,,,,,,,0.0,0.0,0.007624618530903363,0.0,0.0,0.007624618530903363
stress_natural,naive_cdf_pacbayes,0.99,0.2,128,5000,500,0,0,,,,,,,,,0.0,0.0,0.007624618530903363,0.0,0.0,0.007624618530903363
stress_natural,naive_cdf_pacbayes,0.99,0.2,128,10000,500,0,0,,,,,,,,,0.0,0.0,0.007624618530903363,0.0,0.0,0.007624618530903363
stress_natural,naive_cdf_pacbayes,0.99,0.2,128,20000,500,0,0,,,,,,,,,0.0,0.0,0.007624618530903363,0.0,0.0,0.007624618530903363
stress_natural,naive_cdf_pacbayes,0.99,0.2,128,50000,500,0,0,,,,,,,,,0.0,0.0,0.007624618530903363,0.0,0.0,0.007624618530903363
stress_natural,naive_cdf_pacbayes,0.99,0.5,32,2000,500,0,0,,,,,,,,,0.0,0.0,0.007624618530903363,0.0,0.0,0.007624618530903363
stress_natural,naive_cdf_pacbayes,0.99,0.5,32,5000,500,0,0,,,,,,,,,0.0,0.0,0.007624618530903363,0.0,0.0,0.007624618530903363
stress_natural,naive_cdf_pacbayes,0.99,0.5,32,10000,500,0,0,,,,,,,,,0.0,0.0,0.007624618530903363,0.0,0.0,0.007624618530903363
stress_natural,naive_cdf_pacbayes,0.99,0.5,32,20000,500,0,0,,,,,,,,,0.0,0.0,0.007624618530903363,0.0,0.0,0.007624618530903363
stress_natural,naive_cdf_pacbayes,0.99,0.5,32,50000,500,0,0,,,,,,,,,0.0,0.0,0.007624618530903363,0.0,0.0,0.007624618530903363
stress_natural,naive_cdf_pacbayes,0.99,0.5,128,2000,500,0,0,,,,,,,,,0.0,0.0,0.007624618530903363,0.0,0.0,0.007624618530903363
stress_natural,naive_cdf_pacbayes,0.99,0.5,128,5000,500,0,0,,,,,,,,,0.0,0.0,0.007624618530903363,0.0,0.0,0.007624618530903363
stress_natural,naive_cdf_pacbayes,0.99,0.5,128,10000,500,0,0,,,,,,,,,0.0,0.0,0.007624618530903363,0.0,0.0,0.007624618530903363
stress_natural,naive_cdf_pacbayes,0.99,0.5,128,20000,500,0,0,,,,,,,,,0.0,0.0,0.007624618530903363,0.0,0.0,0.007624618530903363
stress_natural,naive_cdf_pacbayes,0.99,0.5,128,50000,500,0,0,,,,,,,,,0.0,0.0,0.007624618530903363,0.0,0.0,0.007624618530903363
stress_natural,naive_cdf_pacbayes,0.99,1.0,32,2000,500,0,0,,,,,,,,,0.0,0.0,0.007624618530903363,0.0,0.0,0.007624618530903363
stress_natural,naive_cdf_pacbayes,0.99,1.0,32,5000,500,0,0,,,,,,,,,0.0,0.0,0.007624618530903363,0.0,0.0,0.007624618530903363
stress_natural,naive_cdf_pacbayes,0.99,1.0,32,10000,500,0,0,,,,,,,,,0.0,0.0,0.007624618530903363,0.0,0.0,0.007624618530903363
stress_natural,naive_cdf_pacbayes,0.99,1.0,32,20000,500,0,0,,,,,,,,,0.0,0.0,0.007624618530903363,0.0,0.0,0.007624618530903363
stress_natural,naive_cdf_pacbayes,0.99,1.0,32,50000,500,0,0,,,,,,,,,0.0,0.0,0.007624618530903363,0.0,0.0,0.007624618530903363
stress_natural,naive_cdf_pacbayes,0.99,1.0,128,2000,500,0,0,,,,,,,,,0.0,0.0,0.007624618530903363,0.0,0.0,0.007624618530903363
stress_natural,naive_cdf_pacbayes,0.99,1.0,128,5000,500,0,0,,,,,,,,,0.0,0.0,0.007624618530903363,0.0,0.0,0.007624618530903363
stress_natural,naive_cdf_pacbayes,0.99,1.0,128,10000,500,0,0,,,,,,,,,0.0,0.0,0.007624618530903363,0.0,0.0,0.007624618530903363
stress_natural,naive_cdf_pacbayes,0.99,1.0,128,20000,500,0,0,,,,,,,,,0.0,0.0,0.007624618530903363,0.0,0.0,0.007624618530903363
stress_natural,naive_cdf_pacbayes,0.99,1.0,128,50000,500,0,0,,,,,,,,,0.0,0.0,0.007624618530903363,0.0,0.0,0.007624618530903363
stress_natural,naive_exc_betting,0.9,0.2,32,2000,500,0,0,,,,,,,,,0.0,0.0,0.007624618530903363,0.0,0.0,0.007624618530903363
stress_natural,naive_exc_betting,0.9,0.2,32,5000,500,0,0,,,,,,,,,0.0,0.0,0.007624618530903363,0.0,0.0,0.007624618530903363
stress_natural,naive_exc_betting,0.9,0.2,32,10000,500,0,0,,,,,,,,,0.0,0.0,0.007624618530903363,0.0,0.0,0.007624618530903363
stress_natural,naive_exc_betting,0.9,0.2,32,20000,500,0,0,,,,,,,,,0.0,0.0,0.007624618530903363,0.0,0.0,0.007624618530903363
stress_natural,naive_exc_betting,0.9,0.2,32,50000,500,0,0,,,,,,,,,0.0,0.0,0.007624618530903363,0.0,0.0,0.007624618530903363
stress_natural,naive_exc_betting,0.9,0.2,128,2000,500,0,0,,,,,,,,,0.0,0.0,0.007624618530903363,0.0,0.0,0.007624618530903363
stress_natural,naive_exc_betting,0.9,0.2,128,5000,500,0,0,,,,,,,,,0.0,0.0,0.007624618530903363,0.0,0.0,0.007624618530903363
stress_natural,naive_exc_betting,0.9,0.2,128,10000,500,0,0,,,,,,,,,0.0,0.0,0.007624618530903363,0.0,0.0,0.007624618530903363
stress_natural,naive_exc_betting,0.9,0.2,128,20000,500,0,0,,,,,,,,,0.0,0.0,0.007624618530903363,0.0,0.0,0.007624618530903363
stress_natural,naive_exc_betting,0.9,0.2,128,50000,500,0,0,,,,,,,,,0.0,0.0,0.007624618530903363,0.0,0.0,0.007624618530903363
stress_natural,naive_exc_betting,0.9,0.5,32,2000,500,0,0,,,,,,,,,0.0,0.0,0.007624618530903363,0.0,0.0,0.007624618530903363
stress_natural,naive_exc_betting,0.9,0.5,32,5000,500,1,1,0.10122567255354975,0.3045091435955672,4.5586435368289685e-05,-0.0024436163431500596,-0.0024436163431500596,0.3045091435955672,,4.5586435368289685e-05,0.002,0.000353127309584542,0.011240992747195207,0.002,0.000353127309584542,0.011240992747195207
stress_natural,naive_exc_betting,0.9,0.5,32,10000,500,0,0,,,,,,,,,0.0,0.0,0.007624618530903363,0.0,0.0,0.007624618530903363
stress_natural,naive_exc_betting,0.9,0.5,32,20000,500,0,0,,,,,,,,,0.0,0.0,0.007624618530903363,0.0,0.0,0.007624618530903363
stress_natural,naive_exc_betting,0.9,0.5,32,50000,500,0,0,,,,,,,,,0.0,0.0,0.007624618530903363,0.0,0.0,0.007624618530903363
stress_natural,naive_exc_betting,0.9,0.5,128,2000,500,0,0,,,,,,,,,0.0,0.0,0.007624618530903363,0.0,0.0,0.007624618530903363
stress_natural,naive_exc_betting,0.9,0.5,128,5000,500,1,1,0.10146062575870306,0.3259779927164506,4.68496847711171e-05,-0.0026785695483033667,-0.0026785695483033667,0.3259779927164506,,4.68496847711171e-05,0.002,0.000353127309584542,0.011240992747195207,0.002,0.000353127309584542,0.011240992747195207
stress_natural,naive_exc_betting,0.9,0.5,128,10000,500,0,0,,,,,,,,,0.0,0.0,0.007624618530903363,0.0,0.0,0.007624618530903363
stress_natural,naive_exc_betting,0.9,0.5,128,20000,500,0,0,,,,,,,,,0.0,0.0,0.007624618530903363,0.0,0.0,0.007624618530903363
stress_natural,naive_exc_betting,0.9,0.5,128,50000,500,0,0,,,,,,,,,0.0,0.0,0.007624618530903363,0.0,0.0,0.007624618530903363
stress_natural,naive_exc_betting,0.9,1.0,32,2000,500,3,3,0.10151283758207046,0.34876519037736103,4.85807573324985e-05,-0.007739338190842618,-0.018006123807281962,0.34876519037736103,0.03832686078410602,4.85807573324985e-05,0.006,0.002042559297638913,0.017490563810893606,0.006,0.002042559297638913,0.017490563810893606
stress_natural,naive_exc_betting,0.9,1.0,32,5000,500,1,1,0.10122567255354975,0.30517484434350156,4.5622430199319206e-05,-0.0037409394150434705,-0.0037409394150434705,0.30517484434350156,,4.5622430199319206e-05,0.002,0.000353127309584542,0.011240992747195207,0.002,0.000353127309584542,0.011240992747195207
stress_natural,naive_exc_betting,0.9,1.0,32,10000,500,1,1,0.10165642009633082,0.37089321376825796,5.00779183146029e-05,-0.0033169140159569482,-0.0033169140159569482,0.37089321376825796,,5.00779183146029e-05,0.002,0.000353127309584542,0.011240992747195207,0.002,0.000353127309584542,0.011240992747195207
stress_natural,naive_exc_betting,0.9,1.0,32,20000,500,0,0,,,,,,,,,0.0,0.0,0.007624618530903363,0.0,0.0,0.007624618530903363
stress_natural,naive_exc_betting,0.9,1.0,32,50000,500,0,0,,,,,,,,,0.0,0.0,0.007624618530903363,0.0,0.0,0.007624618530903363
stress_natural,naive_exc_betting,0.9,1.0,128,2000,500,3,3,0.10356215164994174,0.34788737936561426,4.937939983293549e-05,-0.009788652258713901,-0.02458481355157456,0.34788737936561426,0.07513330759853387,4.937939983293549e-05,0.006,0.002042559297638913,0.017490563810893606,0.006,0.002042559297638913,0.017490563810893606
stress_natural,naive_exc_betting,0.9,1.0,128,5000,500,1,1,0.10146062575870306,0.3259779927164506,4.68496847711171e-05,-0.003975892620196778,-0.003975892620196778,0.3259779927164506,,4.68496847711171e-05,0.002,0.000353127309584542,0.011240992747195207,0.002,0.000353127309584542,0.011240992747195207
stress_natural,naive_exc_betting,0.9,1.0,128,10000,500,1,1,0.10146062575870306,0.3259779927164506,4.68496847711171e-05,-0.00312111967832919,-0.00312111967832919,0.3259779927164506,,4.68496847711171e-05,0.002,0.000353127309584542,0.011240992747195207,0.002,0.000353127309584542,0.011240992747195207
stress_natural,naive_exc_betting,0.9,1.0,128,20000,500,0,0,,,,,,,,,0.0,0.0,0.007624618530903363,0.0,0.0,0.007624618530903363
stress_natural,naive_exc_betting,0.9,1.0,128,50000,500,0,0,,,,,,,,,0.0,0.0,0.007624618530903363,0.0,0.0,0.007624618530903363
stress_natural,naive_exc_betting,0.95,0.2,32,2000,500,0,0,,,,,,,,,0.0,0.0,0.007624618530903363,0.0,0.0,0.007624618530903363
stress_natural,naive_exc_betting,0.95,0.2,32,5000,500,0,0,,,,,,,,,0.0,0.0,0.007624618530903363,0.0,0.0,0.007624618530903363
stress_natural,naive_exc_betting,0.95,0.2,32,10000,500,0,0,,,,,,,,,0.0,0.0,0.007624618530903363,0.0,0.0,0.007624618530903363
stress_natural,naive_exc_betting,0.95,0.2,32,20000,500,0,0,,,,,,,,,0.0,0.0,0.007624618530903363,0.0,0.0,0.007624618530903363
stress_natural,naive_exc_betting,0.95,0.2,32,50000,500,0,0,,,,,,,,,0.0,0.0,0.007624618530903363,0.0,0.0,0.007624618530903363
stress_natural,naive_exc_betting,0.95,0.2,128,2000,500,0,0,,,,,,,,,0.0,0.0,0.007624618530903363,0.0,0.0,0.007624618530903363
stress_natural,naive_exc_betting,0.95,0.2,128,5000,500,0,0,,,,,,,,,0.0,0.0,0.007624618530903363,0.0,0.0,0.007624618530903363
stress_natural,naive_exc_betting,0.95,0.2,128,10000,500,0,0,,,,,,,,,0.0,0.0,0.007624618530903363,0.0,0.0,0.007624618530903363
stress_natural,naive_exc_betting,0.95,0.2,128,20000,500,0,0,,,,,,,,,0.0,0.0,0.007624618530903363,0.0,0.0,0.007624618530903363
stress_natural,naive_exc_betting,0.95,0.2,128,50000,500,0,0,,,,,,,,,0.0,0.0,0.007624618530903363,0.0,0.0,0.007624618530903363
stress_natural,naive_exc_betting,0.95,0.5,32,2000,500,0,0,,,,,,,,,0.0,0.0,0.007624618530903363,0.0,0.0,0.007624618530903363
stress_natural,naive_exc_betting,0.95,0.5,32,5000,500,0,0,,,,,,,,,0.0,0.0,0.007624618530903363,0.0,0.0,0.007624618530903363
stress_natural,naive_exc_betting,0.95,0.5,32,10000,500,0,0,,,,,,,,,0.0,0.0,0.007624618530903363,0.0,0.0,0.007624618530903363
stress_natural,naive_exc_betting,0.95,0.5,32,20000,500,2,2,0.050573677409249326,0.33803402905587976,4.785017425696106e-05,-0.0009302726071944191,-0.0009398978199945049,0.33803402905587976,0.046469904668767915,4.785017425696106e-05,0.004,0.0010976075412372681,0.014466014041418871,0.004,0.0010976075412372681,0.014466014041418871
stress_natural,naive_exc_betting,0.95,0.5,32,50000,500,0,0,,,,,,,,,0.0,0.0,0.007624618530903363,0.0,0.0,0.007624618530903363
stress_natural,naive_exc_betting,0.95,0.5,128,2000,500,0,0,,,,,,,,,0.0,0.0,0.007624618530903363,0.0,0.0,0.007624618530903363
stress_natural,naive_exc_betting,0.95,0.5,128,5000,500,0,0,,,,,,,,,0.0,0.0,0.007624618530903363,0.0,0.0,0.007624618530903363
stress_natural,naive_exc_betting,0.95,0.5,128,10000,500,0,0,,,,,,,,,0.0,0.0,0.007624618530903363,0.0,0.0,0.007624618530903363
stress_natural,naive_exc_betting,0.95,0.5,128,20000,500,2,2,0.050490868537963786,0.3052449118933219,4.563114467759511e-05,-0.0008474637359052704,-0.0009206473943943333,0.3052449118933219,0.0010405335054488925,4.563114467759511e-05,0.004,0.0010976075412372681,0.014466014041418871,0.004,0.0010976075412372681,0.014466014041418871
stress_natural,naive_exc_betting,0.95,0.5,128,50000,500,0,0,,,,,,,,,0.0,0.0,0.007624618530903363,0.0,0.0,0.007624618530903363
stress_natural,naive_exc_betting,0.95,1.0,32,2000,500,5,5,0.050514939107960996,0.3090691937189176,4.585348318126698e-05,-0.0056599773373215145,-0.010218227026822069,0.3090691937189176,0.009458164619913263,4.585348318126698e-05,0.01,0.004278690781520357,0.023193435378764938,0.01,0.004278690781520357,0.023193435378764938
stress_natural,naive_exc_betting,0.95,1.0,32,5000,500,1,1,0.051846340603829734,0.43464385009985523,5.696532873869315e-05,-0.0025698145577917053,-0.0025698145577917053,0.43464385009985523,,5.696532873869315e-05,0.002,0.000353127309584542,0.011240992747195207,0.002,0.000353127309584542,0.011240992747195207
stress_natural,naive_exc_betting,0.95,1.0,32,10000,500,2,2,0.05047578024043545,0.3048419939695344,4.5604432783804446e-05,-0.002077275950238499,-0.0028540228772576323,0.3048419939695344,0.0004707215131053513,4.5604432783804446e-05,0.004,0.0010976075412372681,0.014466014041418871,0.004,0.0010976075412372681,0.014466014041418871
stress_natural,naive_exc_betting,0.95,1.0,32,20000,500,1,1,0.050671574578063205,0.3259779927164506,4.68496847711171e-05,-0.0007952638145113794,-0.0007952638145113794,0.3259779927164506,,4.68496847711171e-05,0.002,0.000353127309584542,0.011240992747195207,0.002,0.000353127309584542,0.011240992747195207
stress_natural,naive_exc_betting,0.95,1.0,32,50000,500,0,0,,,,,,,,,0.0,0.0,0.007624618530903363,0.0,0.0,0.007624618530903363
stress_natural,naive_exc_betting,0.95,1.0,128,2000,500,5,5,0.05066379205608359,0.3518182107295462,4.8993599247644274e-05,-0.005808830285444102,-0.010766451172179788,0.3518182107295462,0.04585330697044631,4.8993599247644274e-05,0.01,0.004278690781520357,0.023193435378764938,0.01,0.004278690781520357,0.023193435378764938
stress_natural,naive_exc_betting,0.95,1.0,128,5000,500,1,1,0.050671574578063205,0.3259779927164506,4.68496847711171e-05,-0.0013950485320251768,-0.0013950485320251768,0.3259779927164506,,4.68496847711171e-05,0.002,0.000353127309584542,0.011240992747195207,0.002,0.000353127309584542,0.011240992747195207
stress_natural,naive_exc_betting,0.95,1.0,128,10000,500,2,2,0.050588765706777665,0.3384369469796673,4.7876886150751716e-05,-0.0021902614165796967,-0.0028841994723122696,0.3384369469796673,0.04590009267642437,4.7876886150751716e-05,0.004,0.0010976075412372681,0.014466014041418871,0.004,0.0010976075412372681,0.014466014041418871
stress_natural,naive_exc_betting,0.95,1.0,128,20000,500,1,1,0.050671574578063205,0.3259779927164506,4.68496847711171e-05,-0.0007952638145113794,-0.0007952638145113794,0.3259779927164506,,4.68496847711171e-05,0.002,0.000353127309584542,0.011240992747195207,0.002,0.000353127309584542,0.011240992747195207
stress_natural,naive_exc_betting,0.95,1.0,128,50000,500,0,0,,,,,,,,,0.0,0.0,0.007624618530903363,0.0,0.0,0.007624618530903363
stress_natural,naive_exc_betting,0.99,0.2,32,2000,500,0,0,,,,,,,,,0.0,0.0,0.007624618530903363,0.0,0.0,0.007624618530903363
stress_natural,naive_exc_betting,0.99,0.2,32,5000,500,0,0,,,,,,,,,0.0,0.0,0.007624618530903363,0.0,0.0,0.007624618530903363
stress_natural,naive_exc_betting,0.99,0.2,32,10000,500,0,0,,,,,,,,,0.0,0.0,0.007624618530903363,0.0,0.0,0.007624618530903363
stress_natural,naive_exc_betting,0.99,0.2,32,20000,500,0,0,,,,,,,,,0.0,0.0,0.007624618530903363,0.0,0.0,0.007624618530903363
stress_natural,naive_exc_betting,0.99,0.2,32,50000,500,0,0,,,,,,,,,0.0,0.0,0.007624618530903363,0.0,0.0,0.007624618530903363
stress_natural,naive_exc_betting,0.99,0.2,128,2000,500,0,0,,,,,,,,,0.0,0.0,0.007624618530903363,0.0,0.0,0.007624618530903363
stress_natural,naive_exc_betting,0.99,0.2,128,5000,500,0,0,,,,,,,,,0.0,0.0,0.007624618530903363,0.0,0.0,0.007624618530903363
stress_natural,naive_exc_betting,0.99,0.2,128,10000,500,0,0,,,,,,,,,0.0,0.0,0.007624618530903363,0.0,0.0,0.007624618530903363
stress_natural,naive_exc_betting,0.99,0.2,128,20000,500,0,0,,,,,,,,,0.0,0.0,0.007624618530903363,0.0,0.0,0.007624618530903363
stress_natural,naive_exc_betting,0.99,0.2,128,50000,500,0,0,,,,,,,,,0.0,0.0,0.007624618530903363,0.0,0.0,0.007624618530903363
stress_natural,naive_exc_betting,0.99,0.5,32,2000,500,0,0,,,,,,,,,0.0,0.0,0.007624618530903363,0.0,0.0,0.007624618530903363
stress_natural,naive_exc_betting,0.99,0.5,32,5000,500,0,0,,,,,,,,,0.0,0.0,0.007624618530903363,0.0,0.0,0.007624618530903363
stress_natural,naive_exc_betting,0.99,0.5,32,10000,500,0,0,,,,,,,,,0.0,0.0,0.007624618530903363,0.0,0.0,0.007624618530903363
stress_natural,naive_exc_betting,0.99,0.5,32,20000,500,0,0,,,,,,,,,0.0,0.0,0.007624618530903363,0.0,0.0,0.007624618530903363
stress_natural,naive_exc_betting,0.99,0.5,32,50000,500,0,0,,,,,,,,,0.0,0.0,0.007624618530903363,0.0,0.0,0.007624618530903363
stress_natural,naive_exc_betting,0.99,0.5,128,2000,500,0,0,,,,,,,,,0.0,0.0,0.007624618530903363,0.0,0.0,0.007624618530903363
stress_natural,naive_exc_betting,0.99,0.5,128,5000,500,0,0,,,,,,,,,0.0,0.0,0.007624618530903363,0.0,0.0,0.007624618530903363
stress_natural,naive_exc_betting,0.99,0.5,128,10000,500,0,0,,,,,,,,,0.0,0.0,0.007624618530903363,0.0,0.0,0.007624618530903363
stress_natural,naive_exc_betting,0.99,0.5,128,20000,500,0,0,,,,,,,,,0.0,0.0,0.007624618530903363,0.0,0.0,0.007624618530903363
stress_natural,naive_exc_betting,0.99,0.5,128,50000,500,0,0,,,,,,,,,0.0,0.0,0.007624618530903363,0.0,0.0,0.007624618530903363
stress_natural,naive_exc_betting,0.99,1.0,32,2000,500,0,0,,,,,,,,,0.0,0.0,0.007624618530903363,0.0,0.0,0.007624618530903363
stress_natural,naive_exc_betting,0.99,1.0,32,5000,500,0,0,,,,,,,,,0.0,0.0,0.007624618530903363,0.0,0.0,0.007624618530903363
stress_natural,naive_exc_betting,0.99,1.0,32,10000,500,5,5,0.010173473783138192,0.3354896816384071,4.764287739358636e-05,-0.00106448696092176,-0.0014887762830904112,0.3354896816384071,0.03345173948514217,4.764287739358636e-05,0.01,0.004278690781520357,0.023193435378764938,0.01,0.004278690781520357,0.023193435378764938
stress_natural,naive_exc_betting,0.99,1.0,32,20000,500,2,2,0.010161726122880526,0.33803402905587976,4.785017425696106e-05,-0.0014867895442290356,-0.0017778027870131458,0.33803402905587976,0.046469904668767915,4.785017425696106e-05,0.004,0.0010976075412372681,0.014466014041418871,0.004,0.0010976075412372681,0.014466014041418871
stress_natural,naive_exc_betting,0.99,1.0,32,50000,500,1,1,0.0101029878215922,0.3045091435955672,4.5586435368289685e-05,-0.00013225502020526927,-0.00013225502020526927,0.3045091435955672,,4.5586435368289685e-05,0.002,0.000353127309584542,0.011240992747195207,0.002,0.000353127309584542,0.011240992747195207
stress_natural,naive_exc_betting,0.99,1.0,128,2000,500,0,0,,,,,,,,,0.0,0.0,0.007624618530903363,0.0,0.0,0.007624618530903363
stress_natural,naive_exc_betting,0.99,1.0,128,5000,500,0,0,,,,,,,,,0.0,0.0,0.007624618530903363,0.0,0.0,0.007624618530903363
stress_natural,naive_exc_betting,0.99,1.0,128,10000,500,5,5,0.010212654469571585,0.36461681447368754,5.037025781848705e-05,-0.0011036676473551526,-0.0016062528856670647,0.36461681447368754,0.059364342597376635,5.037025781848705e-05,0.01,0.004278690781520357,0.023193435378764938,0.01,0.004278690781520357,0.023193435378764938
stress_natural,naive_exc_betting,0.99,1.0,128,20000,500,2,2,0.01031836159298273,0.3803109214081529,5.1907506754905125e-05,-0.0016434250143312406,-0.0019735971246409023,0.3803109214081529,0.07683836463925567,5.1907506754905125e-05,0.004,0.0010976075412372681,0.014466014041418871,0.004,0.0010976075412372681,0.014466014041418871
stress_natural,naive_exc_betting,0.99,1.0,128,50000,500,1,1,0.0101029878215922,0.3045091435955672,4.5586435368289685e-05,-0.00013225502020526927,-0.00013225502020526927,0.3045091435955672,,4.5586435368289685e-05,0.002,0.000353127309584542,0.011240992747195207,0.002,0.000353127309584542,0.011240992747195207
stress_natural,naive_exc_empbernstein,0.9,0.2,32,2000,500,0,0,,,,,,,,,0.0,0.0,0.007624618530903363,0.0,0.0,0.007624618530903363
stress_natural,naive_exc_empbernstein,0.9,0.2,32,5000,500,0,0,,,,,,,,,0.0,0.0,0.007624618530903363,0.0,0.0,0.007624618530903363
stress_natural,naive_exc_empbernstein,0.9,0.2,32,10000,500,0,0,,,,,,,,,0.0,0.0,0.007624618530903363,0.0,0.0,0.007624618530903363
stress_natural,naive_exc_empbernstein,0.9,0.2,32,20000,500,0,0,,,,,,,,,0.0,0.0,0.007624618530903363,0.0,0.0,0.007624618530903363
stress_natural,naive_exc_empbernstein,0.9,0.2,32,50000,500,0,0,,,,,,,,,0.0,0.0,0.007624618530903363,0.0,0.0,0.007624618530903363
stress_natural,naive_exc_empbernstein,0.9,0.2,128,2000,500,0,0,,,,,,,,,0.0,0.0,0.007624618530903363,0.0,0.0,0.007624618530903363
stress_natural,naive_exc_empbernstein,0.9,0.2,128,5000,500,0,0,,,,,,,,,0.0,0.0,0.007624618530903363,0.0,0.0,0.007624618530903363
stress_natural,naive_exc_empbernstein,0.9,0.2,128,10000,500,0,0,,,,,,,,,0.0,0.0,0.007624618530903363,0.0,0.0,0.007624618530903363
stress_natural,naive_exc_empbernstein,0.9,0.2,128,20000,500,0,0,,,,,,,,,0.0,0.0,0.007624618530903363,0.0,0.0,0.007624618530903363
stress_natural,naive_exc_empbernstein,0.9,0.2,128,50000,500,0,0,,,,,,,,,0.0,0.0,0.007624618530903363,0.0,0.0,0.007624618530903363
stress_natural,naive_exc_empbernstein,0.9,0.5,32,2000,500,0,0,,,,,,,,,0.0,0.0,0.007624618530903363,0.0,0.0,0.007624618530903363
stress_natural,naive_exc_empbernstein,0.9,0.5,32,5000,500,0,0,,,,,,,,,0.0,0.0,0.007624618530903363,0.0,0.0,0.007624618530903363
stress_natural,naive_exc_empbernstein,0.9,0.5,32,10000,500,0,0,,,,,,,,,0.0,0.0,0.007624618530903363,0.0,0.0,0.007624618530903363
stress_natural,naive_exc_empbernstein,0.9,0.5,32,20000,500,0,0,,,,,,,,,0.0,0.0,0.007624618530903363,0.0,0.0,0.007624618530903363
stress_natural,naive_exc_empbernstein,0.9,0.5,32,50000,500,0,0,,,,,,,,,0.0,0.0,0.007624618530903363,0.0,0.0,0.007624618530903363
stress_natural,naive_exc_empbernstein,0.9,0.5,128,2000,500,0,0,,,,,,,,,0.0,0.0,0.007624618530903363,0.0,0.0,0.007624618530903363
stress_natural,naive_exc_empbernstein,0.9,0.5,128,5000,500,0,0,,,,,,,,,0.0,0.0,0.007624618530903363,0.0,0.0,0.007624618530903363
stress_natural,naive_exc_empbernstein,0.9,0.5,128,10000,500,0,0,,,,,,,,,0.0,0.0,0.007624618530903363,0.0,0.0,0.007624618530903363
stress_natural,naive_exc_empbernstein,0.9,0.5,128,20000,500,0,0,,,,,,,,,0.0,0.0,0.007624618530903363,0.0,0.0,0.007624618530903363
stress_natural,naive_exc_empbernstein,0.9,0.5,128,50000,500,0,0,,,,,,,,,0.0,0.0,0.007624618530903363,0.0,0.0,0.007624618530903363
stress_natural,naive_exc_empbernstein,0.9,1.0,32,2000,500,0,0,,,,,,,,,0.0,0.0,0.007624618530903363,0.0,0.0,0.007624618530903363
stress_natural,naive_exc_empbernstein,0.9,1.0,32,5000,500,0,0,,,,,,,,,0.0,0.0,0.007624618530903363,0.0,0.0,0.007624618530903363
stress_natural,naive_exc_empbernstein,0.9,1.0,32,10000,500,0,0,,,,,,,,,0.0,0.0,0.007624618530903363,0.0,0.0,0.007624618530903363
stress_natural,naive_exc_empbernstein,0.9,1.0,32,20000,500,0,0,,,,,,,,,0.0,0.0,0.007624618530903363,0.0,0.0,0.007624618530903363
stress_natural,naive_exc_empbernstein,0.9,1.0,32,50000,500,0,0,,,,,,,,,0.0,0.0,0.007624618530903363,0.0,0.0,0.007624618530903363
stress_natural,naive_exc_empbernstein,0.9,1.0,128,2000,500,0,0,,,,,,,,,0.0,0.0,0.007624618530903363,0.0,0.0,0.007624618530903363
stress_natural,naive_exc_empbernstein,0.9,1.0,128,5000,500,0,0,,,,,,,,,0.0,0.0,0.007624618530903363,0.0,0.0,0.007624618530903363
stress_natural,naive_exc_empbernstein,0.9,1.0,128,10000,500,0,0,,,,,,,,,0.0,0.0,0.007624618530903363,0.0,0.0,0.007624618530903363
stress_natural,naive_exc_empbernstein,0.9,1.0,128,20000,500,0,0,,,,,,,,,0.0,0.0,0.007624618530903363,0.0,0.0,0.007624618530903363
stress_natural,naive_exc_empbernstein,0.9,1.0,128,50000,500,0,0,,,,,,,,,0.0,0.0,0.007624618530903363,0.0,0.0,0.007624618530903363
stress_natural,naive_exc_empbernstein,0.95,0.2,32,2000,500,0,0,,,,,,,,,0.0,0.0,0.007624618530903363,0.0,0.0,0.007624618530903363
stress_natural,naive_exc_empbernstein,0.95,0.2,32,5000,500,0,0,,,,,,,,,0.0,0.0,0.007624618530903363,0.0,0.0,0.007624618530903363
stress_natural,naive_exc_empbernstein,0.95,0.2,32,10000,500,0,0,,,,,,,,,0.0,0.0,0.007624618530903363,0.0,0.0,0.007624618530903363
stress_natural,naive_exc_empbernstein,0.95,0.2,32,20000,500,0,0,,,,,,,,,0.0,0.0,0.007624618530903363,0.0,0.0,0.007624618530903363
stress_natural,naive_exc_empbernstein,0.95,0.2,32,50000,500,0,0,,,,,,,,,0.0,0.0,0.007624618530903363,0.0,0.0,0.007624618530903363
stress_natural,naive_exc_empbernstein,0.95,0.2,128,2000,500,0,0,,,,,,,,,0.0,0.0,0.007624618530903363,0.0,0.0,0.007624618530903363
stress_natural,naive_exc_empbernstein,0.95,0.2,128,5000,500,0,0,,,,,,,,,0.0,0.0,0.007624618530903363,0.0,0.0,0.007624618530903363
stress_natural,naive_exc_empbernstein,0.95,0.2,128,10000,500,0,0,,,,,,,,,0.0,0.0,0.007624618530903363,0.0,0.0,0.007624618530903363
stress_natural,naive_exc_empbernstein,0.95,0.2,128,20000,500,0,0,,,,,,,,,0.0,0.0,0.007624618530903363,0.0,0.0,0.007624618530903363
stress_natural,naive_exc_empbernstein,0.95,0.2,128,50000,500,0,0,,,,,,,,,0.0,0.0,0.007624618530903363,0.0,0.0,0.007624618530903363
stress_natural,naive_exc_empbernstein,0.95,0.5,32,2000,500,0,0,,,,,,,,,0.0,0.0,0.007624618530903363,0.0,0.0,0.007624618530903363
stress_natural,naive_exc_empbernstein,0.95,0.5,32,5000,500,0,0,,,,,,,,,0.0,0.0,0.007624618530903363,0.0,0.0,0.007624618530903363
stress_natural,naive_exc_empbernstein,0.95,0.5,32,10000,500,0,0,,,,,,,,,0.0,0.0,0.007624618530903363,0.0,0.0,0.007624618530903363
stress_natural,naive_exc_empbernstein,0.95,0.5,32,20000,500,0,0,,,,,,,,,0.0,0.0,0.007624618530903363,0.0,0.0,0.007624618530903363
stress_natural,naive_exc_empbernstein,0.95,0.5,32,50000,500,0,0,,,,,,,,,0.0,0.0,0.007624618530903363,0.0,0.0,0.007624618530903363
stress_natural,naive_exc_empbernstein,0.95,0.5,128,2000,500,0,0,,,,,,,,,0.0,0.0,0.007624618530903363,0.0,0.0,0.007624618530903363
stress_natural,naive_exc_empbernstein,0.95,0.5,128,5000,500,0,0,,,,,,,,,0.0,0.0,0.007624618530903363,0.0,0.0,0.007624618530903363
stress_natural,naive_exc_empbernstein,0.95,0.5,128,10000,500,0,0,,,,,,,,,0.0,0.0,0.007624618530903363,0.0,0.0,0.007624618530903363
stress_natural,naive_exc_empbernstein,0.95,0.5,128,20000,500,0,0,,,,,,,,,0.0,0.0,0.007624618530903363,0.0,0.0,0.007624618530903363
stress_natural,naive_exc_empbernstein,0.95,0.5,128,50000,500,0,0,,,,,,,,,0.0,0.0,0.007624618530903363,0.0,0.0,0.007624618530903363
stress_natural,naive_exc_empbernstein,0.95,1.0,32,2000,500,0,0,,,,,,,,,0.0,0.0,0.007624618530903363,0.0,0.0,0.007624618530903363
stress_natural,naive_exc_empbernstein,0.95,1.0,32,5000,500,0,0,,,,,,,,,0.0,0.0,0.007624618530903363,0.0,0.0,0.007624618530903363
stress_natural,naive_exc_empbernstein,0.95,1.0,32,10000,500,0,0,,,,,,,,,0.0,0.0,0.007624618530903363,0.0,0.0,0.007624618530903363
stress_natural,naive_exc_empbernstein,0.95,1.0,32,20000,500,0,0,,,,,,,,,0.0,0.0,0.007624618530903363,0.0,0.0,0.007624618530903363
stress_natural,naive_exc_empbernstein,0.95,1.0,32,50000,500,0,0,,,,,,,,,0.0,0.0,0.007624618530903363,0.0,0.0,0.007624618530903363
stress_natural,naive_exc_empbernstein,0.95,1.0,128,2000,500,0,0,,,,,,,,,0.0,0.0,0.007624618530903363,0.0,0.0,0.007624618530903363
stress_natural,naive_exc_empbernstein,0.95,1.0,128,5000,500,0,0,,,,,,,,,0.0,0.0,0.007624618530903363,0.0,0.0,0.007624618530903363
stress_natural,naive_exc_empbernstein,0.95,1.0,128,10000,500,0,0,,,,,,,,,0.0,0.0,0.007624618530903363,0.0,0.0,0.007624618530903363
stress_natural,naive_exc_empbernstein,0.95,1.0,128,20000,500,0,0,,,,,,,,,0.0,0.0,0.007624618530903363,0.0,0.0,0.007624618530903363
stress_natural,naive_exc_empbernstein,0.95,1.0,128,50000,500,0,0,,,,,,,,,0.0,0.0,0.007624618530903363,0.0,0.0,0.007624618530903363
stress_natural,naive_exc_empbernstein,0.99,0.2,32,2000,500,0,0,,,,,,,,,0.0,0.0,0.007624618530903363,0.0,0.0,0.007624618530903363
stress_natural,naive_exc_empbernstein,0.99,0.2,32,5000,500,0,0,,,,,,,,,0.0,0.0,0.007624618530903363,0.0,0.0,0.007624618530903363
stress_natural,naive_exc_empbernstein,0.99,0.2,32,10000,500,0,0,,,,,,,,,0.0,0.0,0.007624618530903363,0.0,0.0,0.007624618530903363
stress_natural,naive_exc_empbernstein,0.99,0.2,32,20000,500,0,0,,,,,,,,,0.0,0.0,0.007624618530903363,0.0,0.0,0.007624618530903363
stress_natural,naive_exc_empbernstein,0.99,0.2,32,50000,500,0,0,,,,,,,,,0.0,0.0,0.007624618530903363,0.0,0.0,0.007624618530903363
stress_natural,naive_exc_empbernstein,0.99,0.2,128,2000,500,0,0,,,,,,,,,0.0,0.0,0.007624618530903363,0.0,0.0,0.007624618530903363
stress_natural,naive_exc_empbernstein,0.99,0.2,128,5000,500,0,0,,,,,,,,,0.0,0.0,0.007624618530903363,0.0,0.0,0.007624618530903363
stress_natural,naive_exc_empbernstein,0.99,0.2,128,10000,500,0,0,,,,,,,,,0.0,0.0,0.007624618530903363,0.0,0.0,0.007624618530903363
stress_natural,naive_exc_empbernstein,0.99,0.2,128,20000,500,0,0,,,,,,,,,0.0,0.0,0.007624618530903363,0.0,0.0,0.007624618530903363
stress_natural,naive_exc_empbernstein,0.99,0.2,128,50000,500,0,0,,,,,,,,,0.0,0.0,0.007624618530903363,0.0,0.0,0.007624618530903363
stress_natural,naive_exc_empbernstein,0.99,0.5,32,2000,500,0,0,,,,,,,,,0.0,0.0,0.007624618530903363,0.0,0.0,0.007624618530903363
stress_natural,naive_exc_empbernstein,0.99,0.5,32,5000,500,0,0,,,,,,,,,0.0,0.0,0.007624618530903363,0.0,0.0,0.007624618530903363
stress_natural,naive_exc_empbernstein,0.99,0.5,32,10000,500,0,0,,,,,,,,,0.0,0.0,0.007624618530903363,0.0,0.0,0.007624618530903363
stress_natural,naive_exc_empbernstein,0.99,0.5,32,20000,500,0,0,,,,,,,,,0.0,0.0,0.007624618530903363,0.0,0.0,0.007624618530903363
stress_natural,naive_exc_empbernstein,0.99,0.5,32,50000,500,0,0,,,,,,,,,0.0,0.0,0.007624618530903363,0.0,0.0,0.007624618530903363
stress_natural,naive_exc_empbernstein,0.99,0.5,128,2000,500,0,0,,,,,,,,,0.0,0.0,0.007624618530903363,0.0,0.0,0.007624618530903363
stress_natural,naive_exc_empbernstein,0.99,0.5,128,5000,500,0,0,,,,,,,,,0.0,0.0,0.007624618530903363,0.0,0.0,0.007624618530903363
stress_natural,naive_exc_empbernstein,0.99,0.5,128,10000,500,0,0,,,,,,,,,0.0,0.0,0.007624618530903363,0.0,0.0,0.007624618530903363
stress_natural,naive_exc_empbernstein,0.99,0.5,128,20000,500,0,0,,,,,,,,,0.0,0.0,0.007624618530903363,0.0,0.0,0.007624618530903363
stress_natural,naive_exc_empbernstein,0.99,0.5,128,50000,500,0,0,,,,,,,,,0.0,0.0,0.007624618530903363,0.0,0.0,0.007624618530903363
stress_natural,naive_exc_empbernstein,0.99,1.0,32,2000,500,0,0,,,,,,,,,0.0,0.0,0.007624618530903363,0.0,0.0,0.007624618530903363
stress_natural,naive_exc_empbernstein,0.99,1.0,32,5000,500,0,0,,,,,,,,,0.0,0.0,0.007624618530903363,0.0,0.0,0.007624618530903363
stress_natural,naive_exc_empbernstein,0.99,1.0,32,10000,500,0,0,,,,,,,,,0.0,0.0,0.007624618530903363,0.0,0.0,0.007624618530903363
stress_natural,naive_exc_empbernstein,0.99,1.0,32,20000,500,0,0,,,,,,,,,0.0,0.0,0.007624618530903363,0.0,0.0,0.007624618530903363
stress_natural,naive_exc_empbernstein,0.99,1.0,32,50000,500,0,0,,,,,,,,,0.0,0.0,0.007624618530903363,0.0,0.0,0.007624618530903363
stress_natural,naive_exc_empbernstein,0.99,1.0,128,2000,500,0,0,,,,,,,,,0.0,0.0,0.007624618530903363,0.0,0.0,0.007624618530903363
stress_natural,naive_exc_empbernstein,0.99,1.0,128,5000,500,0,0,,,,,,,,,0.0,0.0,0.007624618530903363,0.0,0.0,0.007624618530903363
stress_natural,naive_exc_empbernstein,0.99,1.0,128,10000,500,0,0,,,,,,,,,0.0,0.0,0.007624618530903363,0.0,0.0,0.007624618530903363
stress_natural,naive_exc_empbernstein,0.99,1.0,128,20000,500,0,0,,,,,,,,,0.0,0.0,0.007624618530903363,0.0,0.0,0.007624618530903363
stress_natural,naive_exc_empbernstein,0.99,1.0,128,50000,500,0,0,,,,,,,,,0.0,0.0,0.007624618530903363,0.0,0.0,0.007624618530903363
stress_natural,naive_exceedance,0.9,0.2,32,2000,500,0,0,,,,,,,,,0.0,0.0,0.007624618530903363,0.0,0.0,0.007624618530903363
stress_natural,naive_exceedance,0.9,0.2,32,5000,500,0,0,,,,,,,,,0.0,0.0,0.007624618530903363,0.0,0.0,0.007624618530903363
stress_natural,naive_exceedance,0.9,0.2,32,10000,500,0,0,,,,,,,,,0.0,0.0,0.007624618530903363,0.0,0.0,0.007624618530903363
stress_natural,naive_exceedance,0.9,0.2,32,20000,500,0,0,,,,,,,,,0.0,0.0,0.007624618530903363,0.0,0.0,0.007624618530903363
stress_natural,naive_exceedance,0.9,0.2,32,50000,500,0,0,,,,,,,,,0.0,0.0,0.007624618530903363,0.0,0.0,0.007624618530903363
stress_natural,naive_exceedance,0.9,0.2,128,2000,500,0,0,,,,,,,,,0.0,0.0,0.007624618530903363,0.0,0.0,0.007624618530903363
stress_natural,naive_exceedance,0.9,0.2,128,5000,500,0,0,,,,,,,,,0.0,0.0,0.007624618530903363,0.0,0.0,0.007624618530903363
stress_natural,naive_exceedance,0.9,0.2,128,10000,500,0,0,,,,,,,,,0.0,0.0,0.007624618530903363,0.0,0.0,0.007624618530903363
stress_natural,naive_exceedance,0.9,0.2,128,20000,500,0,0,,,,,,,,,0.0,0.0,0.007624618530903363,0.0,0.0,0.007624618530903363
stress_natural,naive_exceedance,0.9,0.2,128,50000,500,0,0,,,,,,,,,0.0,0.0,0.007624618530903363,0.0,0.0,0.007624618530903363
stress_natural,naive_exceedance,0.9,0.5,32,2000,500,0,0,,,,,,,,,0.0,0.0,0.007624618530903363,0.0,0.0,0.007624618530903363
stress_natural,naive_exceedance,0.9,0.5,32,5000,500,0,0,,,,,,,,,0.0,0.0,0.007624618530903363,0.0,0.0,0.007624618530903363
stress_natural,naive_exceedance,0.9,0.5,32,10000,500,0,0,,,,,,,,,0.0,0.0,0.007624618530903363,0.0,0.0,0.007624618530903363
stress_natural,naive_exceedance,0.9,0.5,32,20000,500,0,0,,,,,,,,,0.0,0.0,0.007624618530903363,0.0,0.0,0.007624618530903363
stress_natural,naive_exceedance,0.9,0.5,32,50000,500,0,0,,,,,,,,,0.0,0.0,0.007624618530903363,0.0,0.0,0.007624618530903363
stress_natural,naive_exceedance,0.9,0.5,128,2000,500,0,0,,,,,,,,,0.0,0.0,0.007624618530903363,0.0,0.0,0.007624618530903363
stress_natural,naive_exceedance,0.9,0.5,128,5000,500,0,0,,,,,,,,,0.0,0.0,0.007624618530903363,0.0,0.0,0.007624618530903363
stress_natural,naive_exceedance,0.9,0.5,128,10000,500,0,0,,,,,,,,,0.0,0.0,0.007624618530903363,0.0,0.0,0.007624618530903363
stress_natural,naive_exceedance,0.9,0.5,128,20000,500,0,0,,,,,,,,,0.0,0.0,0.007624618530903363,0.0,0.0,0.007624618530903363
stress_natural,naive_exceedance,0.9,0.5,128,50000,500,0,0,,,,,,,,,0.0,0.0,0.007624618530903363,0.0,0.0,0.007624618530903363
stress_natural,naive_exceedance,0.9,1.0,32,2000,500,0,0,,,,,,,,,0.0,0.0,0.007624618530903363,0.0,0.0,0.007624618530903363
stress_natural,naive_exceedance,0.9,1.0,32,5000,500,0,0,,,,,,,,,0.0,0.0,0.007624618530903363,0.0,0.0,0.007624618530903363
stress_natural,naive_exceedance,0.9,1.0,32,10000,500,0,0,,,,,,,,,0.0,0.0,0.007624618530903363,0.0,0.0,0.007624618530903363
stress_natural,naive_exceedance,0.9,1.0,32,20000,500,0,0,,,,,,,,,0.0,0.0,0.007624618530903363,0.0,0.0,0.007624618530903363
stress_natural,naive_exceedance,0.9,1.0,32,50000,500,0,0,,,,,,,,,0.0,0.0,0.007624618530903363,0.0,0.0,0.007624618530903363
stress_natural,naive_exceedance,0.9,1.0,128,2000,500,0,0,,,,,,,,,0.0,0.0,0.007624618530903363,0.0,0.0,0.007624618530903363
stress_natural,naive_exceedance,0.9,1.0,128,5000,500,0,0,,,,,,,,,0.0,0.0,0.007624618530903363,0.0,0.0,0.007624618530903363
stress_natural,naive_exceedance,0.9,1.0,128,10000,500,0,0,,,,,,,,,0.0,0.0,0.007624618530903363,0.0,0.0,0.007624618530903363
stress_natural,naive_exceedance,0.9,1.0,128,20000,500,0,0,,,,,,,,,0.0,0.0,0.007624618530903363,0.0,0.0,0.007624618530903363
stress_natural,naive_exceedance,0.9,1.0,128,50000,500,0,0,,,,,,,,,0.0,0.0,0.007624618530903363,0.0,0.0,0.007624618530903363
stress_natural,naive_exceedance,0.95,0.2,32,2000,500,0,0,,,,,,,,,0.0,0.0,0.007624618530903363,0.0,0.0,0.007624618530903363
stress_natural,naive_exceedance,0.95,0.2,32,5000,500,0,0,,,,,,,,,0.0,0.0,0.007624618530903363,0.0,0.0,0.007624618530903363
stress_natural,naive_exceedance,0.95,0.2,32,10000,500,0,0,,,,,,,,,0.0,0.0,0.007624618530903363,0.0,0.0,0.007624618530903363
stress_natural,naive_exceedance,0.95,0.2,32,20000,500,0,0,,,,,,,,,0.0,0.0,0.007624618530903363,0.0,0.0,0.007624618530903363
stress_natural,naive_exceedance,0.95,0.2,32,50000,500,0,0,,,,,,,,,0.0,0.0,0.007624618530903363,0.0,0.0,0.007624618530903363
stress_natural,naive_exceedance,0.95,0.2,128,2000,500,0,0,,,,,,,,,0.0,0.0,0.007624618530903363,0.0,0.0,0.007624618530903363
stress_natural,naive_exceedance,0.95,0.2,128,5000,500,0,0,,,,,,,,,0.0,0.0,0.007624618530903363,0.0,0.0,0.007624618530903363
stress_natural,naive_exceedance,0.95,0.2,128,10000,500,0,0,,,,,,,,,0.0,0.0,0.007624618530903363,0.0,0.0,0.007624618530903363
stress_natural,naive_exceedance,0.95,0.2,128,20000,500,0,0,,,,,,,,,0.0,0.0,0.007624618530903363,0.0,0.0,0.007624618530903363
stress_natural,naive_exceedance,0.95,0.2,128,50000,500,0,0,,,,,,,,,0.0,0.0,0.007624618530903363,0.0,0.0,0.007624618530903363
stress_natural,naive_exceedance,0.95,0.5,32,2000,500,0,0,,,,,,,,,0.0,0.0,0.007624618530903363,0.0,0.0,0.007624618530903363
stress_natural,naive_exceedance,0.95,0.5,32,5000,500,0,0,,,,,,,,,0.0,0.0,0.007624618530903363,0.0,0.0,0.007624618530903363
stress_natural,naive_exceedance,0.95,0.5,32,10000,500,0,0,,,,,,,,,0.0,0.0,0.007624618530903363,0.0,0.0,0.007624618530903363
stress_natural,naive_exceedance,0.95,0.5,32,20000,500,0,0,,,,,,,,,0.0,0.0,0.007624618530903363,0.0,0.0,0.007624618530903363
stress_natural,naive_exceedance,0.95,0.5,32,50000,500,0,0,,,,,,,,,0.0,0.0,0.007624618530903363,0.0,0.0,0.007624618530903363
stress_natural,naive_exceedance,0.95,0.5,128,2000,500,0,0,,,,,,,,,0.0,0.0,0.007624618530903363,0.0,0.0,0.007624618530903363
stress_natural,naive_exceedance,0.95,0.5,128,5000,500,0,0,,,,,,,,,0.0,0.0,0.007624618530903363,0.0,0.0,0.007624618530903363
stress_natural,naive_exceedance,0.95,0.5,128,10000,500,0,0,,,,,,,,,0.0,0.0,0.007624618530903363,0.0,0.0,0.007624618530903363
stress_natural,naive_exceedance,0.95,0.5,128,20000,500,0,0,,,,,,,,,0.0,0.0,0.007624618530903363,0.0,0.0,0.007624618530903363
stress_natural,naive_exceedance,0.95,0.5,128,50000,500,0,0,,,,,,,,,0.0,0.0,0.007624618530903363,0.0,0.0,0.007624618530903363
stress_natural,naive_exceedance,0.95,1.0,32,2000,500,0,0,,,,,,,,,0.0,0.0,0.007624618530903363,0.0,0.0,0.007624618530903363
stress_natural,naive_exceedance,0.95,1.0,32,5000,500,0,0,,,,,,,,,0.0,0.0,0.007624618530903363,0.0,0.0,0.007624618530903363
stress_natural,naive_exceedance,0.95,1.0,32,10000,500,0,0,,,,,,,,,0.0,0.0,0.007624618530903363,0.0,0.0,0.007624618530903363
stress_natural,naive_exceedance,0.95,1.0,32,20000,500,0,0,,,,,,,,,0.0,0.0,0.007624618530903363,0.0,0.0,0.007624618530903363
stress_natural,naive_exceedance,0.95,1.0,32,50000,500,0,0,,,,,,,,,0.0,0.0,0.007624618530903363,0.0,0.0,0.007624618530903363
stress_natural,naive_exceedance,0.95,1.0,128,2000,500,0,0,,,,,,,,,0.0,0.0,0.007624618530903363,0.0,0.0,0.007624618530903363
stress_natural,naive_exceedance,0.95,1.0,128,5000,500,0,0,,,,,,,,,0.0,0.0,0.007624618530903363,0.0,0.0,0.007624618530903363
stress_natural,naive_exceedance,0.95,1.0,128,10000,500,0,0,,,,,,,,,0.0,0.0,0.007624618530903363,0.0,0.0,0.007624618530903363
stress_natural,naive_exceedance,0.95,1.0,128,20000,500,0,0,,,,,,,,,0.0,0.0,0.007624618530903363,0.0,0.0,0.007624618530903363
stress_natural,naive_exceedance,0.95,1.0,128,50000,500,0,0,,,,,,,,,0.0,0.0,0.007624618530903363,0.0,0.0,0.007624618530903363
stress_natural,naive_exceedance,0.99,0.2,32,2000,500,0,0,,,,,,,,,0.0,0.0,0.007624618530903363,0.0,0.0,0.007624618530903363
stress_natural,naive_exceedance,0.99,0.2,32,5000,500,0,0,,,,,,,,,0.0,0.0,0.007624618530903363,0.0,0.0,0.007624618530903363
stress_natural,naive_exceedance,0.99,0.2,32,10000,500,0,0,,,,,,,,,0.0,0.0,0.007624618530903363,0.0,0.0,0.007624618530903363
stress_natural,naive_exceedance,0.99,0.2,32,20000,500,0,0,,,,,,,,,0.0,0.0,0.007624618530903363,0.0,0.0,0.007624618530903363
stress_natural,naive_exceedance,0.99,0.2,32,50000,500,0,0,,,,,,,,,0.0,0.0,0.007624618530903363,0.0,0.0,0.007624618530903363
stress_natural,naive_exceedance,0.99,0.2,128,2000,500,0,0,,,,,,,,,0.0,0.0,0.007624618530903363,0.0,0.0,0.007624618530903363
stress_natural,naive_exceedance,0.99,0.2,128,5000,500,0,0,,,,,,,,,0.0,0.0,0.007624618530903363,0.0,0.0,0.007624618530903363
stress_natural,naive_exceedance,0.99,0.2,128,10000,500,0,0,,,,,,,,,0.0,0.0,0.007624618530903363,0.0,0.0,0.007624618530903363
stress_natural,naive_exceedance,0.99,0.2,128,20000,500,0,0,,,,,,,,,0.0,0.0,0.007624618530903363,0.0,0.0,0.007624618530903363
stress_natural,naive_exceedance,0.99,0.2,128,50000,500,0,0,,,,,,,,,0.0,0.0,0.007624618530903363,0.0,0.0,0.007624618530903363
stress_natural,naive_exceedance,0.99,0.5,32,2000,500,0,0,,,,,,,,,0.0,0.0,0.007624618530903363,0.0,0.0,0.007624618530903363
stress_natural,naive_exceedance,0.99,0.5,32,5000,500,0,0,,,,,,,,,0.0,0.0,0.007624618530903363,0.0,0.0,0.007624618530903363
stress_natural,naive_exceedance,0.99,0.5,32,10000,500,0,0,,,,,,,,,0.0,0.0,0.007624618530903363,0.0,0.0,0.007624618530903363
stress_natural,naive_exceedance,0.99,0.5,32,20000,500,0,0,,,,,,,,,0.0,0.0,0.007624618530903363,0.0,0.0,0.007624618530903363
stress_natural,naive_exceedance,0.99,0.5,32,50000,500,0,0,,,,,,,,,0.0,0.0,0.007624618530903363,0.0,0.0,0.007624618530903363
stress_natural,naive_exceedance,0.99,0.5,128,2000,500,0,0,,,,,,,,,0.0,0.0,0.007624618530903363,0.0,0.0,0.007624618530903363
stress_natural,naive_exceedance,0.99,0.5,128,5000,500,0,0,,,,,,,,,0.0,0.0,0.007624618530903363,0.0,0.0,0.007624618530903363
stress_natural,naive_exceedance,0.99,0.5,128,10000,500,0,0,,,,,,,,,0.0,0.0,0.007624618530903363,0.0,0.0,0.007624618530903363
stress_natural,naive_exceedance,0.99,0.5,128,20000,500,0,0,,,,,,,,,0.0,0.0,0.007624618530903363,0.0,0.0,0.007624618530903363
stress_natural,naive_exceedance,0.99,0.5,128,50000,500,0,0,,,,,,,,,0.0,0.0,0.007624618530903363,0.0,0.0,0.007624618530903363
stress_natural,naive_exceedance,0.99,1.0,32,2000,500,0,0,,,,,,,,,0.0,0.0,0.007624618530903363,0.0,0.0,0.007624618530903363
stress_natural,naive_exceedance,0.99,1.0,32,5000,500,0,0,,,,,,,,,0.0,0.0,0.007624618530903363,0.0,0.0,0.007624618530903363
stress_natural,naive_exceedance,0.99,1.0,32,10000,500,0,0,,,,,,,,,0.0,0.0,0.007624618530903363,0.0,0.0,0.007624618530903363
stress_natural,naive_exceedance,0.99,1.0,32,20000,500,0,0,,,,,,,,,0.0,0.0,0.007624618530903363,0.0,0.0,0.007624618530903363
stress_natural,naive_exceedance,0.99,1.0,32,50000,500,0,0,,,,,,,,,0.0,0.0,0.007624618530903363,0.0,0.0,0.007624618530903363
stress_natural,naive_exceedance,0.99,1.0,128,2000,500,0,0,,,,,,,,,0.0,0.0,0.007624618530903363,0.0,0.0,0.007624618530903363
stress_natural,naive_exceedance,0.99,1.0,128,5000,500,0,0,,,,,,,,,0.0,0.0,0.007624618530903363,0.0,0.0,0.007624618530903363
stress_natural,naive_exceedance,0.99,1.0,128,10000,500,0,0,,,,,,,,,0.0,0.0,0.007624618530903363,0.0,0.0,0.007624618530903363
stress_natural,naive_exceedance,0.99,1.0,128,20000,500,0,0,,,,,,,,,0.0,0.0,0.007624618530903363,0.0,0.0,0.007624618530903363
stress_natural,naive_exceedance,0.99,1.0,128,50000,500,0,0,,,,,,,,,0.0,0.0,0.007624618530903363,0.0,0.0,0.007624618530903363
stress_natural,naive_norm_betting,0.9,0.2,32,2000,500,0,0,,,,,,,,,0.0,0.0,0.007624618530903363,0.0,0.0,0.007624618530903363
stress_natural,naive_norm_betting,0.9,0.2,32,5000,500,0,0,,,,,,,,,0.0,0.0,0.007624618530903363,0.0,0.0,0.007624618530903363
stress_natural,naive_norm_betting,0.9,0.2,32,10000,500,0,0,,,,,,,,,0.0,0.0,0.007624618530903363,0.0,0.0,0.007624618530903363
stress_natural,naive_norm_betting,0.9,0.2,32,20000,500,0,0,,,,,,,,,0.0,0.0,0.007624618530903363,0.0,0.0,0.007624618530903363
stress_natural,naive_norm_betting,0.9,0.2,32,50000,500,0,0,,,,,,,,,0.0,0.0,0.007624618530903363,0.0,0.0,0.007624618530903363
stress_natural,naive_norm_betting,0.9,0.2,128,2000,500,0,0,,,,,,,,,0.0,0.0,0.007624618530903363,0.0,0.0,0.007624618530903363
stress_natural,naive_norm_betting,0.9,0.2,128,5000,500,0,0,,,,,,,,,0.0,0.0,0.007624618530903363,0.0,0.0,0.007624618530903363
stress_natural,naive_norm_betting,0.9,0.2,128,10000,500,0,0,,,,,,,,,0.0,0.0,0.007624618530903363,0.0,0.0,0.007624618530903363
stress_natural,naive_norm_betting,0.9,0.2,128,20000,500,0,0,,,,,,,,,0.0,0.0,0.007624618530903363,0.0,0.0,0.007624618530903363
stress_natural,naive_norm_betting,0.9,0.2,128,50000,500,0,0,,,,,,,,,0.0,0.0,0.007624618530903363,0.0,0.0,0.007624618530903363
stress_natural,naive_norm_betting,0.9,0.5,32,2000,500,0,0,,,,,,,,,0.0,0.0,0.007624618530903363,0.0,0.0,0.007624618530903363
stress_natural,naive_norm_betting,0.9,0.5,32,5000,500,1,1,0.10122567255354975,0.3045091435955672,4.5586435368289685e-05,-0.003370284449064953,-0.003370284449064953,0.3045091435955672,,4.5586435368289685e-05,0.002,0.000353127309584542,0.011240992747195207,0.002,0.000353127309584542,0.011240992747195207
stress_natural,naive_norm_betting,0.9,0.5,32,10000,500,0,0,,,,,,,,,0.0,0.0,0.007624618530903363,0.0,0.0,0.007624618530903363
stress_natural,naive_norm_betting,0.9,0.5,32,20000,500,0,0,,,,,,,,,0.0,0.0,0.007624618530903363,0.0,0.0,0.007624618530903363
stress_natural,naive_norm_betting,0.9,0.5,32,50000,500,0,0,,,,,,,,,0.0,0.0,0.007624618530903363,0.0,0.0,0.007624618530903363
stress_natural,naive_norm_betting,0.9,0.5,128,2000,500,0,0,,,,,,,,,0.0,0.0,0.007624618530903363,0.0,0.0,0.007624618530903363
stress_natural,naive_norm_betting,0.9,0.5,128,5000,500,1,1,0.10122567255354975,0.3045091435955672,4.5586435368289685e-05,-0.003370284449064953,-0.003370284449064953,0.3045091435955672,,4.5586435368289685e-05,0.002,0.000353127309584542,0.011240992747195207,0.002,0.000353127309584542,0.011240992747195207
stress_natural,naive_norm_betting,0.9,0.5,128,10000,500,1,1,0.10165652755291121,0.37065083137914867,5.0082035884479266e-05,-0.0016963151155692385,-0.0016963151155692385,0.37065083137914867,,5.0082035884479266e-05,0.002,0.000353127309584542,0.011240992747195207,0.002,0.000353127309584542,0.011240992747195207
stress_natural,naive_norm_betting,0.9,0.5,128,20000,500,0,0,,,,,,,,,0.0,0.0,0.007624618530903363,0.0,0.0,0.007624618530903363
stress_natural,naive_norm_betting,0.9,0.5,128,50000,500,0,0,,,,,,,,,0.0,0.0,0.007624618530903363,0.0,0.0,0.007624618530903363
stress_natural,naive_norm_betting,0.9,1.0,32,2000,500,2,2,0.10473039119708658,0.3699093472216784,5.129387946900618e-05,-0.014592620790589095,-0.021314763384601837,0.3699093472216784,0.09154841192379784,5.129387946900618e-05,0.004,0.0010976075412372681,0.014466014041418871,0.004,0.0010976075412372681,0.014466014041418871
stress_natural,naive_norm_betting,0.9,1.0,32,5000,500,1,1,0.10122567255354975,0.30517484434350156,4.5622430199319206e-05,-0.001465760228094165,-0.001465760228094165,0.30517484434350156,,4.5622430199319206e-05,0.002,0.000353127309584542,0.011240992747195207,0.002,0.000353127309584542,0.011240992747195207
stress_natural,naive_norm_betting,0.9,1.0,32,10000,500,1,1,0.10165642009633082,0.37089321376825796,5.00779183146029e-05,-0.004740937173043122,-0.004740937173043122,0.37089321376825796,,5.00779183146029e-05,0.002,0.000353127309584542,0.011240992747195207,0.002,0.000353127309584542,0.011240992747195207
stress_natural,naive_norm_betting,0.9,1.0,32,20000,500,0,0,,,,,,,,,0.0,0.0,0.007624618530903363,0.0,0.0,0.007624618530903363
stress_natural,naive_norm_betting,0.9,1.0,32,50000,500,0,0,,,,,,,,,0.0,0.0,0.007624618530903363,0.0,0.0,0.007624618530903363
stress_natural,naive_norm_betting,0.9,1.0,128,2000,500,2,2,0.10473039119708658,0.3699093472216784,5.129387946900618e-05,-0.014592620790589095,-0.021314763384601837,0.3699093472216784,0.09154841192379784,5.129387946900618e-05,0.004,0.0010976075412372681,0.014466014041418871,0.004,0.0010976075412372681,0.014466014041418871
stress_natural,naive_norm_betting,0.9,1.0,128,5000,500,1,1,0.10122855300944386,0.30529634057830296,4.5629984727949945e-05,-0.001484344357042977,-0.001484344357042977,0.30529634057830296,,4.5629984727949945e-05,0.002,0.000353127309584542,0.011240992747195207,0.002,0.000353127309584542,0.011240992747195207
stress_natural,naive_norm_betting,0.9,1.0,128,10000,500,1,1,0.10170380920363721,0.3701080442928153,5.011389525495166e-05,-0.004879627048891957,-0.004879627048891957,0.3701080442928153,,5.011389525495166e-05,0.002,0.000353127309584542,0.011240992747195207,0.002,0.000353127309584542,0.011240992747195207
stress_natural,naive_norm_betting,0.9,1.0,128,20000,500,0,0,,,,,,,,,0.0,0.0,0.007624618530903363,0.0,0.0,0.007624618530903363
stress_natural,naive_norm_betting,0.9,1.0,128,50000,500,0,0,,,,,,,,,0.0,0.0,0.007624618530903363,0.0,0.0,0.007624618530903363
stress_natural,naive_norm_betting,0.95,0.2,32,2000,500,0,0,,,,,,,,,0.0,0.0,0.007624618530903363,0.0,0.0,0.007624618530903363
stress_natural,naive_norm_betting,0.95,0.2,32,5000,500,0,0,,,,,,,,,0.0,0.0,0.007624618530903363,0.0,0.0,0.007624618530903363
stress_natural,naive_norm_betting,0.95,0.2,32,10000,500,0,0,,,,,,,,,0.0,0.0,0.007624618530903363,0.0,0.0,0.007624618530903363
stress_natural,naive_norm_betting,0.95,0.2,32,20000,500,0,0,,,,,,,,,0.0,0.0,0.007624618530903363,0.0,0.0,0.007624618530903363
stress_natural,naive_norm_betting,0.95,0.2,32,50000,500,0,0,,,,,,,,,0.0,0.0,0.007624618530903363,0.0,0.0,0.007624618530903363
stress_natural,naive_norm_betting,0.95,0.2,128,2000,500,0,0,,,,,,,,,0.0,0.0,0.007624618530903363,0.0,0.0,0.007624618530903363
stress_natural,naive_norm_betting,0.95,0.2,128,5000,500,0,0,,,,,,,,,0.0,0.0,0.007624618530903363,0.0,0.0,0.007624618530903363
stress_natural,naive_norm_betting,0.95,0.2,128,10000,500,0,0,,,,,,,,,0.0,0.0,0.007624618530903363,0.0,0.0,0.007624618530903363
stress_natural,naive_norm_betting,0.95,0.2,128,20000,500,0,0,,,,,,,,,0.0,0.0,0.007624618530903363,0.0,0.0,0.007624618530903363
stress_natural,naive_norm_betting,0.95,0.2,128,50000,500,0,0,,,,,,,,,0.0,0.0,0.007624618530903363,0.0,0.0,0.007624618530903363
stress_natural,naive_norm_betting,0.95,0.5,32,2000,500,0,0,,,,,,,,,0.0,0.0,0.007624618530903363,0.0,0.0,0.007624618530903363
stress_natural,naive_norm_betting,0.95,0.5,32,5000,500,0,0,,,,,,,,,0.0,0.0,0.007624618530903363,0.0,0.0,0.007624618530903363
stress_natural,naive_norm_betting,0.95,0.5,32,10000,500,0,0,,,,,,,,,0.0,0.0,0.007624618530903363,0.0,0.0,0.007624618530903363
stress_natural,naive_norm_betting,0.95,0.5,32,20000,500,2,2,0.050573677409249326,0.3152435681560089,4.621806006970339e-05,-0.0008140069745618678,-0.0008874689419362952,0.3152435681560089,0.01518076879764752,4.621806006970339e-05,0.004,0.0010976075412372681,0.014466014041418871,0.004,0.0010976075412372681,0.014466014041418871
stress_natural,naive_norm_betting,0.95,0.5,32,50000,500,0,0,,,,,,,,,0.0,0.0,0.007624618530903363,0.0,0.0,0.007624618530903363
stress_natural,naive_norm_betting,0.95,0.5,128,2000,500,0,0,,,,,,,,,0.0,0.0,0.007624618530903363,0.0,0.0,0.007624618530903363
stress_natural,naive_norm_betting,0.95,0.5,128,5000,500,0,0,,,,,,,,,0.0,0.0,0.007624618530903363,0.0,0.0,0.007624618530903363
stress_natural,naive_norm_betting,0.95,0.5,128,10000,500,0,0,,,,,,,,,0.0,0.0,0.007624618530903363,0.0,0.0,0.007624618530903363
stress_natural,naive_norm_betting,0.95,0.5,128,20000,500,2,2,0.05057451885219516,0.3156371666473768,4.623983474953352e-05,-0.0008167575898836779,-0.0008874689419362952,0.3156371666473768,0.014624136473025467,4.623983474953352e-05,0.004,0.0010976075412372681,0.014466014041418871,0.004,0.0010976075412372681,0.014466014041418871
stress_natural,naive_norm_betting,0.95,0.5,128,50000,500,0,0,,,,,,,,,0.0,0.0,0.007624618530903363,0.0,0.0,0.007624618530903363
stress_natural,naive_norm_betting,0.95,1.0,32,2000,500,4,4,0.05086736891569096,0.34257645768884365,4.875596976935479e-05,-0.007103678490246625,-0.011953138320749394,0.34257645768884365,0.062182298842231046,4.875596976935479e-05,0.008,0.0031152647975077885,0.020387359836901122,0.008,0.0031152647975077885,0.020387359836901122
stress_natural,naive_norm_betting,0.95,1.0,32,5000,500,1,1,0.050671574578063205,0.3259779927164506,4.68496847711171e-05,-0.0011736289232635866,-0.0011736289232635866,0.3259779927164506,,4.68496847711171e-05,0.002,0.000353127309584542,0.011240992747195207,0.002,0.000353127309584542,0.011240992747195207
stress_natural,naive_norm_betting,0.95,1.0,32,10000,500,2,2,0.050671574578063205,0.37089321376825796,5.00779183146029e-05,-0.0031642635517491052,-0.004349821157332456,0.37089321376825796,0.0,5.00779183146029e-05,0.004,0.0010976075412372681,0.014466014041418871,0.004,0.0010976075412372681,0.014466014041418871
stress_natural,naive_norm_betting,0.95,1.0,32,20000,500,1,1,0.050671574578063205,0.3259779927164506,4.68496847711171e-05,-0.001537949176054841,-0.001537949176054841,0.3259779927164506,,4.68496847711171e-05,0.002,0.000353127309584542,0.011240992747195207,0.002,0.000353127309584542,0.011240992747195207
stress_natural,naive_norm_betting,0.95,1.0,32,50000,500,0,0,,,,,,,,,0.0,0.0,0.007624618530903363,0.0,0.0,0.007624618530903363
stress_natural,naive_norm_betting,0.95,1.0,128,2000,500,4,4,0.05081926177422985,0.3376028438999907,4.846193209847806e-05,-0.007084880202167748,-0.011953138320749394,0.3376028438999907,0.06469402948563917,4.846193209847806e-05,0.008,0.0031152647975077885,0.020387359836901122,0.008,0.0031152647975077885,0.020387359836901122
stress_natural,naive_norm_betting,0.95,1.0,128,5000,500,1,1,0.050671574578063205,0.3259779927164506,4.68496847711171e-05,-0.0011736289232635866,-0.0011736289232635866,0.3259779927164506,,4.68496847711171e-05,0.002,0.000353127309584542,0.011240992747195207,0.002,0.000353127309584542,0.011240992747195207
stress_natural,naive_norm_betting,0.95,1.0,128,10000,500,2,2,0.05067250755855758,0.3705006290305366,5.0095906784777285e-05,-0.0032042479355479624,-0.004349821157332456,0.3705006290305366,0.0005551986604661694,5.0095906784777285e-05,0.004,0.0010976075412372681,0.014466014041418871,0.004,0.0010976075412372681,0.014466014041418871
stress_natural,naive_norm_betting,0.95,1.0,128,20000,500,1,1,0.050671574578063205,0.3259779927164506,4.68496847711171e-05,-0.001537949176054841,-0.001537949176054841,0.3259779927164506,,4.68496847711171e-05,0.002,0.000353127309584542,0.011240992747195207,0.002,0.000353127309584542,0.011240992747195207
stress_natural,naive_norm_betting,0.95,1.0,128,50000,500,0,0,,,,,,,,,0.0,0.0,0.007624618530903363,0.0,0.0,0.007624618530903363
stress_natural,naive_norm_betting,0.99,0.2,32,2000,500,0,0,,,,,,,,,0.0,0.0,0.007624618530903363,0.0,0.0,0.007624618530903363
stress_natural,naive_norm_betting,0.99,0.2,32,5000,500,0,0,,,,,,,,,0.0,0.0,0.007624618530903363,0.0,0.0,0.007624618530903363
stress_natural,naive_norm_betting,0.99,0.2,32,10000,500,0,0,,,,,,,,,0.0,0.0,0.007624618530903363,0.0,0.0,0.007624618530903363
stress_natural,naive_norm_betting,0.99,0.2,32,20000,500,0,0,,,,,,,,,0.0,0.0,0.007624618530903363,0.0,0.0,0.007624618530903363
stress_natural,naive_norm_betting,0.99,0.2,32,50000,500,0,0,,,,,,,,,0.0,0.0,0.007624618530903363,0.0,0.0,0.007624618530903363
stress_natural,naive_norm_betting,0.99,0.2,128,2000,500,0,0,,,,,,,,,0.0,0.0,0.007624618530903363,0.0,0.0,0.007624618530903363
stress_natural,naive_norm_betting,0.99,0.2,128,5000,500,0,0,,,,,,,,,0.0,0.0,0.007624618530903363,0.0,0.0,0.007624618530903363
stress_natural,naive_norm_betting,0.99,0.2,128,10000,500,0,0,,,,,,,,,0.0,0.0,0.007624618530903363,0.0,0.0,0.007624618530903363
stress_natural,naive_norm_betting,0.99,0.2,128,20000,500,0,0,,,,,,,,,0.0,0.0,0.007624618530903363,0.0,0.0,0.007624618530903363
stress_natural,naive_norm_betting,0.99,0.2,128,50000,500,0,0,,,,,,,,,0.0,0.0,0.007624618530903363,0.0,0.0,0.007624618530903363
stress_natural,naive_norm_betting,0.99,0.5,32,2000,500,0,0,,,,,,,,,0.0,0.0,0.007624618530903363,0.0,0.0,0.007624618530903363
stress_natural,naive_norm_betting,0.99,0.5,32,5000,500,0,0,,,,,,,,,0.0,0.0,0.007624618530903363,0.0,0.0,0.007624618530903363
stress_natural,naive_norm_betting,0.99,0.5,32,10000,500,0,0,,,,,,,,,0.0,0.0,0.007624618530903363,0.0,0.0,0.007624618530903363
stress_natural,naive_norm_betting,0.99,0.5,32,20000,500,0,0,,,,,,,,,0.0,0.0,0.007624618530903363,0.0,0.0,0.007624618530903363
stress_natural,naive_norm_betting,0.99,0.5,32,50000,500,0,0,,,,,,,,,0.0,0.0,0.007624618530903363,0.0,0.0,0.007624618530903363
stress_natural,naive_norm_betting,0.99,0.5,128,2000,500,0,0,,,,,,,,,0.0,0.0,0.007624618530903363,0.0,0.0,0.007624618530903363
stress_natural,naive_norm_betting,0.99,0.5,128,5000,500,0,0,,,,,,,,,0.0,0.0,0.007624618530903363,0.0,0.0,0.007624618530903363
stress_natural,naive_norm_betting,0.99,0.5,128,10000,500,0,0,,,,,,,,,0.0,0.0,0.007624618530903363,0.0,0.0,0.007624618530903363
stress_natural,naive_norm_betting,0.99,0.5,128,20000,500,0,0,,,,,,,,,0.0,0.0,0.007624618530903363,0.0,0.0,0.007624618530903363
stress_natural,naive_norm_betting,0.99,0.5,128,50000,500,0,0,,,,,,,,,0.0,0.0,0.007624618530903363,0.0,0.0,0.007624618530903363
stress_natural,naive_norm_betting,0.99,1.0,32,2000,500,0,0,,,,,,,,,0.0,0.0,0.007624618530903363,0.0,0.0,0.007624618530903363
stress_natural,naive_norm_betting,0.99,1.0,32,5000,500,2,2,0.010161726122880526,0.35651701452793993,4.961069428672168e-05,-0.00024973972765906724,-0.00038779041004586776,0.35651701452793993,0.07355023642271094,4.961069428672168e-05,0.004,0.0010976075412372681,0.014466014041418871,0.004,0.0010976075412372681,0.014466014041418871
stress_natural,naive_norm_betting,0.99,1.0,32,10000,500,5,5,0.010236127971179074,0.3613834827896778,4.991145710146115e-05,-0.0011696927990983875,-0.0019992775921785187,0.3613834827896778,0.05009039471566427,4.991145710146115e-05,0.01,0.004278690781520357,0.023193435378764938,0.01,0.004278690781520357,0.023193435378764938
stress_natural,naive_norm_betting,0.99,1.0,32,20000,500,2,2,0.010259623291694404,0.3699093472216784,5.129387946900618e-05,-0.001738830446626101,-0.0021414410209607965,0.3699093472216784,0.09154841192379784,5.129387946900618e-05,0.004,0.0010976075412372681,0.014466014041418871,0.004,0.0010976075412372681,0.014466014041418871
stress_natural,naive_norm_betting,0.99,1.0,32,50000,500,1,1,0.0101029878215922,0.30517484434350156,4.5622430199319206e-05,-0.00010552113414709005,-0.00010552113414709005,0.30517484434350156,,4.5622430199319206e-05,0.002,0.000353127309584542,0.011240992747195207,0.002,0.000353127309584542,0.011240992747195207
stress_natural,naive_norm_betting,0.99,1.0,128,2000,500,0,0,,,,,,,,,0.0,0.0,0.007624618530903363,0.0,0.0,0.007624618530903363
stress_natural,naive_norm_betting,0.99,1.0,128,5000,500,2,2,0.01016178551440738,0.33758190541179667,4.783434467508756e-05,-0.0002663892702895604,-0.0004209537858596152,0.33758190541179667,0.04676652359614103,4.783434467508756e-05,0.004,0.0010976075412372681,0.014466014041418871,0.004,0.0010976075412372681,0.014466014041418871
stress_natural,naive_norm_betting,0.99,1.0,128,10000,500,5,5,0.01023324748527429,0.36166072207752886,4.994158271114234e-05,-0.0011695088171610247,-0.0019992775921785187,0.36166072207752886,0.04984869571157738,4.994158271114234e-05,0.01,0.004278690781520357,0.023193435378764938,0.01,0.004278690781520357,0.023193435378764938
stress_natural,naive_norm_betting,0.99,1.0,128,20000,500,2,2,0.01026718207151826,0.3703122651454659,5.132059136279684e-05,-0.001750213675344745,-0.0021414410209607965,0.3703122651454659,0.09097859993145434,5.132059136279684e-05,0.004,0.0010976075412372681,0.014466014041418871,0.004,0.0010976075412372681,0.014466014041418871
stress_natural,naive_norm_betting,0.99,1.0,128,50000,500,1,1,0.0101029878215922,0.30517484434350156,4.5622430199319206e-05,-0.00010552113414709005,-0.00010552113414709005,0.30517484434350156,,4.5622430199319206e-05,0.002,0.000353127309584542,0.011240992747195207,0.002,0.000353127309584542,0.011240992747195207
stress_natural,naive_wald,0.9,0.2,32,2000,500,25,25,0.1027215412930258,0.3504702979989819,4.915711540118311e-05,-0.005864155682963641,-0.0143590865409714,0.3504702979989819,0.05018618087951775,4.915711540118311e-05,0.05,0.03409350665098192,0.07276865002683111,0.05,0.03409350665098192,0.07276865002683111
stress_natural,naive_wald,0.9,0.2,32,5000,500,14,14,0.10163963772453415,0.337182323687199,4.781325192018362e-05,-0.003436217854278459,-0.0062958261493934325,0.337182323687199,0.034357974426503894,4.781325192018362e-05,0.028,0.01675081930862122,0.04644682058455155,0.028,0.01675081930862122,0.04644682058455155
stress_natural,naive_wald,0.9,0.2,32,10000,500,12,12,0.10172494811450052,0.346204363603138,4.844440876636572e-05,-0.002863175381342963,-0.005883225818131693,0.346204363603138,0.03486902299268193,4.844440876636572e-05,0.024,0.013781177149521824,0.04147745969189818,0.024,0.013781177149521824,0.04147745969189818
stress_natural,naive_wald,0.9,0.2,32,20000,500,9,9,0.10144322181758059,0.3365465359630689,4.773100990719405e-05,-0.0022936829089008287,-0.003018757492754237,0.3365465359630689,0.03326339260533733,4.773100990719405e-05,0.018,0.009498085051756854,0.03385204721203399,0.018,0.009498085051756854,0.03385204721203399
stress_natural,naive_wald,0.9,0.2,32,50000,500,4,4,0.1014997846262286,0.343234816149117,4.815698789991053e-05,-0.00192341455967825,-0.002094733916517308,0.343234816149117,0.033047104394321104,4.815698789991053e-05,0.008,0.0031152647975077885,0.020387359836901122,0.008,0.0031152647975077885,0.020387359836901122
stress_natural,naive_wald,0.9,0.2,128,2000,500,25,25,0.1020877522656602,0.33709860632367283,4.803430451293582e-05,-0.005230366655598038,-0.012380045639083764,0.33709860632367283,0.044870331552979356,4.803430451293582e-05,0.05,0.03409350665098192,0.07276865002683111,0.05,0.03409350665098192,0.07276865002683111
stress_natural,naive_wald,0.9,0.2,128,5000,500,14,14,0.10188843241906764,0.3325759378256909,4.7593139683987714e-05,-0.0036850125488119456,-0.010172554034423006,0.3325759378256909,0.0366414407576161,4.7593139683987714e-05,0.028,0.01675081930862122,0.04644682058455155,0.028,0.01675081930862122,0.04644682058455155
stress_natural,naive_wald,0.9,0.2,128,10000,500,12,12,0.10160166272996558,0.32822825680598805,4.7241854066231065e-05,-0.002739889996807994,-0.004646906997615649,0.32822825680598805,0.035416253052026885,4.7241854066231065e-05,0.024,0.013781177149521824,0.04147745969189818,0.024,0.013781177149521824,0.04147745969189818
stress_natural,naive_wald,0.9,0.2,128,20000,500,9,9,0.10144387385862724,0.33654660379456003,4.77331462004057e-05,-0.0022943349499399087,-0.003021637948648348,0.33654660379456003,0.03320357344788933,4.77331462004057e-05,0.018,0.009498085051756854,0.03385204721203399,0.018,0.009498085051756854,0.03385204721203399
stress_natural,naive_wald,0.9,0.2,128,50000,500,4,4,0.10144104632520307,0.3378676039696278,4.784117555214542e-05,-0.001864676258652713,-0.002094733916517308,0.3378676039696278,0.038135657805437054,4.784117555214542e-05,0.008,0.0031152647975077885,0.020387359836901122,0.008,0.0031152647975077885,0.020387359836901122
stress_natural,naive_wald,0.9,0.5,32,2000,500,26,26,0.10335983083369228,0.3459801916374733,4.887568806648626e-05,-0.00787342680662165,-0.03942333330204535,0.3459801916374733,0.0496540034596384,4.887568806648626e-05,0.052,0.03573001990962654,0.07510163829406287,0.052,0.03573001990962654,0.07510163829406287
stress_natural,naive_wald,0.9,0.5,32,5000,500,15,15,0.10195663808069337,0.3385904112986386,4.8054852175275635e-05,-0.004356011124023705,-0.011538376869954778,0.3385904112986386,0.04245382786784992,4.8054852175275635e-05,0.03,0.018263049234083534,0.04890409218496562,0.03,0.018263049234083534,0.04890409218496562
stress_natural,naive_wald,0.9,0.5,32,10000,500,16,16,0.10136272858988918,0.3240384050593257,4.688071034185749e-05,-0.0028438027562321944,-0.005459835057092646,0.3240384050593257,0.028809244057788994,4.688071034185749e-05,0.032,0.01979134135128301,0.05134530159364255,0.032,0.01979134135128301,0.05134530159364255
stress_natural,naive_wald,0.9,0.5,32,20000,500,12,12,0.1013170432444427,0.3175841263004007,4.645228491992068e-05,-0.002653233822992466,-0.004287219989587893,0.3175841263004007,0.025628307476346205,4.645228491992068e-05,0.024,0.013781177149521824,0.04147745969189818,0.024,0.013781177149521824,0.04147745969189818
stress_natural,naive_wald,0.9,0.5,32,50000,500,8,8,0.10122567255354975,0.30467556878255075,4.5595434076047065e-05,-0.0016509547993172804,-0.002031173189677757,0.30467556878255075,0.0003081595664356302,4.5595434076047065e-05,0.016,0.008129155320203278,0.03125147541771118,0.016,0.008129155320203278,0.03125147541771118
stress_natural,naive_wald,0.9,0.5,128,2000,500,26,26,0.102742590666425,0.32992367651101934,4.756879181083705e-05,-0.00725618663935329,-0.03942333330204535,0.32992367651101934,0.04028933977086622,4.756879181083705e-05,0.052,0.03573001990962654,0.07510163829406287,0.052,0.03573001990962654,0.07510163829406287
stress_natural,naive_wald,0.9,0.5,128,5000,500,15,15,0.10135933673610972,0.32221979445019894,4.6747076203825095e-05,-0.0037587097794400588,-0.011538376869954778,0.32221979445019894,0.026577379486402822,4.6747076203825095e-05,0.03,0.018263049234083534,0.04890409218496562,0.03,0.018263049234083534,0.04890409218496562
stress_natural,naive_wald,0.9,0.5,128,10000,500,16,16,0.10138978153536991,0.32809550379107716,4.715832379454794e-05,-0.0028708557017129233,-0.005459835057092646,0.32809550379107716,0.030600449551437106,4.715832379454794e-05,0.032,0.01979134135128301,0.05134530159364255,0.032,0.01979134135128301,0.05134530159364255
stress_natural,naive_wald,0.9,0.5,128,20000,500,12,12,0.10131728328252147,0.3175942510202114,4.645291446495382e-05,-0.0026534738610689604,-0.004287219989587893,0.3175942510202114,0.025622982836320293,4.645291446495382e-05,0.024,0.013781177149521824,0.04147745969189818,0.024,0.013781177149521824,0.04147745969189818
stress_natural,naive_wald,0.9,0.5,128,50000,500,8,8,0.1012550417044567,0.30752560021037645,4.576233896209961e-05,-0.0016803239502228649,-0.002031173189677757,0.30752560021037645,0.007463166968962076,4.576233896209961e-05,0.016,0.008129155320203278,0.03125147541771118,0.016,0.008129155320203278,0.03125147541771118
stress_natural,naive_wald,0.9,1.0,32,2000,500,28,28,0.10195430719572161,0.33926963117940917,4.809603572407599e-05,-0.01128947106315042,-0.032922738910893964,0.33926963117940917,0.04072031982640166,4.809603572407599e-05,0.056,0.03902536261505807,0.07974529864038413,0.056,0.03902536261505807,0.07974529864038413
stress_natural,naive_wald,0.9,1.0,32,5000,500,25,25,0.10130399028860085,0.31625562908720684,4.6370000548224706e-05,-0.005622933129120278,-0.017558760118427955,0.31625562908720684,0.02470089751496196,4.6370000548224706e-05,0.05,0.03409350665098192,0.07276865002683111,0.05,0.03409350665098192,0.07276865002683111
stress_natural,naive_wald,0.9,1.0,32,10000,500,22,22,0.10130933013417252,0.3136540741241763,4.614984140658711e-05,-0.004279228380419848,-0.011672188847772588,0.3136540741241763,0.015941033439207494,4.614984140658711e-05,0.044,0.029233737680341678,0.06571991441984218,0.044,0.029233737680341678,0.06571991441984218
stress_natural,naive_wald,0.9,1.0,32,20000,500,20,20,0.10127266319458042,0.3089693386067275,4.584808395661255e-05,-0.002967610816279034,-0.005578412210496139,0.3089693386067275,0.008729848756688465,4.584808395661255e-05,0.04,0.026040593951356387,0.06097405509707471,0.04,0.026040593951356387,0.06097405509707471
stress_natural,naive_wald,0.9,1.0,32,50000,500,7,7,0.10122567255354975,0.3047944439161105,4.56018617244452e-05,-0.002493993373834804,-0.004282508408101265,0.3047944439161105,0.0003558320172699403,4.56018617244452e-05,0.014,0.006797703071787358,0.02861342614025071,0.014,0.006797703071787358,0.02861342614025071
stress_natural,naive_wald,0.9,1.0,128,2000,500,28,28,0.10133665395257323,0.3195418008502462,4.657967091328186e-05,-0.010671817820002026,-0.03335359391025543,0.3195418008502462,0.02538825887562536,4.657967091328186e-05,0.056,0.03902536261505807,0.07974529864038413,0.056,0.03902536261505807,0.07974529864038413
stress_natural,naive_wald,0.9,1.0,128,5000,500,25,25,0.10129039720920943,0.31284753126814757,4.6122303955299085e-05,-0.005609340049725353,-0.01779371332358126,0.31284753126814757,0.018783061972216627,4.6122303955299085e-05,0.05,0.03409350665098192,0.07276865002683111,0.05,0.03409350665098192,0.07276865002683111
stress_natural,naive_wald,0.9,1.0,128,10000,500,22,22,0.10130788694740624,0.3147431297790572,4.62431775631648e-05,-0.004277785193653574,-0.011867983185400346,0.3147431297790572,0.019923539600514295,4.62431775631648e-05,0.044,0.029233737680341678,0.06571991441984218,0.044,0.029233737680341678,0.06571991441984218
stress_natural,naive_wald,0.9,1.0,128,20000,500,20,20,0.10123784615246316,0.3058544450704204,4.566588913020951e-05,-0.0029327937741597185,-0.005578412210496139,0.3058544450704204,0.004688555624197455,4.566588913020951e-05,0.04,0.026040593951356387,0.06097405509707471,0.04,0.026040593951356387,0.06097405509707471
stress_natural,naive_wald,0.9,1.0,128,50000,500,7,7,0.10125673796568388,0.30805945036714083,4.5803844215797544e-05,-0.0025251598713956986,-0.004282508408101265,0.30805945036714083,0.008519094380563027,4.5803844215797544e-05,0.014,0.006797703071787358,0.02861342614025071,0.014,0.006797703071787358,0.02861342614025071
stress_natural,naive_wald,0.95,0.2,32,2000,500,34,34,0.055237037838983344,0.3928548311676945,5.417654545077663e-05,-0.007362680864780848,-0.02288575298715928,0.3928548311676945,0.07031419404101853,5.417654545077663e-05,0.068,0.04906621332682857,0.09352145708387197,0.068,0.04906621332682857,0.09352145708387197
stress_natural,naive_wald,0.95,0.2,32,5000,500,18,18,0.05244025009463393,0.36123174217801624,5.063386850452336e-05,-0.0037663604159569567,-0.018206359186193427,0.36123174217801624,0.06369512394100217,5.063386850452336e-05,0.036,0.022890872735181415,0.05618477326149691,0.036,0.022890872735181415,0.05618477326149691
stress_natural,naive_wald,0.95,0.2,32,10000,500,25,25,0.05163644907389278,0.3860414300818421,5.236984109331603e-05,-0.002560177621703745,-0.010068044070600489,0.3860414300818421,0.053240889077504454,5.236984109331603e-05,0.05,0.03409350665098192,0.07276865002683111,0.05,0.03409350665098192,0.07276865002683111
stress_natural,naive_wald,0.95,0.2,32,20000,500,10,10,0.05065199514430043,0.3552717625406274,4.898312331127442e-05,-0.001763070140937613,-0.0033368042250637164,0.3552717625406274,0.025822689317699238,4.898312331127442e-05,0.02,0.010899065235569357,0.03642056855409787,0.02,0.010899065235569357,0.03642056855409787
stress_natural,naive_wald,0.95,0.2,32,50000,500,7,7,0.050587662719079884,0.3425379980868097,4.815813917061574e-05,-0.0009895545836992562,-0.0015523908059112829,0.3425379980868097,0.03536586355711787,4.815813917061574e-05,0.014,0.006797703071787358,0.02861342614025071,0.014,0.006797703071787358,0.02861342614025071
stress_natural,naive_wald,0.95,0.2,128,2000,500,34,34,0.055352630983668244,0.3866478755062768,5.3671450030786584e-05,-0.007478514028877279,-0.02288575298715928,0.3866478755062768,0.07191075141065754,5.3671450030786584e-05,0.068,0.04906621332682857,0.09352145708387197,0.068,0.04906621332682857,0.09352145708387197
stress_natural,naive_wald,0.95,0.2,128,5000,500,18,18,0.05291307966554777,0.3702867894590796,5.1627286183532905e-05,-0.004239190237961397,-0.018206359186193427,0.3702867894590796,0.0682340750826908,5.1627286183532905e-05,0.036,0.022890872735181415,0.05618477326149691,0.036,0.022890872735181415,0.05618477326149691
stress_natural,naive_wald,0.95,0.2,128,10000,500,25,25,0.05160463934156601,0.3794905571710841,5.1854257231877124e-05,-0.0025360614384968548,-0.010068044070600489,0.3794905571710841,0.05610645569423206,5.1854257231877124e-05,0.05,0.03409350665098192,0.07276865002683111,0.05,0.03409350665098192,0.07276865002683111
stress_natural,naive_wald,0.95,0.2,128,20000,500,10,10,0.05078505792725779,0.3587878594800754,4.9583907526507234e-05,-0.001896132923894979,-0.0033368042250637164,0.3587878594800754,0.04320356032517726,4.9583907526507234e-05,0.02,0.010899065235569357,0.03642056855409787,0.02,0.010899065235569357,0.03642056855409787
stress_natural,naive_wald,0.95,0.2,128,50000,500,7,7,0.050587662719155435,0.3424428980375228,4.815299705357824e-05,-0.0009895545837708994,-0.0015523908059112829,0.3424428980375228,0.0354837780033186,4.815299705357824e-05,0.014,0.006797703071787358,0.02861342614025071,0.014,0.006797703071787358,0.02861342614025071
stress_natural,naive_wald,0.95,0.5,32,2000,500,27,27,0.051477957183404185,0.3782046094338064,5.13558404000591e-05,-0.004541808134450486,-0.019201735943859453,0.3782046094338064,0.04307465211008088,5.13558404000591e-05,0.054,0.03737409848513375,0.07742706124443205,0.054,0.03737409848513375,0.07742706124443205
stress_natural,naive_wald,0.95,0.5,32,5000,500,30,30,0.05111276448551774,0.3604563966010103,5.010337967132706e-05,-0.0026560128405952945,-0.009516885385101183,0.3604563966010103,0.05447806990592316,5.010337967132706e-05,0.06,0.042348086000950205,0.08436157830624476,0.06,0.042348086000950205,0.08436157830624476
stress_natural,naive_wald,0.95,0.5,32,10000,500,22,22,0.05065021519577653,0.3390819737493192,4.812425607051497e-05,-0.0016116475505509264,-0.0038497117568346007,0.3390819737493192,0.04319456030042865,4.812425607051497e-05,0.044,0.029233737680341678,0.06571991441984218,0.044,0.029233737680341678,0.06571991441984218
stress_natural,naive_wald,0.95,0.5,32,20000,500,15,15,0.0505410450196447,0.32390909921551736,4.688277871324018e-05,-0.0014285014333957947,-0.003626416847360092,0.32390909921551736,0.029815594370612312,4.688277871324018e-05,0.03,0.018263049234083534,0.04890409218496562,0.03,0.018263049234083534,0.04890409218496562
stress_natural,naive_wald,0.95,0.5,32,50000,500,13,13,0.05053602465201322,0.32178724083607196,4.673671746274693e-05,-0.0008441207174457385,-0.0015482306204663981,0.32178724083607196,0.02858201703036349,4.673671746274693e-05,0.026,0.0152562373229252,0.04397190104437119,0.026,0.0152562373229252,0.04397190104437119
stress_natural,naive_wald,0.95,0.5,128,2000,500,27,27,0.051943266302260524,0.36093363407524043,5.037072912428375e-05,-0.005018679399033427,-0.019201735943859453,0.36093363407524043,0.05742514867948181,5.037072912428375e-05,0.054,0.03737409848513375,0.07742706124443205,0.054,0.03737409848513375,0.07742706124443205
stress_natural,naive_wald,0.95,0.5,128,5000,500,30,30,0.05096750711537108,0.3447660321931178,4.875075353678629e-05,-0.00251075553180887,-0.009516885385101183,0.3447660321931178,0.049175101140074985,4.875075353678629e-05,0.06,0.042348086000950205,0.08436157830624476,0.06,0.042348086000950205,0.08436157830624476
stress_natural,naive_wald,0.95,0.5,128,10000,500,22,22,0.05070056120650859,0.3349271338593037,4.794421141731138e-05,-0.0016658382870419425,-0.005115475295993557,0.3349271338593037,0.04635544617306851,4.794421141731138e-05,0.044,0.029233737680341678,0.06571991441984218,0.044,0.029233737680341678,0.06571991441984218
stress_natural,naive_wald,0.95,0.5,128,20000,500,15,15,0.050553514923584446,0.32499621878349666,4.7036874216018934e-05,-0.0014409713373304883,-0.0037436502067077215,0.32499621878349666,0.03560491859282353,4.7036874216018934e-05,0.03,0.018263049234083534,0.04890409218496562,0.03,0.018263049234083534,0.04890409218496562
stress_natural,naive_wald,0.95,0.5,128,50000,500,13,13,0.050536093840929094,0.31816790130714,4.648180237622007e-05,-0.0008441899063616193,-0.0015499135063580666,0.31816790130714,0.02466542080717332,4.648180237622007e-05,0.026,0.0152562373229252,0.04397190104437119,0.026,0.0152562373229252,0.04397190104437119
stress_natural,naive_wald,0.95,1.0,32,2000,500,27,27,0.05083836234715351,0.3545501878900477,4.950365120181516e-05,-0.008278814920111878,-0.023482690195883962,0.3545501878900477,0.05179598503962311,4.950365120181516e-05,0.054,0.03737409848513375,0.07742706124443205,0.054,0.03737409848513375,0.07742706124443205
stress_natural,naive_wald,0.95,1.0,32,5000,500,31,31,0.050698101552838576,0.34356569278984195,4.850482070923078e-05,-0.0036959329899058147,-0.011715447099899683,0.34356569278984195,0.04549488613355721,4.850482070923078e-05,0.062,0.04401893261361028,0.08666023321946106,0.062,0.04401893261361028,0.08666023321946106
stress_natural,naive_wald,0.95,1.0,32,10000,500,23,23,0.05054388261874076,0.3258779673483147,4.702085226721386e-05,-0.0028865340210094646,-0.008069993693876815,0.3258779673483147,0.030755603845672698,4.702085226721386e-05,0.046,0.030844883399787512,0.06807827022627275,0.046,0.030844883399787512,0.06807827022627275
stress_natural,naive_wald,0.95,1.0,32,20000,500,20,20,0.05055214003211027,0.32432646747856053,4.696471825194871e-05,-0.002063373815363909,-0.00584309264059505,0.32432646747856053,0.033290257679700876,4.696471825194871e-05,0.04,0.026040593951356387,0.06097405509707471,0.04,0.026040593951356387,0.06097405509707471
stress_natural,naive_wald,0.95,1.0,32,50000,500,11,11,0.05051137921091322,0.3168815657851175,4.641942991808733e-05,-0.0010280391387280173,-0.002313616695279519,0.3168815657851175,0.026705917309864522,4.641942991808733e-05,0.022,0.01232788016714588,0.03896125514839773,0.022,0.01232788016714588,0.03896125514839773
stress_natural,naive_wald,0.95,1.0,128,2000,500,27,27,0.05068188209329889,0.330344301916205,4.750285155036065e-05,-0.008122334666256954,-0.022660353977847523,0.330344301916205,0.038993103126933104,4.750285155036065e-05,0.054,0.03737409848513375,0.07742706124443205,0.054,0.03737409848513375,0.07742706124443205
stress_natural,naive_wald,0.95,1.0,128,5000,500,31,31,0.05069467529331423,0.336830168950775,4.806892058701195e-05,-0.00369250673038147,-0.011715447099899683,0.336830168950775,0.04596199423772915,4.806892058701195e-05,0.062,0.04401893261361028,0.08666023321946106,0.062,0.04401893261361028,0.08666023321946106
stress_natural,naive_wald,0.95,1.0,128,10000,500,23,23,0.050513149219264995,0.3105299991576018,4.5969935748727914e-05,-0.0028558012357481526,-0.008071676579768483,0.3105299991576018,0.01497006067391731,4.5969935748727914e-05,0.046,0.030844883399787512,0.06807827022627275,0.046,0.030844883399787512,0.06807827022627275
stress_natural,naive_wald,0.95,1.0,128,20000,500,20,20,0.05053476545638269,0.3177796586146257,4.652322161807117e-05,-0.0020459993928333203,-0.00584309264059505,0.3177796586146257,0.0295281825722338,4.652322161807117e-05,0.04,0.026040593951356387,0.06097405509707471,0.04,0.026040593951356387,0.06097405509707471
stress_natural,naive_wald,0.95,1.0,128,50000,500,11,11,0.0505113792109613,0.3168815658217472,4.641942991915705e-05,-0.0010280391387368284,-0.002313616695279519,0.3168815658217472,0.026705917291197583,4.641942991915705e-05,0.022,0.01232788016714588,0.03896125514839773,0.022,0.01232788016714588,0.03896125514839773
stress_natural,naive_wald,0.99,0.2,32,2000,500,46,46,0.013949069636384375,0.414744845926882,5.7015636987083166e-05,-0.005228918683531991,-0.03364155382296082,0.414744845926882,0.0709845133892643,5.7015636987083166e-05,0.092,0.0696823665014548,0.12053932221976234,0.092,0.0696823665014548,0.12053932221976234
stress_natural,naive_wald,0.99,0.2,32,5000,500,33,33,0.012299444300070841,0.410359003750945,5.573776374387299e-05,-0.0028447732791214435,-0.008104794896760272,0.410359003750945,0.06136517148892977,5.573776374387299e-05,0.066,0.04737823802541255,0.09123993085941157,0.066,0.04737823802541255,0.09123993085941157
stress_natural,naive_wald,0.99,0.2,32,10000,500,40,40,0.01143438931746094,0.4054149860986021,5.484334886635121e-05,-0.0019433460382951844,-0.0076819333821664445,0.4054149860986021,0.05860813622404106,5.484334886635121e-05,0.08,0.05929780247392154,0.1071068770920373,0.08,0.05929780247392154,0.1071068770920373
stress_natural,naive_wald,0.99,0.2,32,20000,500,25,25,0.010527469945569174,0.374913263108431,5.135390500058787e-05,-0.0008210121998931447,-0.0032046849042521378,0.374913263108431,0.0537298539759307,5.135390500058787e-05,0.05,0.03409350665098192,0.07276865002683111,0.05,0.03409350665098192,0.07276865002683111
stress_natural,naive_wald,0.99,0.2,32,50000,500,23,23,0.010242597697118078,0.3689007935629633,5.088004617341295e-05,-0.00046465184398771496,-0.0009058151450698163,0.3689007935629633,0.0575925920870294,5.088004617341295e-05,0.046,0.030844883399787512,0.06807827022627275,0.046,0.030844883399787512,0.06807827022627275
stress_natural,naive_wald,0.99,0.2,128,2000,500,46,46,0.013021249331042525,0.3963336332209225,5.5038633702240304e-05,-0.004301173038862893,-0.009860152228264044,0.3963336332209225,0.07465893868759653,5.5038633702240304e-05,0.092,0.0696823665014548,0.12053932221976234,0.092,0.0696823665014548,0.12053932221976234
stress_natural,naive_wald,0.99,0.2,128,5000,500,33,33,0.012518332479125763,0.40452073414870765,5.563460772724383e-05,-0.003063726769697337,-0.008104794896760272,0.40452073414870765,0.07239194589024056,5.563460772724383e-05,0.066,0.04737823802541255,0.09123993085941157,0.066,0.04737823802541255,0.09123993085941157
stress_natural,naive_wald,0.99,0.2,128,10000,500,40,40,0.011436049273545154,0.4067964732177781,5.506470165740503e-05,-0.00195489505209996,-0.0076819333821664445,0.4067964732177781,0.05995202043687926,5.506470165740503e-05,0.08,0.05929780247392154,0.1071068770920373,0.08,0.05929780247392154,0.1071068770920373
stress_natural,naive_wald,0.99,0.2,128,20000,500,25,25,0.01059015439199792,0.39396528123189645,5.339499281088644e-05,-0.0008936538085579657,-0.0032046849042521378,0.39396528123189645,0.05901922984276121,5.339499281088644e-05,0.05,0.03409350665098192,0.07276865002683111,0.05,0.03409350665098192,0.07276865002683111
stress_natural,naive_wald,0.99,0.2,128,50000,500,23,23,0.010264272962244619,0.3820845479679116,5.2127844841177727e-05,-0.000491329447186956,-0.0007596616586689909,0.3820845479679116,0.059495131078833134,5.2127844841177727e-05,0.046,0.030844883399787512,0.06807827022627275,0.046,0.030844883399787512,0.06807827022627275
stress_natural,naive_wald,0.99,0.5,32,2000,500,46,46,0.011415661163426979,0.3741746417389262,5.215689647246755e-05,-0.00317874764151894,-0.010157848493627749,0.3741746417389262,0.06917251681330072,5.215689647246755e-05,0.092,0.0696823665014548,0.12053932221976234,0.092,0.0696823665014548,0.12053932221976234
stress_natural,naive_wald,0.99,0.5,32,5000,500,35,35,0.010440872907098385,0.36281138292337733,5.057035002433492e-05,-0.0012946988007343707,-0.0037691929103567424,0.36281138292337733,0.06122261134681291,5.057035002433492e-05,0.07,0.05075944317125315,0.09579772876532376,0.07,0.05075944317125315,0.09579772876532376
stress_natural,naive_wald,0.99,0.5,32,10000,500,30,30,0.010203495581574447,0.3539716881387791,4.9411361814883486e-05,-0.000738451096543095,-0.002011654570800157,0.3539716881387791,0.050097037205660166,4.9411361814883486e-05,0.06,0.042348086000950205,0.08436157830624476,0.06,0.042348086000950205,0.08436157830624476
stress_natural,naive_wald,0.99,0.5,32,20000,500,26,26,0.0102084155418533,0.3589516418108266,4.994343471463776e-05,-0.0005668426734433436,-0.0012420152236076818,0.3589516418108266,0.05508251481784146,4.994343471463776e-05,0.052,0.03573001990962654,0.07510163829406287,0.052,0.03573001990962654,0.07510163829406287
stress_natural,naive_wald,0.99,0.5,32,50000,500,23,23,0.010159172283694076,0.3347325534475978,4.780914444684748e-05,-0.00042655298151112755,-0.000939933428523573,0.3347325534475978,0.042532985973444785,4.780914444684748e-05,0.046,0.030844883399787512,0.06807827022627275,0.046,0.030844883399787512,0.06807827022627275
stress_natural,naive_wald,0.99,0.5,128,2000,500,46,46,0.011031928942488684,0.36377187041557485,5.070091801650497e-05,-0.002795015420580644,-0.010157848493627749,0.36377187041557485,0.05711270601619492,5.070091801650497e-05,0.092,0.0696823665014548,0.12053932221976234,0.092,0.0696823665014548,0.12053932221976234
stress_natural,naive_wald,0.99,0.5,128,5000,500,35,35,0.010199189700739662,0.3544471152483368,4.949652946161298e-05,-0.0010650713833493769,-0.0034382255873627154,0.3544471152483368,0.051476519221108866,4.949652946161298e-05,0.07,0.05075944317125315,0.09579772876532376,0.07,0.05075944317125315,0.09579772876532376
stress_natural,naive_wald,0.99,0.5,128,10000,500,31,31,0.010206146776718258,0.35126622379068995,4.9233484601793814e-05,-0.0007366518027364673,-0.002011654570800157,0.35126622379068995,0.049909953267935674,4.9233484601793814e-05,0.062,0.04401893261361028,0.08666023321946106,0.062,0.04401893261361028,0.08666023321946106
stress_natural,naive_wald,0.99,0.5,128,20000,500,26,26,0.010213733884839074,0.3561414054651956,4.9646369032208246e-05,-0.0005802415463430789,-0.0011516050308669843,0.3561414054651956,0.051001033467408675,4.9646369032208246e-05,0.052,0.03573001990962654,0.07510163829406287,0.052,0.03573001990962654,0.07510163829406287
stress_natural,naive_wald,0.99,0.5,128,50000,500,23,23,0.010140068738576593,0.32731109331140124,4.736888348881934e-05,-0.0004079283978147046,-0.0009399334287027283,0.32731109331140124,0.043601347213115864,4.736888348881934e-05,0.046,0.030844883399787512,0.06807827022627275,0.046,0.030844883399787512,0.06807827022627275
stress_natural,naive_wald,0.99,1.0,32,2000,500,45,45,0.010451936841097667,0.34920046294483387,4.923190507890564e-05,-0.005456014618875542,-0.012883267415906332,0.34920046294483387,0.053210986650169725,4.923190507890564e-05,0.09,0.0679421955899675,0.11830999160537325,0.09,0.0679421955899675,0.11830999160537325
stress_natural,naive_wald,0.99,1.0,32,5000,500,38,38,0.010200884990406079,0.34844539295923566,4.9085577789090846e-05,-0.0023711561764255596,-0.004567778369501252,0.34844539295923566,0.05250271556035801,4.9085577789090846e-05,0.076,0.05586871073410857,0.10259696578009747,0.076,0.05586871073410857,0.10259696578009747
stress_natural,naive_wald,0.99,1.0,32,10000,500,22,22,0.01018308550516719,0.34889883484569634,4.870019116647202e-05,-0.0015116534204129845,-0.0037775623407930274,0.34889883484569634,0.03789342858893826,4.870019116647202e-05,0.044,0.029233737680341678,0.06571991441984218,0.044,0.029233737680341678,0.06571991441984218
stress_natural,naive_wald,0.99,1.0,32,20000,500,25,25,0.010153111172024904,0.3290026236441242,4.7370087324275126e-05,-0.0009925959173967503,-0.003382284118043078,0.3290026236441242,0.03857585324528758,4.7370087324275126e-05,0.05,0.03409350665098192,0.07276865002683111,0.05,0.03409350665098192,0.07276865002683111
stress_natural,naive_wald,0.99,1.0,32,50000,500,23,23,0.010118310856710893,0.31672968974259,4.649723827830431e-05,-0.0005536822345130587,-0.0013985969206068948,0.31672968974259,0.03206170560020488,4.649723827830431e-05,0.046,0.030844883399787512,0.06807827022627275,0.046,0.030844883399787512,0.06807827022627275
stress_natural,naive_wald,0.99,1.0,128,2000,500,45,45,0.010326097056593169,0.33236407425708375,4.778028897056003e-05,-0.00533017483437104,-0.010774287181344823,0.33236407425708375,0.043513437058571025,4.778028897056003e-05,0.09,0.0679421955899675,0.11830999160537325,0.09,0.0679421955899675,0.11830999160537325
stress_natural,naive_wald,0.99,1.0,128,5000,500,39,39,0.010326085444494624,0.35013918835108765,4.92419489997438e-05,-0.0024567896738217168,-0.004371993014115168,0.35013918835108765,0.05192712649171181,4.92419489997438e-05,0.078,0.057581071819524224,0.10485410622055823,0.078,0.057581071819524224,0.10485410622055823
stress_natural,naive_wald,0.99,1.0,128,10000,500,22,22,0.010156008494720759,0.33494285968209314,4.789380094618971e-05,-0.001484576409955761,-0.003895038943369681,0.33494285968209314,0.045088773158742115,4.789380094618971e-05,0.044,0.029233737680341678,0.06571991441984218,0.044,0.029233737680341678,0.06571991441984218
stress_natural,naive_wald,0.99,1.0,128,20000,500,26,26,0.010155050225468911,0.33236589469339656,4.770163148544656e-05,-0.0009649448231990198,-0.0032648075154664245,0.33236589469339656,0.042096038141838564,4.770163148544656e-05,0.052,0.03573001990962654,0.07510163829406287,0.052,0.03573001990962654,0.07510163829406287
stress_natural,naive_wald,0.99,1.0,128,50000,500,24,24,0.010138776987379314,0.31934694556249177,4.679172472699505e-05,-0.0005600049581577357,-0.0013985969206068948,0.31934694556249177,0.03802427627314474,4.679172472699505e-05,0.048,0.03246497509125218,0.07042768006068446,0.048,0.03246497509125218,0.07042768006068446
stress_natural,norm_betting,0.9,0.2,32,2000,500,0,0,,,,,,,,,0.0,0.0,0.007624618530903363,0.0,0.0,0.007624618530903363
stress_natural,norm_betting,0.9,0.2,32,5000,500,0,0,,,,,,,,,0.0,0.0,0.007624618530903363,0.0,0.0,0.007624618530903363
stress_natural,norm_betting,0.9,0.2,32,10000,500,0,0,,,,,,,,,0.0,0.0,0.007624618530903363,0.0,0.0,0.007624618530903363
stress_natural,norm_betting,0.9,0.2,32,20000,500,0,0,,,,,,,,,0.0,0.0,0.007624618530903363,0.0,0.0,0.007624618530903363
stress_natural,norm_betting,0.9,0.2,32,50000,500,0,0,,,,,,,,,0.0,0.0,0.007624618530903363,0.0,0.0,0.007624618530903363
stress_natural,norm_betting,0.9,0.2,128,2000,500,0,0,,,,,,,,,0.0,0.0,0.007624618530903363,0.0,0.0,0.007624618530903363
stress_natural,norm_betting,0.9,0.2,128,5000,500,0,0,,,,,,,,,0.0,0.0,0.007624618530903363,0.0,0.0,0.007624618530903363
stress_natural,norm_betting,0.9,0.2,128,10000,500,0,0,,,,,,,,,0.0,0.0,0.007624618530903363,0.0,0.0,0.007624618530903363
stress_natural,norm_betting,0.9,0.2,128,20000,500,0,0,,,,,,,,,0.0,0.0,0.007624618530903363,0.0,0.0,0.007624618530903363
stress_natural,norm_betting,0.9,0.2,128,50000,500,0,0,,,,,,,,,0.0,0.0,0.007624618530903363,0.0,0.0,0.007624618530903363
stress_natural,norm_betting,0.9,0.5,32,2000,500,0,0,,,,,,,,,0.0,0.0,0.007624618530903363,0.0,0.0,0.007624618530903363
stress_natural,norm_betting,0.9,0.5,32,5000,500,0,0,,,,,,,,,0.0,0.0,0.007624618530903363,0.0,0.0,0.007624618530903363
stress_natural,norm_betting,0.9,0.5,32,10000,500,0,0,,,,,,,,,0.0,0.0,0.007624618530903363,0.0,0.0,0.007624618530903363
stress_natural,norm_betting,0.9,0.5,32,20000,500,0,0,,,,,,,,,0.0,0.0,0.007624618530903363,0.0,0.0,0.007624618530903363
stress_natural,norm_betting,0.9,0.5,32,50000,500,0,0,,,,,,,,,0.0,0.0,0.007624618530903363,0.0,0.0,0.007624618530903363
stress_natural,norm_betting,0.9,0.5,128,2000,500,0,0,,,,,,,,,0.0,0.0,0.007624618530903363,0.0,0.0,0.007624618530903363
stress_natural,norm_betting,0.9,0.5,128,5000,500,0,0,,,,,,,,,0.0,0.0,0.007624618530903363,0.0,0.0,0.007624618530903363
stress_natural,norm_betting,0.9,0.5,128,10000,500,0,0,,,,,,,,,0.0,0.0,0.007624618530903363,0.0,0.0,0.007624618530903363
stress_natural,norm_betting,0.9,0.5,128,20000,500,0,0,,,,,,,,,0.0,0.0,0.007624618530903363,0.0,0.0,0.007624618530903363
stress_natural,norm_betting,0.9,0.5,128,50000,500,0,0,,,,,,,,,0.0,0.0,0.007624618530903363,0.0,0.0,0.007624618530903363
stress_natural,norm_betting,0.9,1.0,32,2000,500,0,0,,,,,,,,,0.0,0.0,0.007624618530903363,0.0,0.0,0.007624618530903363
stress_natural,norm_betting,0.9,1.0,32,5000,500,0,0,,,,,,,,,0.0,0.0,0.007624618530903363,0.0,0.0,0.007624618530903363
stress_natural,norm_betting,0.9,1.0,32,10000,500,0,0,,,,,,,,,0.0,0.0,0.007624618530903363,0.0,0.0,0.007624618530903363
stress_natural,norm_betting,0.9,1.0,32,20000,500,0,0,,,,,,,,,0.0,0.0,0.007624618530903363,0.0,0.0,0.007624618530903363
stress_natural,norm_betting,0.9,1.0,32,50000,500,0,0,,,,,,,,,0.0,0.0,0.007624618530903363,0.0,0.0,0.007624618530903363
stress_natural,norm_betting,0.9,1.0,128,2000,500,0,0,,,,,,,,,0.0,0.0,0.007624618530903363,0.0,0.0,0.007624618530903363
stress_natural,norm_betting,0.9,1.0,128,5000,500,0,0,,,,,,,,,0.0,0.0,0.007624618530903363,0.0,0.0,0.007624618530903363
stress_natural,norm_betting,0.9,1.0,128,10000,500,0,0,,,,,,,,,0.0,0.0,0.007624618530903363,0.0,0.0,0.007624618530903363
stress_natural,norm_betting,0.9,1.0,128,20000,500,0,0,,,,,,,,,0.0,0.0,0.007624618530903363,0.0,0.0,0.007624618530903363
stress_natural,norm_betting,0.9,1.0,128,50000,500,0,0,,,,,,,,,0.0,0.0,0.007624618530903363,0.0,0.0,0.007624618530903363
stress_natural,norm_betting,0.95,0.2,32,2000,500,0,0,,,,,,,,,0.0,0.0,0.007624618530903363,0.0,0.0,0.007624618530903363
stress_natural,norm_betting,0.95,0.2,32,5000,500,0,0,,,,,,,,,0.0,0.0,0.007624618530903363,0.0,0.0,0.007624618530903363
stress_natural,norm_betting,0.95,0.2,32,10000,500,0,0,,,,,,,,,0.0,0.0,0.007624618530903363,0.0,0.0,0.007624618530903363
stress_natural,norm_betting,0.95,0.2,32,20000,500,0,0,,,,,,,,,0.0,0.0,0.007624618530903363,0.0,0.0,0.007624618530903363
stress_natural,norm_betting,0.95,0.2,32,50000,500,0,0,,,,,,,,,0.0,0.0,0.007624618530903363,0.0,0.0,0.007624618530903363
stress_natural,norm_betting,0.95,0.2,128,2000,500,0,0,,,,,,,,,0.0,0.0,0.007624618530903363,0.0,0.0,0.007624618530903363
stress_natural,norm_betting,0.95,0.2,128,5000,500,0,0,,,,,,,,,0.0,0.0,0.007624618530903363,0.0,0.0,0.007624618530903363
stress_natural,norm_betting,0.95,0.2,128,10000,500,0,0,,,,,,,,,0.0,0.0,0.007624618530903363,0.0,0.0,0.007624618530903363
stress_natural,norm_betting,0.95,0.2,128,20000,500,0,0,,,,,,,,,0.0,0.0,0.007624618530903363,0.0,0.0,0.007624618530903363
stress_natural,norm_betting,0.95,0.2,128,50000,500,0,0,,,,,,,,,0.0,0.0,0.007624618530903363,0.0,0.0,0.007624618530903363
stress_natural,norm_betting,0.95,0.5,32,2000,500,0,0,,,,,,,,,0.0,0.0,0.007624618530903363,0.0,0.0,0.007624618530903363
stress_natural,norm_betting,0.95,0.5,32,5000,500,0,0,,,,,,,,,0.0,0.0,0.007624618530903363,0.0,0.0,0.007624618530903363
stress_natural,norm_betting,0.95,0.5,32,10000,500,0,0,,,,,,,,,0.0,0.0,0.007624618530903363,0.0,0.0,0.007624618530903363
stress_natural,norm_betting,0.95,0.5,32,20000,500,0,0,,,,,,,,,0.0,0.0,0.007624618530903363,0.0,0.0,0.007624618530903363
stress_natural,norm_betting,0.95,0.5,32,50000,500,0,0,,,,,,,,,0.0,0.0,0.007624618530903363,0.0,0.0,0.007624618530903363
stress_natural,norm_betting,0.95,0.5,128,2000,500,0,0,,,,,,,,,0.0,0.0,0.007624618530903363,0.0,0.0,0.007624618530903363
stress_natural,norm_betting,0.95,0.5,128,5000,500,0,0,,,,,,,,,0.0,0.0,0.007624618530903363,0.0,0.0,0.007624618530903363
stress_natural,norm_betting,0.95,0.5,128,10000,500,0,0,,,,,,,,,0.0,0.0,0.007624618530903363,0.0,0.0,0.007624618530903363
stress_natural,norm_betting,0.95,0.5,128,20000,500,0,0,,,,,,,,,0.0,0.0,0.007624618530903363,0.0,0.0,0.007624618530903363
stress_natural,norm_betting,0.95,0.5,128,50000,500,0,0,,,,,,,,,0.0,0.0,0.007624618530903363,0.0,0.0,0.007624618530903363
stress_natural,norm_betting,0.95,1.0,32,2000,500,0,0,,,,,,,,,0.0,0.0,0.007624618530903363,0.0,0.0,0.007624618530903363
stress_natural,norm_betting,0.95,1.0,32,5000,500,0,0,,,,,,,,,0.0,0.0,0.007624618530903363,0.0,0.0,0.007624618530903363
stress_natural,norm_betting,0.95,1.0,32,10000,500,0,0,,,,,,,,,0.0,0.0,0.007624618530903363,0.0,0.0,0.007624618530903363
stress_natural,norm_betting,0.95,1.0,32,20000,500,0,0,,,,,,,,,0.0,0.0,0.007624618530903363,0.0,0.0,0.007624618530903363
stress_natural,norm_betting,0.95,1.0,32,50000,500,0,0,,,,,,,,,0.0,0.0,0.007624618530903363,0.0,0.0,0.007624618530903363
stress_natural,norm_betting,0.95,1.0,128,2000,500,0,0,,,,,,,,,0.0,0.0,0.007624618530903363,0.0,0.0,0.007624618530903363
stress_natural,norm_betting,0.95,1.0,128,5000,500,0,0,,,,,,,,,0.0,0.0,0.007624618530903363,0.0,0.0,0.007624618530903363
stress_natural,norm_betting,0.95,1.0,128,10000,500,0,0,,,,,,,,,0.0,0.0,0.007624618530903363,0.0,0.0,0.007624618530903363
stress_natural,norm_betting,0.95,1.0,128,20000,500,0,0,,,,,,,,,0.0,0.0,0.007624618530903363,0.0,0.0,0.007624618530903363
stress_natural,norm_betting,0.95,1.0,128,50000,500,0,0,,,,,,,,,0.0,0.0,0.007624618530903363,0.0,0.0,0.007624618530903363
stress_natural,norm_betting,0.99,0.2,32,2000,500,0,0,,,,,,,,,0.0,0.0,0.007624618530903363,0.0,0.0,0.007624618530903363
stress_natural,norm_betting,0.99,0.2,32,5000,500,0,0,,,,,,,,,0.0,0.0,0.007624618530903363,0.0,0.0,0.007624618530903363
stress_natural,norm_betting,0.99,0.2,32,10000,500,0,0,,,,,,,,,0.0,0.0,0.007624618530903363,0.0,0.0,0.007624618530903363
stress_natural,norm_betting,0.99,0.2,32,20000,500,0,0,,,,,,,,,0.0,0.0,0.007624618530903363,0.0,0.0,0.007624618530903363
stress_natural,norm_betting,0.99,0.2,32,50000,500,0,0,,,,,,,,,0.0,0.0,0.007624618530903363,0.0,0.0,0.007624618530903363
stress_natural,norm_betting,0.99,0.2,128,2000,500,0,0,,,,,,,,,0.0,0.0,0.007624618530903363,0.0,0.0,0.007624618530903363
stress_natural,norm_betting,0.99,0.2,128,5000,500,0,0,,,,,,,,,0.0,0.0,0.007624618530903363,0.0,0.0,0.007624618530903363
stress_natural,norm_betting,0.99,0.2,128,10000,500,0,0,,,,,,,,,0.0,0.0,0.007624618530903363,0.0,0.0,0.007624618530903363
stress_natural,norm_betting,0.99,0.2,128,20000,500,0,0,,,,,,,,,0.0,0.0,0.007624618530903363,0.0,0.0,0.007624618530903363
stress_natural,norm_betting,0.99,0.2,128,50000,500,0,0,,,,,,,,,0.0,0.0,0.007624618530903363,0.0,0.0,0.007624618530903363
stress_natural,norm_betting,0.99,0.5,32,2000,500,0,0,,,,,,,,,0.0,0.0,0.007624618530903363,0.0,0.0,0.007624618530903363
stress_natural,norm_betting,0.99,0.5,32,5000,500,0,0,,,,,,,,,0.0,0.0,0.007624618530903363,0.0,0.0,0.007624618530903363
stress_natural,norm_betting,0.99,0.5,32,10000,500,0,0,,,,,,,,,0.0,0.0,0.007624618530903363,0.0,0.0,0.007624618530903363
stress_natural,norm_betting,0.99,0.5,32,20000,500,0,0,,,,,,,,,0.0,0.0,0.007624618530903363,0.0,0.0,0.007624618530903363
stress_natural,norm_betting,0.99,0.5,32,50000,500,0,0,,,,,,,,,0.0,0.0,0.007624618530903363,0.0,0.0,0.007624618530903363
stress_natural,norm_betting,0.99,0.5,128,2000,500,0,0,,,,,,,,,0.0,0.0,0.007624618530903363,0.0,0.0,0.007624618530903363
stress_natural,norm_betting,0.99,0.5,128,5000,500,0,0,,,,,,,,,0.0,0.0,0.007624618530903363,0.0,0.0,0.007624618530903363
stress_natural,norm_betting,0.99,0.5,128,10000,500,0,0,,,,,,,,,0.0,0.0,0.007624618530903363,0.0,0.0,0.007624618530903363
stress_natural,norm_betting,0.99,0.5,128,20000,500,0,0,,,,,,,,,0.0,0.0,0.007624618530903363,0.0,0.0,0.007624618530903363
stress_natural,norm_betting,0.99,0.5,128,50000,500,0,0,,,,,,,,,0.0,0.0,0.007624618530903363,0.0,0.0,0.007624618530903363
stress_natural,norm_betting,0.99,1.0,32,2000,500,0,0,,,,,,,,,0.0,0.0,0.007624618530903363,0.0,0.0,0.007624618530903363
stress_natural,norm_betting,0.99,1.0,32,5000,500,0,0,,,,,,,,,0.0,0.0,0.007624618530903363,0.0,0.0,0.007624618530903363
stress_natural,norm_betting,0.99,1.0,32,10000,500,0,0,,,,,,,,,0.0,0.0,0.007624618530903363,0.0,0.0,0.007624618530903363
stress_natural,norm_betting,0.99,1.0,32,20000,500,0,0,,,,,,,,,0.0,0.0,0.007624618530903363,0.0,0.0,0.007624618530903363
stress_natural,norm_betting,0.99,1.0,32,50000,500,0,0,,,,,,,,,0.0,0.0,0.007624618530903363,0.0,0.0,0.007624618530903363
stress_natural,norm_betting,0.99,1.0,128,2000,500,0,0,,,,,,,,,0.0,0.0,0.007624618530903363,0.0,0.0,0.007624618530903363
stress_natural,norm_betting,0.99,1.0,128,5000,500,0,0,,,,,,,,,0.0,0.0,0.007624618530903363,0.0,0.0,0.007624618530903363
stress_natural,norm_betting,0.99,1.0,128,10000,500,0,0,,,,,,,,,0.0,0.0,0.007624618530903363,0.0,0.0,0.007624618530903363
stress_natural,norm_betting,0.99,1.0,128,20000,500,0,0,,,,,,,,,0.0,0.0,0.007624618530903363,0.0,0.0,0.007624618530903363
stress_natural,norm_betting,0.99,1.0,128,50000,500,0,0,,,,,,,,,0.0,0.0,0.007624618530903363,0.0,0.0,0.007624618530903363
stress_natural,split,0.9,0.2,32,2000,500,0,0,,,,,,,,,0.0,0.0,0.007624618530903363,0.0,0.0,0.007624618530903363
stress_natural,split,0.9,0.2,32,5000,500,0,0,,,,,,,,,0.0,0.0,0.007624618530903363,0.0,0.0,0.007624618530903363
stress_natural,split,0.9,0.2,32,10000,500,0,0,,,,,,,,,0.0,0.0,0.007624618530903363,0.0,0.0,0.007624618530903363
stress_natural,split,0.9,0.2,32,20000,500,0,0,,,,,,,,,0.0,0.0,0.007624618530903363,0.0,0.0,0.007624618530903363
stress_natural,split,0.9,0.2,32,50000,500,0,0,,,,,,,,,0.0,0.0,0.007624618530903363,0.0,0.0,0.007624618530903363
stress_natural,split,0.9,0.2,128,2000,500,0,0,,,,,,,,,0.0,0.0,0.007624618530903363,0.0,0.0,0.007624618530903363
stress_natural,split,0.9,0.2,128,5000,500,0,0,,,,,,,,,0.0,0.0,0.007624618530903363,0.0,0.0,0.007624618530903363
stress_natural,split,0.9,0.2,128,10000,500,0,0,,,,,,,,,0.0,0.0,0.007624618530903363,0.0,0.0,0.007624618530903363
stress_natural,split,0.9,0.2,128,20000,500,0,0,,,,,,,,,0.0,0.0,0.007624618530903363,0.0,0.0,0.007624618530903363
stress_natural,split,0.9,0.2,128,50000,500,0,0,,,,,,,,,0.0,0.0,0.007624618530903363,0.0,0.0,0.007624618530903363
stress_natural,split,0.9,0.5,32,2000,500,0,0,,,,,,,,,0.0,0.0,0.007624618530903363,0.0,0.0,0.007624618530903363
stress_natural,split,0.9,0.5,32,5000,500,0,0,,,,,,,,,0.0,0.0,0.007624618530903363,0.0,0.0,0.007624618530903363
stress_natural,split,0.9,0.5,32,10000,500,0,0,,,,,,,,,0.0,0.0,0.007624618530903363,0.0,0.0,0.007624618530903363
stress_natural,split,0.9,0.5,32,20000,500,0,0,,,,,,,,,0.0,0.0,0.007624618530903363,0.0,0.0,0.007624618530903363
stress_natural,split,0.9,0.5,32,50000,500,0,0,,,,,,,,,0.0,0.0,0.007624618530903363,0.0,0.0,0.007624618530903363
stress_natural,split,0.9,0.5,128,2000,500,0,0,,,,,,,,,0.0,0.0,0.007624618530903363,0.0,0.0,0.007624618530903363
stress_natural,split,0.9,0.5,128,5000,500,0,0,,,,,,,,,0.0,0.0,0.007624618530903363,0.0,0.0,0.007624618530903363
stress_natural,split,0.9,0.5,128,10000,500,0,0,,,,,,,,,0.0,0.0,0.007624618530903363,0.0,0.0,0.007624618530903363
stress_natural,split,0.9,0.5,128,20000,500,0,0,,,,,,,,,0.0,0.0,0.007624618530903363,0.0,0.0,0.007624618530903363
stress_natural,split,0.9,0.5,128,50000,500,0,0,,,,,,,,,0.0,0.0,0.007624618530903363,0.0,0.0,0.007624618530903363
stress_natural,split,0.9,1.0,32,2000,500,0,0,,,,,,,,,0.0,0.0,0.007624618530903363,0.0,0.0,0.007624618530903363
stress_natural,split,0.9,1.0,32,5000,500,0,0,,,,,,,,,0.0,0.0,0.007624618530903363,0.0,0.0,0.007624618530903363
stress_natural,split,0.9,1.0,32,10000,500,0,0,,,,,,,,,0.0,0.0,0.007624618530903363,0.0,0.0,0.007624618530903363
stress_natural,split,0.9,1.0,32,20000,500,0,0,,,,,,,,,0.0,0.0,0.007624618530903363,0.0,0.0,0.007624618530903363
stress_natural,split,0.9,1.0,32,50000,500,0,0,,,,,,,,,0.0,0.0,0.007624618530903363,0.0,0.0,0.007624618530903363
stress_natural,split,0.9,1.0,128,2000,500,0,0,,,,,,,,,0.0,0.0,0.007624618530903363,0.0,0.0,0.007624618530903363
stress_natural,split,0.9,1.0,128,5000,500,0,0,,,,,,,,,0.0,0.0,0.007624618530903363,0.0,0.0,0.007624618530903363
stress_natural,split,0.9,1.0,128,10000,500,0,0,,,,,,,,,0.0,0.0,0.007624618530903363,0.0,0.0,0.007624618530903363
stress_natural,split,0.9,1.0,128,20000,500,0,0,,,,,,,,,0.0,0.0,0.007624618530903363,0.0,0.0,0.007624618530903363
stress_natural,split,0.9,1.0,128,50000,500,0,0,,,,,,,,,0.0,0.0,0.007624618530903363,0.0,0.0,0.007624618530903363
stress_natural,split,0.95,0.2,32,2000,500,0,0,,,,,,,,,0.0,0.0,0.007624618530903363,0.0,0.0,0.007624618530903363
stress_natural,split,0.95,0.2,32,5000,500,0,0,,,,,,,,,0.0,0.0,0.007624618530903363,0.0,0.0,0.007624618530903363
stress_natural,split,0.95,0.2,32,10000,500,0,0,,,,,,,,,0.0,0.0,0.007624618530903363,0.0,0.0,0.007624618530903363
stress_natural,split,0.95,0.2,32,20000,500,0,0,,,,,,,,,0.0,0.0,0.007624618530903363,0.0,0.0,0.007624618530903363
stress_natural,split,0.95,0.2,32,50000,500,0,0,,,,,,,,,0.0,0.0,0.007624618530903363,0.0,0.0,0.007624618530903363
stress_natural,split,0.95,0.2,128,2000,500,0,0,,,,,,,,,0.0,0.0,0.007624618530903363,0.0,0.0,0.007624618530903363
stress_natural,split,0.95,0.2,128,5000,500,0,0,,,,,,,,,0.0,0.0,0.007624618530903363,0.0,0.0,0.007624618530903363
stress_natural,split,0.95,0.2,128,10000,500,0,0,,,,,,,,,0.0,0.0,0.007624618530903363,0.0,0.0,0.007624618530903363
stress_natural,split,0.95,0.2,128,20000,500,0,0,,,,,,,,,0.0,0.0,0.007624618530903363,0.0,0.0,0.007624618530903363
stress_natural,split,0.95,0.2,128,50000,500,0,0,,,,,,,,,0.0,0.0,0.007624618530903363,0.0,0.0,0.007624618530903363
stress_natural,split,0.95,0.5,32,2000,500,0,0,,,,,,,,,0.0,0.0,0.007624618530903363,0.0,0.0,0.007624618530903363
stress_natural,split,0.95,0.5,32,5000,500,0,0,,,,,,,,,0.0,0.0,0.007624618530903363,0.0,0.0,0.007624618530903363
stress_natural,split,0.95,0.5,32,10000,500,0,0,,,,,,,,,0.0,0.0,0.007624618530903363,0.0,0.0,0.007624618530903363
stress_natural,split,0.95,0.5,32,20000,500,0,0,,,,,,,,,0.0,0.0,0.007624618530903363,0.0,0.0,0.007624618530903363
stress_natural,split,0.95,0.5,32,50000,500,0,0,,,,,,,,,0.0,0.0,0.007624618530903363,0.0,0.0,0.007624618530903363
stress_natural,split,0.95,0.5,128,2000,500,0,0,,,,,,,,,0.0,0.0,0.007624618530903363,0.0,0.0,0.007624618530903363
stress_natural,split,0.95,0.5,128,5000,500,0,0,,,,,,,,,0.0,0.0,0.007624618530903363,0.0,0.0,0.007624618530903363
stress_natural,split,0.95,0.5,128,10000,500,0,0,,,,,,,,,0.0,0.0,0.007624618530903363,0.0,0.0,0.007624618530903363
stress_natural,split,0.95,0.5,128,20000,500,0,0,,,,,,,,,0.0,0.0,0.007624618530903363,0.0,0.0,0.007624618530903363
stress_natural,split,0.95,0.5,128,50000,500,0,0,,,,,,,,,0.0,0.0,0.007624618530903363,0.0,0.0,0.007624618530903363
stress_natural,split,0.95,1.0,32,2000,500,0,0,,,,,,,,,0.0,0.0,0.007624618530903363,0.0,0.0,0.007624618530903363
stress_natural,split,0.95,1.0,32,5000,500,0,0,,,,,,,,,0.0,0.0,0.007624618530903363,0.0,0.0,0.007624618530903363
stress_natural,split,0.95,1.0,32,10000,500,0,0,,,,,,,,,0.0,0.0,0.007624618530903363,0.0,0.0,0.007624618530903363
stress_natural,split,0.95,1.0,32,20000,500,0,0,,,,,,,,,0.0,0.0,0.007624618530903363,0.0,0.0,0.007624618530903363
stress_natural,split,0.95,1.0,32,50000,500,0,0,,,,,,,,,0.0,0.0,0.007624618530903363,0.0,0.0,0.007624618530903363
stress_natural,split,0.95,1.0,128,2000,500,0,0,,,,,,,,,0.0,0.0,0.007624618530903363,0.0,0.0,0.007624618530903363
stress_natural,split,0.95,1.0,128,5000,500,0,0,,,,,,,,,0.0,0.0,0.007624618530903363,0.0,0.0,0.007624618530903363
stress_natural,split,0.95,1.0,128,10000,500,0,0,,,,,,,,,0.0,0.0,0.007624618530903363,0.0,0.0,0.007624618530903363
stress_natural,split,0.95,1.0,128,20000,500,0,0,,,,,,,,,0.0,0.0,0.007624618530903363,0.0,0.0,0.007624618530903363
stress_natural,split,0.95,1.0,128,50000,500,0,0,,,,,,,,,0.0,0.0,0.007624618530903363,0.0,0.0,0.007624618530903363
stress_natural,split,0.99,0.2,32,2000,500,0,0,,,,,,,,,0.0,0.0,0.007624618530903363,0.0,0.0,0.007624618530903363
stress_natural,split,0.99,0.2,32,5000,500,0,0,,,,,,,,,0.0,0.0,0.007624618530903363,0.0,0.0,0.007624618530903363
stress_natural,split,0.99,0.2,32,10000,500,0,0,,,,,,,,,0.0,0.0,0.007624618530903363,0.0,0.0,0.007624618530903363
stress_natural,split,0.99,0.2,32,20000,500,0,0,,,,,,,,,0.0,0.0,0.007624618530903363,0.0,0.0,0.007624618530903363
stress_natural,split,0.99,0.2,32,50000,500,0,0,,,,,,,,,0.0,0.0,0.007624618530903363,0.0,0.0,0.007624618530903363
stress_natural,split,0.99,0.2,128,2000,500,0,0,,,,,,,,,0.0,0.0,0.007624618530903363,0.0,0.0,0.007624618530903363
stress_natural,split,0.99,0.2,128,5000,500,0,0,,,,,,,,,0.0,0.0,0.007624618530903363,0.0,0.0,0.007624618530903363
stress_natural,split,0.99,0.2,128,10000,500,0,0,,,,,,,,,0.0,0.0,0.007624618530903363,0.0,0.0,0.007624618530903363
stress_natural,split,0.99,0.2,128,20000,500,0,0,,,,,,,,,0.0,0.0,0.007624618530903363,0.0,0.0,0.007624618530903363
stress_natural,split,0.99,0.2,128,50000,500,0,0,,,,,,,,,0.0,0.0,0.007624618530903363,0.0,0.0,0.007624618530903363
stress_natural,split,0.99,0.5,32,2000,500,0,0,,,,,,,,,0.0,0.0,0.007624618530903363,0.0,0.0,0.007624618530903363
stress_natural,split,0.99,0.5,32,5000,500,0,0,,,,,,,,,0.0,0.0,0.007624618530903363,0.0,0.0,0.007624618530903363
stress_natural,split,0.99,0.5,32,10000,500,0,0,,,,,,,,,0.0,0.0,0.007624618530903363,0.0,0.0,0.007624618530903363
stress_natural,split,0.99,0.5,32,20000,500,0,0,,,,,,,,,0.0,0.0,0.007624618530903363,0.0,0.0,0.007624618530903363
stress_natural,split,0.99,0.5,32,50000,500,0,0,,,,,,,,,0.0,0.0,0.007624618530903363,0.0,0.0,0.007624618530903363
stress_natural,split,0.99,0.5,128,2000,500,0,0,,,,,,,,,0.0,0.0,0.007624618530903363,0.0,0.0,0.007624618530903363
stress_natural,split,0.99,0.5,128,5000,500,0,0,,,,,,,,,0.0,0.0,0.007624618530903363,0.0,0.0,0.007624618530903363
stress_natural,split,0.99,0.5,128,10000,500,0,0,,,,,,,,,0.0,0.0,0.007624618530903363,0.0,0.0,0.007624618530903363
stress_natural,split,0.99,0.5,128,20000,500,0,0,,,,,,,,,0.0,0.0,0.007624618530903363,0.0,0.0,0.007624618530903363
stress_natural,split,0.99,0.5,128,50000,500,0,0,,,,,,,,,0.0,0.0,0.007624618530903363,0.0,0.0,0.007624618530903363
stress_natural,split,0.99,1.0,32,2000,500,0,0,,,,,,,,,0.0,0.0,0.007624618530903363,0.0,0.0,0.007624618530903363
stress_natural,split,0.99,1.0,32,5000,500,0,0,,,,,,,,,0.0,0.0,0.007624618530903363,0.0,0.0,0.007624618530903363
stress_natural,split,0.99,1.0,32,10000,500,0,0,,,,,,,,,0.0,0.0,0.007624618530903363,0.0,0.0,0.007624618530903363
stress_natural,split,0.99,1.0,32,20000,500,0,0,,,,,,,,,0.0,0.0,0.007624618530903363,0.0,0.0,0.007624618530903363
stress_natural,split,0.99,1.0,32,50000,500,0,0,,,,,,,,,0.0,0.0,0.007624618530903363,0.0,0.0,0.007624618530903363
stress_natural,split,0.99,1.0,128,2000,500,0,0,,,,,,,,,0.0,0.0,0.007624618530903363,0.0,0.0,0.007624618530903363
stress_natural,split,0.99,1.0,128,5000,500,0,0,,,,,,,,,0.0,0.0,0.007624618530903363,0.0,0.0,0.007624618530903363
stress_natural,split,0.99,1.0,128,10000,500,0,0,,,,,,,,,0.0,0.0,0.007624618530903363,0.0,0.0,0.007624618530903363
stress_natural,split,0.99,1.0,128,20000,500,0,0,,,,,,,,,0.0,0.0,0.007624618530903363,0.0,0.0,0.007624618530903363
stress_natural,split,0.99,1.0,128,50000,500,0,0,,,,,,,,,0.0,0.0,0.007624618530903363,0.0,0.0,0.007624618530903363
