setting,W,K,p,u,gamma,n,x,method,info,power,false_alt,abstain
two_action,2,2,0.995,0.0050000000000000044,0.0025000000000000022,118,0.01999252101278401,cdf_eb,cdf,0.0,0.0,1.0
two_action,2,2,0.995,0.0050000000000000044,0.0025000000000000022,118,0.01999252101278401,cdf_bet,cdf,0.0005,0.0,0.9995
two_action,2,2,0.995,0.0050000000000000044,0.0025000000000000022,118,0.01999252101278401,cdf_exact,cdf,0.0205,0.0215,0.958
two_action,2,2,0.995,0.0050000000000000044,0.0025000000000000022,118,0.01999252101278401,exc_eb,exceedance,0.0,0.0,1.0
two_action,2,2,0.995,0.0050000000000000044,0.0025000000000000022,118,0.01999252101278401,exc_bet,exceedance,0.0,0.0,1.0
two_action,2,2,0.995,0.0050000000000000044,0.0025000000000000022,118,0.01999252101278401,counts_exact,counts,0.0,0.0,1.0
two_action,2,2,0.995,0.0050000000000000044,0.0025000000000000022,118,0.01999252101278401,norm_bet,counts,0.0,0.0,1.0
two_action,2,2,0.995,0.0050000000000000044,0.0025000000000000022,158,0.026769646779829435,cdf_eb,cdf,0.0,0.0,1.0
two_action,2,2,0.995,0.0050000000000000044,0.0025000000000000022,158,0.026769646779829435,cdf_bet,cdf,0.0,0.001,0.999
two_action,2,2,0.995,0.0050000000000000044,0.0025000000000000022,158,0.026769646779829435,cdf_exact,cdf,0.025,0.021,0.954
two_action,2,2,0.995,0.0050000000000000044,0.0025000000000000022,158,0.026769646779829435,exc_eb,exceedance,0.0,0.0,1.0
two_action,2,2,0.995,0.0050000000000000044,0.0025000000000000022,158,0.026769646779829435,exc_bet,exceedance,0.0,0.0,1.0
two_action,2,2,0.995,0.0050000000000000044,0.0025000000000000022,158,0.026769646779829435,counts_exact,counts,0.0,0.0,1.0
two_action,2,2,0.995,0.0050000000000000044,0.0025000000000000022,158,0.026769646779829435,norm_bet,counts,0.0,0.0,1.0
two_action,2,2,0.995,0.0050000000000000044,0.0025000000000000022,210,0.03557991027698849,cdf_eb,cdf,0.0,0.0,1.0
two_action,2,2,0.995,0.0050000000000000044,0.0025000000000000022,210,0.03557991027698849,cdf_bet,cdf,0.0,0.0,1.0
two_action,2,2,0.995,0.0050000000000000044,0.0025000000000000022,210,0.03557991027698849,cdf_exact,cdf,0.009,0.016,0.975
two_action,2,2,0.995,0.0050000000000000044,0.0025000000000000022,210,0.03557991027698849,exc_eb,exceedance,0.0,0.0,1.0
two_action,2,2,0.995,0.0050000000000000044,0.0025000000000000022,210,0.03557991027698849,exc_bet,exceedance,0.0,0.0,1.0
two_action,2,2,0.995,0.0050000000000000044,0.0025000000000000022,210,0.03557991027698849,counts_exact,counts,0.0,0.0,1.0
two_action,2,2,0.995,0.0050000000000000044,0.0025000000000000022,210,0.03557991027698849,norm_bet,counts,0.0,0.0,1.0
two_action,2,2,0.995,0.0050000000000000044,0.0025000000000000022,281,0.04760930851349412,cdf_eb,cdf,0.0,0.0,1.0
two_action,2,2,0.995,0.0050000000000000044,0.0025000000000000022,281,0.04760930851349412,cdf_bet,cdf,0.0,0.0,1.0
two_action,2,2,0.995,0.0050000000000000044,0.0025000000000000022,281,0.04760930851349412,cdf_exact,cdf,0.027,0.0195,0.9535
two_action,2,2,0.995,0.0050000000000000044,0.0025000000000000022,281,0.04760930851349412,exc_eb,exceedance,0.0,0.0,1.0
two_action,2,2,0.995,0.0050000000000000044,0.0025000000000000022,281,0.04760930851349412,exc_bet,exceedance,0.0,0.0,1.0
two_action,2,2,0.995,0.0050000000000000044,0.0025000000000000022,281,0.04760930851349412,counts_exact,counts,0.0,0.0,1.0
two_action,2,2,0.995,0.0050000000000000044,0.0025000000000000022,281,0.04760930851349412,norm_bet,counts,0.0,0.0,1.0
two_action,2,2,0.995,0.0050000000000000044,0.0025000000000000022,375,0.06353555406605087,cdf_eb,cdf,0.0,0.0,1.0
two_action,2,2,0.995,0.0050000000000000044,0.0025000000000000022,375,0.06353555406605087,cdf_bet,cdf,0.0,0.0,1.0
two_action,2,2,0.995,0.0050000000000000044,0.0025000000000000022,375,0.06353555406605087,cdf_exact,cdf,0.0255,0.0145,0.96
two_action,2,2,0.995,0.0050000000000000044,0.0025000000000000022,375,0.06353555406605087,exc_eb,exceedance,0.0,0.0,1.0
two_action,2,2,0.995,0.0050000000000000044,0.0025000000000000022,375,0.06353555406605087,exc_bet,exceedance,0.0,0.0,1.0
two_action,2,2,0.995,0.0050000000000000044,0.0025000000000000022,375,0.06353555406605087,counts_exact,counts,0.0,0.0,1.0
two_action,2,2,0.995,0.0050000000000000044,0.0025000000000000022,375,0.06353555406605087,norm_bet,counts,0.0,0.0,1.0
two_action,2,2,0.995,0.0050000000000000044,0.0025000000000000022,501,0.08488350023224396,cdf_eb,cdf,0.0,0.0,1.0
two_action,2,2,0.995,0.0050000000000000044,0.0025000000000000022,501,0.08488350023224396,cdf_bet,cdf,0.0005,0.0005,0.999
two_action,2,2,0.995,0.0050000000000000044,0.0025000000000000022,501,0.08488350023224396,cdf_exact,cdf,0.023,0.0235,0.9535
two_action,2,2,0.995,0.0050000000000000044,0.0025000000000000022,501,0.08488350023224396,exc_eb,exceedance,0.0,0.0,1.0
two_action,2,2,0.995,0.0050000000000000044,0.0025000000000000022,501,0.08488350023224396,exc_bet,exceedance,0.0,0.0,1.0
two_action,2,2,0.995,0.0050000000000000044,0.0025000000000000022,501,0.08488350023224396,counts_exact,counts,0.0,0.0,1.0
two_action,2,2,0.995,0.0050000000000000044,0.0025000000000000022,501,0.08488350023224396,norm_bet,counts,0.0,0.0,1.0
two_action,2,2,0.995,0.0050000000000000044,0.0025000000000000022,669,0.11334742845383476,cdf_eb,cdf,0.0,0.0,1.0
two_action,2,2,0.995,0.0050000000000000044,0.0025000000000000022,669,0.11334742845383476,cdf_bet,cdf,0.0015,0.0,0.9985
two_action,2,2,0.995,0.0050000000000000044,0.0025000000000000022,669,0.11334742845383476,cdf_exact,cdf,0.0295,0.018,0.9525
two_action,2,2,0.995,0.0050000000000000044,0.0025000000000000022,669,0.11334742845383476,exc_eb,exceedance,0.0,0.0,1.0
two_action,2,2,0.995,0.0050000000000000044,0.0025000000000000022,669,0.11334742845383476,exc_bet,exceedance,0.0,0.0,1.0
two_action,2,2,0.995,0.0050000000000000044,0.0025000000000000022,669,0.11334742845383476,counts_exact,counts,0.0,0.0,1.0
two_action,2,2,0.995,0.0050000000000000044,0.0025000000000000022,669,0.11334742845383476,norm_bet,counts,0.0,0.0,1.0
two_action,2,2,0.995,0.0050000000000000044,0.0025000000000000022,893,0.15129933274928914,cdf_eb,cdf,0.0,0.0,1.0
two_action,2,2,0.995,0.0050000000000000044,0.0025000000000000022,893,0.15129933274928914,cdf_bet,cdf,0.0005,0.0,0.9995
two_action,2,2,0.995,0.0050000000000000044,0.0025000000000000022,893,0.15129933274928914,cdf_exact,cdf,0.03,0.015,0.955
two_action,2,2,0.995,0.0050000000000000044,0.0025000000000000022,893,0.15129933274928914,exc_eb,exceedance,0.0,0.0,1.0
two_action,2,2,0.995,0.0050000000000000044,0.0025000000000000022,893,0.15129933274928914,exc_bet,exceedance,0.0,0.0,1.0
two_action,2,2,0.995,0.0050000000000000044,0.0025000000000000022,893,0.15129933274928914,counts_exact,counts,0.0,0.0,1.0
two_action,2,2,0.995,0.0050000000000000044,0.0025000000000000022,893,0.15129933274928914,norm_bet,counts,0.0,0.0,1.0
two_action,2,2,0.995,0.0050000000000000044,0.0025000000000000022,1192,0.2019583478579537,cdf_eb,cdf,0.0,0.0,1.0
two_action,2,2,0.995,0.0050000000000000044,0.0025000000000000022,1192,0.2019583478579537,cdf_bet,cdf,0.0,0.0,1.0
two_action,2,2,0.995,0.0050000000000000044,0.0025000000000000022,1192,0.2019583478579537,cdf_exact,cdf,0.032,0.0165,0.9515
two_action,2,2,0.995,0.0050000000000000044,0.0025000000000000022,1192,0.2019583478579537,exc_eb,exceedance,0.0,0.0,1.0
two_action,2,2,0.995,0.0050000000000000044,0.0025000000000000022,1192,0.2019583478579537,exc_bet,exceedance,0.0,0.0,1.0
two_action,2,2,0.995,0.0050000000000000044,0.0025000000000000022,1192,0.2019583478579537,counts_exact,counts,0.0,0.0,1.0
two_action,2,2,0.995,0.0050000000000000044,0.0025000000000000022,1192,0.2019583478579537,norm_bet,counts,0.0,0.0,1.0
two_action,2,2,0.995,0.0050000000000000044,0.0025000000000000022,1592,0.26972960552840797,cdf_eb,cdf,0.0,0.0005,0.9995
two_action,2,2,0.995,0.0050000000000000044,0.0025000000000000022,1592,0.26972960552840797,cdf_bet,cdf,0.0,0.0005,0.9995
two_action,2,2,0.995,0.0050000000000000044,0.0025000000000000022,1592,0.26972960552840797,cdf_exact,cdf,0.0285,0.0215,0.95
two_action,2,2,0.995,0.0050000000000000044,0.0025000000000000022,1592,0.26972960552840797,exc_eb,exceedance,0.0,0.0,1.0
two_action,2,2,0.995,0.0050000000000000044,0.0025000000000000022,1592,0.26972960552840797,exc_bet,exceedance,0.0,0.0,1.0
two_action,2,2,0.995,0.0050000000000000044,0.0025000000000000022,1592,0.26972960552840797,counts_exact,counts,0.1405,0.0015,0.858
two_action,2,2,0.995,0.0050000000000000044,0.0025000000000000022,1592,0.26972960552840797,norm_bet,counts,0.0,0.0,1.0
two_action,2,2,0.995,0.0050000000000000044,0.0025000000000000022,2125,0.36003480637428825,cdf_eb,cdf,0.0,0.0,1.0
two_action,2,2,0.995,0.0050000000000000044,0.0025000000000000022,2125,0.36003480637428825,cdf_bet,cdf,0.0,0.0,1.0
two_action,2,2,0.995,0.0050000000000000044,0.0025000000000000022,2125,0.36003480637428825,cdf_exact,cdf,0.0355,0.017,0.9475
two_action,2,2,0.995,0.0050000000000000044,0.0025000000000000022,2125,0.36003480637428825,exc_eb,exceedance,0.0,0.0,1.0
two_action,2,2,0.995,0.0050000000000000044,0.0025000000000000022,2125,0.36003480637428825,exc_bet,exceedance,0.0,0.0,1.0
two_action,2,2,0.995,0.0050000000000000044,0.0025000000000000022,2125,0.36003480637428825,counts_exact,counts,0.078,0.0005,0.9215
two_action,2,2,0.995,0.0050000000000000044,0.0025000000000000022,2125,0.36003480637428825,norm_bet,counts,0.0,0.0,1.0
two_action,2,2,0.995,0.0050000000000000044,0.0025000000000000022,2837,0.4806676450276969,cdf_eb,cdf,0.0005,0.0,0.9995
two_action,2,2,0.995,0.0050000000000000044,0.0025000000000000022,2837,0.4806676450276969,cdf_bet,cdf,0.0005,0.0,0.9995
two_action,2,2,0.995,0.0050000000000000044,0.0025000000000000022,2837,0.4806676450276969,cdf_exact,cdf,0.028,0.021,0.951
two_action,2,2,0.995,0.0050000000000000044,0.0025000000000000022,2837,0.4806676450276969,exc_eb,exceedance,0.0,0.0,1.0
two_action,2,2,0.995,0.0050000000000000044,0.0025000000000000022,2837,0.4806676450276969,exc_bet,exceedance,0.0,0.0,1.0
two_action,2,2,0.995,0.0050000000000000044,0.0025000000000000022,2837,0.4806676450276969,counts_exact,counts,0.1735,0.0,0.8265
two_action,2,2,0.995,0.0050000000000000044,0.0025000000000000022,2837,0.4806676450276969,norm_bet,counts,0.0,0.0,1.0
two_action,2,2,0.995,0.0050000000000000044,0.0025000000000000022,3788,0.6417938101392019,cdf_eb,cdf,0.0,0.0005,0.9995
two_action,2,2,0.995,0.0050000000000000044,0.0025000000000000022,3788,0.6417938101392019,cdf_bet,cdf,0.0,0.0005,0.9995
two_action,2,2,0.995,0.0050000000000000044,0.0025000000000000022,3788,0.6417938101392019,cdf_exact,cdf,0.0325,0.016,0.9515
two_action,2,2,0.995,0.0050000000000000044,0.0025000000000000022,3788,0.6417938101392019,exc_eb,exceedance,0.0,0.0,1.0
two_action,2,2,0.995,0.0050000000000000044,0.0025000000000000022,3788,0.6417938101392019,exc_bet,exceedance,0.053,0.0,0.947
two_action,2,2,0.995,0.0050000000000000044,0.0025000000000000022,3788,0.6417938101392019,counts_exact,counts,0.3005,0.0005,0.699
two_action,2,2,0.995,0.0050000000000000044,0.0025000000000000022,3788,0.6417938101392019,norm_bet,counts,0.0525,0.0,0.9475
two_action,2,2,0.995,0.0050000000000000044,0.0025000000000000022,5058,0.8569675532428942,cdf_eb,cdf,0.001,0.0,0.999
two_action,2,2,0.995,0.0050000000000000044,0.0025000000000000022,5058,0.8569675532428942,cdf_bet,cdf,0.001,0.0,0.999
two_action,2,2,0.995,0.0050000000000000044,0.0025000000000000022,5058,0.8569675532428942,cdf_exact,cdf,0.0285,0.0155,0.956
two_action,2,2,0.995,0.0050000000000000044,0.0025000000000000022,5058,0.8569675532428942,exc_eb,exceedance,0.0015,0.0,0.9985
two_action,2,2,0.995,0.0050000000000000044,0.0025000000000000022,5058,0.8569675532428942,exc_bet,exceedance,0.1425,0.0,0.8575
two_action,2,2,0.995,0.0050000000000000044,0.0025000000000000022,5058,0.8569675532428942,counts_exact,counts,0.389,0.0,0.611
two_action,2,2,0.995,0.0050000000000000044,0.0025000000000000022,5058,0.8569675532428942,norm_bet,counts,0.1425,0.0,0.8575
two_action,2,2,0.995,0.0050000000000000044,0.0025000000000000022,6753,1.1441482576214441,cdf_eb,cdf,0.001,0.0005,0.9985
two_action,2,2,0.995,0.0050000000000000044,0.0025000000000000022,6753,1.1441482576214441,cdf_bet,cdf,0.0005,0.0,0.9995
two_action,2,2,0.995,0.0050000000000000044,0.0025000000000000022,6753,1.1441482576214441,cdf_exact,cdf,0.039,0.0145,0.9465
two_action,2,2,0.995,0.0050000000000000044,0.0025000000000000022,6753,1.1441482576214441,exc_eb,exceedance,0.0085,0.0,0.9915
two_action,2,2,0.995,0.0050000000000000044,0.0025000000000000022,6753,1.1441482576214441,exc_bet,exceedance,0.259,0.0,0.741
two_action,2,2,0.995,0.0050000000000000044,0.0025000000000000022,6753,1.1441482576214441,counts_exact,counts,0.5405,0.0,0.4595
two_action,2,2,0.995,0.0050000000000000044,0.0025000000000000022,6753,1.1441482576214441,norm_bet,counts,0.269,0.0,0.731
two_action,2,2,0.995,0.0050000000000000044,0.0025000000000000022,9017,1.5277335760362152,cdf_eb,cdf,0.001,0.0005,0.9985
two_action,2,2,0.995,0.0050000000000000044,0.0025000000000000022,9017,1.5277335760362152,cdf_bet,cdf,0.0,0.0,1.0
two_action,2,2,0.995,0.0050000000000000044,0.0025000000000000022,9017,1.5277335760362152,cdf_exact,cdf,0.044,0.012,0.944
two_action,2,2,0.995,0.0050000000000000044,0.0025000000000000022,9017,1.5277335760362152,exc_eb,exceedance,0.0345,0.0,0.9655
two_action,2,2,0.995,0.0050000000000000044,0.0025000000000000022,9017,1.5277335760362152,exc_bet,exceedance,0.4575,0.0,0.5425
two_action,2,2,0.995,0.0050000000000000044,0.0025000000000000022,9017,1.5277335760362152,counts_exact,counts,0.75,0.0,0.25
two_action,2,2,0.995,0.0050000000000000044,0.0025000000000000022,9017,1.5277335760362152,norm_bet,counts,0.474,0.0,0.526
two_action,2,2,0.995,0.0050000000000000044,0.0025000000000000022,12039,2.0397454277364973,cdf_eb,cdf,0.0025,0.0,0.9975
two_action,2,2,0.995,0.0050000000000000044,0.0025000000000000022,12039,2.0397454277364973,cdf_bet,cdf,0.001,0.0,0.999
two_action,2,2,0.995,0.0050000000000000044,0.0025000000000000022,12039,2.0397454277364973,cdf_exact,cdf,0.0465,0.014,0.9395
two_action,2,2,0.995,0.0050000000000000044,0.0025000000000000022,12039,2.0397454277364973,exc_eb,exceedance,0.1245,0.0,0.8755
two_action,2,2,0.995,0.0050000000000000044,0.0025000000000000022,12039,2.0397454277364973,exc_bet,exceedance,0.6845,0.0,0.3155
two_action,2,2,0.995,0.0050000000000000044,0.0025000000000000022,12039,2.0397454277364973,counts_exact,counts,0.8835,0.0,0.1165
two_action,2,2,0.995,0.0050000000000000044,0.0025000000000000022,12039,2.0397454277364973,norm_bet,counts,0.6805,0.0,0.3195
two_action,2,2,0.995,0.0050000000000000044,0.0025000000000000022,16074,2.7233879894872044,cdf_eb,cdf,0.0035,0.0,0.9965
two_action,2,2,0.995,0.0050000000000000044,0.0025000000000000022,16074,2.7233879894872044,cdf_bet,cdf,0.002,0.0,0.998
two_action,2,2,0.995,0.0050000000000000044,0.0025000000000000022,16074,2.7233879894872044,cdf_exact,cdf,0.045,0.0105,0.9445
two_action,2,2,0.995,0.0050000000000000044,0.0025000000000000022,16074,2.7233879894872044,exc_eb,exceedance,0.274,0.0,0.726
two_action,2,2,0.995,0.0050000000000000044,0.0025000000000000022,16074,2.7233879894872044,exc_bet,exceedance,0.791,0.0,0.209
two_action,2,2,0.995,0.0050000000000000044,0.0025000000000000022,16074,2.7233879894872044,counts_exact,counts,0.95,0.0,0.05
two_action,2,2,0.995,0.0050000000000000044,0.0025000000000000022,16074,2.7233879894872044,norm_bet,counts,0.7895,0.0,0.2105
two_action,2,2,0.995,0.0050000000000000044,0.0025000000000000022,21461,3.6360974021640473,cdf_eb,cdf,0.004,0.0,0.996
two_action,2,2,0.995,0.0050000000000000044,0.0025000000000000022,21461,3.6360974021640473,cdf_bet,cdf,0.001,0.0,0.999
two_action,2,2,0.995,0.0050000000000000044,0.0025000000000000022,21461,3.6360974021640473,cdf_exact,cdf,0.055,0.011,0.934
two_action,2,2,0.995,0.0050000000000000044,0.0025000000000000022,21461,3.6360974021640473,exc_eb,exceedance,0.554,0.0,0.446
two_action,2,2,0.995,0.0050000000000000044,0.0025000000000000022,21461,3.6360974021640473,exc_bet,exceedance,0.882,0.0,0.118
two_action,2,2,0.995,0.0050000000000000044,0.0025000000000000022,21461,3.6360974021640473,counts_exact,counts,0.987,0.0,0.013
two_action,2,2,0.995,0.0050000000000000044,0.0025000000000000022,21461,3.6360974021640473,norm_bet,counts,0.881,0.0,0.119
two_action,2,2,0.995,0.0050000000000000044,0.0025000000000000022,28654,4.8547940432229915,cdf_eb,cdf,0.003,0.0005,0.9965
two_action,2,2,0.995,0.0050000000000000044,0.0025000000000000022,28654,4.8547940432229915,cdf_bet,cdf,0.0005,0.0,0.9995
two_action,2,2,0.995,0.0050000000000000044,0.0025000000000000022,28654,4.8547940432229915,cdf_exact,cdf,0.0565,0.0105,0.933
two_action,2,2,0.995,0.0050000000000000044,0.0025000000000000022,28654,4.8547940432229915,exc_eb,exceedance,0.8645,0.0,0.1355
two_action,2,2,0.995,0.0050000000000000044,0.0025000000000000022,28654,4.8547940432229915,exc_bet,exceedance,0.966,0.0,0.034
two_action,2,2,0.995,0.0050000000000000044,0.0025000000000000022,28654,4.8547940432229915,counts_exact,counts,0.998,0.0,0.002
two_action,2,2,0.995,0.0050000000000000044,0.0025000000000000022,28654,4.8547940432229915,norm_bet,counts,0.9655,0.0,0.0345
two_action,2,2,0.995,0.0050000000000000044,0.0025000000000000022,38257,6.481812511746422,cdf_eb,cdf,0.006,0.0,0.994
two_action,2,2,0.995,0.0050000000000000044,0.0025000000000000022,38257,6.481812511746422,cdf_bet,cdf,0.002,0.0,0.998
two_action,2,2,0.995,0.0050000000000000044,0.0025000000000000022,38257,6.481812511746422,cdf_exact,cdf,0.067,0.008,0.925
two_action,2,2,0.995,0.0050000000000000044,0.0025000000000000022,38257,6.481812511746422,exc_eb,exceedance,0.98,0.0,0.02
two_action,2,2,0.995,0.0050000000000000044,0.0025000000000000022,38257,6.481812511746422,exc_bet,exceedance,0.994,0.0,0.006
two_action,2,2,0.995,0.0050000000000000044,0.0025000000000000022,38257,6.481812511746422,counts_exact,counts,1.0,0.0,0.0
two_action,2,2,0.995,0.0050000000000000044,0.0025000000000000022,38257,6.481812511746422,norm_bet,counts,0.994,0.0,0.006
two_action,2,2,0.995,0.0050000000000000044,0.0025000000000000022,51080,8.654389604517009,cdf_eb,cdf,0.01,0.0,0.99
two_action,2,2,0.995,0.0050000000000000044,0.0025000000000000022,51080,8.654389604517009,cdf_bet,cdf,0.0015,0.0,0.9985
two_action,2,2,0.995,0.0050000000000000044,0.0025000000000000022,51080,8.654389604517009,cdf_exact,cdf,0.074,0.0045,0.9215
two_action,2,2,0.995,0.0050000000000000044,0.0025000000000000022,51080,8.654389604517009,exc_eb,exceedance,0.9985,0.0,0.0015
two_action,2,2,0.995,0.0050000000000000044,0.0025000000000000022,51080,8.654389604517009,exc_bet,exceedance,0.999,0.0,0.001
two_action,2,2,0.995,0.0050000000000000044,0.0025000000000000022,51080,8.654389604517009,counts_exact,counts,1.0,0.0,0.0
two_action,2,2,0.995,0.0050000000000000044,0.0025000000000000022,51080,8.654389604517009,norm_bet,counts,0.999,0.0,0.001
two_action,2,2,0.995,0.0050000000000000044,0.0025000000000000022,68199,11.554830004668275,cdf_eb,cdf,0.007,0.0,0.993
two_action,2,2,0.995,0.0050000000000000044,0.0025000000000000022,68199,11.554830004668275,cdf_bet,cdf,0.001,0.0,0.999
two_action,2,2,0.995,0.0050000000000000044,0.0025000000000000022,68199,11.554830004668275,cdf_exact,cdf,0.0985,0.008,0.8935
two_action,2,2,0.995,0.0050000000000000044,0.0025000000000000022,68199,11.554830004668275,exc_eb,exceedance,1.0,0.0,0.0
two_action,2,2,0.995,0.0050000000000000044,0.0025000000000000022,68199,11.554830004668275,exc_bet,exceedance,1.0,0.0,0.0
two_action,2,2,0.995,0.0050000000000000044,0.0025000000000000022,68199,11.554830004668275,counts_exact,counts,1.0,0.0,0.0
two_action,2,2,0.995,0.0050000000000000044,0.0025000000000000022,68199,11.554830004668275,norm_bet,counts,1.0,0.0,0.0
two_action,2,2,0.995,0.0050000000000000044,0.0025000000000000022,91057,15.427618524246384,cdf_eb,cdf,0.017,0.0,0.983
two_action,2,2,0.995,0.0050000000000000044,0.0025000000000000022,91057,15.427618524246384,cdf_bet,cdf,0.0075,0.0,0.9925
two_action,2,2,0.995,0.0050000000000000044,0.0025000000000000022,91057,15.427618524246384,cdf_exact,cdf,0.1105,0.002,0.8875
two_action,2,2,0.995,0.0050000000000000044,0.0025000000000000022,91057,15.427618524246384,exc_eb,exceedance,1.0,0.0,0.0
two_action,2,2,0.995,0.0050000000000000044,0.0025000000000000022,91057,15.427618524246384,exc_bet,exceedance,1.0,0.0,0.0
two_action,2,2,0.995,0.0050000000000000044,0.0025000000000000022,91057,15.427618524246384,counts_exact,counts,1.0,0.0,0.0
two_action,2,2,0.995,0.0050000000000000044,0.0025000000000000022,91057,15.427618524246384,norm_bet,counts,1.0,0.0,0.0
two_action,2,2,0.995,0.0050000000000000044,0.0025000000000000022,121576,20.598396056357867,cdf_eb,cdf,0.0195,0.0,0.9805
two_action,2,2,0.995,0.0050000000000000044,0.0025000000000000022,121576,20.598396056357867,cdf_bet,cdf,0.007,0.0,0.993
two_action,2,2,0.995,0.0050000000000000044,0.0025000000000000022,121576,20.598396056357867,cdf_exact,cdf,0.1365,0.0025,0.861
two_action,2,2,0.995,0.0050000000000000044,0.0025000000000000022,121576,20.598396056357867,exc_eb,exceedance,1.0,0.0,0.0
two_action,2,2,0.995,0.0050000000000000044,0.0025000000000000022,121576,20.598396056357867,exc_bet,exceedance,1.0,0.0,0.0
two_action,2,2,0.995,0.0050000000000000044,0.0025000000000000022,121576,20.598396056357867,counts_exact,counts,1.0,0.0,0.0
two_action,2,2,0.995,0.0050000000000000044,0.0025000000000000022,121576,20.598396056357867,norm_bet,counts,1.0,0.0,0.0
two_action,2,2,0.995,0.0050000000000000044,0.0025000000000000022,162324,27.502254075247045,cdf_eb,cdf,0.024,0.0,0.976
two_action,2,2,0.995,0.0050000000000000044,0.0025000000000000022,162324,27.502254075247045,cdf_bet,cdf,0.0075,0.0,0.9925
two_action,2,2,0.995,0.0050000000000000044,0.0025000000000000022,162324,27.502254075247045,cdf_exact,cdf,0.168,0.001,0.831
two_action,2,2,0.995,0.0050000000000000044,0.0025000000000000022,162324,27.502254075247045,exc_eb,exceedance,1.0,0.0,0.0
two_action,2,2,0.995,0.0050000000000000044,0.0025000000000000022,162324,27.502254075247045,exc_bet,exceedance,1.0,0.0,0.0
two_action,2,2,0.995,0.0050000000000000044,0.0025000000000000022,162324,27.502254075247045,counts_exact,counts,1.0,0.0,0.0
two_action,2,2,0.995,0.0050000000000000044,0.0025000000000000022,162324,27.502254075247045,norm_bet,counts,1.0,0.0,0.0
two_action,2,2,0.995,0.0050000000000000044,0.0025000000000000022,216728,36.71982283100553,cdf_eb,cdf,0.0335,0.0,0.9665
two_action,2,2,0.995,0.0050000000000000044,0.0025000000000000022,216728,36.71982283100553,cdf_bet,cdf,0.011,0.0,0.989
two_action,2,2,0.995,0.0050000000000000044,0.0025000000000000022,216728,36.71982283100553,cdf_exact,cdf,0.2195,0.001,0.7795
two_action,2,2,0.995,0.0050000000000000044,0.0025000000000000022,216728,36.71982283100553,exc_eb,exceedance,1.0,0.0,0.0
two_action,2,2,0.995,0.0050000000000000044,0.0025000000000000022,216728,36.71982283100553,exc_bet,exceedance,1.0,0.0,0.0
two_action,2,2,0.995,0.0050000000000000044,0.0025000000000000022,216728,36.71982283100553,counts_exact,counts,1.0,0.0,0.0
two_action,2,2,0.995,0.0050000000000000044,0.0025000000000000022,216728,36.71982283100553,norm_bet,counts,1.0,0.0,0.0
two_action,2,2,0.995,0.0050000000000000044,0.0025000000000000022,289367,49.026913795815844,cdf_eb,cdf,0.054,0.0,0.946
two_action,2,2,0.995,0.0050000000000000044,0.0025000000000000022,289367,49.026913795815844,cdf_bet,cdf,0.0205,0.0,0.9795
two_action,2,2,0.995,0.0050000000000000044,0.0025000000000000022,289367,49.026913795815844,cdf_exact,cdf,0.282,0.001,0.717
two_action,2,2,0.995,0.0050000000000000044,0.0025000000000000022,289367,49.026913795815844,exc_eb,exceedance,1.0,0.0,0.0
two_action,2,2,0.995,0.0050000000000000044,0.0025000000000000022,289367,49.026913795815844,exc_bet,exceedance,1.0,0.0,0.0
two_action,2,2,0.995,0.0050000000000000044,0.0025000000000000022,289367,49.026913795815844,counts_exact,counts,1.0,0.0,0.0
two_action,2,2,0.995,0.0050000000000000044,0.0025000000000000022,289367,49.026913795815844,norm_bet,counts,1.0,0.0,0.0
two_action,2,2,0.995,0.0050000000000000044,0.0025000000000000022,386351,65.45873293059418,cdf_eb,cdf,0.0725,0.0,0.9275
two_action,2,2,0.995,0.0050000000000000044,0.0025000000000000022,386351,65.45873293059418,cdf_bet,cdf,0.0295,0.0,0.9705
two_action,2,2,0.995,0.0050000000000000044,0.0025000000000000022,386351,65.45873293059418,cdf_exact,cdf,0.322,0.0,0.678
two_action,2,2,0.995,0.0050000000000000044,0.0025000000000000022,386351,65.45873293059418,exc_eb,exceedance,1.0,0.0,0.0
two_action,2,2,0.995,0.0050000000000000044,0.0025000000000000022,386351,65.45873293059418,exc_bet,exceedance,1.0,0.0,0.0
two_action,2,2,0.995,0.0050000000000000044,0.0025000000000000022,386351,65.45873293059418,counts_exact,counts,1.0,0.0,0.0
two_action,2,2,0.995,0.0050000000000000044,0.0025000000000000022,386351,65.45873293059418,norm_bet,counts,1.0,0.0,0.0
two_action,2,2,0.995,0.0050000000000000044,0.0025000000000000022,515841,87.397983319962,cdf_eb,cdf,0.1185,0.0,0.8815
two_action,2,2,0.995,0.0050000000000000044,0.0025000000000000022,515841,87.397983319962,cdf_bet,cdf,0.047,0.0,0.953
two_action,2,2,0.995,0.0050000000000000044,0.0025000000000000022,515841,87.397983319962,cdf_exact,cdf,0.439,0.0,0.561
two_action,2,2,0.995,0.0050000000000000044,0.0025000000000000022,515841,87.397983319962,exc_eb,exceedance,1.0,0.0,0.0
two_action,2,2,0.995,0.0050000000000000044,0.0025000000000000022,515841,87.397983319962,exc_bet,exceedance,1.0,0.0,0.0
two_action,2,2,0.995,0.0050000000000000044,0.0025000000000000022,515841,87.397983319962,counts_exact,counts,1.0,0.0,0.0
two_action,2,2,0.995,0.0050000000000000044,0.0025000000000000022,515841,87.397983319962,norm_bet,counts,1.0,0.0,0.0
two_action,2,2,0.995,0.0050000000000000044,0.0025000000000000022,688730,116.69024573842991,cdf_eb,cdf,0.18,0.0,0.82
two_action,2,2,0.995,0.0050000000000000044,0.0025000000000000022,688730,116.69024573842991,cdf_bet,cdf,0.076,0.0,0.924
two_action,2,2,0.995,0.0050000000000000044,0.0025000000000000022,688730,116.69024573842991,cdf_exact,cdf,0.543,0.0,0.457
two_action,2,2,0.995,0.0050000000000000044,0.0025000000000000022,688730,116.69024573842991,exc_eb,exceedance,1.0,0.0,0.0
two_action,2,2,0.995,0.0050000000000000044,0.0025000000000000022,688730,116.69024573842991,exc_bet,exceedance,1.0,0.0,0.0
two_action,2,2,0.995,0.0050000000000000044,0.0025000000000000022,688730,116.69024573842991,counts_exact,counts,1.0,0.0,0.0
two_action,2,2,0.995,0.0050000000000000044,0.0025000000000000022,688730,116.69024573842991,norm_bet,counts,1.0,0.0,0.0
two_action,2,2,0.995,0.0050000000000000044,0.0025000000000000022,919565,155.80019139932818,cdf_eb,cdf,0.2925,0.0,0.7075
two_action,2,2,0.995,0.0050000000000000044,0.0025000000000000022,919565,155.80019139932818,cdf_bet,cdf,0.163,0.0,0.837
two_action,2,2,0.995,0.0050000000000000044,0.0025000000000000022,919565,155.80019139932818,cdf_exact,cdf,0.6655,0.0,0.3345
two_action,2,2,0.995,0.0050000000000000044,0.0025000000000000022,919565,155.80019139932818,exc_eb,exceedance,1.0,0.0,0.0
two_action,2,2,0.995,0.0050000000000000044,0.0025000000000000022,919565,155.80019139932818,exc_bet,exceedance,1.0,0.0,0.0
two_action,2,2,0.995,0.0050000000000000044,0.0025000000000000022,919565,155.80019139932818,counts_exact,counts,1.0,0.0,0.0
two_action,2,2,0.995,0.0050000000000000044,0.0025000000000000022,919565,155.80019139932818,norm_bet,counts,1.0,0.0,0.0
two_action,2,2,0.995,0.0050000000000000044,0.0025000000000000022,1227767,208.01828429070156,cdf_eb,cdf,0.428,0.0,0.572
two_action,2,2,0.995,0.0050000000000000044,0.0025000000000000022,1227767,208.01828429070156,cdf_bet,cdf,0.244,0.0,0.756
two_action,2,2,0.995,0.0050000000000000044,0.0025000000000000022,1227767,208.01828429070156,cdf_exact,cdf,0.798,0.0,0.202
two_action,2,2,0.995,0.0050000000000000044,0.0025000000000000022,1227767,208.01828429070156,exc_eb,exceedance,1.0,0.0,0.0
two_action,2,2,0.995,0.0050000000000000044,0.0025000000000000022,1227767,208.01828429070156,exc_bet,exceedance,1.0,0.0,0.0
two_action,2,2,0.995,0.0050000000000000044,0.0025000000000000022,1227767,208.01828429070156,counts_exact,counts,1.0,0.0,0.0
two_action,2,2,0.995,0.0050000000000000044,0.0025000000000000022,1227767,208.01828429070156,norm_bet,counts,1.0,0.0,0.0
two_action,2,2,0.995,0.0050000000000000044,0.0025000000000000022,1639267,277.73796561918135,cdf_eb,cdf,0.6085,0.0,0.3915
two_action,2,2,0.995,0.0050000000000000044,0.0025000000000000022,1639267,277.73796561918135,cdf_bet,cdf,0.412,0.0,0.588
two_action,2,2,0.995,0.0050000000000000044,0.0025000000000000022,1639267,277.73796561918135,cdf_exact,cdf,0.9075,0.0,0.0925
two_action,2,2,0.995,0.0050000000000000044,0.0025000000000000022,1639267,277.73796561918135,exc_eb,exceedance,1.0,0.0,0.0
two_action,2,2,0.995,0.0050000000000000044,0.0025000000000000022,1639267,277.73796561918135,exc_bet,exceedance,1.0,0.0,0.0
two_action,2,2,0.995,0.0050000000000000044,0.0025000000000000022,1639267,277.73796561918135,counts_exact,counts,1.0,0.0,0.0
two_action,2,2,0.995,0.0050000000000000044,0.0025000000000000022,1639267,277.73796561918135,norm_bet,counts,1.0,0.0,0.0
two_action,2,2,0.995,0.0050000000000000044,0.0025000000000000022,2188684,370.8246683080013,cdf_eb,cdf,0.77,0.0,0.23
two_action,2,2,0.995,0.0050000000000000044,0.0025000000000000022,2188684,370.8246683080013,cdf_bet,cdf,0.606,0.0,0.394
two_action,2,2,0.995,0.0050000000000000044,0.0025000000000000022,2188684,370.8246683080013,cdf_exact,cdf,0.962,0.0,0.038
two_action,2,2,0.995,0.0050000000000000044,0.0025000000000000022,2188684,370.8246683080013,exc_eb,exceedance,1.0,0.0,0.0
two_action,2,2,0.995,0.0050000000000000044,0.0025000000000000022,2188684,370.8246683080013,exc_bet,exceedance,1.0,0.0,0.0
two_action,2,2,0.995,0.0050000000000000044,0.0025000000000000022,2188684,370.8246683080013,counts_exact,counts,1.0,0.0,0.0
two_action,2,2,0.995,0.0050000000000000044,0.0025000000000000022,2188684,370.8246683080013,norm_bet,counts,1.0,0.0,0.0
two_action,2,2,0.995,0.0050000000000000044,0.0025000000000000022,2922244,495.1103777498474,cdf_eb,cdf,0.9135,0.0,0.0865
two_action,2,2,0.995,0.0050000000000000044,0.0025000000000000022,2922244,495.1103777498474,cdf_bet,cdf,0.814,0.0,0.186
two_action,2,2,0.995,0.0050000000000000044,0.0025000000000000022,2922244,495.1103777498474,cdf_exact,cdf,0.989,0.0,0.011
two_action,2,2,0.995,0.0050000000000000044,0.0025000000000000022,2922244,495.1103777498474,exc_eb,exceedance,1.0,0.0,0.0
two_action,2,2,0.995,0.0050000000000000044,0.0025000000000000022,2922244,495.1103777498474,exc_bet,exceedance,1.0,0.0,0.0
two_action,2,2,0.995,0.0050000000000000044,0.0025000000000000022,2922244,495.1103777498474,counts_exact,counts,1.0,0.0,0.0
two_action,2,2,0.995,0.0050000000000000044,0.0025000000000000022,2922244,495.1103777498474,norm_bet,counts,1.0,0.0,0.0
two_action,2,2,0.995,0.0050000000000000044,0.0025000000000000022,3901665,661.0518601469823,cdf_eb,cdf,0.972,0.0,0.028
two_action,2,2,0.995,0.0050000000000000044,0.0025000000000000022,3901665,661.0518601469823,cdf_bet,cdf,0.9225,0.0,0.0775
two_action,2,2,0.995,0.0050000000000000044,0.0025000000000000022,3901665,661.0518601469823,cdf_exact,cdf,0.998,0.0,0.002
two_action,2,2,0.995,0.0050000000000000044,0.0025000000000000022,3901665,661.0518601469823,exc_eb,exceedance,1.0,0.0,0.0
two_action,2,2,0.995,0.0050000000000000044,0.0025000000000000022,3901665,661.0518601469823,exc_bet,exceedance,1.0,0.0,0.0
two_action,2,2,0.995,0.0050000000000000044,0.0025000000000000022,3901665,661.0518601469823,counts_exact,counts,1.0,0.0,0.0
two_action,2,2,0.995,0.0050000000000000044,0.0025000000000000022,3901665,661.0518601469823,norm_bet,counts,1.0,0.0,0.0
two_action,2,2,0.995,0.0050000000000000044,0.0025000000000000022,5209350,882.6105028639523,cdf_eb,cdf,0.997,0.0,0.003
two_action,2,2,0.995,0.0050000000000000044,0.0025000000000000022,5209350,882.6105028639523,cdf_bet,cdf,0.99,0.0,0.01
two_action,2,2,0.995,0.0050000000000000044,0.0025000000000000022,5209350,882.6105028639523,cdf_exact,cdf,1.0,0.0,0.0
two_action,2,2,0.995,0.0050000000000000044,0.0025000000000000022,5209350,882.6105028639523,exc_eb,exceedance,1.0,0.0,0.0
two_action,2,2,0.995,0.0050000000000000044,0.0025000000000000022,5209350,882.6105028639523,exc_bet,exceedance,1.0,0.0,0.0
two_action,2,2,0.995,0.0050000000000000044,0.0025000000000000022,5209350,882.6105028639523,counts_exact,counts,1.0,0.0,0.0
two_action,2,2,0.995,0.0050000000000000044,0.0025000000000000022,5209350,882.6105028639523,norm_bet,counts,1.0,0.0,0.0
two_action,2,2,0.995,0.0050000000000000044,0.0025000000000000022,6955318,1178.4266208948716,cdf_eb,cdf,1.0,0.0,0.0
two_action,2,2,0.995,0.0050000000000000044,0.0025000000000000022,6955318,1178.4266208948716,cdf_bet,cdf,1.0,0.0,0.0
two_action,2,2,0.995,0.0050000000000000044,0.0025000000000000022,6955318,1178.4266208948716,cdf_exact,cdf,1.0,0.0,0.0
two_action,2,2,0.995,0.0050000000000000044,0.0025000000000000022,6955318,1178.4266208948716,exc_eb,exceedance,1.0,0.0,0.0
two_action,2,2,0.995,0.0050000000000000044,0.0025000000000000022,6955318,1178.4266208948716,exc_bet,exceedance,1.0,0.0,0.0
two_action,2,2,0.995,0.0050000000000000044,0.0025000000000000022,6955318,1178.4266208948716,counts_exact,counts,1.0,0.0,0.0
two_action,2,2,0.995,0.0050000000000000044,0.0025000000000000022,6955318,1178.4266208948716,norm_bet,counts,1.0,0.0,0.0
two_action,2,2,0.995,0.0050000000000000044,0.0025000000000000022,9286466,1573.3887003347818,cdf_eb,cdf,1.0,0.0,0.0
two_action,2,2,0.995,0.0050000000000000044,0.0025000000000000022,9286466,1573.3887003347818,cdf_bet,cdf,1.0,0.0,0.0
two_action,2,2,0.995,0.0050000000000000044,0.0025000000000000022,9286466,1573.3887003347818,cdf_exact,cdf,1.0,0.0,0.0
two_action,2,2,0.995,0.0050000000000000044,0.0025000000000000022,9286466,1573.3887003347818,exc_eb,exceedance,1.0,0.0,0.0
two_action,2,2,0.995,0.0050000000000000044,0.0025000000000000022,9286466,1573.3887003347818,exc_bet,exceedance,1.0,0.0,0.0
two_action,2,2,0.995,0.0050000000000000044,0.0025000000000000022,9286466,1573.3887003347818,counts_exact,counts,1.0,0.0,0.0
two_action,2,2,0.995,0.0050000000000000044,0.0025000000000000022,9286466,1573.3887003347818,norm_bet,counts,1.0,0.0,0.0
two_action,2,2,0.995,0.0050000000000000044,0.0025000000000000022,12398924,2100.726683100949,cdf_eb,cdf,1.0,0.0,0.0
two_action,2,2,0.995,0.0050000000000000044,0.0025000000000000022,12398924,2100.726683100949,cdf_bet,cdf,1.0,0.0,0.0
two_action,2,2,0.995,0.0050000000000000044,0.0025000000000000022,12398924,2100.726683100949,cdf_exact,cdf,1.0,0.0,0.0
two_action,2,2,0.995,0.0050000000000000044,0.0025000000000000022,12398924,2100.726683100949,exc_eb,exceedance,1.0,0.0,0.0
two_action,2,2,0.995,0.0050000000000000044,0.0025000000000000022,12398924,2100.726683100949,exc_bet,exceedance,1.0,0.0,0.0
two_action,2,2,0.995,0.0050000000000000044,0.0025000000000000022,12398924,2100.726683100949,counts_exact,counts,1.0,0.0,0.0
two_action,2,2,0.995,0.0050000000000000044,0.0025000000000000022,12398924,2100.726683100949,norm_bet,counts,1.0,0.0,0.0
two_action,2,2,0.995,0.0050000000000000044,0.0025000000000000022,16554554,2804.8073618836233,cdf_eb,cdf,1.0,0.0,0.0
two_action,2,2,0.995,0.0050000000000000044,0.0025000000000000022,16554554,2804.8073618836233,cdf_bet,cdf,1.0,0.0,0.0
two_action,2,2,0.995,0.0050000000000000044,0.0025000000000000022,16554554,2804.8073618836233,cdf_exact,cdf,1.0,0.0,0.0
two_action,2,2,0.995,0.0050000000000000044,0.0025000000000000022,16554554,2804.8073618836233,exc_eb,exceedance,1.0,0.0,0.0
two_action,2,2,0.995,0.0050000000000000044,0.0025000000000000022,16554554,2804.8073618836233,exc_bet,exceedance,1.0,0.0,0.0
two_action,2,2,0.995,0.0050000000000000044,0.0025000000000000022,16554554,2804.8073618836233,counts_exact,counts,1.0,0.0,0.0
two_action,2,2,0.995,0.0050000000000000044,0.0025000000000000022,16554554,2804.8073618836233,norm_bet,counts,1.0,0.0,0.0
two_action,2,2,0.995,0.0050000000000000044,0.0025000000000000022,22102987,3744.8680681592523,cdf_eb,cdf,1.0,0.0,0.0
two_action,2,2,0.995,0.0050000000000000044,0.0025000000000000022,22102987,3744.8680681592523,cdf_bet,cdf,1.0,0.0,0.0
two_action,2,2,0.995,0.0050000000000000044,0.0025000000000000022,22102987,3744.8680681592523,cdf_exact,cdf,1.0,0.0,0.0
two_action,2,2,0.995,0.0050000000000000044,0.0025000000000000022,22102987,3744.8680681592523,exc_eb,exceedance,1.0,0.0,0.0
two_action,2,2,0.995,0.0050000000000000044,0.0025000000000000022,22102987,3744.8680681592523,exc_bet,exceedance,1.0,0.0,0.0
two_action,2,2,0.995,0.0050000000000000044,0.0025000000000000022,22102987,3744.8680681592523,counts_exact,counts,1.0,0.0,0.0
two_action,2,2,0.995,0.0050000000000000044,0.0025000000000000022,22102987,3744.8680681592523,norm_bet,counts,1.0,0.0,0.0
two_action,2,2,0.995,0.0050000000000000044,0.0025000000000000022,29511036,5000.000062195129,cdf_eb,cdf,1.0,0.0,0.0
two_action,2,2,0.995,0.0050000000000000044,0.0025000000000000022,29511036,5000.000062195129,cdf_bet,cdf,1.0,0.0,0.0
two_action,2,2,0.995,0.0050000000000000044,0.0025000000000000022,29511036,5000.000062195129,cdf_exact,cdf,1.0,0.0,0.0
two_action,2,2,0.995,0.0050000000000000044,0.0025000000000000022,29511036,5000.000062195129,exc_eb,exceedance,1.0,0.0,0.0
two_action,2,2,0.995,0.0050000000000000044,0.0025000000000000022,29511036,5000.000062195129,exc_bet,exceedance,1.0,0.0,0.0
two_action,2,2,0.995,0.0050000000000000044,0.0025000000000000022,29511036,5000.000062195129,counts_exact,counts,1.0,0.0,0.0
two_action,2,2,0.995,0.0050000000000000044,0.0025000000000000022,29511036,5000.000062195129,norm_bet,counts,1.0,0.0,0.0
two_action,2,2,0.99,0.010000000000000009,0.0050000000000000044,59,0.01999252101278401,cdf_eb,cdf,0.0,0.0,1.0
two_action,2,2,0.99,0.010000000000000009,0.0050000000000000044,59,0.01999252101278401,cdf_bet,cdf,0.0015,0.0,0.9985
two_action,2,2,0.99,0.010000000000000009,0.0050000000000000044,59,0.01999252101278401,cdf_exact,cdf,0.02,0.0135,0.9665
two_action,2,2,0.99,0.010000000000000009,0.0050000000000000044,59,0.01999252101278401,exc_eb,exceedance,0.0,0.0,1.0
two_action,2,2,0.99,0.010000000000000009,0.0050000000000000044,59,0.01999252101278401,exc_bet,exceedance,0.0,0.0,1.0
two_action,2,2,0.99,0.010000000000000009,0.0050000000000000044,59,0.01999252101278401,counts_exact,counts,0.0,0.0,1.0
two_action,2,2,0.99,0.010000000000000009,0.0050000000000000044,59,0.01999252101278401,norm_bet,counts,0.0,0.0,1.0
two_action,2,2,0.99,0.010000000000000009,0.0050000000000000044,79,0.026769646779829435,cdf_eb,cdf,0.0,0.0,1.0
two_action,2,2,0.99,0.010000000000000009,0.0050000000000000044,79,0.026769646779829435,cdf_bet,cdf,0.0005,0.0,0.9995
two_action,2,2,0.99,0.010000000000000009,0.0050000000000000044,79,0.026769646779829435,cdf_exact,cdf,0.019,0.012,0.969
two_action,2,2,0.99,0.010000000000000009,0.0050000000000000044,79,0.026769646779829435,exc_eb,exceedance,0.0,0.0,1.0
two_action,2,2,0.99,0.010000000000000009,0.0050000000000000044,79,0.026769646779829435,exc_bet,exceedance,0.0,0.0,1.0
two_action,2,2,0.99,0.010000000000000009,0.0050000000000000044,79,0.026769646779829435,counts_exact,counts,0.0,0.0,1.0
two_action,2,2,0.99,0.010000000000000009,0.0050000000000000044,79,0.026769646779829435,norm_bet,counts,0.0,0.0,1.0
two_action,2,2,0.99,0.010000000000000009,0.0050000000000000044,105,0.03557991027698849,cdf_eb,cdf,0.0,0.0,1.0
two_action,2,2,0.99,0.010000000000000009,0.0050000000000000044,105,0.03557991027698849,cdf_bet,cdf,0.0,0.0,1.0
two_action,2,2,0.99,0.010000000000000009,0.0050000000000000044,105,0.03557991027698849,cdf_exact,cdf,0.015,0.017,0.968
two_action,2,2,0.99,0.010000000000000009,0.0050000000000000044,105,0.03557991027698849,exc_eb,exceedance,0.0,0.0,1.0
two_action,2,2,0.99,0.010000000000000009,0.0050000000000000044,105,0.03557991027698849,exc_bet,exceedance,0.0,0.0,1.0
two_action,2,2,0.99,0.010000000000000009,0.0050000000000000044,105,0.03557991027698849,counts_exact,counts,0.0,0.0,1.0
two_action,2,2,0.99,0.010000000000000009,0.0050000000000000044,105,0.03557991027698849,norm_bet,counts,0.0,0.0,1.0
two_action,2,2,0.99,0.010000000000000009,0.0050000000000000044,140,0.04743988036931798,cdf_eb,cdf,0.0,0.0,1.0
two_action,2,2,0.99,0.010000000000000009,0.0050000000000000044,140,0.04743988036931798,cdf_bet,cdf,0.0005,0.0,0.9995
two_action,2,2,0.99,0.010000000000000009,0.0050000000000000044,140,0.04743988036931798,cdf_exact,cdf,0.0255,0.019,0.9555
two_action,2,2,0.99,0.010000000000000009,0.0050000000000000044,140,0.04743988036931798,exc_eb,exceedance,0.0,0.0,1.0
two_action,2,2,0.99,0.010000000000000009,0.0050000000000000044,140,0.04743988036931798,exc_bet,exceedance,0.0,0.0,1.0
two_action,2,2,0.99,0.010000000000000009,0.0050000000000000044,140,0.04743988036931798,counts_exact,counts,0.0,0.0,1.0
two_action,2,2,0.99,0.010000000000000009,0.0050000000000000044,140,0.04743988036931798,norm_bet,counts,0.0,0.0,1.0
two_action,2,2,0.99,0.010000000000000009,0.0050000000000000044,188,0.06370498221022701,cdf_eb,cdf,0.0,0.0,1.0
two_action,2,2,0.99,0.010000000000000009,0.0050000000000000044,188,0.06370498221022701,cdf_bet,cdf,0.0,0.0,1.0
two_action,2,2,0.99,0.010000000000000009,0.0050000000000000044,188,0.06370498221022701,cdf_exact,cdf,0.0305,0.02,0.9495
two_action,2,2,0.99,0.010000000000000009,0.0050000000000000044,188,0.06370498221022701,exc_eb,exceedance,0.0,0.0,1.0
two_action,2,2,0.99,0.010000000000000009,0.0050000000000000044,188,0.06370498221022701,exc_bet,exceedance,0.0,0.0,1.0
two_action,2,2,0.99,0.010000000000000009,0.0050000000000000044,188,0.06370498221022701,counts_exact,counts,0.0,0.0,1.0
two_action,2,2,0.99,0.010000000000000009,0.0050000000000000044,188,0.06370498221022701,norm_bet,counts,0.0,0.0,1.0
two_action,2,2,0.99,0.010000000000000009,0.0050000000000000044,250,0.08471407208806783,cdf_eb,cdf,0.0,0.0,1.0
two_action,2,2,0.99,0.010000000000000009,0.0050000000000000044,250,0.08471407208806783,cdf_bet,cdf,0.0005,0.0,0.9995
two_action,2,2,0.99,0.010000000000000009,0.0050000000000000044,250,0.08471407208806783,cdf_exact,cdf,0.029,0.0225,0.9485
two_action,2,2,0.99,0.010000000000000009,0.0050000000000000044,250,0.08471407208806783,exc_eb,exceedance,0.0,0.0,1.0
two_action,2,2,0.99,0.010000000000000009,0.0050000000000000044,250,0.08471407208806783,exc_bet,exceedance,0.0,0.0,1.0
two_action,2,2,0.99,0.010000000000000009,0.0050000000000000044,250,0.08471407208806783,counts_exact,counts,0.0,0.0,1.0
two_action,2,2,0.99,0.010000000000000009,0.0050000000000000044,250,0.08471407208806783,norm_bet,counts,0.0,0.0,1.0
two_action,2,2,0.99,0.010000000000000009,0.0050000000000000044,334,0.11317800030965862,cdf_eb,cdf,0.0,0.0,1.0
two_action,2,2,0.99,0.010000000000000009,0.0050000000000000044,334,0.11317800030965862,cdf_bet,cdf,0.0005,0.0,0.9995
two_action,2,2,0.99,0.010000000000000009,0.0050000000000000044,334,0.11317800030965862,cdf_exact,cdf,0.038,0.0215,0.9405
two_action,2,2,0.99,0.010000000000000009,0.0050000000000000044,334,0.11317800030965862,exc_eb,exceedance,0.0,0.0,1.0
two_action,2,2,0.99,0.010000000000000009,0.0050000000000000044,334,0.11317800030965862,exc_bet,exceedance,0.0,0.0,1.0
two_action,2,2,0.99,0.010000000000000009,0.0050000000000000044,334,0.11317800030965862,counts_exact,counts,0.0,0.0,1.0
two_action,2,2,0.99,0.010000000000000009,0.0050000000000000044,334,0.11317800030965862,norm_bet,counts,0.0,0.0,1.0
two_action,2,2,0.99,0.010000000000000009,0.0050000000000000044,446,0.151129904605113,cdf_eb,cdf,0.0,0.0,1.0
two_action,2,2,0.99,0.010000000000000009,0.0050000000000000044,446,0.151129904605113,cdf_bet,cdf,0.0005,0.0,0.9995
two_action,2,2,0.99,0.010000000000000009,0.0050000000000000044,446,0.151129904605113,cdf_exact,cdf,0.034,0.018,0.948
two_action,2,2,0.99,0.010000000000000009,0.0050000000000000044,446,0.151129904605113,exc_eb,exceedance,0.0,0.0,1.0
two_action,2,2,0.99,0.010000000000000009,0.0050000000000000044,446,0.151129904605113,exc_bet,exceedance,0.0,0.0,1.0
two_action,2,2,0.99,0.010000000000000009,0.0050000000000000044,446,0.151129904605113,counts_exact,counts,0.0,0.0,1.0
two_action,2,2,0.99,0.010000000000000009,0.0050000000000000044,446,0.151129904605113,norm_bet,counts,0.0,0.0,1.0
two_action,2,2,0.99,0.010000000000000009,0.0050000000000000044,596,0.2019583478579537,cdf_eb,cdf,0.0,0.0,1.0
two_action,2,2,0.99,0.010000000000000009,0.0050000000000000044,596,0.2019583478579537,cdf_bet,cdf,0.001,0.0,0.999
two_action,2,2,0.99,0.010000000000000009,0.0050000000000000044,596,0.2019583478579537,cdf_exact,cdf,0.0315,0.017,0.9515
two_action,2,2,0.99,0.010000000000000009,0.0050000000000000044,596,0.2019583478579537,exc_eb,exceedance,0.0,0.0,1.0
two_action,2,2,0.99,0.010000000000000009,0.0050000000000000044,596,0.2019583478579537,exc_bet,exceedance,0.0,0.0,1.0
two_action,2,2,0.99,0.010000000000000009,0.0050000000000000044,596,0.2019583478579537,counts_exact,counts,0.0,0.0,1.0
two_action,2,2,0.99,0.010000000000000009,0.0050000000000000044,596,0.2019583478579537,norm_bet,counts,0.0,0.0,1.0
two_action,2,2,0.99,0.010000000000000009,0.0050000000000000044,796,0.26972960552840797,cdf_eb,cdf,0.0005,0.0,0.9995
two_action,2,2,0.99,0.010000000000000009,0.0050000000000000044,796,0.26972960552840797,cdf_bet,cdf,0.0005,0.0,0.9995
two_action,2,2,0.99,0.010000000000000009,0.0050000000000000044,796,0.26972960552840797,cdf_exact,cdf,0.027,0.0145,0.9585
two_action,2,2,0.99,0.010000000000000009,0.0050000000000000044,796,0.26972960552840797,exc_eb,exceedance,0.0,0.0,1.0
two_action,2,2,0.99,0.010000000000000009,0.0050000000000000044,796,0.26972960552840797,exc_bet,exceedance,0.0,0.0,1.0
two_action,2,2,0.99,0.010000000000000009,0.0050000000000000044,796,0.26972960552840797,counts_exact,counts,0.131,0.003,0.866
two_action,2,2,0.99,0.010000000000000009,0.0050000000000000044,796,0.26972960552840797,norm_bet,counts,0.0,0.0,1.0
two_action,2,2,0.99,0.010000000000000009,0.0050000000000000044,1063,0.3602042345184644,cdf_eb,cdf,0.0005,0.0,0.9995
two_action,2,2,0.99,0.010000000000000009,0.0050000000000000044,1063,0.3602042345184644,cdf_bet,cdf,0.0005,0.0,0.9995
two_action,2,2,0.99,0.010000000000000009,0.0050000000000000044,1063,0.3602042345184644,cdf_exact,cdf,0.0315,0.0185,0.95
two_action,2,2,0.99,0.010000000000000009,0.0050000000000000044,1063,0.3602042345184644,exc_eb,exceedance,0.0,0.0,1.0
two_action,2,2,0.99,0.010000000000000009,0.0050000000000000044,1063,0.3602042345184644,exc_bet,exceedance,0.0,0.0,1.0
two_action,2,2,0.99,0.010000000000000009,0.0050000000000000044,1063,0.3602042345184644,counts_exact,counts,0.068,0.001,0.931
two_action,2,2,0.99,0.010000000000000009,0.0050000000000000044,1063,0.3602042345184644,norm_bet,counts,0.0,0.0,1.0
two_action,2,2,0.99,0.010000000000000009,0.0050000000000000044,1419,0.480837073171873,cdf_eb,cdf,0.0,0.0,1.0
two_action,2,2,0.99,0.010000000000000009,0.0050000000000000044,1419,0.480837073171873,cdf_bet,cdf,0.0,0.0,1.0
two_action,2,2,0.99,0.010000000000000009,0.0050000000000000044,1419,0.480837073171873,cdf_exact,cdf,0.043,0.011,0.946
two_action,2,2,0.99,0.010000000000000009,0.0050000000000000044,1419,0.480837073171873,exc_eb,exceedance,0.0,0.0,1.0
two_action,2,2,0.99,0.010000000000000009,0.0050000000000000044,1419,0.480837073171873,exc_bet,exceedance,0.0,0.0,1.0
two_action,2,2,0.99,0.010000000000000009,0.0050000000000000044,1419,0.480837073171873,counts_exact,counts,0.2015,0.0,0.7985
two_action,2,2,0.99,0.010000000000000009,0.0050000000000000044,1419,0.480837073171873,norm_bet,counts,0.0,0.0,1.0
two_action,2,2,0.99,0.010000000000000009,0.0050000000000000044,1894,0.6417938101392019,cdf_eb,cdf,0.001,0.0005,0.9985
two_action,2,2,0.99,0.010000000000000009,0.0050000000000000044,1894,0.6417938101392019,cdf_bet,cdf,0.001,0.0005,0.9985
two_action,2,2,0.99,0.010000000000000009,0.0050000000000000044,1894,0.6417938101392019,cdf_exact,cdf,0.0395,0.014,0.9465
two_action,2,2,0.99,0.010000000000000009,0.0050000000000000044,1894,0.6417938101392019,exc_eb,exceedance,0.0,0.0,1.0
two_action,2,2,0.99,0.010000000000000009,0.0050000000000000044,1894,0.6417938101392019,exc_bet,exceedance,0.0605,0.0,0.9395
two_action,2,2,0.99,0.010000000000000009,0.0050000000000000044,1894,0.6417938101392019,counts_exact,counts,0.3175,0.0005,0.682
two_action,2,2,0.99,0.010000000000000009,0.0050000000000000044,1894,0.6417938101392019,norm_bet,counts,0.0565,0.0,0.9435
two_action,2,2,0.99,0.010000000000000009,0.0050000000000000044,2529,0.8569675532428942,cdf_eb,cdf,0.0015,0.0005,0.998
two_action,2,2,0.99,0.010000000000000009,0.0050000000000000044,2529,0.8569675532428942,cdf_bet,cdf,0.0015,0.0,0.9985
two_action,2,2,0.99,0.010000000000000009,0.0050000000000000044,2529,0.8569675532428942,cdf_exact,cdf,0.042,0.013,0.945
two_action,2,2,0.99,0.010000000000000009,0.0050000000000000044,2529,0.8569675532428942,exc_eb,exceedance,0.003,0.0,0.997
two_action,2,2,0.99,0.010000000000000009,0.0050000000000000044,2529,0.8569675532428942,exc_bet,exceedance,0.126,0.0,0.874
two_action,2,2,0.99,0.010000000000000009,0.0050000000000000044,2529,0.8569675532428942,counts_exact,counts,0.404,0.0,0.596
two_action,2,2,0.99,0.010000000000000009,0.0050000000000000044,2529,0.8569675532428942,norm_bet,counts,0.1285,0.0,0.8715
two_action,2,2,0.99,0.010000000000000009,0.0050000000000000044,3377,1.1443176857656203,cdf_eb,cdf,0.0035,0.0,0.9965
two_action,2,2,0.99,0.010000000000000009,0.0050000000000000044,3377,1.1443176857656203,cdf_bet,cdf,0.001,0.0,0.999
two_action,2,2,0.99,0.010000000000000009,0.0050000000000000044,3377,1.1443176857656203,cdf_exact,cdf,0.043,0.0175,0.9395
two_action,2,2,0.99,0.010000000000000009,0.0050000000000000044,3377,1.1443176857656203,exc_eb,exceedance,0.011,0.0,0.989
two_action,2,2,0.99,0.010000000000000009,0.0050000000000000044,3377,1.1443176857656203,exc_bet,exceedance,0.2815,0.0,0.7185
two_action,2,2,0.99,0.010000000000000009,0.0050000000000000044,3377,1.1443176857656203,counts_exact,counts,0.571,0.0,0.429
two_action,2,2,0.99,0.010000000000000009,0.0050000000000000044,3377,1.1443176857656203,norm_bet,counts,0.286,0.0,0.714
two_action,2,2,0.99,0.010000000000000009,0.0050000000000000044,4508,1.527564147892039,cdf_eb,cdf,0.003,0.0,0.997
two_action,2,2,0.99,0.010000000000000009,0.0050000000000000044,4508,1.527564147892039,cdf_bet,cdf,0.002,0.0,0.998
two_action,2,2,0.99,0.010000000000000009,0.0050000000000000044,4508,1.527564147892039,cdf_exact,cdf,0.051,0.0105,0.9385
two_action,2,2,0.99,0.010000000000000009,0.0050000000000000044,4508,1.527564147892039,exc_eb,exceedance,0.035,0.0,0.965
two_action,2,2,0.99,0.010000000000000009,0.0050000000000000044,4508,1.527564147892039,exc_bet,exceedance,0.4605,0.0,0.5395
two_action,2,2,0.99,0.010000000000000009,0.0050000000000000044,4508,1.527564147892039,counts_exact,counts,0.75,0.0,0.25
two_action,2,2,0.99,0.010000000000000009,0.0050000000000000044,4508,1.527564147892039,norm_bet,counts,0.469,0.0,0.531
two_action,2,2,0.99,0.010000000000000009,0.0050000000000000044,6019,2.039575999592321,cdf_eb,cdf,0.002,0.0005,0.9975
two_action,2,2,0.99,0.010000000000000009,0.0050000000000000044,6019,2.039575999592321,cdf_bet,cdf,0.0,0.0,1.0
two_action,2,2,0.99,0.010000000000000009,0.0050000000000000044,6019,2.039575999592321,cdf_exact,cdf,0.063,0.013,0.924
two_action,2,2,0.99,0.010000000000000009,0.0050000000000000044,6019,2.039575999592321,exc_eb,exceedance,0.111,0.0,0.889
two_action,2,2,0.99,0.010000000000000009,0.0050000000000000044,6019,2.039575999592321,exc_bet,exceedance,0.673,0.0,0.327
two_action,2,2,0.99,0.010000000000000009,0.0050000000000000044,6019,2.039575999592321,counts_exact,counts,0.865,0.0,0.135
two_action,2,2,0.99,0.010000000000000009,0.0050000000000000044,6019,2.039575999592321,norm_bet,counts,0.6585,0.0,0.3415
two_action,2,2,0.99,0.010000000000000009,0.0050000000000000044,8037,2.7233879894872044,cdf_eb,cdf,0.0045,0.0,0.9955
two_action,2,2,0.99,0.010000000000000009,0.0050000000000000044,8037,2.7233879894872044,cdf_bet,cdf,0.0025,0.0,0.9975
two_action,2,2,0.99,0.010000000000000009,0.0050000000000000044,8037,2.7233879894872044,cdf_exact,cdf,0.059,0.0055,0.9355
two_action,2,2,0.99,0.010000000000000009,0.0050000000000000044,8037,2.7233879894872044,exc_eb,exceedance,0.2945,0.0,0.7055
two_action,2,2,0.99,0.010000000000000009,0.0050000000000000044,8037,2.7233879894872044,exc_bet,exceedance,0.781,0.0,0.219
two_action,2,2,0.99,0.010000000000000009,0.0050000000000000044,8037,2.7233879894872044,counts_exact,counts,0.9445,0.0,0.0555
two_action,2,2,0.99,0.010000000000000009,0.0050000000000000044,8037,2.7233879894872044,norm_bet,counts,0.7835,0.0,0.2165
two_action,2,2,0.99,0.010000000000000009,0.0050000000000000044,10730,3.635927974019871,cdf_eb,cdf,0.002,0.0,0.998
two_action,2,2,0.99,0.010000000000000009,0.0050000000000000044,10730,3.635927974019871,cdf_bet,cdf,0.002,0.0,0.998
two_action,2,2,0.99,0.010000000000000009,0.0050000000000000044,10730,3.635927974019871,cdf_exact,cdf,0.0725,0.0035,0.924
two_action,2,2,0.99,0.010000000000000009,0.0050000000000000044,10730,3.635927974019871,exc_eb,exceedance,0.56,0.0,0.44
two_action,2,2,0.99,0.010000000000000009,0.0050000000000000044,10730,3.635927974019871,exc_bet,exceedance,0.888,0.0,0.112
two_action,2,2,0.99,0.010000000000000009,0.0050000000000000044,10730,3.635927974019871,counts_exact,counts,0.988,0.0,0.012
two_action,2,2,0.99,0.010000000000000009,0.0050000000000000044,10730,3.635927974019871,norm_bet,counts,0.8855,0.0,0.1145
two_action,2,2,0.99,0.010000000000000009,0.0050000000000000044,14327,4.8547940432229915,cdf_eb,cdf,0.0055,0.0005,0.994
two_action,2,2,0.99,0.010000000000000009,0.0050000000000000044,14327,4.8547940432229915,cdf_bet,cdf,0.001,0.0,0.999
two_action,2,2,0.99,0.010000000000000009,0.0050000000000000044,14327,4.8547940432229915,cdf_exact,cdf,0.0815,0.002,0.9165
two_action,2,2,0.99,0.010000000000000009,0.0050000000000000044,14327,4.8547940432229915,exc_eb,exceedance,0.866,0.0,0.134
two_action,2,2,0.99,0.010000000000000009,0.0050000000000000044,14327,4.8547940432229915,exc_bet,exceedance,0.964,0.0,0.036
two_action,2,2,0.99,0.010000000000000009,0.0050000000000000044,14327,4.8547940432229915,counts_exact,counts,0.9985,0.0,0.0015
two_action,2,2,0.99,0.010000000000000009,0.0050000000000000044,14327,4.8547940432229915,norm_bet,counts,0.964,0.0,0.036
two_action,2,2,0.99,0.010000000000000009,0.0050000000000000044,19129,6.481981939890598,cdf_eb,cdf,0.009,0.0,0.991
two_action,2,2,0.99,0.010000000000000009,0.0050000000000000044,19129,6.481981939890598,cdf_bet,cdf,0.0035,0.0,0.9965
two_action,2,2,0.99,0.010000000000000009,0.0050000000000000044,19129,6.481981939890598,cdf_exact,cdf,0.096,0.007,0.897
two_action,2,2,0.99,0.010000000000000009,0.0050000000000000044,19129,6.481981939890598,exc_eb,exceedance,0.982,0.0,0.018
two_action,2,2,0.99,0.010000000000000009,0.0050000000000000044,19129,6.481981939890598,exc_bet,exceedance,0.9955,0.0,0.0045
two_action,2,2,0.99,0.010000000000000009,0.0050000000000000044,19129,6.481981939890598,counts_exact,counts,1.0,0.0,0.0
two_action,2,2,0.99,0.010000000000000009,0.0050000000000000044,19129,6.481981939890598,norm_bet,counts,0.9965,0.0,0.0035
two_action,2,2,0.99,0.010000000000000009,0.0050000000000000044,25540,8.654389604517009,cdf_eb,cdf,0.006,0.0,0.994
two_action,2,2,0.99,0.010000000000000009,0.0050000000000000044,25540,8.654389604517009,cdf_bet,cdf,0.002,0.0,0.998
two_action,2,2,0.99,0.010000000000000009,0.0050000000000000044,25540,8.654389604517009,cdf_exact,cdf,0.1185,0.001,0.8805
two_action,2,2,0.99,0.010000000000000009,0.0050000000000000044,25540,8.654389604517009,exc_eb,exceedance,0.998,0.0,0.002
two_action,2,2,0.99,0.010000000000000009,0.0050000000000000044,25540,8.654389604517009,exc_bet,exceedance,1.0,0.0,0.0
two_action,2,2,0.99,0.010000000000000009,0.0050000000000000044,25540,8.654389604517009,counts_exact,counts,1.0,0.0,0.0
two_action,2,2,0.99,0.010000000000000009,0.0050000000000000044,25540,8.654389604517009,norm_bet,counts,1.0,0.0,0.0
two_action,2,2,0.99,0.010000000000000009,0.0050000000000000044,34100,11.554999432812451,cdf_eb,cdf,0.014,0.0,0.986
two_action,2,2,0.99,0.010000000000000009,0.0050000000000000044,34100,11.554999432812451,cdf_bet,cdf,0.004,0.0,0.996
two_action,2,2,0.99,0.010000000000000009,0.0050000000000000044,34100,11.554999432812451,cdf_exact,cdf,0.14,0.0025,0.8575
two_action,2,2,0.99,0.010000000000000009,0.0050000000000000044,34100,11.554999432812451,exc_eb,exceedance,1.0,0.0,0.0
two_action,2,2,0.99,0.010000000000000009,0.0050000000000000044,34100,11.554999432812451,exc_bet,exceedance,1.0,0.0,0.0
two_action,2,2,0.99,0.010000000000000009,0.0050000000000000044,34100,11.554999432812451,counts_exact,counts,1.0,0.0,0.0
two_action,2,2,0.99,0.010000000000000009,0.0050000000000000044,34100,11.554999432812451,norm_bet,counts,1.0,0.0,0.0
two_action,2,2,0.99,0.010000000000000009,0.0050000000000000044,45529,15.427787952390561,cdf_eb,cdf,0.027,0.0,0.973
two_action,2,2,0.99,0.010000000000000009,0.0050000000000000044,45529,15.427787952390561,cdf_bet,cdf,0.009,0.0,0.991
two_action,2,2,0.99,0.010000000000000009,0.0050000000000000044,45529,15.427787952390561,cdf_exact,cdf,0.201,0.001,0.798
two_action,2,2,0.99,0.010000000000000009,0.0050000000000000044,45529,15.427787952390561,exc_eb,exceedance,1.0,0.0,0.0
two_action,2,2,0.99,0.010000000000000009,0.0050000000000000044,45529,15.427787952390561,exc_bet,exceedance,1.0,0.0,0.0
two_action,2,2,0.99,0.010000000000000009,0.0050000000000000044,45529,15.427787952390561,counts_exact,counts,1.0,0.0,0.0
two_action,2,2,0.99,0.010000000000000009,0.0050000000000000044,45529,15.427787952390561,norm_bet,counts,1.0,0.0,0.0
two_action,2,2,0.99,0.010000000000000009,0.0050000000000000044,60788,20.598396056357867,cdf_eb,cdf,0.036,0.0,0.964
two_action,2,2,0.99,0.010000000000000009,0.0050000000000000044,60788,20.598396056357867,cdf_bet,cdf,0.012,0.0,0.988
two_action,2,2,0.99,0.010000000000000009,0.0050000000000000044,60788,20.598396056357867,cdf_exact,cdf,0.238,0.0005,0.7615
two_action,2,2,0.99,0.010000000000000009,0.0050000000000000044,60788,20.598396056357867,exc_eb,exceedance,1.0,0.0,0.0
two_action,2,2,0.99,0.010000000000000009,0.0050000000000000044,60788,20.598396056357867,exc_bet,exceedance,1.0,0.0,0.0
two_action,2,2,0.99,0.010000000000000009,0.0050000000000000044,60788,20.598396056357867,counts_exact,counts,1.0,0.0,0.0
two_action,2,2,0.99,0.010000000000000009,0.0050000000000000044,60788,20.598396056357867,norm_bet,counts,1.0,0.0,0.0
two_action,2,2,0.99,0.010000000000000009,0.0050000000000000044,81162,27.502254075247045,cdf_eb,cdf,0.0595,0.0,0.9405
two_action,2,2,0.99,0.010000000000000009,0.0050000000000000044,81162,27.502254075247045,cdf_bet,cdf,0.0245,0.0,0.9755
two_action,2,2,0.99,0.010000000000000009,0.0050000000000000044,81162,27.502254075247045,cdf_exact,cdf,0.307,0.0,0.693
two_action,2,2,0.99,0.010000000000000009,0.0050000000000000044,81162,27.502254075247045,exc_eb,exceedance,1.0,0.0,0.0
two_action,2,2,0.99,0.010000000000000009,0.0050000000000000044,81162,27.502254075247045,exc_bet,exceedance,1.0,0.0,0.0
two_action,2,2,0.99,0.010000000000000009,0.0050000000000000044,81162,27.502254075247045,counts_exact,counts,1.0,0.0,0.0
two_action,2,2,0.99,0.010000000000000009,0.0050000000000000044,81162,27.502254075247045,norm_bet,counts,1.0,0.0,0.0
two_action,2,2,0.99,0.010000000000000009,0.0050000000000000044,108364,36.71982283100553,cdf_eb,cdf,0.089,0.0,0.911
two_action,2,2,0.99,0.010000000000000009,0.0050000000000000044,108364,36.71982283100553,cdf_bet,cdf,0.044,0.0,0.956
two_action,2,2,0.99,0.010000000000000009,0.0050000000000000044,108364,36.71982283100553,cdf_exact,cdf,0.381,0.0005,0.6185
two_action,2,2,0.99,0.010000000000000009,0.0050000000000000044,108364,36.71982283100553,exc_eb,exceedance,1.0,0.0,0.0
two_action,2,2,0.99,0.010000000000000009,0.0050000000000000044,108364,36.71982283100553,exc_bet,exceedance,1.0,0.0,0.0
two_action,2,2,0.99,0.010000000000000009,0.0050000000000000044,108364,36.71982283100553,counts_exact,counts,1.0,0.0,0.0
two_action,2,2,0.99,0.010000000000000009,0.0050000000000000044,108364,36.71982283100553,norm_bet,counts,1.0,0.0,0.0
two_action,2,2,0.99,0.010000000000000009,0.0050000000000000044,144683,49.02674436767167,cdf_eb,cdf,0.127,0.0,0.873
two_action,2,2,0.99,0.010000000000000009,0.0050000000000000044,144683,49.02674436767167,cdf_bet,cdf,0.0615,0.0,0.9385
two_action,2,2,0.99,0.010000000000000009,0.0050000000000000044,144683,49.02674436767167,cdf_exact,cdf,0.4765,0.0,0.5235
two_action,2,2,0.99,0.010000000000000009,0.0050000000000000044,144683,49.02674436767167,exc_eb,exceedance,1.0,0.0,0.0
two_action,2,2,0.99,0.010000000000000009,0.0050000000000000044,144683,49.02674436767167,exc_bet,exceedance,1.0,0.0,0.0
two_action,2,2,0.99,0.010000000000000009,0.0050000000000000044,144683,49.02674436767167,counts_exact,counts,1.0,0.0,0.0
two_action,2,2,0.99,0.010000000000000009,0.0050000000000000044,144683,49.02674436767167,norm_bet,counts,1.0,0.0,0.0
two_action,2,2,0.99,0.010000000000000009,0.0050000000000000044,193176,65.45890235873837,cdf_eb,cdf,0.2115,0.0,0.7885
two_action,2,2,0.99,0.010000000000000009,0.0050000000000000044,193176,65.45890235873837,cdf_bet,cdf,0.102,0.0,0.898
two_action,2,2,0.99,0.010000000000000009,0.0050000000000000044,193176,65.45890235873837,cdf_exact,cdf,0.599,0.0,0.401
two_action,2,2,0.99,0.010000000000000009,0.0050000000000000044,193176,65.45890235873837,exc_eb,exceedance,1.0,0.0,0.0
two_action,2,2,0.99,0.010000000000000009,0.0050000000000000044,193176,65.45890235873837,exc_bet,exceedance,1.0,0.0,0.0
two_action,2,2,0.99,0.010000000000000009,0.0050000000000000044,193176,65.45890235873837,counts_exact,counts,1.0,0.0,0.0
two_action,2,2,0.99,0.010000000000000009,0.0050000000000000044,193176,65.45890235873837,norm_bet,counts,1.0,0.0,0.0
two_action,2,2,0.99,0.010000000000000009,0.0050000000000000044,257920,87.39781389181782,cdf_eb,cdf,0.3225,0.0,0.6775
two_action,2,2,0.99,0.010000000000000009,0.0050000000000000044,257920,87.39781389181782,cdf_bet,cdf,0.1825,0.0,0.8175
two_action,2,2,0.99,0.010000000000000009,0.0050000000000000044,257920,87.39781389181782,cdf_exact,cdf,0.7175,0.0,0.2825
two_action,2,2,0.99,0.010000000000000009,0.0050000000000000044,257920,87.39781389181782,exc_eb,exceedance,1.0,0.0,0.0
two_action,2,2,0.99,0.010000000000000009,0.0050000000000000044,257920,87.39781389181782,exc_bet,exceedance,1.0,0.0,0.0
two_action,2,2,0.99,0.010000000000000009,0.0050000000000000044,257920,87.39781389181782,counts_exact,counts,1.0,0.0,0.0
two_action,2,2,0.99,0.010000000000000009,0.0050000000000000044,257920,87.39781389181782,norm_bet,counts,1.0,0.0,0.0
two_action,2,2,0.99,0.010000000000000009,0.0050000000000000044,344365,116.69024573842991,cdf_eb,cdf,0.471,0.0,0.529
two_action,2,2,0.99,0.010000000000000009,0.0050000000000000044,344365,116.69024573842991,cdf_bet,cdf,0.29,0.0,0.71
two_action,2,2,0.99,0.010000000000000009,0.0050000000000000044,344365,116.69024573842991,cdf_exact,cdf,0.8335,0.0,0.1665
two_action,2,2,0.99,0.010000000000000009,0.0050000000000000044,344365,116.69024573842991,exc_eb,exceedance,1.0,0.0,0.0
two_action,2,2,0.99,0.010000000000000009,0.0050000000000000044,344365,116.69024573842991,exc_bet,exceedance,1.0,0.0,0.0
two_action,2,2,0.99,0.010000000000000009,0.0050000000000000044,344365,116.69024573842991,counts_exact,counts,1.0,0.0,0.0
two_action,2,2,0.99,0.010000000000000009,0.0050000000000000044,344365,116.69024573842991,norm_bet,counts,1.0,0.0,0.0
two_action,2,2,0.99,0.010000000000000009,0.0050000000000000044,459783,155.80036082747236,cdf_eb,cdf,0.661,0.0,0.339
two_action,2,2,0.99,0.010000000000000009,0.0050000000000000044,459783,155.80036082747236,cdf_bet,cdf,0.481,0.0,0.519
two_action,2,2,0.99,0.010000000000000009,0.0050000000000000044,459783,155.80036082747236,cdf_exact,cdf,0.9295,0.0,0.0705
two_action,2,2,0.99,0.010000000000000009,0.0050000000000000044,459783,155.80036082747236,exc_eb,exceedance,1.0,0.0,0.0
two_action,2,2,0.99,0.010000000000000009,0.0050000000000000044,459783,155.80036082747236,exc_bet,exceedance,1.0,0.0,0.0
two_action,2,2,0.99,0.010000000000000009,0.0050000000000000044,459783,155.80036082747236,counts_exact,counts,1.0,0.0,0.0
two_action,2,2,0.99,0.010000000000000009,0.0050000000000000044,459783,155.80036082747236,norm_bet,counts,1.0,0.0,0.0
two_action,2,2,0.99,0.010000000000000009,0.0050000000000000044,613884,208.01845371884573,cdf_eb,cdf,0.827,0.0,0.173
two_action,2,2,0.99,0.010000000000000009,0.0050000000000000044,613884,208.01845371884573,cdf_bet,cdf,0.6885,0.0,0.3115
two_action,2,2,0.99,0.010000000000000009,0.0050000000000000044,613884,208.01845371884573,cdf_exact,cdf,0.9745,0.0,0.0255
two_action,2,2,0.99,0.010000000000000009,0.0050000000000000044,613884,208.01845371884573,exc_eb,exceedance,1.0,0.0,0.0
two_action,2,2,0.99,0.010000000000000009,0.0050000000000000044,613884,208.01845371884573,exc_bet,exceedance,1.0,0.0,0.0
two_action,2,2,0.99,0.010000000000000009,0.0050000000000000044,613884,208.01845371884573,counts_exact,counts,1.0,0.0,0.0
two_action,2,2,0.99,0.010000000000000009,0.0050000000000000044,613884,208.01845371884573,norm_bet,counts,1.0,0.0,0.0
two_action,2,2,0.99,0.010000000000000009,0.0050000000000000044,819633,277.7377961910372,cdf_eb,cdf,0.94,0.0,0.06
two_action,2,2,0.99,0.010000000000000009,0.0050000000000000044,819633,277.7377961910372,cdf_bet,cdf,0.8535,0.0,0.1465
two_action,2,2,0.99,0.010000000000000009,0.0050000000000000044,819633,277.7377961910372,cdf_exact,cdf,0.9935,0.0,0.0065
two_action,2,2,0.99,0.010000000000000009,0.0050000000000000044,819633,277.7377961910372,exc_eb,exceedance,1.0,0.0,0.0
two_action,2,2,0.99,0.010000000000000009,0.0050000000000000044,819633,277.7377961910372,exc_bet,exceedance,1.0,0.0,0.0
two_action,2,2,0.99,0.010000000000000009,0.0050000000000000044,819633,277.7377961910372,counts_exact,counts,1.0,0.0,0.0
two_action,2,2,0.99,0.010000000000000009,0.0050000000000000044,819633,277.7377961910372,norm_bet,counts,1.0,0.0,0.0
two_action,2,2,0.99,0.010000000000000009,0.0050000000000000044,1094342,370.8246683080013,cdf_eb,cdf,0.99,0.0,0.01
two_action,2,2,0.99,0.010000000000000009,0.0050000000000000044,1094342,370.8246683080013,cdf_bet,cdf,0.968,0.0,0.032
two_action,2,2,0.99,0.010000000000000009,0.0050000000000000044,1094342,370.8246683080013,cdf_exact,cdf,1.0,0.0,0.0
two_action,2,2,0.99,0.010000000000000009,0.0050000000000000044,1094342,370.8246683080013,exc_eb,exceedance,1.0,0.0,0.0
two_action,2,2,0.99,0.010000000000000009,0.0050000000000000044,1094342,370.8246683080013,exc_bet,exceedance,1.0,0.0,0.0
two_action,2,2,0.99,0.010000000000000009,0.0050000000000000044,1094342,370.8246683080013,counts_exact,counts,1.0,0.0,0.0
two_action,2,2,0.99,0.010000000000000009,0.0050000000000000044,1094342,370.8246683080013,norm_bet,counts,1.0,0.0,0.0
two_action,2,2,0.99,0.010000000000000009,0.0050000000000000044,1461122,495.1103777498474,cdf_eb,cdf,0.999,0.0,0.001
two_action,2,2,0.99,0.010000000000000009,0.0050000000000000044,1461122,495.1103777498474,cdf_bet,cdf,0.996,0.0,0.004
two_action,2,2,0.99,0.010000000000000009,0.0050000000000000044,1461122,495.1103777498474,cdf_exact,cdf,1.0,0.0,0.0
two_action,2,2,0.99,0.010000000000000009,0.0050000000000000044,1461122,495.1103777498474,exc_eb,exceedance,1.0,0.0,0.0
two_action,2,2,0.99,0.010000000000000009,0.0050000000000000044,1461122,495.1103777498474,exc_bet,exceedance,1.0,0.0,0.0
two_action,2,2,0.99,0.010000000000000009,0.0050000000000000044,1461122,495.1103777498474,counts_exact,counts,1.0,0.0,0.0
two_action,2,2,0.99,0.010000000000000009,0.0050000000000000044,1461122,495.1103777498474,norm_bet,counts,1.0,0.0,0.0
two_action,2,2,0.99,0.010000000000000009,0.0050000000000000044,1950833,661.0520295751265,cdf_eb,cdf,1.0,0.0,0.0
two_action,2,2,0.99,0.010000000000000009,0.0050000000000000044,1950833,661.0520295751265,cdf_bet,cdf,0.9995,0.0,0.0005
two_action,2,2,0.99,0.010000000000000009,0.0050000000000000044,1950833,661.0520295751265,cdf_exact,cdf,1.0,0.0,0.0
two_action,2,2,0.99,0.010000000000000009,0.0050000000000000044,1950833,661.0520295751265,exc_eb,exceedance,1.0,0.0,0.0
two_action,2,2,0.99,0.010000000000000009,0.0050000000000000044,1950833,661.0520295751265,exc_bet,exceedance,1.0,0.0,0.0
two_action,2,2,0.99,0.010000000000000009,0.0050000000000000044,1950833,661.0520295751265,counts_exact,counts,1.0,0.0,0.0
two_action,2,2,0.99,0.010000000000000009,0.0050000000000000044,1950833,661.0520295751265,norm_bet,counts,1.0,0.0,0.0
two_action,2,2,0.99,0.010000000000000009,0.0050000000000000044,2604675,882.6105028639523,cdf_eb,cdf,1.0,0.0,0.0
two_action,2,2,0.99,0.010000000000000009,0.0050000000000000044,2604675,882.6105028639523,cdf_bet,cdf,1.0,0.0,0.0
two_action,2,2,0.99,0.010000000000000009,0.0050000000000000044,2604675,882.6105028639523,cdf_exact,cdf,1.0,0.0,0.0
two_action,2,2,0.99,0.010000000000000009,0.0050000000000000044,2604675,882.6105028639523,exc_eb,exceedance,1.0,0.0,0.0
two_action,2,2,0.99,0.010000000000000009,0.0050000000000000044,2604675,882.6105028639523,exc_bet,exceedance,1.0,0.0,0.0
two_action,2,2,0.99,0.010000000000000009,0.0050000000000000044,2604675,882.6105028639523,counts_exact,counts,1.0,0.0,0.0
two_action,2,2,0.99,0.010000000000000009,0.0050000000000000044,2604675,882.6105028639523,norm_bet,counts,1.0,0.0,0.0
two_action,2,2,0.99,0.010000000000000009,0.0050000000000000044,3477659,1178.4266208948716,cdf_eb,cdf,1.0,0.0,0.0
two_action,2,2,0.99,0.010000000000000009,0.0050000000000000044,3477659,1178.4266208948716,cdf_bet,cdf,1.0,0.0,0.0
two_action,2,2,0.99,0.010000000000000009,0.0050000000000000044,3477659,1178.4266208948716,cdf_exact,cdf,1.0,0.0,0.0
two_action,2,2,0.99,0.010000000000000009,0.0050000000000000044,3477659,1178.4266208948716,exc_eb,exceedance,1.0,0.0,0.0
two_action,2,2,0.99,0.010000000000000009,0.0050000000000000044,3477659,1178.4266208948716,exc_bet,exceedance,1.0,0.0,0.0
two_action,2,2,0.99,0.010000000000000009,0.0050000000000000044,3477659,1178.4266208948716,counts_exact,counts,1.0,0.0,0.0
two_action,2,2,0.99,0.010000000000000009,0.0050000000000000044,3477659,1178.4266208948716,norm_bet,counts,1.0,0.0,0.0
two_action,2,2,0.99,0.010000000000000009,0.0050000000000000044,4643233,1573.3887003347818,cdf_eb,cdf,1.0,0.0,0.0
two_action,2,2,0.99,0.010000000000000009,0.0050000000000000044,4643233,1573.3887003347818,cdf_bet,cdf,1.0,0.0,0.0
two_action,2,2,0.99,0.010000000000000009,0.0050000000000000044,4643233,1573.3887003347818,cdf_exact,cdf,1.0,0.0,0.0
two_action,2,2,0.99,0.010000000000000009,0.0050000000000000044,4643233,1573.3887003347818,exc_eb,exceedance,1.0,0.0,0.0
two_action,2,2,0.99,0.010000000000000009,0.0050000000000000044,4643233,1573.3887003347818,exc_bet,exceedance,1.0,0.0,0.0
two_action,2,2,0.99,0.010000000000000009,0.0050000000000000044,4643233,1573.3887003347818,counts_exact,counts,1.0,0.0,0.0
two_action,2,2,0.99,0.010000000000000009,0.0050000000000000044,4643233,1573.3887003347818,norm_bet,counts,1.0,0.0,0.0
two_action,2,2,0.99,0.010000000000000009,0.0050000000000000044,6199462,2100.726683100949,cdf_eb,cdf,1.0,0.0,0.0
two_action,2,2,0.99,0.010000000000000009,0.0050000000000000044,6199462,2100.726683100949,cdf_bet,cdf,1.0,0.0,0.0
two_action,2,2,0.99,0.010000000000000009,0.0050000000000000044,6199462,2100.726683100949,cdf_exact,cdf,1.0,0.0,0.0
two_action,2,2,0.99,0.010000000000000009,0.0050000000000000044,6199462,2100.726683100949,exc_eb,exceedance,1.0,0.0,0.0
two_action,2,2,0.99,0.010000000000000009,0.0050000000000000044,6199462,2100.726683100949,exc_bet,exceedance,1.0,0.0,0.0
two_action,2,2,0.99,0.010000000000000009,0.0050000000000000044,6199462,2100.726683100949,counts_exact,counts,1.0,0.0,0.0
two_action,2,2,0.99,0.010000000000000009,0.0050000000000000044,6199462,2100.726683100949,norm_bet,counts,1.0,0.0,0.0
two_action,2,2,0.99,0.010000000000000009,0.0050000000000000044,8277277,2804.8073618836233,cdf_eb,cdf,1.0,0.0,0.0
two_action,2,2,0.99,0.010000000000000009,0.0050000000000000044,8277277,2804.8073618836233,cdf_bet,cdf,1.0,0.0,0.0
two_action,2,2,0.99,0.010000000000000009,0.0050000000000000044,8277277,2804.8073618836233,cdf_exact,cdf,1.0,0.0,0.0
two_action,2,2,0.99,0.010000000000000009,0.0050000000000000044,8277277,2804.8073618836233,exc_eb,exceedance,1.0,0.0,0.0
two_action,2,2,0.99,0.010000000000000009,0.0050000000000000044,8277277,2804.8073618836233,exc_bet,exceedance,1.0,0.0,0.0
two_action,2,2,0.99,0.010000000000000009,0.0050000000000000044,8277277,2804.8073618836233,counts_exact,counts,1.0,0.0,0.0
two_action,2,2,0.99,0.010000000000000009,0.0050000000000000044,8277277,2804.8073618836233,norm_bet,counts,1.0,0.0,0.0
two_action,2,2,0.99,0.010000000000000009,0.0050000000000000044,11051493,3744.867898731108,cdf_eb,cdf,1.0,0.0,0.0
two_action,2,2,0.99,0.010000000000000009,0.0050000000000000044,11051493,3744.867898731108,cdf_bet,cdf,1.0,0.0,0.0
two_action,2,2,0.99,0.010000000000000009,0.0050000000000000044,11051493,3744.867898731108,cdf_exact,cdf,1.0,0.0,0.0
two_action,2,2,0.99,0.010000000000000009,0.0050000000000000044,11051493,3744.867898731108,exc_eb,exceedance,1.0,0.0,0.0
two_action,2,2,0.99,0.010000000000000009,0.0050000000000000044,11051493,3744.867898731108,exc_bet,exceedance,1.0,0.0,0.0
two_action,2,2,0.99,0.010000000000000009,0.0050000000000000044,11051493,3744.867898731108,counts_exact,counts,1.0,0.0,0.0
two_action,2,2,0.99,0.010000000000000009,0.0050000000000000044,11051493,3744.867898731108,norm_bet,counts,1.0,0.0,0.0
two_action,2,2,0.99,0.010000000000000009,0.0050000000000000044,14755518,5000.000062195129,cdf_eb,cdf,1.0,0.0,0.0
two_action,2,2,0.99,0.010000000000000009,0.0050000000000000044,14755518,5000.000062195129,cdf_bet,cdf,1.0,0.0,0.0
two_action,2,2,0.99,0.010000000000000009,0.0050000000000000044,14755518,5000.000062195129,cdf_exact,cdf,1.0,0.0,0.0
two_action,2,2,0.99,0.010000000000000009,0.0050000000000000044,14755518,5000.000062195129,exc_eb,exceedance,1.0,0.0,0.0
two_action,2,2,0.99,0.010000000000000009,0.0050000000000000044,14755518,5000.000062195129,exc_bet,exceedance,1.0,0.0,0.0
two_action,2,2,0.99,0.010000000000000009,0.0050000000000000044,14755518,5000.000062195129,counts_exact,counts,1.0,0.0,0.0
two_action,2,2,0.99,0.010000000000000009,0.0050000000000000044,14755518,5000.000062195129,norm_bet,counts,1.0,0.0,0.0
vary_K,32,2,0.99,0.010000000000000009,0.0050000000000000044,944,0.01999252101278401,cdf_eb,cdf,0.0,0.0,1.0
vary_K,32,2,0.99,0.010000000000000009,0.0050000000000000044,944,0.01999252101278401,cdf_bet,cdf,0.0,0.0,1.0
vary_K,32,2,0.99,0.010000000000000009,0.0050000000000000044,944,0.01999252101278401,cdf_exact,cdf,0.022,0.0165,0.9615
vary_K,32,2,0.99,0.010000000000000009,0.0050000000000000044,944,0.01999252101278401,exc_eb,exceedance,0.0,0.0,1.0
vary_K,32,2,0.99,0.010000000000000009,0.0050000000000000044,944,0.01999252101278401,exc_bet,exceedance,0.0,0.0,1.0
vary_K,32,2,0.99,0.010000000000000009,0.0050000000000000044,944,0.01999252101278401,counts_exact,counts,0.0,0.0,1.0
vary_K,32,2,0.99,0.010000000000000009,0.0050000000000000044,944,0.01999252101278401,norm_bet,counts,0.0,0.0,1.0
vary_K,32,2,0.99,0.010000000000000009,0.0050000000000000044,1261,0.02670611122576338,cdf_eb,cdf,0.0,0.0,1.0
vary_K,32,2,0.99,0.010000000000000009,0.0050000000000000044,1261,0.02670611122576338,cdf_bet,cdf,0.0,0.0,1.0
vary_K,32,2,0.99,0.010000000000000009,0.0050000000000000044,1261,0.02670611122576338,cdf_exact,cdf,0.0265,0.0205,0.953
vary_K,32,2,0.99,0.010000000000000009,0.0050000000000000044,1261,0.02670611122576338,exc_eb,exceedance,0.0,0.0,1.0
vary_K,32,2,0.99,0.010000000000000009,0.0050000000000000044,1261,0.02670611122576338,exc_bet,exceedance,0.0,0.0,1.0
vary_K,32,2,0.99,0.010000000000000009,0.0050000000000000044,1261,0.02670611122576338,counts_exact,counts,0.0,0.0,1.0
vary_K,32,2,0.99,0.010000000000000009,0.0050000000000000044,1261,0.02670611122576338,norm_bet,counts,0.0,0.0,1.0
vary_K,32,2,0.99,0.010000000000000009,0.0050000000000000044,1683,0.03564344583105454,cdf_eb,cdf,0.0,0.0,1.0
vary_K,32,2,0.99,0.010000000000000009,0.0050000000000000044,1683,0.03564344583105454,cdf_bet,cdf,0.0,0.0,1.0
vary_K,32,2,0.99,0.010000000000000009,0.0050000000000000044,1683,0.03564344583105454,cdf_exact,cdf,0.026,0.021,0.953
vary_K,32,2,0.99,0.010000000000000009,0.0050000000000000044,1683,0.03564344583105454,exc_eb,exceedance,0.0,0.0,1.0
vary_K,32,2,0.99,0.010000000000000009,0.0050000000000000044,1683,0.03564344583105454,exc_bet,exceedance,0.0,0.0,1.0
vary_K,32,2,0.99,0.010000000000000009,0.0050000000000000044,1683,0.03564344583105454,counts_exact,counts,0.0,0.0,1.0
vary_K,32,2,0.99,0.010000000000000009,0.0050000000000000044,1683,0.03564344583105454,norm_bet,counts,0.0,0.0,1.0
vary_K,32,2,0.99,0.010000000000000009,0.0050000000000000044,2248,0.04760930851349412,cdf_eb,cdf,0.0,0.0,1.0
vary_K,32,2,0.99,0.010000000000000009,0.0050000000000000044,2248,0.04760930851349412,cdf_bet,cdf,0.0,0.0,1.0
vary_K,32,2,0.99,0.010000000000000009,0.0050000000000000044,2248,0.04760930851349412,cdf_exact,cdf,0.022,0.0205,0.9575
vary_K,32,2,0.99,0.010000000000000009,0.0050000000000000044,2248,0.04760930851349412,exc_eb,exceedance,0.0,0.0,1.0
vary_K,32,2,0.99,0.010000000000000009,0.0050000000000000044,2248,0.04760930851349412,exc_bet,exceedance,0.0,0.0,1.0
vary_K,32,2,0.99,0.010000000000000009,0.0050000000000000044,2248,0.04760930851349412,counts_exact,counts,0.0,0.0,1.0
vary_K,32,2,0.99,0.010000000000000009,0.0050000000000000044,2248,0.04760930851349412,norm_bet,counts,0.0,0.0,1.0
vary_K,32,2,0.99,0.010000000000000009,0.0050000000000000044,3001,0.06355673258407289,cdf_eb,cdf,0.0,0.0,1.0
vary_K,32,2,0.99,0.010000000000000009,0.0050000000000000044,3001,0.06355673258407289,cdf_bet,cdf,0.0,0.0,1.0
vary_K,32,2,0.99,0.010000000000000009,0.0050000000000000044,3001,0.06355673258407289,cdf_exact,cdf,0.022,0.0175,0.9605
vary_K,32,2,0.99,0.010000000000000009,0.0050000000000000044,3001,0.06355673258407289,exc_eb,exceedance,0.0,0.0,1.0
vary_K,32,2,0.99,0.010000000000000009,0.0050000000000000044,3001,0.06355673258407289,exc_bet,exceedance,0.0,0.0,1.0
vary_K,32,2,0.99,0.010000000000000009,0.0050000000000000044,3001,0.06355673258407289,counts_exact,counts,0.0,0.0,1.0
vary_K,32,2,0.99,0.010000000000000009,0.0050000000000000044,3001,0.06355673258407289,norm_bet,counts,0.0,0.0,1.0
vary_K,32,2,0.99,0.010000000000000009,0.0050000000000000044,4007,0.08486232171422195,cdf_eb,cdf,0.0,0.0005,0.9995
vary_K,32,2,0.99,0.010000000000000009,0.0050000000000000044,4007,0.08486232171422195,cdf_bet,cdf,0.0,0.0005,0.9995
vary_K,32,2,0.99,0.010000000000000009,0.0050000000000000044,4007,0.08486232171422195,cdf_exact,cdf,0.017,0.021,0.962
vary_K,32,2,0.99,0.010000000000000009,0.0050000000000000044,4007,0.08486232171422195,exc_eb,exceedance,0.0,0.0,1.0
vary_K,32,2,0.99,0.010000000000000009,0.0050000000000000044,4007,0.08486232171422195,exc_bet,exceedance,0.0,0.0,1.0
vary_K,32,2,0.99,0.010000000000000009,0.0050000000000000044,4007,0.08486232171422195,counts_exact,counts,0.0,0.0,1.0
vary_K,32,2,0.99,0.010000000000000009,0.0050000000000000044,4007,0.08486232171422195,norm_bet,counts,0.0,0.0,1.0
vary_K,32,2,0.99,0.010000000000000009,0.0050000000000000044,5350,0.11330507141779073,cdf_eb,cdf,0.0,0.0,1.0
vary_K,32,2,0.99,0.010000000000000009,0.0050000000000000044,5350,0.11330507141779073,cdf_bet,cdf,0.0,0.0,1.0
vary_K,32,2,0.99,0.010000000000000009,0.0050000000000000044,5350,0.11330507141779073,cdf_exact,cdf,0.0235,0.02,0.9565
vary_K,32,2,0.99,0.010000000000000009,0.0050000000000000044,5350,0.11330507141779073,exc_eb,exceedance,0.0,0.0,1.0
vary_K,32,2,0.99,0.010000000000000009,0.0050000000000000044,5350,0.11330507141779073,exc_bet,exceedance,0.0,0.0,1.0
vary_K,32,2,0.99,0.010000000000000009,0.0050000000000000044,5350,0.11330507141779073,counts_exact,counts,0.0,0.0,1.0
vary_K,32,2,0.99,0.010000000000000009,0.0050000000000000044,5350,0.11330507141779073,norm_bet,counts,0.0,0.0,1.0
vary_K,32,2,0.99,0.010000000000000009,0.0050000000000000044,7143,0.15127815423126711,cdf_eb,cdf,0.0,0.0,1.0
vary_K,32,2,0.99,0.010000000000000009,0.0050000000000000044,7143,0.15127815423126711,cdf_bet,cdf,0.0,0.0005,0.9995
vary_K,32,2,0.99,0.010000000000000009,0.0050000000000000044,7143,0.15127815423126711,cdf_exact,cdf,0.025,0.019,0.956
vary_K,32,2,0.99,0.010000000000000009,0.0050000000000000044,7143,0.15127815423126711,exc_eb,exceedance,0.0,0.0,1.0
vary_K,32,2,0.99,0.010000000000000009,0.0050000000000000044,7143,0.15127815423126711,exc_bet,exceedance,0.0,0.0,1.0
vary_K,32,2,0.99,0.010000000000000009,0.0050000000000000044,7143,0.15127815423126711,counts_exact,counts,0.0,0.0,1.0
vary_K,32,2,0.99,0.010000000000000009,0.0050000000000000044,7143,0.15127815423126711,norm_bet,counts,0.0,0.0,1.0
vary_K,32,2,0.99,0.010000000000000009,0.0050000000000000044,9537,0.20197952637597572,cdf_eb,cdf,0.0005,0.0,0.9995
vary_K,32,2,0.99,0.010000000000000009,0.0050000000000000044,9537,0.20197952637597572,cdf_bet,cdf,0.0005,0.0,0.9995
vary_K,32,2,0.99,0.010000000000000009,0.0050000000000000044,9537,0.20197952637597572,cdf_exact,cdf,0.036,0.0165,0.9475
vary_K,32,2,0.99,0.010000000000000009,0.0050000000000000044,9537,0.20197952637597572,exc_eb,exceedance,0.0,0.0,1.0
vary_K,32,2,0.99,0.010000000000000009,0.0050000000000000044,9537,0.20197952637597572,exc_bet,exceedance,0.0,0.0,1.0
vary_K,32,2,0.99,0.010000000000000009,0.0050000000000000044,9537,0.20197952637597572,counts_exact,counts,0.0,0.0,1.0
vary_K,32,2,0.99,0.010000000000000009,0.0050000000000000044,9537,0.20197952637597572,norm_bet,counts,0.0,0.0,1.0
vary_K,32,2,0.99,0.010000000000000009,0.0050000000000000044,12733,0.2696660699743419,cdf_eb,cdf,0.0,0.0,1.0
vary_K,32,2,0.99,0.010000000000000009,0.0050000000000000044,12733,0.2696660699743419,cdf_bet,cdf,0.0,0.0,1.0
vary_K,32,2,0.99,0.010000000000000009,0.0050000000000000044,12733,0.2696660699743419,cdf_exact,cdf,0.0345,0.02,0.9455
vary_K,32,2,0.99,0.010000000000000009,0.0050000000000000044,12733,0.2696660699743419,exc_eb,exceedance,0.0,0.0,1.0
vary_K,32,2,0.99,0.010000000000000009,0.0050000000000000044,12733,0.2696660699743419,exc_bet,exceedance,0.0,0.0,1.0
vary_K,32,2,0.99,0.010000000000000009,0.0050000000000000044,12733,0.2696660699743419,counts_exact,counts,0.1325,0.0035,0.864
vary_K,32,2,0.99,0.010000000000000009,0.0050000000000000044,12733,0.2696660699743419,norm_bet,counts,0.0,0.0,1.0
vary_K,32,2,0.99,0.010000000000000009,0.0050000000000000044,17001,0.3600559848923103,cdf_eb,cdf,0.0005,0.0,0.9995
vary_K,32,2,0.99,0.010000000000000009,0.0050000000000000044,17001,0.3600559848923103,cdf_bet,cdf,0.0005,0.0,0.9995
vary_K,32,2,0.99,0.010000000000000009,0.0050000000000000044,17001,0.3600559848923103,cdf_exact,cdf,0.026,0.0115,0.9625
vary_K,32,2,0.99,0.010000000000000009,0.0050000000000000044,17001,0.3600559848923103,exc_eb,exceedance,0.0,0.0,1.0
vary_K,32,2,0.99,0.010000000000000009,0.0050000000000000044,17001,0.3600559848923103,exc_bet,exceedance,0.0,0.0,1.0
vary_K,32,2,0.99,0.010000000000000009,0.0050000000000000044,17001,0.3600559848923103,counts_exact,counts,0.093,0.0,0.907
vary_K,32,2,0.99,0.010000000000000009,0.0050000000000000044,17001,0.3600559848923103,norm_bet,counts,0.0,0.0,1.0
vary_K,32,2,0.99,0.010000000000000009,0.0050000000000000044,22699,0.4807311805817629,cdf_eb,cdf,0.001,0.0,0.999
vary_K,32,2,0.99,0.010000000000000009,0.0050000000000000044,22699,0.4807311805817629,cdf_bet,cdf,0.0005,0.0,0.9995
vary_K,32,2,0.99,0.010000000000000009,0.0050000000000000044,22699,0.4807311805817629,cdf_exact,cdf,0.034,0.013,0.953
vary_K,32,2,0.99,0.010000000000000009,0.0050000000000000044,22699,0.4807311805817629,exc_eb,exceedance,0.0,0.0,1.0
vary_K,32,2,0.99,0.010000000000000009,0.0050000000000000044,22699,0.4807311805817629,exc_bet,exceedance,0.0,0.0,1.0
vary_K,32,2,0.99,0.010000000000000009,0.0050000000000000044,22699,0.4807311805817629,counts_exact,counts,0.1875,0.0005,0.812
vary_K,32,2,0.99,0.010000000000000009,0.0050000000000000044,22699,0.4807311805817629,norm_bet,counts,0.004,0.0,0.996
vary_K,32,2,0.99,0.010000000000000009,0.0050000000000000044,30307,0.6418573456932679,cdf_eb,cdf,0.002,0.0,0.998
vary_K,32,2,0.99,0.010000000000000009,0.0050000000000000044,30307,0.6418573456932679,cdf_bet,cdf,0.0015,0.0,0.9985
vary_K,32,2,0.99,0.010000000000000009,0.0050000000000000044,30307,0.6418573456932679,cdf_exact,cdf,0.034,0.0175,0.9485
vary_K,32,2,0.99,0.010000000000000009,0.0050000000000000044,30307,0.6418573456932679,exc_eb,exceedance,0.0,0.0,1.0
vary_K,32,2,0.99,0.010000000000000009,0.0050000000000000044,30307,0.6418573456932679,exc_bet,exceedance,0.0555,0.0,0.9445
vary_K,32,2,0.99,0.010000000000000009,0.0050000000000000044,30307,0.6418573456932679,counts_exact,counts,0.3145,0.0,0.6855
vary_K,32,2,0.99,0.010000000000000009,0.0050000000000000044,30307,0.6418573456932679,norm_bet,counts,0.0565,0.0,0.9435
vary_K,32,2,0.99,0.010000000000000009,0.0050000000000000044,40464,0.8569675532428942,cdf_eb,cdf,0.0015,0.0,0.9985
vary_K,32,2,0.99,0.010000000000000009,0.0050000000000000044,40464,0.8569675532428942,cdf_bet,cdf,0.0005,0.0,0.9995
vary_K,32,2,0.99,0.010000000000000009,0.0050000000000000044,40464,0.8569675532428942,cdf_exact,cdf,0.0385,0.0125,0.949
vary_K,32,2,0.99,0.010000000000000009,0.0050000000000000044,40464,0.8569675532428942,exc_eb,exceedance,0.0015,0.0,0.9985
vary_K,32,2,0.99,0.010000000000000009,0.0050000000000000044,40464,0.8569675532428942,exc_bet,exceedance,0.1365,0.0,0.8635
vary_K,32,2,0.99,0.010000000000000009,0.0050000000000000044,40464,0.8569675532428942,counts_exact,counts,0.413,0.0,0.587
vary_K,32,2,0.99,0.010000000000000009,0.0050000000000000044,40464,0.8569675532428942,norm_bet,counts,0.152,0.0,0.848
vary_K,32,2,0.99,0.010000000000000009,0.0050000000000000044,54026,1.144190614657488,cdf_eb,cdf,0.0005,0.0005,0.999
vary_K,32,2,0.99,0.010000000000000009,0.0050000000000000044,54026,1.144190614657488,cdf_bet,cdf,0.0005,0.0,0.9995
vary_K,32,2,0.99,0.010000000000000009,0.0050000000000000044,54026,1.144190614657488,cdf_exact,cdf,0.0375,0.015,0.9475
vary_K,32,2,0.99,0.010000000000000009,0.0050000000000000044,54026,1.144190614657488,exc_eb,exceedance,0.008,0.0,0.992
vary_K,32,2,0.99,0.010000000000000009,0.0050000000000000044,54026,1.144190614657488,exc_bet,exceedance,0.281,0.0,0.719
vary_K,32,2,0.99,0.010000000000000009,0.0050000000000000044,54026,1.144190614657488,counts_exact,counts,0.571,0.0,0.429
vary_K,32,2,0.99,0.010000000000000009,0.0050000000000000044,54026,1.144190614657488,norm_bet,counts,0.306,0.0,0.694
vary_K,32,2,0.99,0.010000000000000009,0.0050000000000000044,72133,1.5276700404821493,cdf_eb,cdf,0.0005,0.0005,0.999
vary_K,32,2,0.99,0.010000000000000009,0.0050000000000000044,72133,1.5276700404821493,cdf_bet,cdf,0.0005,0.0005,0.999
vary_K,32,2,0.99,0.010000000000000009,0.0050000000000000044,72133,1.5276700404821493,cdf_exact,cdf,0.044,0.01,0.946
vary_K,32,2,0.99,0.010000000000000009,0.0050000000000000044,72133,1.5276700404821493,exc_eb,exceedance,0.034,0.0,0.966
vary_K,32,2,0.99,0.010000000000000009,0.0050000000000000044,72133,1.5276700404821493,exc_bet,exceedance,0.438,0.0,0.562
vary_K,32,2,0.99,0.010000000000000009,0.0050000000000000044,72133,1.5276700404821493,counts_exact,counts,0.7485,0.0,0.2515
vary_K,32,2,0.99,0.010000000000000009,0.0050000000000000044,72133,1.5276700404821493,norm_bet,counts,0.4715,0.0,0.5285
vary_K,32,2,0.99,0.010000000000000009,0.0050000000000000044,96310,2.0397030707004533,cdf_eb,cdf,0.0025,0.0005,0.997
vary_K,32,2,0.99,0.010000000000000009,0.0050000000000000044,96310,2.0397030707004533,cdf_bet,cdf,0.0005,0.0,0.9995
vary_K,32,2,0.99,0.010000000000000009,0.0050000000000000044,96310,2.0397030707004533,cdf_exact,cdf,0.046,0.0125,0.9415
vary_K,32,2,0.99,0.010000000000000009,0.0050000000000000044,96310,2.0397030707004533,exc_eb,exceedance,0.1235,0.0,0.8765
vary_K,32,2,0.99,0.010000000000000009,0.0050000000000000044,96310,2.0397030707004533,exc_bet,exceedance,0.665,0.0,0.335
vary_K,32,2,0.99,0.010000000000000009,0.0050000000000000044,96310,2.0397030707004533,counts_exact,counts,0.8685,0.0,0.1315
vary_K,32,2,0.99,0.010000000000000009,0.0050000000000000044,96310,2.0397030707004533,norm_bet,counts,0.655,0.0,0.345
vary_K,32,2,0.99,0.010000000000000009,0.0050000000000000044,128589,2.7233244539331385,cdf_eb,cdf,0.0015,0.0,0.9985
vary_K,32,2,0.99,0.010000000000000009,0.0050000000000000044,128589,2.7233244539331385,cdf_bet,cdf,0.0,0.0,1.0
vary_K,32,2,0.99,0.010000000000000009,0.0050000000000000044,128589,2.7233244539331385,cdf_exact,cdf,0.0525,0.0135,0.934
vary_K,32,2,0.99,0.010000000000000009,0.0050000000000000044,128589,2.7233244539331385,exc_eb,exceedance,0.29,0.0,0.71
vary_K,32,2,0.99,0.010000000000000009,0.0050000000000000044,128589,2.7233244539331385,exc_bet,exceedance,0.7945,0.0,0.2055
vary_K,32,2,0.99,0.010000000000000009,0.0050000000000000044,128589,2.7233244539331385,counts_exact,counts,0.959,0.0,0.041
vary_K,32,2,0.99,0.010000000000000009,0.0050000000000000044,128589,2.7233244539331385,norm_bet,counts,0.7975,0.0,0.2025
vary_K,32,2,0.99,0.010000000000000009,0.0050000000000000044,171687,3.6360762236460253,cdf_eb,cdf,0.003,0.0,0.997
vary_K,32,2,0.99,0.010000000000000009,0.0050000000000000044,171687,3.6360762236460253,cdf_bet,cdf,0.001,0.0,0.999
vary_K,32,2,0.99,0.010000000000000009,0.0050000000000000044,171687,3.6360762236460253,cdf_exact,cdf,0.047,0.009,0.944
vary_K,32,2,0.99,0.010000000000000009,0.0050000000000000044,171687,3.6360762236460253,exc_eb,exceedance,0.553,0.0,0.447
vary_K,32,2,0.99,0.010000000000000009,0.0050000000000000044,171687,3.6360762236460253,exc_bet,exceedance,0.8885,0.0,0.1115
vary_K,32,2,0.99,0.010000000000000009,0.0050000000000000044,171687,3.6360762236460253,counts_exact,counts,0.99,0.0,0.01
vary_K,32,2,0.99,0.010000000000000009,0.0050000000000000044,171687,3.6360762236460253,norm_bet,counts,0.8925,0.0,0.1075
vary_K,32,2,0.99,0.010000000000000009,0.0050000000000000044,229230,4.8547516861869475,cdf_eb,cdf,0.003,0.001,0.996
vary_K,32,2,0.99,0.010000000000000009,0.0050000000000000044,229230,4.8547516861869475,cdf_bet,cdf,0.002,0.0005,0.9975
vary_K,32,2,0.99,0.010000000000000009,0.0050000000000000044,229230,4.8547516861869475,cdf_exact,cdf,0.059,0.009,0.932
vary_K,32,2,0.99,0.010000000000000009,0.0050000000000000044,229230,4.8547516861869475,exc_eb,exceedance,0.8635,0.0,0.1365
vary_K,32,2,0.99,0.010000000000000009,0.0050000000000000044,229230,4.8547516861869475,exc_bet,exceedance,0.968,0.0,0.032
vary_K,32,2,0.99,0.010000000000000009,0.0050000000000000044,229230,4.8547516861869475,counts_exact,counts,0.999,0.0,0.001
vary_K,32,2,0.99,0.010000000000000009,0.0050000000000000044,229230,4.8547516861869475,norm_bet,counts,0.967,0.0,0.033
vary_K,32,2,0.99,0.010000000000000009,0.0050000000000000044,306058,6.481854868782466,cdf_eb,cdf,0.003,0.0,0.997
vary_K,32,2,0.99,0.010000000000000009,0.0050000000000000044,306058,6.481854868782466,cdf_bet,cdf,0.0,0.0,1.0
vary_K,32,2,0.99,0.010000000000000009,0.0050000000000000044,306058,6.481854868782466,cdf_exact,cdf,0.073,0.005,0.922
vary_K,32,2,0.99,0.010000000000000009,0.0050000000000000044,306058,6.481854868782466,exc_eb,exceedance,0.975,0.0,0.025
vary_K,32,2,0.99,0.010000000000000009,0.0050000000000000044,306058,6.481854868782466,exc_bet,exceedance,0.992,0.0,0.008
vary_K,32,2,0.99,0.010000000000000009,0.0050000000000000044,306058,6.481854868782466,counts_exact,counts,1.0,0.0,0.0
vary_K,32,2,0.99,0.010000000000000009,0.0050000000000000044,306058,6.481854868782466,norm_bet,counts,0.9945,0.0,0.0055
vary_K,32,2,0.99,0.010000000000000009,0.0050000000000000044,408637,8.654326068962943,cdf_eb,cdf,0.0055,0.0,0.9945
vary_K,32,2,0.99,0.010000000000000009,0.0050000000000000044,408637,8.654326068962943,cdf_bet,cdf,0.0005,0.0,0.9995
vary_K,32,2,0.99,0.010000000000000009,0.0050000000000000044,408637,8.654326068962943,cdf_exact,cdf,0.0825,0.005,0.9125
vary_K,32,2,0.99,0.010000000000000009,0.0050000000000000044,408637,8.654326068962943,exc_eb,exceedance,1.0,0.0,0.0
vary_K,32,2,0.99,0.010000000000000009,0.0050000000000000044,408637,8.654326068962943,exc_bet,exceedance,1.0,0.0,0.0
vary_K,32,2,0.99,0.010000000000000009,0.0050000000000000044,408637,8.654326068962943,counts_exact,counts,1.0,0.0,0.0
vary_K,32,2,0.99,0.010000000000000009,0.0050000000000000044,408637,8.654326068962943,norm_bet,counts,1.0,0.0,0.0
vary_K,32,2,0.99,0.010000000000000009,0.0050000000000000044,545596,11.554914718740363,cdf_eb,cdf,0.011,0.0,0.989
vary_K,32,2,0.99,0.010000000000000009,0.0050000000000000044,545596,11.554914718740363,cdf_bet,cdf,0.0045,0.0,0.9955
vary_K,32,2,0.99,0.010000000000000009,0.0050000000000000044,545596,11.554914718740363,cdf_exact,cdf,0.0915,0.0045,0.904
vary_K,32,2,0.99,0.010000000000000009,0.0050000000000000044,545596,11.554914718740363,exc_eb,exceedance,1.0,0.0,0.0
vary_K,32,2,0.99,0.010000000000000009,0.0050000000000000044,545596,11.554914718740363,exc_bet,exceedance,1.0,0.0,0.0
vary_K,32,2,0.99,0.010000000000000009,0.0050000000000000044,545596,11.554914718740363,counts_exact,counts,1.0,0.0,0.0
vary_K,32,2,0.99,0.010000000000000009,0.0050000000000000044,545596,11.554914718740363,norm_bet,counts,1.0,0.0,0.0
vary_K,32,2,0.99,0.010000000000000009,0.0050000000000000044,728458,15.427660881282428,cdf_eb,cdf,0.012,0.0,0.988
vary_K,32,2,0.99,0.010000000000000009,0.0050000000000000044,728458,15.427660881282428,cdf_bet,cdf,0.0025,0.0,0.9975
vary_K,32,2,0.99,0.010000000000000009,0.0050000000000000044,728458,15.427660881282428,cdf_exact,cdf,0.126,0.0025,0.8715
vary_K,32,2,0.99,0.010000000000000009,0.0050000000000000044,728458,15.427660881282428,exc_eb,exceedance,1.0,0.0,0.0
vary_K,32,2,0.99,0.010000000000000009,0.0050000000000000044,728458,15.427660881282428,exc_bet,exceedance,1.0,0.0,0.0
vary_K,32,2,0.99,0.010000000000000009,0.0050000000000000044,728458,15.427660881282428,counts_exact,counts,1.0,0.0,0.0
vary_K,32,2,0.99,0.010000000000000009,0.0050000000000000044,728458,15.427660881282428,norm_bet,counts,1.0,0.0,0.0
vary_K,32,2,0.99,0.010000000000000009,0.0050000000000000044,972609,20.598417234875892,cdf_eb,cdf,0.0115,0.0,0.9885
vary_K,32,2,0.99,0.010000000000000009,0.0050000000000000044,972609,20.598417234875892,cdf_bet,cdf,0.004,0.0,0.996
vary_K,32,2,0.99,0.010000000000000009,0.0050000000000000044,972609,20.598417234875892,cdf_exact,cdf,0.133,0.002,0.865
vary_K,32,2,0.99,0.010000000000000009,0.0050000000000000044,972609,20.598417234875892,exc_eb,exceedance,1.0,0.0,0.0
vary_K,32,2,0.99,0.010000000000000009,0.0050000000000000044,972609,20.598417234875892,exc_bet,exceedance,1.0,0.0,0.0
vary_K,32,2,0.99,0.010000000000000009,0.0050000000000000044,972609,20.598417234875892,counts_exact,counts,1.0,0.0,0.0
vary_K,32,2,0.99,0.010000000000000009,0.0050000000000000044,972609,20.598417234875892,norm_bet,counts,1.0,0.0,0.0
vary_K,32,2,0.99,0.010000000000000009,0.0050000000000000044,1298589,27.50219053969298,cdf_eb,cdf,0.0225,0.0,0.9775
vary_K,32,2,0.99,0.010000000000000009,0.0050000000000000044,1298589,27.50219053969298,cdf_bet,cdf,0.006,0.0,0.994
vary_K,32,2,0.99,0.010000000000000009,0.0050000000000000044,1298589,27.50219053969298,cdf_exact,cdf,0.175,0.0005,0.8245
vary_K,32,2,0.99,0.010000000000000009,0.0050000000000000044,1298589,27.50219053969298,exc_eb,exceedance,1.0,0.0,0.0
vary_K,32,2,0.99,0.010000000000000009,0.0050000000000000044,1298589,27.50219053969298,exc_bet,exceedance,1.0,0.0,0.0
vary_K,32,2,0.99,0.010000000000000009,0.0050000000000000044,1298589,27.50219053969298,counts_exact,counts,1.0,0.0,0.0
vary_K,32,2,0.99,0.010000000000000009,0.0050000000000000044,1298589,27.50219053969298,norm_bet,counts,1.0,0.0,0.0
vary_K,32,2,0.99,0.010000000000000009,0.0050000000000000044,1733824,36.71982283100553,cdf_eb,cdf,0.037,0.0,0.963
vary_K,32,2,0.99,0.010000000000000009,0.0050000000000000044,1733824,36.71982283100553,cdf_bet,cdf,0.013,0.0,0.987
vary_K,32,2,0.99,0.010000000000000009,0.0050000000000000044,1733824,36.71982283100553,cdf_exact,cdf,0.214,0.0,0.786
vary_K,32,2,0.99,0.010000000000000009,0.0050000000000000044,1733824,36.71982283100553,exc_eb,exceedance,1.0,0.0,0.0
vary_K,32,2,0.99,0.010000000000000009,0.0050000000000000044,1733824,36.71982283100553,exc_bet,exceedance,1.0,0.0,0.0
vary_K,32,2,0.99,0.010000000000000009,0.0050000000000000044,1733824,36.71982283100553,counts_exact,counts,1.0,0.0,0.0
vary_K,32,2,0.99,0.010000000000000009,0.0050000000000000044,1733824,36.71982283100553,norm_bet,counts,1.0,0.0,0.0
vary_K,32,2,0.99,0.010000000000000009,0.0050000000000000044,2314934,49.0268714387798,cdf_eb,cdf,0.054,0.0,0.946
vary_K,32,2,0.99,0.010000000000000009,0.0050000000000000044,2314934,49.0268714387798,cdf_bet,cdf,0.0165,0.0,0.9835
vary_K,32,2,0.99,0.010000000000000009,0.0050000000000000044,2314934,49.0268714387798,cdf_exact,cdf,0.289,0.0,0.711
vary_K,32,2,0.99,0.010000000000000009,0.0050000000000000044,2314934,49.0268714387798,exc_eb,exceedance,1.0,0.0,0.0
vary_K,32,2,0.99,0.010000000000000009,0.0050000000000000044,2314934,49.0268714387798,exc_bet,exceedance,1.0,0.0,0.0
vary_K,32,2,0.99,0.010000000000000009,0.0050000000000000044,2314934,49.0268714387798,counts_exact,counts,1.0,0.0,0.0
vary_K,32,2,0.99,0.010000000000000009,0.0050000000000000044,2314934,49.0268714387798,norm_bet,counts,1.0,0.0,0.0
vary_K,32,2,0.99,0.010000000000000009,0.0050000000000000044,3090809,65.4587541091122,cdf_eb,cdf,0.088,0.0,0.912
vary_K,32,2,0.99,0.010000000000000009,0.0050000000000000044,3090809,65.4587541091122,cdf_bet,cdf,0.039,0.0,0.961
vary_K,32,2,0.99,0.010000000000000009,0.0050000000000000044,3090809,65.4587541091122,cdf_exact,cdf,0.3575,0.0,0.6425
vary_K,32,2,0.99,0.010000000000000009,0.0050000000000000044,3090809,65.4587541091122,exc_eb,exceedance,1.0,0.0,0.0
vary_K,32,2,0.99,0.010000000000000009,0.0050000000000000044,3090809,65.4587541091122,exc_bet,exceedance,1.0,0.0,0.0
vary_K,32,2,0.99,0.010000000000000009,0.0050000000000000044,3090809,65.4587541091122,counts_exact,counts,1.0,0.0,0.0
vary_K,32,2,0.99,0.010000000000000009,0.0050000000000000044,3090809,65.4587541091122,norm_bet,counts,1.0,0.0,0.0
vary_K,32,2,0.99,0.010000000000000009,0.0050000000000000044,4126726,87.39794096292594,cdf_eb,cdf,0.12,0.0,0.88
vary_K,32,2,0.99,0.010000000000000009,0.0050000000000000044,4126726,87.39794096292594,cdf_bet,cdf,0.0485,0.0,0.9515
vary_K,32,2,0.99,0.010000000000000009,0.0050000000000000044,4126726,87.39794096292594,cdf_exact,cdf,0.4555,0.0,0.5445
vary_K,32,2,0.99,0.010000000000000009,0.0050000000000000044,4126726,87.39794096292594,exc_eb,exceedance,1.0,0.0,0.0
vary_K,32,2,0.99,0.010000000000000009,0.0050000000000000044,4126726,87.39794096292594,exc_bet,exceedance,1.0,0.0,0.0
vary_K,32,2,0.99,0.010000000000000009,0.0050000000000000044,4126726,87.39794096292594,counts_exact,counts,1.0,0.0,0.0
vary_K,32,2,0.99,0.010000000000000009,0.0050000000000000044,4126726,87.39794096292594,norm_bet,counts,1.0,0.0,0.0
vary_K,32,2,0.99,0.010000000000000009,0.0050000000000000044,5509841,116.69026691694793,cdf_eb,cdf,0.208,0.0,0.792
vary_K,32,2,0.99,0.010000000000000009,0.0050000000000000044,5509841,116.69026691694793,cdf_bet,cdf,0.104,0.0,0.896
vary_K,32,2,0.99,0.010000000000000009,0.0050000000000000044,5509841,116.69026691694793,cdf_exact,cdf,0.5805,0.0,0.4195
vary_K,32,2,0.99,0.010000000000000009,0.0050000000000000044,5509841,116.69026691694793,exc_eb,exceedance,1.0,0.0,0.0
vary_K,32,2,0.99,0.010000000000000009,0.0050000000000000044,5509841,116.69026691694793,exc_bet,exceedance,1.0,0.0,0.0
vary_K,32,2,0.99,0.010000000000000009,0.0050000000000000044,5509841,116.69026691694793,counts_exact,counts,1.0,0.0,0.0
vary_K,32,2,0.99,0.010000000000000009,0.0050000000000000044,5509841,116.69026691694793,norm_bet,counts,1.0,0.0,0.0
vary_K,32,2,0.99,0.010000000000000009,0.0050000000000000044,7356523,155.80025493488225,cdf_eb,cdf,0.3055,0.0,0.6945
vary_K,32,2,0.99,0.010000000000000009,0.0050000000000000044,7356523,155.80025493488225,cdf_bet,cdf,0.17,0.0,0.83
vary_K,32,2,0.99,0.010000000000000009,0.0050000000000000044,7356523,155.80025493488225,cdf_exact,cdf,0.7025,0.0,0.2975
vary_K,32,2,0.99,0.010000000000000009,0.0050000000000000044,7356523,155.80025493488225,exc_eb,exceedance,1.0,0.0,0.0
vary_K,32,2,0.99,0.010000000000000009,0.0050000000000000044,7356523,155.80025493488225,exc_bet,exceedance,1.0,0.0,0.0
vary_K,32,2,0.99,0.010000000000000009,0.0050000000000000044,7356523,155.80025493488225,counts_exact,counts,1.0,0.0,0.0
vary_K,32,2,0.99,0.010000000000000009,0.0050000000000000044,7356523,155.80025493488225,norm_bet,counts,1.0,0.0,0.0
vary_K,32,2,0.99,0.010000000000000009,0.0050000000000000044,9822139,208.01834782625562,cdf_eb,cdf,0.443,0.0,0.557
vary_K,32,2,0.99,0.010000000000000009,0.0050000000000000044,9822139,208.01834782625562,cdf_bet,cdf,0.269,0.0,0.731
vary_K,32,2,0.99,0.010000000000000009,0.0050000000000000044,9822139,208.01834782625562,cdf_exact,cdf,0.8065,0.0,0.1935
vary_K,32,2,0.99,0.010000000000000009,0.0050000000000000044,9822139,208.01834782625562,exc_eb,exceedance,1.0,0.0,0.0
vary_K,32,2,0.99,0.010000000000000009,0.0050000000000000044,9822139,208.01834782625562,exc_bet,exceedance,1.0,0.0,0.0
vary_K,32,2,0.99,0.010000000000000009,0.0050000000000000044,9822139,208.01834782625562,counts_exact,counts,1.0,0.0,0.0
vary_K,32,2,0.99,0.010000000000000009,0.0050000000000000044,9822139,208.01834782625562,norm_bet,counts,1.0,0.0,0.0
vary_K,32,2,0.99,0.010000000000000009,0.0050000000000000044,13114132,277.7378809051093,cdf_eb,cdf,0.6105,0.0,0.3895
vary_K,32,2,0.99,0.010000000000000009,0.0050000000000000044,13114132,277.7378809051093,cdf_bet,cdf,0.4165,0.0,0.5835
vary_K,32,2,0.99,0.010000000000000009,0.0050000000000000044,13114132,277.7378809051093,cdf_exact,cdf,0.911,0.0,0.089
vary_K,32,2,0.99,0.010000000000000009,0.0050000000000000044,13114132,277.7378809051093,exc_eb,exceedance,1.0,0.0,0.0
vary_K,32,2,0.99,0.010000000000000009,0.0050000000000000044,13114132,277.7378809051093,exc_bet,exceedance,1.0,0.0,0.0
vary_K,32,2,0.99,0.010000000000000009,0.0050000000000000044,13114132,277.7378809051093,counts_exact,counts,1.0,0.0,0.0
vary_K,32,2,0.99,0.010000000000000009,0.0050000000000000044,13114132,277.7378809051093,norm_bet,counts,1.0,0.0,0.0
vary_K,32,2,0.99,0.010000000000000009,0.0050000000000000044,17509472,370.8246683080013,cdf_eb,cdf,0.7875,0.0,0.2125
vary_K,32,2,0.99,0.010000000000000009,0.0050000000000000044,17509472,370.8246683080013,cdf_bet,cdf,0.633,0.0,0.367
vary_K,32,2,0.99,0.010000000000000009,0.0050000000000000044,17509472,370.8246683080013,cdf_exact,cdf,0.9685,0.0,0.0315
vary_K,32,2,0.99,0.010000000000000009,0.0050000000000000044,17509472,370.8246683080013,exc_eb,exceedance,1.0,0.0,0.0
vary_K,32,2,0.99,0.010000000000000009,0.0050000000000000044,17509472,370.8246683080013,exc_bet,exceedance,1.0,0.0,0.0
vary_K,32,2,0.99,0.010000000000000009,0.0050000000000000044,17509472,370.8246683080013,counts_exact,counts,1.0,0.0,0.0
vary_K,32,2,0.99,0.010000000000000009,0.0050000000000000044,17509472,370.8246683080013,norm_bet,counts,1.0,0.0,0.0
vary_K,32,2,0.99,0.010000000000000009,0.0050000000000000044,23377956,495.1104624639195,cdf_eb,cdf,0.9155,0.0,0.0845
vary_K,32,2,0.99,0.010000000000000009,0.0050000000000000044,23377956,495.1104624639195,cdf_bet,cdf,0.8215,0.0,0.1785
vary_K,32,2,0.99,0.010000000000000009,0.0050000000000000044,23377956,495.1104624639195,cdf_exact,cdf,0.9925,0.0,0.0075
vary_K,32,2,0.99,0.010000000000000009,0.0050000000000000044,23377956,495.1104624639195,exc_eb,exceedance,1.0,0.0,0.0
vary_K,32,2,0.99,0.010000000000000009,0.0050000000000000044,23377956,495.1104624639195,exc_bet,exceedance,1.0,0.0,0.0
vary_K,32,2,0.99,0.010000000000000009,0.0050000000000000044,23377956,495.1104624639195,counts_exact,counts,1.0,0.0,0.0
vary_K,32,2,0.99,0.010000000000000009,0.0050000000000000044,23377956,495.1104624639195,norm_bet,counts,1.0,0.0,0.0
vary_K,32,2,0.99,0.010000000000000009,0.0050000000000000044,31213324,661.0519448610544,cdf_eb,cdf,0.9805,0.0,0.0195
vary_K,32,2,0.99,0.010000000000000009,0.0050000000000000044,31213324,661.0519448610544,cdf_bet,cdf,0.9435,0.0,0.0565
vary_K,32,2,0.99,0.010000000000000009,0.0050000000000000044,31213324,661.0519448610544,cdf_exact,cdf,0.999,0.0,0.001
vary_K,32,2,0.99,0.010000000000000009,0.0050000000000000044,31213324,661.0519448610544,exc_eb,exceedance,1.0,0.0,0.0
vary_K,32,2,0.99,0.010000000000000009,0.0050000000000000044,31213324,661.0519448610544,exc_bet,exceedance,1.0,0.0,0.0
vary_K,32,2,0.99,0.010000000000000009,0.0050000000000000044,31213324,661.0519448610544,counts_exact,counts,1.0,0.0,0.0
vary_K,32,2,0.99,0.010000000000000009,0.0050000000000000044,31213324,661.0519448610544,norm_bet,counts,1.0,0.0,0.0
vary_K,32,2,0.99,0.010000000000000009,0.0050000000000000044,41674798,882.6104605069163,cdf_eb,cdf,0.997,0.0,0.003
vary_K,32,2,0.99,0.010000000000000009,0.0050000000000000044,41674798,882.6104605069163,cdf_bet,cdf,0.9895,0.0,0.0105
vary_K,32,2,0.99,0.010000000000000009,0.0050000000000000044,41674798,882.6104605069163,cdf_exact,cdf,0.9995,0.0,0.0005
vary_K,32,2,0.99,0.010000000000000009,0.0050000000000000044,41674798,882.6104605069163,exc_eb,exceedance,1.0,0.0,0.0
vary_K,32,2,0.99,0.010000000000000009,0.0050000000000000044,41674798,882.6104605069163,exc_bet,exceedance,1.0,0.0,0.0
vary_K,32,2,0.99,0.010000000000000009,0.0050000000000000044,41674798,882.6104605069163,counts_exact,counts,1.0,0.0,0.0
vary_K,32,2,0.99,0.010000000000000009,0.0050000000000000044,41674798,882.6104605069163,norm_bet,counts,1.0,0.0,0.0
vary_K,32,2,0.99,0.010000000000000009,0.0050000000000000044,55642546,1178.4266632519075,cdf_eb,cdf,0.9995,0.0,0.0005
vary_K,32,2,0.99,0.010000000000000009,0.0050000000000000044,55642546,1178.4266632519075,cdf_bet,cdf,0.999,0.0,0.001
vary_K,32,2,0.99,0.010000000000000009,0.0050000000000000044,55642546,1178.4266632519075,cdf_exact,cdf,1.0,0.0,0.0
vary_K,32,2,0.99,0.010000000000000009,0.0050000000000000044,55642546,1178.4266632519075,exc_eb,exceedance,1.0,0.0,0.0
vary_K,32,2,0.99,0.010000000000000009,0.0050000000000000044,55642546,1178.4266632519075,exc_bet,exceedance,1.0,0.0,0.0
vary_K,32,2,0.99,0.010000000000000009,0.0050000000000000044,55642546,1178.4266632519075,counts_exact,counts,1.0,0.0,0.0
vary_K,32,2,0.99,0.010000000000000009,0.0050000000000000044,55642546,1178.4266632519075,norm_bet,counts,1.0,0.0,0.0
vary_K,32,2,0.99,0.010000000000000009,0.0050000000000000044,74291732,1573.3887850488538,cdf_eb,cdf,1.0,0.0,0.0
vary_K,32,2,0.99,0.010000000000000009,0.0050000000000000044,74291732,1573.3887850488538,cdf_bet,cdf,1.0,0.0,0.0
vary_K,32,2,0.99,0.010000000000000009,0.0050000000000000044,74291732,1573.3887850488538,cdf_exact,cdf,1.0,0.0,0.0
vary_K,32,2,0.99,0.010000000000000009,0.0050000000000000044,74291732,1573.3887850488538,exc_eb,exceedance,1.0,0.0,0.0
vary_K,32,2,0.99,0.010000000000000009,0.0050000000000000044,74291732,1573.3887850488538,exc_bet,exceedance,1.0,0.0,0.0
vary_K,32,2,0.99,0.010000000000000009,0.0050000000000000044,74291732,1573.3887850488538,counts_exact,counts,1.0,0.0,0.0
vary_K,32,2,0.99,0.010000000000000009,0.0050000000000000044,74291732,1573.3887850488538,norm_bet,counts,1.0,0.0,0.0
vary_K,32,2,0.99,0.010000000000000009,0.0050000000000000044,99191389,2100.7266195653947,cdf_eb,cdf,1.0,0.0,0.0
vary_K,32,2,0.99,0.010000000000000009,0.0050000000000000044,99191389,2100.7266195653947,cdf_bet,cdf,1.0,0.0,0.0
vary_K,32,2,0.99,0.010000000000000009,0.0050000000000000044,99191389,2100.7266195653947,cdf_exact,cdf,1.0,0.0,0.0
vary_K,32,2,0.99,0.010000000000000009,0.0050000000000000044,99191389,2100.7266195653947,exc_eb,exceedance,1.0,0.0,0.0
vary_K,32,2,0.99,0.010000000000000009,0.0050000000000000044,99191389,2100.7266195653947,exc_bet,exceedance,1.0,0.0,0.0
vary_K,32,2,0.99,0.010000000000000009,0.0050000000000000044,99191389,2100.7266195653947,counts_exact,counts,1.0,0.0,0.0
vary_K,32,2,0.99,0.010000000000000009,0.0050000000000000044,99191389,2100.7266195653947,norm_bet,counts,1.0,0.0,0.0
vary_K,32,2,0.99,0.010000000000000009,0.0050000000000000044,132436429,2804.8072983480693,cdf_eb,cdf,1.0,0.0,0.0
vary_K,32,2,0.99,0.010000000000000009,0.0050000000000000044,132436429,2804.8072983480693,cdf_bet,cdf,1.0,0.0,0.0
vary_K,32,2,0.99,0.010000000000000009,0.0050000000000000044,132436429,2804.8072983480693,cdf_exact,cdf,1.0,0.0,0.0
vary_K,32,2,0.99,0.010000000000000009,0.0050000000000000044,132436429,2804.8072983480693,exc_eb,exceedance,1.0,0.0,0.0
vary_K,32,2,0.99,0.010000000000000009,0.0050000000000000044,132436429,2804.8072983480693,exc_bet,exceedance,1.0,0.0,0.0
vary_K,32,2,0.99,0.010000000000000009,0.0050000000000000044,132436429,2804.8072983480693,counts_exact,counts,1.0,0.0,0.0
vary_K,32,2,0.99,0.010000000000000009,0.0050000000000000044,132436429,2804.8072983480693,norm_bet,counts,1.0,0.0,0.0
vary_K,32,2,0.99,0.010000000000000009,0.0050000000000000044,176823893,3744.868004623698,cdf_eb,cdf,1.0,0.0,0.0
vary_K,32,2,0.99,0.010000000000000009,0.0050000000000000044,176823893,3744.868004623698,cdf_bet,cdf,1.0,0.0,0.0
vary_K,32,2,0.99,0.010000000000000009,0.0050000000000000044,176823893,3744.868004623698,cdf_exact,cdf,1.0,0.0,0.0
vary_K,32,2,0.99,0.010000000000000009,0.0050000000000000044,176823893,3744.868004623698,exc_eb,exceedance,1.0,0.0,0.0
vary_K,32,2,0.99,0.010000000000000009,0.0050000000000000044,176823893,3744.868004623698,exc_bet,exceedance,1.0,0.0,0.0
vary_K,32,2,0.99,0.010000000000000009,0.0050000000000000044,176823893,3744.868004623698,counts_exact,counts,1.0,0.0,0.0
vary_K,32,2,0.99,0.010000000000000009,0.0050000000000000044,176823893,3744.868004623698,norm_bet,counts,1.0,0.0,0.0
vary_K,32,2,0.99,0.010000000000000009,0.0050000000000000044,236088285,4999.999998659576,cdf_eb,cdf,1.0,0.0,0.0
vary_K,32,2,0.99,0.010000000000000009,0.0050000000000000044,236088285,4999.999998659576,cdf_bet,cdf,1.0,0.0,0.0
vary_K,32,2,0.99,0.010000000000000009,0.0050000000000000044,236088285,4999.999998659576,cdf_exact,cdf,1.0,0.0,0.0
vary_K,32,2,0.99,0.010000000000000009,0.0050000000000000044,236088285,4999.999998659576,exc_eb,exceedance,1.0,0.0,0.0
vary_K,32,2,0.99,0.010000000000000009,0.0050000000000000044,236088285,4999.999998659576,exc_bet,exceedance,1.0,0.0,0.0
vary_K,32,2,0.99,0.010000000000000009,0.0050000000000000044,236088285,4999.999998659576,counts_exact,counts,1.0,0.0,0.0
vary_K,32,2,0.99,0.010000000000000009,0.0050000000000000044,236088285,4999.999998659576,norm_bet,counts,1.0,0.0,0.0
vary_K,32,4,0.99,0.010000000000000009,0.0050000000000000044,1122,0.020003586766542698,cdf_eb,cdf,0.0,0.0,1.0
vary_K,32,4,0.99,0.010000000000000009,0.0050000000000000044,1122,0.020003586766542698,cdf_bet,cdf,0.0,0.0,1.0
vary_K,32,4,0.99,0.010000000000000009,0.0050000000000000044,1122,0.020003586766542698,cdf_exact,cdf,0.009,0.031,0.96
vary_K,32,4,0.99,0.010000000000000009,0.0050000000000000044,1122,0.020003586766542698,exc_eb,exceedance,0.0,0.0,1.0
vary_K,32,4,0.99,0.010000000000000009,0.0050000000000000044,1122,0.020003586766542698,exc_bet,exceedance,0.0,0.0,1.0
vary_K,32,4,0.99,0.010000000000000009,0.0050000000000000044,1122,0.020003586766542698,counts_exact,counts,0.0,0.0,1.0
vary_K,32,4,0.99,0.010000000000000009,0.0050000000000000044,1122,0.020003586766542698,norm_bet,counts,0.0,0.0,1.0
vary_K,32,4,0.99,0.010000000000000009,0.0050000000000000044,1498,0.0267071060394661,cdf_eb,cdf,0.0,0.0,1.0
vary_K,32,4,0.99,0.010000000000000009,0.0050000000000000044,1498,0.0267071060394661,cdf_bet,cdf,0.0,0.0,1.0
vary_K,32,4,0.99,0.010000000000000009,0.0050000000000000044,1498,0.0267071060394661,cdf_exact,cdf,0.0105,0.0255,0.964
vary_K,32,4,0.99,0.010000000000000009,0.0050000000000000044,1498,0.0267071060394661,exc_eb,exceedance,0.0,0.0,1.0
vary_K,32,4,0.99,0.010000000000000009,0.0050000000000000044,1498,0.0267071060394661,exc_bet,exceedance,0.0,0.0,1.0
vary_K,32,4,0.99,0.010000000000000009,0.0050000000000000044,1498,0.0267071060394661,counts_exact,counts,0.0,0.0,1.0
vary_K,32,4,0.99,0.010000000000000009,0.0050000000000000044,1498,0.0267071060394661,norm_bet,counts,0.0,0.0,1.0
vary_K,32,4,0.99,0.010000000000000009,0.0050000000000000044,2000,0.03565701740916702,cdf_eb,cdf,0.0,0.0,1.0
vary_K,32,4,0.99,0.010000000000000009,0.0050000000000000044,2000,0.03565701740916702,cdf_bet,cdf,0.0,0.0,1.0
vary_K,32,4,0.99,0.010000000000000009,0.0050000000000000044,2000,0.03565701740916702,cdf_exact,cdf,0.014,0.0275,0.9585
vary_K,32,4,0.99,0.010000000000000009,0.0050000000000000044,2000,0.03565701740916702,exc_eb,exceedance,0.0,0.0,1.0
vary_K,32,4,0.99,0.010000000000000009,0.0050000000000000044,2000,0.03565701740916702,exc_bet,exceedance,0.0,0.0,1.0
vary_K,32,4,0.99,0.010000000000000009,0.0050000000000000044,2000,0.03565701740916702,counts_exact,counts,0.0,0.0,1.0
vary_K,32,4,0.99,0.010000000000000009,0.0050000000000000044,2000,0.03565701740916702,norm_bet,counts,0.0,0.0,1.0
vary_K,32,4,0.99,0.010000000000000009,0.0050000000000000044,2670,0.04760211824123797,cdf_eb,cdf,0.0,0.0,1.0
vary_K,32,4,0.99,0.010000000000000009,0.0050000000000000044,2670,0.04760211824123797,cdf_bet,cdf,0.0,0.0,1.0
vary_K,32,4,0.99,0.010000000000000009,0.0050000000000000044,2670,0.04760211824123797,cdf_exact,cdf,0.0135,0.0325,0.954
vary_K,32,4,0.99,0.010000000000000009,0.0050000000000000044,2670,0.04760211824123797,exc_eb,exceedance,0.0,0.0,1.0
vary_K,32,4,0.99,0.010000000000000009,0.0050000000000000044,2670,0.04760211824123797,exc_bet,exceedance,0.0,0.0,1.0
vary_K,32,4,0.99,0.010000000000000009,0.0050000000000000044,2670,0.04760211824123797,counts_exact,counts,0.0,0.0,1.0
vary_K,32,4,0.99,0.010000000000000009,0.0050000000000000044,2670,0.04760211824123797,norm_bet,counts,0.0,0.0,1.0
vary_K,32,4,0.99,0.010000000000000009,0.0050000000000000044,3565,0.06355863353184021,cdf_eb,cdf,0.0,0.0,1.0
vary_K,32,4,0.99,0.010000000000000009,0.0050000000000000044,3565,0.06355863353184021,cdf_bet,cdf,0.0,0.0,1.0
vary_K,32,4,0.99,0.010000000000000009,0.0050000000000000044,3565,0.06355863353184021,cdf_exact,cdf,0.015,0.032,0.953
vary_K,32,4,0.99,0.010000000000000009,0.0050000000000000044,3565,0.06355863353184021,exc_eb,exceedance,0.0,0.0,1.0
vary_K,32,4,0.99,0.010000000000000009,0.0050000000000000044,3565,0.06355863353184021,exc_bet,exceedance,0.0,0.0,1.0
vary_K,32,4,0.99,0.010000000000000009,0.0050000000000000044,3565,0.06355863353184021,counts_exact,counts,0.0,0.0,1.0
vary_K,32,4,0.99,0.010000000000000009,0.0050000000000000044,3565,0.06355863353184021,norm_bet,counts,0.0,0.0,1.0
vary_K,32,4,0.99,0.010000000000000009,0.0050000000000000044,4760,0.08486370143381751,cdf_eb,cdf,0.0,0.0,1.0
vary_K,32,4,0.99,0.010000000000000009,0.0050000000000000044,4760,0.08486370143381751,cdf_bet,cdf,0.0,0.0,1.0
vary_K,32,4,0.99,0.010000000000000009,0.0050000000000000044,4760,0.08486370143381751,cdf_exact,cdf,0.015,0.0315,0.9535
vary_K,32,4,0.99,0.010000000000000009,0.0050000000000000044,4760,0.08486370143381751,exc_eb,exceedance,0.0,0.0,1.0
vary_K,32,4,0.99,0.010000000000000009,0.0050000000000000044,4760,0.08486370143381751,exc_bet,exceedance,0.0,0.0,1.0
vary_K,32,4,0.99,0.010000000000000009,0.0050000000000000044,4760,0.08486370143381751,counts_exact,counts,0.0,0.0,1.0
vary_K,32,4,0.99,0.010000000000000009,0.0050000000000000044,4760,0.08486370143381751,norm_bet,counts,0.0,0.0,1.0
vary_K,32,4,0.99,0.010000000000000009,0.0050000000000000044,6355,0.1133001728176282,cdf_eb,cdf,0.0,0.0,1.0
vary_K,32,4,0.99,0.010000000000000009,0.0050000000000000044,6355,0.1133001728176282,cdf_bet,cdf,0.0,0.0005,0.9995
vary_K,32,4,0.99,0.010000000000000009,0.0050000000000000044,6355,0.1133001728176282,cdf_exact,cdf,0.013,0.034,0.953
vary_K,32,4,0.99,0.010000000000000009,0.0050000000000000044,6355,0.1133001728176282,exc_eb,exceedance,0.0,0.0,1.0
vary_K,32,4,0.99,0.010000000000000009,0.0050000000000000044,6355,0.1133001728176282,exc_bet,exceedance,0.0,0.0,1.0
vary_K,32,4,0.99,0.010000000000000009,0.0050000000000000044,6355,0.1133001728176282,counts_exact,counts,0.0,0.0,1.0
vary_K,32,4,0.99,0.010000000000000009,0.0050000000000000044,6355,0.1133001728176282,norm_bet,counts,0.0,0.0,1.0
vary_K,32,4,0.99,0.010000000000000009,0.0050000000000000044,8485,0.1512748963583911,cdf_eb,cdf,0.0,0.0,1.0
vary_K,32,4,0.99,0.010000000000000009,0.0050000000000000044,8485,0.1512748963583911,cdf_bet,cdf,0.0,0.0,1.0
vary_K,32,4,0.99,0.010000000000000009,0.0050000000000000044,8485,0.1512748963583911,cdf_exact,cdf,0.0155,0.031,0.9535
vary_K,32,4,0.99,0.010000000000000009,0.0050000000000000044,8485,0.1512748963583911,exc_eb,exceedance,0.0,0.0,1.0
vary_K,32,4,0.99,0.010000000000000009,0.0050000000000000044,8485,0.1512748963583911,exc_bet,exceedance,0.0,0.0,1.0
vary_K,32,4,0.99,0.010000000000000009,0.0050000000000000044,8485,0.1512748963583911,counts_exact,counts,0.0,0.0,1.0
vary_K,32,4,0.99,0.010000000000000009,0.0050000000000000044,8485,0.1512748963583911,norm_bet,counts,0.0,0.0,1.0
vary_K,32,4,0.99,0.010000000000000009,0.0050000000000000044,11329,0.20197917511422658,cdf_eb,cdf,0.0,0.0,1.0
vary_K,32,4,0.99,0.010000000000000009,0.0050000000000000044,11329,0.20197917511422658,cdf_bet,cdf,0.0,0.0,1.0
vary_K,32,4,0.99,0.010000000000000009,0.0050000000000000044,11329,0.20197917511422658,cdf_exact,cdf,0.0145,0.0285,0.957
vary_K,32,4,0.99,0.010000000000000009,0.0050000000000000044,11329,0.20197917511422658,exc_eb,exceedance,0.0,0.0,1.0
vary_K,32,4,0.99,0.010000000000000009,0.0050000000000000044,11329,0.20197917511422658,exc_bet,exceedance,0.0,0.0,1.0
vary_K,32,4,0.99,0.010000000000000009,0.0050000000000000044,11329,0.20197917511422658,counts_exact,counts,0.0,0.0,1.0
vary_K,32,4,0.99,0.010000000000000009,0.0050000000000000044,11329,0.20197917511422658,norm_bet,counts,0.0,0.0,1.0
vary_K,32,4,0.99,0.010000000000000009,0.0050000000000000044,15126,0.26967402266553014,cdf_eb,cdf,0.001,0.0,0.999
vary_K,32,4,0.99,0.010000000000000009,0.0050000000000000044,15126,0.26967402266553014,cdf_bet,cdf,0.001,0.0,0.999
vary_K,32,4,0.99,0.010000000000000009,0.0050000000000000044,15126,0.26967402266553014,cdf_exact,cdf,0.0145,0.0195,0.966
vary_K,32,4,0.99,0.010000000000000009,0.0050000000000000044,15126,0.26967402266553014,exc_eb,exceedance,0.0,0.0,1.0
vary_K,32,4,0.99,0.010000000000000009,0.0050000000000000044,15126,0.26967402266553014,exc_bet,exceedance,0.0,0.0,1.0
vary_K,32,4,0.99,0.010000000000000009,0.0050000000000000044,15126,0.26967402266553014,counts_exact,counts,0.0875,0.0005,0.912
vary_K,32,4,0.99,0.010000000000000009,0.0050000000000000044,15126,0.26967402266553014,norm_bet,counts,0.0,0.0,1.0
vary_K,32,4,0.99,0.010000000000000009,0.0050000000000000044,20195,0.36004673328906395,cdf_eb,cdf,0.0,0.0,1.0
vary_K,32,4,0.99,0.010000000000000009,0.0050000000000000044,20195,0.36004673328906395,cdf_bet,cdf,0.0,0.0,1.0
vary_K,32,4,0.99,0.010000000000000009,0.0050000000000000044,20195,0.36004673328906395,cdf_exact,cdf,0.0165,0.0245,0.959
vary_K,32,4,0.99,0.010000000000000009,0.0050000000000000044,20195,0.36004673328906395,exc_eb,exceedance,0.0,0.0,1.0
vary_K,32,4,0.99,0.010000000000000009,0.0050000000000000044,20195,0.36004673328906395,exc_bet,exceedance,0.0,0.0,1.0
vary_K,32,4,0.99,0.010000000000000009,0.0050000000000000044,20195,0.36004673328906395,counts_exact,counts,0.089,0.002,0.909
vary_K,32,4,0.99,0.010000000000000009,0.0050000000000000044,20195,0.36004673328906395,norm_bet,counts,0.0,0.0,1.0
vary_K,32,4,0.99,0.010000000000000009,0.0050000000000000044,26964,0.48072790871038973,cdf_eb,cdf,0.0005,0.0,0.9995
vary_K,32,4,0.99,0.010000000000000009,0.0050000000000000044,26964,0.48072790871038973,cdf_bet,cdf,0.0005,0.0,0.9995
vary_K,32,4,0.99,0.010000000000000009,0.0050000000000000044,26964,0.48072790871038973,cdf_exact,cdf,0.0185,0.026,0.9555
vary_K,32,4,0.99,0.010000000000000009,0.0050000000000000044,26964,0.48072790871038973,exc_eb,exceedance,0.0,0.0,1.0
vary_K,32,4,0.99,0.010000000000000009,0.0050000000000000044,26964,0.48072790871038973,exc_bet,exceedance,0.0,0.0,1.0
vary_K,32,4,0.99,0.010000000000000009,0.0050000000000000044,26964,0.48072790871038973,counts_exact,counts,0.1975,0.0005,0.802
vary_K,32,4,0.99,0.010000000000000009,0.0050000000000000044,26964,0.48072790871038973,norm_bet,counts,0.0005,0.0,0.9995
vary_K,32,4,0.99,0.010000000000000009,0.0050000000000000044,36001,0.641844141873711,cdf_eb,cdf,0.0005,0.0,0.9995
vary_K,32,4,0.99,0.010000000000000009,0.0050000000000000044,36001,0.641844141873711,cdf_bet,cdf,0.0,0.0,1.0
vary_K,32,4,0.99,0.010000000000000009,0.0050000000000000044,36001,0.641844141873711,cdf_exact,cdf,0.0205,0.027,0.9525
vary_K,32,4,0.99,0.010000000000000009,0.0050000000000000044,36001,0.641844141873711,exc_eb,exceedance,0.0,0.0,1.0
vary_K,32,4,0.99,0.010000000000000009,0.0050000000000000044,36001,0.641844141873711,exc_bet,exceedance,0.02,0.0,0.98
vary_K,32,4,0.99,0.010000000000000009,0.0050000000000000044,36001,0.641844141873711,counts_exact,counts,0.2455,0.001,0.7535
vary_K,32,4,0.99,0.010000000000000009,0.0050000000000000044,36001,0.641844141873711,norm_bet,counts,0.027,0.0,0.973
vary_K,32,4,0.99,0.010000000000000009,0.0050000000000000044,48067,0.8569629279032156,cdf_eb,cdf,0.0,0.0,1.0
vary_K,32,4,0.99,0.010000000000000009,0.0050000000000000044,48067,0.8569629279032156,cdf_bet,cdf,0.0,0.0,1.0
vary_K,32,4,0.99,0.010000000000000009,0.0050000000000000044,48067,0.8569629279032156,cdf_exact,cdf,0.0215,0.0165,0.962
vary_K,32,4,0.99,0.010000000000000009,0.0050000000000000044,48067,0.8569629279032156,exc_eb,exceedance,0.0005,0.0,0.9995
vary_K,32,4,0.99,0.010000000000000009,0.0050000000000000044,48067,0.8569629279032156,exc_bet,exceedance,0.122,0.0,0.878
vary_K,32,4,0.99,0.010000000000000009,0.0050000000000000044,48067,0.8569629279032156,counts_exact,counts,0.3825,0.0,0.6175
vary_K,32,4,0.99,0.010000000000000009,0.0050000000000000044,48067,0.8569629279032156,norm_bet,counts,0.118,0.0,0.882
vary_K,32,4,0.99,0.010000000000000009,0.0050000000000000044,64178,1.1441980316427605,cdf_eb,cdf,0.0005,0.0,0.9995
vary_K,32,4,0.99,0.010000000000000009,0.0050000000000000044,64178,1.1441980316427605,cdf_bet,cdf,0.0,0.0,1.0
vary_K,32,4,0.99,0.010000000000000009,0.0050000000000000044,64178,1.1441980316427605,cdf_exact,cdf,0.021,0.0275,0.9515
vary_K,32,4,0.99,0.010000000000000009,0.0050000000000000044,64178,1.1441980316427605,exc_eb,exceedance,0.004,0.0,0.996
vary_K,32,4,0.99,0.010000000000000009,0.0050000000000000044,64178,1.1441980316427605,exc_bet,exceedance,0.3415,0.0,0.6585
vary_K,32,4,0.99,0.010000000000000009,0.0050000000000000044,64178,1.1441980316427605,counts_exact,counts,0.5725,0.0,0.4275
vary_K,32,4,0.99,0.010000000000000009,0.0050000000000000044,64178,1.1441980316427605,norm_bet,counts,0.3025,0.0,0.6975
vary_K,32,4,0.99,0.010000000000000009,0.0050000000000000044,85687,1.5276714253696473,cdf_eb,cdf,0.0005,0.0,0.9995
vary_K,32,4,0.99,0.010000000000000009,0.0050000000000000044,85687,1.5276714253696473,cdf_bet,cdf,0.0,0.0,1.0
vary_K,32,4,0.99,0.010000000000000009,0.0050000000000000044,85687,1.5276714253696473,cdf_exact,cdf,0.0225,0.019,0.9585
vary_K,32,4,0.99,0.010000000000000009,0.0050000000000000044,85687,1.5276714253696473,exc_eb,exceedance,0.0225,0.0,0.9775
vary_K,32,4,0.99,0.010000000000000009,0.0050000000000000044,85687,1.5276714253696473,exc_bet,exceedance,0.4185,0.0,0.5815
vary_K,32,4,0.99,0.010000000000000009,0.0050000000000000044,85687,1.5276714253696473,counts_exact,counts,0.717,0.0,0.283
vary_K,32,4,0.99,0.010000000000000009,0.0050000000000000044,85687,1.5276714253696473,norm_bet,counts,0.446,0.0,0.554
vary_K,32,4,0.99,0.010000000000000009,0.0050000000000000044,114407,2.0397061953652855,cdf_eb,cdf,0.0,0.0,1.0
vary_K,32,4,0.99,0.010000000000000009,0.0050000000000000044,114407,2.0397061953652855,cdf_bet,cdf,0.0,0.0,1.0
vary_K,32,4,0.99,0.010000000000000009,0.0050000000000000044,114407,2.0397061953652855,cdf_exact,cdf,0.026,0.0155,0.9585
vary_K,32,4,0.99,0.010000000000000009,0.0050000000000000044,114407,2.0397061953652855,exc_eb,exceedance,0.083,0.0,0.917
vary_K,32,4,0.99,0.010000000000000009,0.0050000000000000044,114407,2.0397061953652855,exc_bet,exceedance,0.672,0.0,0.328
vary_K,32,4,0.99,0.010000000000000009,0.0050000000000000044,114407,2.0397061953652855,counts_exact,counts,0.87,0.0,0.13
vary_K,32,4,0.99,0.010000000000000009,0.0050000000000000044,114407,2.0397061953652855,norm_bet,counts,0.6615,0.0,0.3385
vary_K,32,4,0.99,0.010000000000000009,0.0050000000000000044,152751,2.7233225331338358,cdf_eb,cdf,0.0005,0.0,0.9995
vary_K,32,4,0.99,0.010000000000000009,0.0050000000000000044,152751,2.7233225331338358,cdf_bet,cdf,0.0,0.0,1.0
vary_K,32,4,0.99,0.010000000000000009,0.0050000000000000044,152751,2.7233225331338358,cdf_exact,cdf,0.0325,0.0095,0.958
vary_K,32,4,0.99,0.010000000000000009,0.0050000000000000044,152751,2.7233225331338358,exc_eb,exceedance,0.33,0.0,0.67
vary_K,32,4,0.99,0.010000000000000009,0.0050000000000000044,152751,2.7233225331338358,exc_bet,exceedance,0.793,0.0,0.207
vary_K,32,4,0.99,0.010000000000000009,0.0050000000000000044,152751,2.7233225331338358,counts_exact,counts,0.9495,0.0,0.0505
vary_K,32,4,0.99,0.010000000000000009,0.0050000000000000044,152751,2.7233225331338358,norm_bet,counts,0.809,0.0,0.191
vary_K,32,4,0.99,0.010000000000000009,0.0050000000000000044,203947,3.6360708647736932,cdf_eb,cdf,0.0015,0.0,0.9985
vary_K,32,4,0.99,0.010000000000000009,0.0050000000000000044,203947,3.6360708647736932,cdf_bet,cdf,0.0,0.0,1.0
vary_K,32,4,0.99,0.010000000000000009,0.0050000000000000044,203947,3.6360708647736932,cdf_exact,cdf,0.0305,0.0095,0.96
vary_K,32,4,0.99,0.010000000000000009,0.0050000000000000044,203947,3.6360708647736932,exc_eb,exceedance,0.62,0.0,0.38
vary_K,32,4,0.99,0.010000000000000009,0.0050000000000000044,203947,3.6360708647736932,exc_bet,exceedance,0.8935,0.0,0.1065
vary_K,32,4,0.99,0.010000000000000009,0.0050000000000000044,203947,3.6360708647736932,counts_exact,counts,0.99,0.0,0.01
vary_K,32,4,0.99,0.010000000000000009,0.0050000000000000044,203947,3.6360708647736932,norm_bet,counts,0.8955,0.0,0.1045
vary_K,32,4,0.99,0.010000000000000009,0.0050000000000000044,272302,4.854738577275499,cdf_eb,cdf,0.004,0.0,0.996
vary_K,32,4,0.99,0.010000000000000009,0.0050000000000000044,272302,4.854738577275499,cdf_bet,cdf,0.001,0.0,0.999
vary_K,32,4,0.99,0.010000000000000009,0.0050000000000000044,272302,4.854738577275499,cdf_exact,cdf,0.035,0.014,0.951
vary_K,32,4,0.99,0.010000000000000009,0.0050000000000000044,272302,4.854738577275499,exc_eb,exceedance,0.879,0.0,0.121
vary_K,32,4,0.99,0.010000000000000009,0.0050000000000000044,272302,4.854738577275499,exc_bet,exceedance,0.9735,0.0,0.0265
vary_K,32,4,0.99,0.010000000000000009,0.0050000000000000044,272302,4.854738577275499,counts_exact,counts,0.999,0.0,0.001
vary_K,32,4,0.99,0.010000000000000009,0.0050000000000000044,272302,4.854738577275499,norm_bet,counts,0.976,0.0,0.024
vary_K,32,4,0.99,0.010000000000000009,0.0050000000000000044,363567,6.481857424199313,cdf_eb,cdf,0.005,0.0005,0.9945
vary_K,32,4,0.99,0.010000000000000009,0.0050000000000000044,363567,6.481857424199313,cdf_bet,cdf,0.001,0.0,0.999
vary_K,32,4,0.99,0.010000000000000009,0.0050000000000000044,363567,6.481857424199313,cdf_exact,cdf,0.0465,0.0105,0.943
vary_K,32,4,0.99,0.010000000000000009,0.0050000000000000044,363567,6.481857424199313,exc_eb,exceedance,0.987,0.0,0.013
vary_K,32,4,0.99,0.010000000000000009,0.0050000000000000044,363567,6.481857424199313,exc_bet,exceedance,0.997,0.0,0.003
vary_K,32,4,0.99,0.010000000000000009,0.0050000000000000044,363567,6.481857424199313,counts_exact,counts,1.0,0.0,0.0
vary_K,32,4,0.99,0.010000000000000009,0.0050000000000000044,363567,6.481857424199313,norm_bet,counts,0.997,0.0,0.003
vary_K,32,4,0.99,0.010000000000000009,0.0050000000000000044,485421,8.654332523887632,cdf_eb,cdf,0.0025,0.0,0.9975
vary_K,32,4,0.99,0.010000000000000009,0.0050000000000000044,485421,8.654332523887632,cdf_bet,cdf,0.0005,0.0,0.9995
vary_K,32,4,0.99,0.010000000000000009,0.0050000000000000044,485421,8.654332523887632,cdf_exact,cdf,0.0555,0.006,0.9385
vary_K,32,4,0.99,0.010000000000000009,0.0050000000000000044,485421,8.654332523887632,exc_eb,exceedance,1.0,0.0,0.0
vary_K,32,4,0.99,0.010000000000000009,0.0050000000000000044,485421,8.654332523887632,exc_bet,exceedance,1.0,0.0,0.0
vary_K,32,4,0.99,0.010000000000000009,0.0050000000000000044,485421,8.654332523887632,counts_exact,counts,1.0,0.0,0.0
vary_K,32,4,0.99,0.010000000000000009,0.0050000000000000044,485421,8.654332523887632,norm_bet,counts,1.0,0.0,0.0
vary_K,32,4,0.99,0.010000000000000009,0.0050000000000000044,648114,11.554906090562437,cdf_eb,cdf,0.0045,0.0,0.9955
vary_K,32,4,0.99,0.010000000000000009,0.0050000000000000044,648114,11.554906090562437,cdf_bet,cdf,0.0005,0.0,0.9995
vary_K,32,4,0.99,0.010000000000000009,0.0050000000000000044,648114,11.554906090562437,cdf_exact,cdf,0.0625,0.003,0.9345
vary_K,32,4,0.99,0.010000000000000009,0.0050000000000000044,648114,11.554906090562437,exc_eb,exceedance,1.0,0.0,0.0
vary_K,32,4,0.99,0.010000000000000009,0.0050000000000000044,648114,11.554906090562437,exc_bet,exceedance,1.0,0.0,0.0
vary_K,32,4,0.99,0.010000000000000009,0.0050000000000000044,648114,11.554906090562437,counts_exact,counts,1.0,0.0,0.0
vary_K,32,4,0.99,0.010000000000000009,0.0050000000000000044,648114,11.554906090562437,norm_bet,counts,1.0,0.0,0.0
vary_K,32,4,0.99,0.010000000000000009,0.0050000000000000044,865337,15.42766823689818,cdf_eb,cdf,0.0065,0.0,0.9935
vary_K,32,4,0.99,0.010000000000000009,0.0050000000000000044,865337,15.42766823689818,cdf_bet,cdf,0.0015,0.0,0.9985
vary_K,32,4,0.99,0.010000000000000009,0.0050000000000000044,865337,15.42766823689818,cdf_exact,cdf,0.072,0.002,0.926
vary_K,32,4,0.99,0.010000000000000009,0.0050000000000000044,865337,15.42766823689818,exc_eb,exceedance,1.0,0.0,0.0
vary_K,32,4,0.99,0.010000000000000009,0.0050000000000000044,865337,15.42766823689818,exc_bet,exceedance,1.0,0.0,0.0
vary_K,32,4,0.99,0.010000000000000009,0.0050000000000000044,865337,15.42766823689818,counts_exact,counts,1.0,0.0,0.0
vary_K,32,4,0.99,0.010000000000000009,0.0050000000000000044,865337,15.42766823689818,norm_bet,counts,1.0,0.0,0.0
vary_K,32,4,0.99,0.010000000000000009,0.0050000000000000044,1155364,20.59841713096242,cdf_eb,cdf,0.009,0.0,0.991
vary_K,32,4,0.99,0.010000000000000009,0.0050000000000000044,1155364,20.59841713096242,cdf_bet,cdf,0.002,0.0,0.998
vary_K,32,4,0.99,0.010000000000000009,0.0050000000000000044,1155364,20.59841713096242,cdf_exact,cdf,0.102,0.0015,0.8965
vary_K,32,4,0.99,0.010000000000000009,0.0050000000000000044,1155364,20.59841713096242,exc_eb,exceedance,1.0,0.0,0.0
vary_K,32,4,0.99,0.010000000000000009,0.0050000000000000044,1155364,20.59841713096242,exc_bet,exceedance,1.0,0.0,0.0
vary_K,32,4,0.99,0.010000000000000009,0.0050000000000000044,1155364,20.59841713096242,counts_exact,counts,1.0,0.0,0.0
vary_K,32,4,0.99,0.010000000000000009,0.0050000000000000044,1155364,20.59841713096242,norm_bet,counts,1.0,0.0,0.0
vary_K,32,4,0.99,0.010000000000000009,0.0050000000000000044,1542596,27.502186213655705,cdf_eb,cdf,0.0155,0.0,0.9845
vary_K,32,4,0.99,0.010000000000000009,0.0050000000000000044,1542596,27.502186213655705,cdf_bet,cdf,0.005,0.0,0.995
vary_K,32,4,0.99,0.010000000000000009,0.0050000000000000044,1542596,27.502186213655705,cdf_exact,cdf,0.121,0.001,0.878
vary_K,32,4,0.99,0.010000000000000009,0.0050000000000000044,1542596,27.502186213655705,exc_eb,exceedance,1.0,0.0,0.0
vary_K,32,4,0.99,0.010000000000000009,0.0050000000000000044,1542596,27.502186213655705,exc_bet,exceedance,1.0,0.0,0.0
vary_K,32,4,0.99,0.010000000000000009,0.0050000000000000044,1542596,27.502186213655705,counts_exact,counts,1.0,0.0,0.0
vary_K,32,4,0.99,0.010000000000000009,0.0050000000000000044,1542596,27.502186213655705,norm_bet,counts,1.0,0.0,0.0
vary_K,32,4,0.99,0.010000000000000009,0.0050000000000000044,2059613,36.719828298573354,cdf_eb,cdf,0.0215,0.0,0.9785
vary_K,32,4,0.99,0.010000000000000009,0.0050000000000000044,2059613,36.719828298573354,cdf_bet,cdf,0.0045,0.0,0.9955
vary_K,32,4,0.99,0.010000000000000009,0.0050000000000000044,2059613,36.719828298573354,cdf_exact,cdf,0.163,0.0005,0.8365
vary_K,32,4,0.99,0.010000000000000009,0.0050000000000000044,2059613,36.719828298573354,exc_eb,exceedance,1.0,0.0,0.0
vary_K,32,4,0.99,0.010000000000000009,0.0050000000000000044,2059613,36.719828298573354,exc_bet,exceedance,1.0,0.0,0.0
vary_K,32,4,0.99,0.010000000000000009,0.0050000000000000044,2059613,36.719828298573354,counts_exact,counts,1.0,0.0,0.0
vary_K,32,4,0.99,0.010000000000000009,0.0050000000000000044,2059613,36.719828298573354,norm_bet,counts,1.0,0.0,0.0
vary_K,32,4,0.99,0.010000000000000009,0.0050000000000000044,2749914,49.02686568585606,cdf_eb,cdf,0.0375,0.0,0.9625
vary_K,32,4,0.99,0.010000000000000009,0.0050000000000000044,2749914,49.02686568585606,cdf_bet,cdf,0.0095,0.0,0.9905
vary_K,32,4,0.99,0.010000000000000009,0.0050000000000000044,2749914,49.02686568585606,cdf_exact,cdf,0.215,0.0,0.785
vary_K,32,4,0.99,0.010000000000000009,0.0050000000000000044,2749914,49.02686568585606,exc_eb,exceedance,1.0,0.0,0.0
vary_K,32,4,0.99,0.010000000000000009,0.0050000000000000044,2749914,49.02686568585606,exc_bet,exceedance,1.0,0.0,0.0
vary_K,32,4,0.99,0.010000000000000009,0.0050000000000000044,2749914,49.02686568585606,counts_exact,counts,1.0,0.0,0.0
vary_K,32,4,0.99,0.010000000000000009,0.0050000000000000044,2749914,49.02686568585606,norm_bet,counts,1.0,0.0,0.0
vary_K,32,4,0.99,0.010000000000000009,0.0050000000000000044,3671577,65.4587425040486,cdf_eb,cdf,0.069,0.0,0.931
vary_K,32,4,0.99,0.010000000000000009,0.0050000000000000044,3671577,65.4587425040486,cdf_bet,cdf,0.0235,0.0,0.9765
vary_K,32,4,0.99,0.010000000000000009,0.0050000000000000044,3671577,65.4587425040486,cdf_exact,cdf,0.2915,0.0,0.7085
vary_K,32,4,0.99,0.010000000000000009,0.0050000000000000044,3671577,65.4587425040486,exc_eb,exceedance,1.0,0.0,0.0
vary_K,32,4,0.99,0.010000000000000009,0.0050000000000000044,3671577,65.4587425040486,exc_bet,exceedance,1.0,0.0,0.0
vary_K,32,4,0.99,0.010000000000000009,0.0050000000000000044,3671577,65.4587425040486,counts_exact,counts,1.0,0.0,0.0
vary_K,32,4,0.99,0.010000000000000009,0.0050000000000000044,3671577,65.4587425040486,norm_bet,counts,1.0,0.0,0.0
vary_K,32,4,0.99,0.010000000000000009,0.0050000000000000044,4902145,87.39793480363053,cdf_eb,cdf,0.1085,0.0,0.8915
vary_K,32,4,0.99,0.010000000000000009,0.0050000000000000044,4902145,87.39793480363053,cdf_bet,cdf,0.04,0.0,0.96
vary_K,32,4,0.99,0.010000000000000009,0.0050000000000000044,4902145,87.39793480363053,cdf_exact,cdf,0.4045,0.0,0.5955
vary_K,32,4,0.99,0.010000000000000009,0.0050000000000000044,4902145,87.39793480363053,exc_eb,exceedance,1.0,0.0,0.0
vary_K,32,4,0.99,0.010000000000000009,0.0050000000000000044,4902145,87.39793480363053,exc_bet,exceedance,1.0,0.0,0.0
vary_K,32,4,0.99,0.010000000000000009,0.0050000000000000044,4902145,87.39793480363053,counts_exact,counts,1.0,0.0,0.0
vary_K,32,4,0.99,0.010000000000000009,0.0050000000000000044,4902145,87.39793480363053,norm_bet,counts,1.0,0.0,0.0
vary_K,32,4,0.99,0.010000000000000009,0.0050000000000000044,6545150,116.69026374780476,cdf_eb,cdf,0.1935,0.0,0.8065
vary_K,32,4,0.99,0.010000000000000009,0.0050000000000000044,6545150,116.69026374780476,cdf_bet,cdf,0.079,0.0,0.921
vary_K,32,4,0.99,0.010000000000000009,0.0050000000000000044,6545150,116.69026374780476,cdf_exact,cdf,0.531,0.0,0.469
vary_K,32,4,0.99,0.010000000000000009,0.0050000000000000044,6545150,116.69026374780476,exc_eb,exceedance,1.0,0.0,0.0
vary_K,32,4,0.99,0.010000000000000009,0.0050000000000000044,6545150,116.69026374780476,exc_bet,exceedance,1.0,0.0,0.0
vary_K,32,4,0.99,0.010000000000000009,0.0050000000000000044,6545150,116.69026374780476,counts_exact,counts,1.0,0.0,0.0
vary_K,32,4,0.99,0.010000000000000009,0.0050000000000000044,6545150,116.69026374780476,norm_bet,counts,1.0,0.0,0.0
vary_K,32,4,0.99,0.010000000000000009,0.0050000000000000044,8738827,155.8002532373494,cdf_eb,cdf,0.298,0.0,0.702
vary_K,32,4,0.99,0.010000000000000009,0.0050000000000000044,8738827,155.8002532373494,cdf_bet,cdf,0.122,0.0,0.878
vary_K,32,4,0.99,0.010000000000000009,0.0050000000000000044,8738827,155.8002532373494,cdf_exact,cdf,0.6785,0.0,0.3215
vary_K,32,4,0.99,0.010000000000000009,0.0050000000000000044,8738827,155.8002532373494,exc_eb,exceedance,1.0,0.0,0.0
vary_K,32,4,0.99,0.010000000000000009,0.0050000000000000044,8738827,155.8002532373494,exc_bet,exceedance,1.0,0.0,0.0
vary_K,32,4,0.99,0.010000000000000009,0.0050000000000000044,8738827,155.8002532373494,counts_exact,counts,1.0,0.0,0.0
vary_K,32,4,0.99,0.010000000000000009,0.0050000000000000044,8738827,155.8002532373494,norm_bet,counts,1.0,0.0,0.0
vary_K,32,4,0.99,0.010000000000000009,0.0050000000000000044,11667737,208.0183506672911,cdf_eb,cdf,0.445,0.0,0.555
vary_K,32,4,0.99,0.010000000000000009,0.0050000000000000044,11667737,208.0183506672911,cdf_bet,cdf,0.2425,0.0,0.7575
vary_K,32,4,0.99,0.010000000000000009,0.0050000000000000044,11667737,208.0183506672911,cdf_exact,cdf,0.7935,0.0,0.2065
vary_K,32,4,0.99,0.010000000000000009,0.0050000000000000044,11667737,208.0183506672911,exc_eb,exceedance,1.0,0.0,0.0
vary_K,32,4,0.99,0.010000000000000009,0.0050000000000000044,11667737,208.0183506672911,exc_bet,exceedance,1.0,0.0,0.0
vary_K,32,4,0.99,0.010000000000000009,0.0050000000000000044,11667737,208.0183506672911,counts_exact,counts,1.0,0.0,0.0
vary_K,32,4,0.99,0.010000000000000009,0.0050000000000000044,11667737,208.0183506672911,norm_bet,counts,1.0,0.0,0.0
vary_K,32,4,0.99,0.010000000000000009,0.0050000000000000044,15578301,277.737874981122,cdf_eb,cdf,0.635,0.0,0.365
vary_K,32,4,0.99,0.010000000000000009,0.0050000000000000044,15578301,277.737874981122,cdf_bet,cdf,0.41,0.0,0.59
vary_K,32,4,0.99,0.010000000000000009,0.0050000000000000044,15578301,277.737874981122,cdf_exact,cdf,0.908,0.0,0.092
vary_K,32,4,0.99,0.010000000000000009,0.0050000000000000044,15578301,277.737874981122,exc_eb,exceedance,1.0,0.0,0.0
vary_K,32,4,0.99,0.010000000000000009,0.0050000000000000044,15578301,277.737874981122,exc_bet,exceedance,1.0,0.0,0.0
vary_K,32,4,0.99,0.010000000000000009,0.0050000000000000044,15578301,277.737874981122,counts_exact,counts,1.0,0.0,0.0
vary_K,32,4,0.99,0.010000000000000009,0.0050000000000000044,15578301,277.737874981122,norm_bet,counts,1.0,0.0,0.0
vary_K,32,4,0.99,0.010000000000000009,0.0050000000000000044,20799533,370.824655141772,cdf_eb,cdf,0.8105,0.0,0.1895
vary_K,32,4,0.99,0.010000000000000009,0.0050000000000000044,20799533,370.824655141772,cdf_bet,cdf,0.6265,0.0,0.3735
vary_K,32,4,0.99,0.010000000000000009,0.0050000000000000044,20799533,370.824655141772,cdf_exact,cdf,0.9705,0.0,0.0295
vary_K,32,4,0.99,0.010000000000000009,0.0050000000000000044,20799533,370.824655141772,exc_eb,exceedance,1.0,0.0,0.0
vary_K,32,4,0.99,0.010000000000000009,0.0050000000000000044,20799533,370.824655141772,exc_bet,exceedance,1.0,0.0,0.0
vary_K,32,4,0.99,0.010000000000000009,0.0050000000000000044,20799533,370.824655141772,counts_exact,counts,1.0,0.0,0.0
vary_K,32,4,0.99,0.010000000000000009,0.0050000000000000044,20799533,370.824655141772,norm_bet,counts,1.0,0.0,0.0
vary_K,32,4,0.99,0.010000000000000009,0.0050000000000000044,27770716,495.1104519385165,cdf_eb,cdf,0.9445,0.0,0.0555
vary_K,32,4,0.99,0.010000000000000009,0.0050000000000000044,27770716,495.1104519385165,cdf_bet,cdf,0.8425,0.0,0.1575
vary_K,32,4,0.99,0.010000000000000009,0.0050000000000000044,27770716,495.1104519385165,cdf_exact,cdf,0.992,0.0,0.008
vary_K,32,4,0.99,0.010000000000000009,0.0050000000000000044,27770716,495.1104519385165,exc_eb,exceedance,1.0,0.0,0.0
vary_K,32,4,0.99,0.010000000000000009,0.0050000000000000044,27770716,495.1104519385165,exc_bet,exceedance,1.0,0.0,0.0
vary_K,32,4,0.99,0.010000000000000009,0.0050000000000000044,27770716,495.1104519385165,counts_exact,counts,1.0,0.0,0.0
vary_K,32,4,0.99,0.010000000000000009,0.0050000000000000044,27770716,495.1104519385165,norm_bet,counts,1.0,0.0,0.0
vary_K,32,4,0.99,0.010000000000000009,0.0050000000000000044,37078364,661.0519353257158,cdf_eb,cdf,0.9895,0.0,0.0105
vary_K,32,4,0.99,0.010000000000000009,0.0050000000000000044,37078364,661.0519353257158,cdf_bet,cdf,0.9575,0.0,0.0425
vary_K,32,4,0.99,0.010000000000000009,0.0050000000000000044,37078364,661.0519353257158,cdf_exact,cdf,0.9985,0.0,0.0015
vary_K,32,4,0.99,0.010000000000000009,0.0050000000000000044,37078364,661.0519353257158,exc_eb,exceedance,1.0,0.0,0.0
vary_K,32,4,0.99,0.010000000000000009,0.0050000000000000044,37078364,661.0519353257158,exc_bet,exceedance,1.0,0.0,0.0
vary_K,32,4,0.99,0.010000000000000009,0.0050000000000000044,37078364,661.0519353257158,counts_exact,counts,1.0,0.0,0.0
vary_K,32,4,0.99,0.010000000000000009,0.0050000000000000044,37078364,661.0519353257158,norm_bet,counts,1.0,0.0,0.0
vary_K,32,4,0.99,0.010000000000000009,0.0050000000000000044,49505569,882.6104678418595,cdf_eb,cdf,0.9995,0.0,0.0005
vary_K,32,4,0.99,0.010000000000000009,0.0050000000000000044,49505569,882.6104678418595,cdf_bet,cdf,0.9935,0.0,0.0065
vary_K,32,4,0.99,0.010000000000000009,0.0050000000000000044,49505569,882.6104678418595,cdf_exact,cdf,1.0,0.0,0.0
vary_K,32,4,0.99,0.010000000000000009,0.0050000000000000044,49505569,882.6104678418595,exc_eb,exceedance,1.0,0.0,0.0
vary_K,32,4,0.99,0.010000000000000009,0.0050000000000000044,49505569,882.6104678418595,exc_bet,exceedance,1.0,0.0,0.0
vary_K,32,4,0.99,0.010000000000000009,0.0050000000000000044,49505569,882.6104678418595,counts_exact,counts,1.0,0.0,0.0
vary_K,32,4,0.99,0.010000000000000009,0.0050000000000000044,49505569,882.6104678418595,norm_bet,counts,1.0,0.0,0.0
vary_K,32,4,0.99,0.010000000000000009,0.0050000000000000044,66097882,1178.4266645915336,cdf_eb,cdf,0.9995,0.0,0.0005
vary_K,32,4,0.99,0.010000000000000009,0.0050000000000000044,66097882,1178.4266645915336,cdf_bet,cdf,0.9995,0.0,0.0005
vary_K,32,4,0.99,0.010000000000000009,0.0050000000000000044,66097882,1178.4266645915336,cdf_exact,cdf,1.0,0.0,0.0
vary_K,32,4,0.99,0.010000000000000009,0.0050000000000000044,66097882,1178.4266645915336,exc_eb,exceedance,1.0,0.0,0.0
vary_K,32,4,0.99,0.010000000000000009,0.0050000000000000044,66097882,1178.4266645915336,exc_bet,exceedance,1.0,0.0,0.0
vary_K,32,4,0.99,0.010000000000000009,0.0050000000000000044,66097882,1178.4266645915336,counts_exact,counts,1.0,0.0,0.0
vary_K,32,4,0.99,0.010000000000000009,0.0050000000000000044,66097882,1178.4266645915336,norm_bet,counts,1.0,0.0,0.0
vary_K,32,4,0.99,0.010000000000000009,0.0050000000000000044,88251284,1573.3887849846715,cdf_eb,cdf,1.0,0.0,0.0
vary_K,32,4,0.99,0.010000000000000009,0.0050000000000000044,88251284,1573.3887849846715,cdf_bet,cdf,1.0,0.0,0.0
vary_K,32,4,0.99,0.010000000000000009,0.0050000000000000044,88251284,1573.3887849846715,cdf_exact,cdf,1.0,0.0,0.0
vary_K,32,4,0.99,0.010000000000000009,0.0050000000000000044,88251284,1573.3887849846715,exc_eb,exceedance,1.0,0.0,0.0
vary_K,32,4,0.99,0.010000000000000009,0.0050000000000000044,88251284,1573.3887849846715,exc_bet,exceedance,1.0,0.0,0.0
vary_K,32,4,0.99,0.010000000000000009,0.0050000000000000044,88251284,1573.3887849846715,counts_exact,counts,1.0,0.0,0.0
vary_K,32,4,0.99,0.010000000000000009,0.0050000000000000044,88251284,1573.3887849846715,norm_bet,counts,1.0,0.0,0.0
vary_K,32,4,0.99,0.010000000000000009,0.0050000000000000044,117829632,2100.726619769872,cdf_eb,cdf,1.0,0.0,0.0
vary_K,32,4,0.99,0.010000000000000009,0.0050000000000000044,117829632,2100.726619769872,cdf_bet,cdf,1.0,0.0,0.0
vary_K,32,4,0.99,0.010000000000000009,0.0050000000000000044,117829632,2100.726619769872,cdf_exact,cdf,1.0,0.0,0.0
vary_K,32,4,0.99,0.010000000000000009,0.0050000000000000044,117829632,2100.726619769872,exc_eb,exceedance,1.0,0.0,0.0
vary_K,32,4,0.99,0.010000000000000009,0.0050000000000000044,117829632,2100.726619769872,exc_bet,exceedance,1.0,0.0,0.0
vary_K,32,4,0.99,0.010000000000000009,0.0050000000000000044,117829632,2100.726619769872,counts_exact,counts,1.0,0.0,0.0
vary_K,32,4,0.99,0.010000000000000009,0.0050000000000000044,117829632,2100.726619769872,norm_bet,counts,1.0,0.0,0.0
vary_K,32,4,0.99,0.010000000000000009,0.0050000000000000044,157321475,2804.807286455417,cdf_eb,cdf,1.0,0.0,0.0
vary_K,32,4,0.99,0.010000000000000009,0.0050000000000000044,157321475,2804.807286455417,cdf_bet,cdf,1.0,0.0,0.0
vary_K,32,4,0.99,0.010000000000000009,0.0050000000000000044,157321475,2804.807286455417,cdf_exact,cdf,1.0,0.0,0.0
vary_K,32,4,0.99,0.010000000000000009,0.0050000000000000044,157321475,2804.807286455417,exc_eb,exceedance,1.0,0.0,0.0
vary_K,32,4,0.99,0.010000000000000009,0.0050000000000000044,157321475,2804.807286455417,exc_bet,exceedance,1.0,0.0,0.0
vary_K,32,4,0.99,0.010000000000000009,0.0050000000000000044,157321475,2804.807286455417,counts_exact,counts,1.0,0.0,0.0
vary_K,32,4,0.99,0.010000000000000009,0.0050000000000000044,157321475,2804.807286455417,norm_bet,counts,1.0,0.0,0.0
vary_K,32,4,0.99,0.010000000000000009,0.0050000000000000044,210049426,3744.8680198337697,cdf_eb,cdf,1.0,0.0,0.0
vary_K,32,4,0.99,0.010000000000000009,0.0050000000000000044,210049426,3744.8680198337697,cdf_bet,cdf,1.0,0.0,0.0
vary_K,32,4,0.99,0.010000000000000009,0.0050000000000000044,210049426,3744.8680198337697,cdf_exact,cdf,1.0,0.0,0.0
vary_K,32,4,0.99,0.010000000000000009,0.0050000000000000044,210049426,3744.8680198337697,exc_eb,exceedance,1.0,0.0,0.0
vary_K,32,4,0.99,0.010000000000000009,0.0050000000000000044,210049426,3744.8680198337697,exc_bet,exceedance,1.0,0.0,0.0
vary_K,32,4,0.99,0.010000000000000009,0.0050000000000000044,210049426,3744.8680198337697,counts_exact,counts,1.0,0.0,0.0
vary_K,32,4,0.99,0.010000000000000009,0.0050000000000000044,210049426,3744.8680198337697,norm_bet,counts,1.0,0.0,0.0
vary_K,32,4,0.99,0.010000000000000009,0.0050000000000000044,280449705,5000.0000067903775,cdf_eb,cdf,1.0,0.0,0.0
vary_K,32,4,0.99,0.010000000000000009,0.0050000000000000044,280449705,5000.0000067903775,cdf_bet,cdf,1.0,0.0,0.0
vary_K,32,4,0.99,0.010000000000000009,0.0050000000000000044,280449705,5000.0000067903775,cdf_exact,cdf,1.0,0.0,0.0
vary_K,32,4,0.99,0.010000000000000009,0.0050000000000000044,280449705,5000.0000067903775,exc_eb,exceedance,1.0,0.0,0.0
vary_K,32,4,0.99,0.010000000000000009,0.0050000000000000044,280449705,5000.0000067903775,exc_bet,exceedance,1.0,0.0,0.0
vary_K,32,4,0.99,0.010000000000000009,0.0050000000000000044,280449705,5000.0000067903775,counts_exact,counts,1.0,0.0,0.0
vary_K,32,4,0.99,0.010000000000000009,0.0050000000000000044,280449705,5000.0000067903775,norm_bet,counts,1.0,0.0,0.0
vary_K,32,8,0.99,0.010000000000000009,0.0050000000000000044,1299,0.019996236325026128,cdf_eb,cdf,0.0,0.0,1.0
vary_K,32,8,0.99,0.010000000000000009,0.0050000000000000044,1299,0.019996236325026128,cdf_bet,cdf,0.0,0.0,1.0
vary_K,32,8,0.99,0.010000000000000009,0.0050000000000000044,1299,0.019996236325026128,cdf_exact,cdf,0.004,0.032,0.964
vary_K,32,8,0.99,0.010000000000000009,0.0050000000000000044,1299,0.019996236325026128,exc_eb,exceedance,0.0,0.0,1.0
vary_K,32,8,0.99,0.010000000000000009,0.0050000000000000044,1299,0.019996236325026128,exc_bet,exceedance,0.0,0.0,1.0
vary_K,32,8,0.99,0.010000000000000009,0.0050000000000000044,1299,0.019996236325026128,counts_exact,counts,0.0,0.0,1.0
vary_K,32,8,0.99,0.010000000000000009,0.0050000000000000044,1299,0.019996236325026128,norm_bet,counts,0.0,0.0,1.0
vary_K,32,8,0.99,0.010000000000000009,0.0050000000000000044,1735,0.02670782911772158,cdf_eb,cdf,0.0,0.0,1.0
vary_K,32,8,0.99,0.010000000000000009,0.0050000000000000044,1735,0.02670782911772158,cdf_bet,cdf,0.0,0.0,1.0
vary_K,32,8,0.99,0.010000000000000009,0.0050000000000000044,1735,0.02670782911772158,cdf_exact,cdf,0.006,0.0405,0.9535
vary_K,32,8,0.99,0.010000000000000009,0.0050000000000000044,1735,0.02670782911772158,exc_eb,exceedance,0.0,0.0,1.0
vary_K,32,8,0.99,0.010000000000000009,0.0050000000000000044,1735,0.02670782911772158,exc_bet,exceedance,0.0,0.0,1.0
vary_K,32,8,0.99,0.010000000000000009,0.0050000000000000044,1735,0.02670782911772158,counts_exact,counts,0.0,0.0,1.0
vary_K,32,8,0.99,0.010000000000000009,0.0050000000000000044,1735,0.02670782911772158,norm_bet,counts,0.0,0.0,1.0
vary_K,32,8,0.99,0.010000000000000009,0.0050000000000000044,2316,0.03565148832083181,cdf_eb,cdf,0.0,0.0,1.0
vary_K,32,8,0.99,0.010000000000000009,0.0050000000000000044,2316,0.03565148832083181,cdf_bet,cdf,0.0,0.0,1.0
vary_K,32,8,0.99,0.010000000000000009,0.0050000000000000044,2316,0.03565148832083181,cdf_exact,cdf,0.0075,0.033,0.9595
vary_K,32,8,0.99,0.010000000000000009,0.0050000000000000044,2316,0.03565148832083181,exc_eb,exceedance,0.0,0.0,1.0
vary_K,32,8,0.99,0.010000000000000009,0.0050000000000000044,2316,0.03565148832083181,exc_bet,exceedance,0.0,0.0,1.0
vary_K,32,8,0.99,0.010000000000000009,0.0050000000000000044,2316,0.03565148832083181,counts_exact,counts,0.0,0.0,1.0
vary_K,32,8,0.99,0.010000000000000009,0.0050000000000000044,2316,0.03565148832083181,norm_bet,counts,0.0,0.0,1.0
vary_K,32,8,0.99,0.010000000000000009,0.0050000000000000044,3092,0.04759689200691362,cdf_eb,cdf,0.0,0.0,1.0
vary_K,32,8,0.99,0.010000000000000009,0.0050000000000000044,3092,0.04759689200691362,cdf_bet,cdf,0.0,0.0,1.0
vary_K,32,8,0.99,0.010000000000000009,0.0050000000000000044,3092,0.04759689200691362,cdf_exact,cdf,0.008,0.042,0.95
vary_K,32,8,0.99,0.010000000000000009,0.0050000000000000044,3092,0.04759689200691362,exc_eb,exceedance,0.0,0.0,1.0
vary_K,32,8,0.99,0.010000000000000009,0.0050000000000000044,3092,0.04759689200691362,exc_bet,exceedance,0.0,0.0,1.0
vary_K,32,8,0.99,0.010000000000000009,0.0050000000000000044,3092,0.04759689200691362,counts_exact,counts,0.0,0.0,1.0
vary_K,32,8,0.99,0.010000000000000009,0.0050000000000000044,3092,0.04759689200691362,norm_bet,counts,0.0,0.0,1.0
vary_K,32,8,0.99,0.010000000000000009,0.0050000000000000044,4129,0.06356001523174203,cdf_eb,cdf,0.0,0.0,1.0
vary_K,32,8,0.99,0.010000000000000009,0.0050000000000000044,4129,0.06356001523174203,cdf_bet,cdf,0.0,0.0,1.0
vary_K,32,8,0.99,0.010000000000000009,0.0050000000000000044,4129,0.06356001523174203,cdf_exact,cdf,0.0105,0.033,0.9565
vary_K,32,8,0.99,0.010000000000000009,0.0050000000000000044,4129,0.06356001523174203,exc_eb,exceedance,0.0,0.0,1.0
vary_K,32,8,0.99,0.010000000000000009,0.0050000000000000044,4129,0.06356001523174203,exc_bet,exceedance,0.0,0.0,1.0
vary_K,32,8,0.99,0.010000000000000009,0.0050000000000000044,4129,0.06356001523174203,counts_exact,counts,0.0,0.0,1.0
vary_K,32,8,0.99,0.010000000000000009,0.0050000000000000044,4129,0.06356001523174203,norm_bet,counts,0.0,0.0,1.0
vary_K,32,8,0.99,0.010000000000000009,0.0050000000000000044,5513,0.08486470428011474,cdf_eb,cdf,0.0,0.0,1.0
vary_K,32,8,0.99,0.010000000000000009,0.0050000000000000044,5513,0.08486470428011474,cdf_bet,cdf,0.0,0.0,1.0
vary_K,32,8,0.99,0.010000000000000009,0.0050000000000000044,5513,0.08486470428011474,cdf_exact,cdf,0.0065,0.0365,0.957
vary_K,32,8,0.99,0.010000000000000009,0.0050000000000000044,5513,0.08486470428011474,exc_eb,exceedance,0.0,0.0,1.0
vary_K,32,8,0.99,0.010000000000000009,0.0050000000000000044,5513,0.08486470428011474,exc_bet,exceedance,0.0,0.0,1.0
vary_K,32,8,0.99,0.010000000000000009,0.0050000000000000044,5513,0.08486470428011474,counts_exact,counts,0.0,0.0,1.0
vary_K,32,8,0.99,0.010000000000000009,0.0050000000000000044,5513,0.08486470428011474,norm_bet,counts,0.0,0.0,1.0
vary_K,32,8,0.99,0.010000000000000009,0.0050000000000000044,7360,0.1132966122803636,cdf_eb,cdf,0.0,0.0,1.0
vary_K,32,8,0.99,0.010000000000000009,0.0050000000000000044,7360,0.1132966122803636,cdf_bet,cdf,0.0,0.0,1.0
vary_K,32,8,0.99,0.010000000000000009,0.0050000000000000044,7360,0.1132966122803636,cdf_exact,cdf,0.0085,0.033,0.9585
vary_K,32,8,0.99,0.010000000000000009,0.0050000000000000044,7360,0.1132966122803636,exc_eb,exceedance,0.0,0.0,1.0
vary_K,32,8,0.99,0.010000000000000009,0.0050000000000000044,7360,0.1132966122803636,exc_bet,exceedance,0.0,0.0,1.0
vary_K,32,8,0.99,0.010000000000000009,0.0050000000000000044,7360,0.1132966122803636,counts_exact,counts,0.0,0.0,1.0
vary_K,32,8,0.99,0.010000000000000009,0.0050000000000000044,7360,0.1132966122803636,norm_bet,counts,0.0,0.0,1.0
vary_K,32,8,0.99,0.010000000000000009,0.0050000000000000044,9827,0.151272528380317,cdf_eb,cdf,0.0,0.0,1.0
vary_K,32,8,0.99,0.010000000000000009,0.0050000000000000044,9827,0.151272528380317,cdf_bet,cdf,0.0,0.0,1.0
vary_K,32,8,0.99,0.010000000000000009,0.0050000000000000044,9827,0.151272528380317,cdf_exact,cdf,0.0085,0.029,0.9625
vary_K,32,8,0.99,0.010000000000000009,0.0050000000000000044,9827,0.151272528380317,exc_eb,exceedance,0.0,0.0,1.0
vary_K,32,8,0.99,0.010000000000000009,0.0050000000000000044,9827,0.151272528380317,exc_bet,exceedance,0.0,0.0,1.0
vary_K,32,8,0.99,0.010000000000000009,0.0050000000000000044,9827,0.151272528380317,counts_exact,counts,0.0,0.0,1.0
vary_K,32,8,0.99,0.010000000000000009,0.0050000000000000044,9827,0.151272528380317,norm_bet,counts,0.0,0.0,1.0
vary_K,32,8,0.99,0.010000000000000009,0.0050000000000000044,13121,0.20197891980036015,cdf_eb,cdf,0.0,0.0,1.0
vary_K,32,8,0.99,0.010000000000000009,0.0050000000000000044,13121,0.20197891980036015,cdf_bet,cdf,0.0,0.0,1.0
vary_K,32,8,0.99,0.010000000000000009,0.0050000000000000044,13121,0.20197891980036015,cdf_exact,cdf,0.008,0.031,0.961
vary_K,32,8,0.99,0.010000000000000009,0.0050000000000000044,13121,0.20197891980036015,exc_eb,exceedance,0.0,0.0,1.0
vary_K,32,8,0.99,0.010000000000000009,0.0050000000000000044,13121,0.20197891980036015,exc_bet,exceedance,0.0,0.0,1.0
vary_K,32,8,0.99,0.010000000000000009,0.0050000000000000044,13121,0.20197891980036015,counts_exact,counts,0.0,0.0,1.0
vary_K,32,8,0.99,0.010000000000000009,0.0050000000000000044,13121,0.20197891980036015,norm_bet,counts,0.0,0.0,1.0
vary_K,32,8,0.99,0.010000000000000009,0.0050000000000000044,17518,0.26966440950100673,cdf_eb,cdf,0.0,0.0,1.0
vary_K,32,8,0.99,0.010000000000000009,0.0050000000000000044,17518,0.26966440950100673,cdf_bet,cdf,0.0,0.0,1.0
vary_K,32,8,0.99,0.010000000000000009,0.0050000000000000044,17518,0.26966440950100673,cdf_exact,cdf,0.0095,0.0295,0.961
vary_K,32,8,0.99,0.010000000000000009,0.0050000000000000044,17518,0.26966440950100673,exc_eb,exceedance,0.0,0.0,1.0
vary_K,32,8,0.99,0.010000000000000009,0.0050000000000000044,17518,0.26966440950100673,exc_bet,exceedance,0.0,0.0,1.0
vary_K,32,8,0.99,0.010000000000000009,0.0050000000000000044,17518,0.26966440950100673,counts_exact,counts,0.06,0.002,0.938
vary_K,32,8,0.99,0.010000000000000009,0.0050000000000000044,17518,0.26966440950100673,norm_bet,counts,0.0,0.0,1.0
vary_K,32,8,0.99,0.010000000000000009,0.0050000000000000044,23390,0.36005540234207944,cdf_eb,cdf,0.0,0.0,1.0
vary_K,32,8,0.99,0.010000000000000009,0.0050000000000000044,23390,0.36005540234207944,cdf_bet,cdf,0.0,0.0,1.0
vary_K,32,8,0.99,0.010000000000000009,0.0050000000000000044,23390,0.36005540234207944,cdf_exact,cdf,0.0085,0.029,0.9625
vary_K,32,8,0.99,0.010000000000000009,0.0050000000000000044,23390,0.36005540234207944,exc_eb,exceedance,0.0,0.0,1.0
vary_K,32,8,0.99,0.010000000000000009,0.0050000000000000044,23390,0.36005540234207944,exc_bet,exceedance,0.0,0.0,1.0
vary_K,32,8,0.99,0.010000000000000009,0.0050000000000000044,23390,0.36005540234207944,counts_exact,counts,0.1025,0.0,0.8975
vary_K,32,8,0.99,0.010000000000000009,0.0050000000000000044,23390,0.36005540234207944,norm_bet,counts,0.0,0.0,1.0
vary_K,32,8,0.99,0.010000000000000009,0.0050000000000000044,31229,0.4807255305575373,cdf_eb,cdf,0.0,0.0,1.0
vary_K,32,8,0.99,0.010000000000000009,0.0050000000000000044,31229,0.4807255305575373,cdf_bet,cdf,0.0,0.0,1.0
vary_K,32,8,0.99,0.010000000000000009,0.0050000000000000044,31229,0.4807255305575373,cdf_exact,cdf,0.009,0.024,0.967
vary_K,32,8,0.99,0.010000000000000009,0.0050000000000000044,31229,0.4807255305575373,exc_eb,exceedance,0.0,0.0,1.0
vary_K,32,8,0.99,0.010000000000000009,0.0050000000000000044,31229,0.4807255305575373,exc_bet,exceedance,0.0,0.0,1.0
vary_K,32,8,0.99,0.010000000000000009,0.0050000000000000044,31229,0.4807255305575373,counts_exact,counts,0.1365,0.0,0.8635
vary_K,32,8,0.99,0.010000000000000009,0.0050000000000000044,31229,0.4807255305575373,norm_bet,counts,0.0,0.0,1.0
vary_K,32,8,0.99,0.010000000000000009,0.0050000000000000044,41696,0.6418499382665815,cdf_eb,cdf,0.0,0.0,1.0
vary_K,32,8,0.99,0.010000000000000009,0.0050000000000000044,41696,0.6418499382665815,cdf_bet,cdf,0.0,0.0,1.0
vary_K,32,8,0.99,0.010000000000000009,0.0050000000000000044,41696,0.6418499382665815,cdf_exact,cdf,0.0085,0.025,0.9665
vary_K,32,8,0.99,0.010000000000000009,0.0050000000000000044,41696,0.6418499382665815,exc_eb,exceedance,0.0,0.0,1.0
vary_K,32,8,0.99,0.010000000000000009,0.0050000000000000044,41696,0.6418499382665815,exc_bet,exceedance,0.0365,0.0,0.9635
vary_K,32,8,0.99,0.010000000000000009,0.0050000000000000044,41696,0.6418499382665815,counts_exact,counts,0.225,0.0005,0.7745
vary_K,32,8,0.99,0.010000000000000009,0.0050000000000000044,41696,0.6418499382665815,norm_bet,counts,0.0245,0.0,0.9755
vary_K,32,8,0.99,0.010000000000000009,0.0050000000000000044,55671,0.8569749595462122,cdf_eb,cdf,0.0,0.0005,0.9995
vary_K,32,8,0.99,0.010000000000000009,0.0050000000000000044,55671,0.8569749595462122,cdf_bet,cdf,0.0,0.0,1.0
vary_K,32,8,0.99,0.010000000000000009,0.0050000000000000044,55671,0.8569749595462122,cdf_exact,cdf,0.0105,0.024,0.9655
vary_K,32,8,0.99,0.010000000000000009,0.0050000000000000044,55671,0.8569749595462122,exc_eb,exceedance,0.0,0.0,1.0
vary_K,32,8,0.99,0.010000000000000009,0.0050000000000000044,55671,0.8569749595462122,exc_bet,exceedance,0.1145,0.0,0.8855
vary_K,32,8,0.99,0.010000000000000009,0.0050000000000000044,55671,0.8569749595462122,counts_exact,counts,0.347,0.0,0.653
vary_K,32,8,0.99,0.010000000000000009,0.0050000000000000044,55671,0.8569749595462122,norm_bet,counts,0.0945,0.0,0.9055
vary_K,32,8,0.99,0.010000000000000009,0.0050000000000000044,74329,1.1441880291015143,cdf_eb,cdf,0.0,0.0,1.0
vary_K,32,8,0.99,0.010000000000000009,0.0050000000000000044,74329,1.1441880291015143,cdf_bet,cdf,0.0,0.0,1.0
vary_K,32,8,0.99,0.010000000000000009,0.0050000000000000044,74329,1.1441880291015143,cdf_exact,cdf,0.008,0.0195,0.9725
vary_K,32,8,0.99,0.010000000000000009,0.0050000000000000044,74329,1.1441880291015143,exc_eb,exceedance,0.0015,0.0,0.9985
vary_K,32,8,0.99,0.010000000000000009,0.0050000000000000044,74329,1.1441880291015143,exc_bet,exceedance,0.2695,0.0,0.7305
vary_K,32,8,0.99,0.010000000000000009,0.0050000000000000044,74329,1.1441880291015143,counts_exact,counts,0.542,0.0,0.458
vary_K,32,8,0.99,0.010000000000000009,0.0050000000000000044,74329,1.1441880291015143,norm_bet,counts,0.2605,0.0,0.7395
vary_K,32,8,0.99,0.010000000000000009,0.0050000000000000044,99241,1.5276724319722232,cdf_eb,cdf,0.001,0.0,0.999
vary_K,32,8,0.99,0.010000000000000009,0.0050000000000000044,99241,1.5276724319722232,cdf_bet,cdf,0.0,0.0,1.0
vary_K,32,8,0.99,0.010000000000000009,0.0050000000000000044,99241,1.5276724319722232,cdf_exact,cdf,0.0115,0.0175,0.971
vary_K,32,8,0.99,0.010000000000000009,0.0050000000000000044,99241,1.5276724319722232,exc_eb,exceedance,0.0135,0.0,0.9865
vary_K,32,8,0.99,0.010000000000000009,0.0050000000000000044,99241,1.5276724319722232,exc_bet,exceedance,0.459,0.0,0.541
vary_K,32,8,0.99,0.010000000000000009,0.0050000000000000044,99241,1.5276724319722232,counts_exact,counts,0.713,0.0,0.287
vary_K,32,8,0.99,0.010000000000000009,0.0050000000000000044,99241,1.5276724319722232,norm_bet,counts,0.4945,0.0,0.5055
vary_K,32,8,0.99,0.010000000000000009,0.0050000000000000044,132503,2.039693072959921,cdf_eb,cdf,0.0,0.0,1.0
vary_K,32,8,0.99,0.010000000000000009,0.0050000000000000044,132503,2.039693072959921,cdf_bet,cdf,0.0,0.0,1.0
vary_K,32,8,0.99,0.010000000000000009,0.0050000000000000044,132503,2.039693072959921,cdf_exact,cdf,0.014,0.0165,0.9695
vary_K,32,8,0.99,0.010000000000000009,0.0050000000000000044,132503,2.039693072959921,exc_eb,exceedance,0.076,0.0,0.924
vary_K,32,8,0.99,0.010000000000000009,0.0050000000000000044,132503,2.039693072959921,exc_bet,exceedance,0.6635,0.0,0.3365
vary_K,32,8,0.99,0.010000000000000009,0.0050000000000000044,132503,2.039693072959921,counts_exact,counts,0.87,0.0,0.13
vary_K,32,8,0.99,0.010000000000000009,0.0050000000000000044,132503,2.039693072959921,norm_bet,counts,0.664,0.0,0.336
vary_K,32,8,0.99,0.010000000000000009,0.0050000000000000044,176913,2.7233211370048864,cdf_eb,cdf,0.0005,0.001,0.9985
vary_K,32,8,0.99,0.010000000000000009,0.0050000000000000044,176913,2.7233211370048864,cdf_bet,cdf,0.0,0.0,1.0
vary_K,32,8,0.99,0.010000000000000009,0.0050000000000000044,176913,2.7233211370048864,cdf_exact,cdf,0.0225,0.0105,0.967
vary_K,32,8,0.99,0.010000000000000009,0.0050000000000000044,176913,2.7233211370048864,exc_eb,exceedance,0.286,0.0,0.714
vary_K,32,8,0.99,0.010000000000000009,0.0050000000000000044,176913,2.7233211370048864,exc_bet,exceedance,0.827,0.0,0.173
vary_K,32,8,0.99,0.010000000000000009,0.0050000000000000044,176913,2.7233211370048864,counts_exact,counts,0.954,0.0,0.046
vary_K,32,8,0.99,0.010000000000000009,0.0050000000000000044,176913,2.7233211370048864,norm_bet,counts,0.83,0.0,0.17
vary_K,32,8,0.99,0.010000000000000009,0.0050000000000000044,236207,3.636066969688566,cdf_eb,cdf,0.0,0.0,1.0
vary_K,32,8,0.99,0.010000000000000009,0.0050000000000000044,236207,3.636066969688566,cdf_bet,cdf,0.0,0.0,1.0
vary_K,32,8,0.99,0.010000000000000009,0.0050000000000000044,236207,3.636066969688566,cdf_exact,cdf,0.02,0.0105,0.9695
vary_K,32,8,0.99,0.010000000000000009,0.0050000000000000044,236207,3.636066969688566,exc_eb,exceedance,0.6905,0.0,0.3095
vary_K,32,8,0.99,0.010000000000000009,0.0050000000000000044,236207,3.636066969688566,exc_bet,exceedance,0.92,0.0,0.08
vary_K,32,8,0.99,0.010000000000000009,0.0050000000000000044,236207,3.636066969688566,counts_exact,counts,0.9935,0.0,0.0065
vary_K,32,8,0.99,0.010000000000000009,0.0050000000000000044,236207,3.636066969688566,norm_bet,counts,0.9255,0.0,0.0745
vary_K,32,8,0.99,0.010000000000000009,0.0050000000000000044,315375,4.854744442652129,cdf_eb,cdf,0.0005,0.0,0.9995
vary_K,32,8,0.99,0.010000000000000009,0.0050000000000000044,315375,4.854744442652129,cdf_bet,cdf,0.0005,0.0,0.9995
vary_K,32,8,0.99,0.010000000000000009,0.0050000000000000044,315375,4.854744442652129,cdf_exact,cdf,0.024,0.007,0.969
vary_K,32,8,0.99,0.010000000000000009,0.0050000000000000044,315375,4.854744442652129,exc_eb,exceedance,0.922,0.0,0.078
vary_K,32,8,0.99,0.010000000000000009,0.0050000000000000044,315375,4.854744442652129,exc_bet,exceedance,0.9855,0.0,0.0145
vary_K,32,8,0.99,0.010000000000000009,0.0050000000000000044,315375,4.854744442652129,counts_exact,counts,1.0,0.0,0.0
vary_K,32,8,0.99,0.010000000000000009,0.0050000000000000044,315375,4.854744442652129,norm_bet,counts,0.987,0.0,0.013
vary_K,32,8,0.99,0.010000000000000009,0.0050000000000000044,421076,6.481859281598693,cdf_eb,cdf,0.0015,0.0,0.9985
vary_K,32,8,0.99,0.010000000000000009,0.0050000000000000044,421076,6.481859281598693,cdf_bet,cdf,0.0,0.0,1.0
vary_K,32,8,0.99,0.010000000000000009,0.0050000000000000044,421076,6.481859281598693,cdf_exact,cdf,0.0285,0.01,0.9615
vary_K,32,8,0.99,0.010000000000000009,0.0050000000000000044,421076,6.481859281598693,exc_eb,exceedance,0.992,0.0,0.008
vary_K,32,8,0.99,0.010000000000000009,0.0050000000000000044,421076,6.481859281598693,exc_bet,exceedance,0.9975,0.0,0.0025
vary_K,32,8,0.99,0.010000000000000009,0.0050000000000000044,421076,6.481859281598693,counts_exact,counts,1.0,0.0,0.0
vary_K,32,8,0.99,0.010000000000000009,0.0050000000000000044,421076,6.481859281598693,norm_bet,counts,0.998,0.0,0.002
vary_K,32,8,0.99,0.010000000000000009,0.0050000000000000044,562204,8.654321822074666,cdf_eb,cdf,0.0005,0.0005,0.999
vary_K,32,8,0.99,0.010000000000000009,0.0050000000000000044,562204,8.654321822074666,cdf_bet,cdf,0.0005,0.0,0.9995
vary_K,32,8,0.99,0.010000000000000009,0.0050000000000000044,562204,8.654321822074666,cdf_exact,cdf,0.0295,0.007,0.9635
vary_K,32,8,0.99,0.010000000000000009,0.0050000000000000044,562204,8.654321822074666,exc_eb,exceedance,1.0,0.0,0.0
vary_K,32,8,0.99,0.010000000000000009,0.0050000000000000044,562204,8.654321822074666,exc_bet,exceedance,1.0,0.0,0.0
vary_K,32,8,0.99,0.010000000000000009,0.0050000000000000044,562204,8.654321822074666,counts_exact,counts,1.0,0.0,0.0
vary_K,32,8,0.99,0.010000000000000009,0.0050000000000000044,562204,8.654321822074666,norm_bet,counts,1.0,0.0,0.0
vary_K,32,8,0.99,0.010000000000000009,0.0050000000000000044,750633,11.554915212750839,cdf_eb,cdf,0.004,0.0005,0.9955
vary_K,32,8,0.99,0.010000000000000009,0.0050000000000000044,750633,11.554915212750839,cdf_bet,cdf,0.001,0.0,0.999
vary_K,32,8,0.99,0.010000000000000009,0.0050000000000000044,750633,11.554915212750839,cdf_exact,cdf,0.0375,0.005,0.9575
vary_K,32,8,0.99,0.010000000000000009,0.0050000000000000044,750633,11.554915212750839,exc_eb,exceedance,1.0,0.0,0.0
vary_K,32,8,0.99,0.010000000000000009,0.0050000000000000044,750633,11.554915212750839,exc_bet,exceedance,1.0,0.0,0.0
vary_K,32,8,0.99,0.010000000000000009,0.0050000000000000044,750633,11.554915212750839,counts_exact,counts,1.0,0.0,0.0
vary_K,32,8,0.99,0.010000000000000009,0.0050000000000000044,750633,11.554915212750839,norm_bet,counts,1.0,0.0,0.0
vary_K,32,8,0.99,0.010000000000000009,0.0050000000000000044,1002216,15.427673583312076,cdf_eb,cdf,0.005,0.0,0.995
vary_K,32,8,0.99,0.010000000000000009,0.0050000000000000044,1002216,15.427673583312076,cdf_bet,cdf,0.001,0.0,0.999
vary_K,32,8,0.99,0.010000000000000009,0.0050000000000000044,1002216,15.427673583312076,cdf_exact,cdf,0.0605,0.001,0.9385
vary_K,32,8,0.99,0.010000000000000009,0.0050000000000000044,1002216,15.427673583312076,exc_eb,exceedance,1.0,0.0,0.0
vary_K,32,8,0.99,0.010000000000000009,0.0050000000000000044,1002216,15.427673583312076,exc_bet,exceedance,1.0,0.0,0.0
vary_K,32,8,0.99,0.010000000000000009,0.0050000000000000044,1002216,15.427673583312076,counts_exact,counts,1.0,0.0,0.0
vary_K,32,8,0.99,0.010000000000000009,0.0050000000000000044,1002216,15.427673583312076,norm_bet,counts,1.0,0.0,0.0
vary_K,32,8,0.99,0.010000000000000009,0.0050000000000000044,1338119,20.59841705543313,cdf_eb,cdf,0.007,0.0,0.993
vary_K,32,8,0.99,0.010000000000000009,0.0050000000000000044,1338119,20.59841705543313,cdf_bet,cdf,0.0005,0.0,0.9995
vary_K,32,8,0.99,0.010000000000000009,0.0050000000000000044,1338119,20.59841705543313,cdf_exact,cdf,0.0735,0.001,0.9255
vary_K,32,8,0.99,0.010000000000000009,0.0050000000000000044,1338119,20.59841705543313,exc_eb,exceedance,1.0,0.0,0.0
vary_K,32,8,0.99,0.010000000000000009,0.0050000000000000044,1338119,20.59841705543313,exc_bet,exceedance,1.0,0.0,0.0
vary_K,32,8,0.99,0.010000000000000009,0.0050000000000000044,1338119,20.59841705543313,counts_exact,counts,1.0,0.0,0.0
vary_K,32,8,0.99,0.010000000000000009,0.0050000000000000044,1338119,20.59841705543313,norm_bet,counts,1.0,0.0,0.0
vary_K,32,8,0.99,0.010000000000000009,0.0050000000000000044,1786603,27.50218306928457,cdf_eb,cdf,0.0145,0.0,0.9855
vary_K,32,8,0.99,0.010000000000000009,0.0050000000000000044,1786603,27.50218306928457,cdf_bet,cdf,0.002,0.0,0.998
vary_K,32,8,0.99,0.010000000000000009,0.0050000000000000044,1786603,27.50218306928457,cdf_exact,cdf,0.1,0.001,0.899
vary_K,32,8,0.99,0.010000000000000009,0.0050000000000000044,1786603,27.50218306928457,exc_eb,exceedance,1.0,0.0,0.0
vary_K,32,8,0.99,0.010000000000000009,0.0050000000000000044,1786603,27.50218306928457,exc_bet,exceedance,1.0,0.0,0.0
vary_K,32,8,0.99,0.010000000000000009,0.0050000000000000044,1786603,27.50218306928457,counts_exact,counts,1.0,0.0,0.0
vary_K,32,8,0.99,0.010000000000000009,0.0050000000000000044,1786603,27.50218306928457,norm_bet,counts,1.0,0.0,0.0
vary_K,32,8,0.99,0.010000000000000009,0.0050000000000000044,2385402,36.719832272663574,cdf_eb,cdf,0.0225,0.0,0.9775
vary_K,32,8,0.99,0.010000000000000009,0.0050000000000000044,2385402,36.719832272663574,cdf_bet,cdf,0.0035,0.0,0.9965
vary_K,32,8,0.99,0.010000000000000009,0.0050000000000000044,2385402,36.719832272663574,cdf_exact,cdf,0.122,0.0,0.878
vary_K,32,8,0.99,0.010000000000000009,0.0050000000000000044,2385402,36.719832272663574,exc_eb,exceedance,1.0,0.0,0.0
vary_K,32,8,0.99,0.010000000000000009,0.0050000000000000044,2385402,36.719832272663574,exc_bet,exceedance,1.0,0.0,0.0
vary_K,32,8,0.99,0.010000000000000009,0.0050000000000000044,2385402,36.719832272663574,counts_exact,counts,1.0,0.0,0.0
vary_K,32,8,0.99,0.010000000000000009,0.0050000000000000044,2385402,36.719832272663574,norm_bet,counts,1.0,0.0,0.0
vary_K,32,8,0.99,0.010000000000000009,0.0050000000000000044,3184895,49.02687689791693,cdf_eb,cdf,0.035,0.0,0.965
vary_K,32,8,0.99,0.010000000000000009,0.0050000000000000044,3184895,49.02687689791693,cdf_bet,cdf,0.009,0.0,0.991
vary_K,32,8,0.99,0.010000000000000009,0.0050000000000000044,3184895,49.02687689791693,cdf_exact,cdf,0.1805,0.0,0.8195
vary_K,32,8,0.99,0.010000000000000009,0.0050000000000000044,3184895,49.02687689791693,exc_eb,exceedance,1.0,0.0,0.0
vary_K,32,8,0.99,0.010000000000000009,0.0050000000000000044,3184895,49.02687689791693,exc_bet,exceedance,1.0,0.0,0.0
vary_K,32,8,0.99,0.010000000000000009,0.0050000000000000044,3184895,49.02687689791693,counts_exact,counts,1.0,0.0,0.0
vary_K,32,8,0.99,0.010000000000000009,0.0050000000000000044,3184895,49.02687689791693,norm_bet,counts,1.0,0.0,0.0
vary_K,32,8,0.99,0.010000000000000009,0.0050000000000000044,4252346,65.45874946249388,cdf_eb,cdf,0.0585,0.0,0.9415
vary_K,32,8,0.99,0.010000000000000009,0.0050000000000000044,4252346,65.45874946249388,cdf_bet,cdf,0.0125,0.0,0.9875
vary_K,32,8,0.99,0.010000000000000009,0.0050000000000000044,4252346,65.45874946249388,cdf_exact,cdf,0.2665,0.0005,0.733
vary_K,32,8,0.99,0.010000000000000009,0.0050000000000000044,4252346,65.45874946249388,exc_eb,exceedance,1.0,0.0,0.0
vary_K,32,8,0.99,0.010000000000000009,0.0050000000000000044,4252346,65.45874946249388,exc_bet,exceedance,1.0,0.0,0.0
vary_K,32,8,0.99,0.010000000000000009,0.0050000000000000044,4252346,65.45874946249388,counts_exact,counts,1.0,0.0,0.0
vary_K,32,8,0.99,0.010000000000000009,0.0050000000000000044,4252346,65.45874946249388,norm_bet,counts,1.0,0.0,0.0
vary_K,32,8,0.99,0.010000000000000009,0.0050000000000000044,5677564,87.39793032675955,cdf_eb,cdf,0.104,0.0,0.896
vary_K,32,8,0.99,0.010000000000000009,0.0050000000000000044,5677564,87.39793032675955,cdf_bet,cdf,0.0345,0.0,0.9655
vary_K,32,8,0.99,0.010000000000000009,0.0050000000000000044,5677564,87.39793032675955,cdf_exact,cdf,0.3885,0.0,0.6115
vary_K,32,8,0.99,0.010000000000000009,0.0050000000000000044,5677564,87.39793032675955,exc_eb,exceedance,1.0,0.0,0.0
vary_K,32,8,0.99,0.010000000000000009,0.0050000000000000044,5677564,87.39793032675955,exc_bet,exceedance,1.0,0.0,0.0
vary_K,32,8,0.99,0.010000000000000009,0.0050000000000000044,5677564,87.39793032675955,counts_exact,counts,1.0,0.0,0.0
vary_K,32,8,0.99,0.010000000000000009,0.0050000000000000044,5677564,87.39793032675955,norm_bet,counts,1.0,0.0,0.0
vary_K,32,8,0.99,0.010000000000000009,0.0050000000000000044,7580460,116.69027683788111,cdf_eb,cdf,0.184,0.0,0.816
vary_K,32,8,0.99,0.010000000000000009,0.0050000000000000044,7580460,116.69027683788111,cdf_bet,cdf,0.0605,0.0,0.9395
vary_K,32,8,0.99,0.010000000000000009,0.0050000000000000044,7580460,116.69027683788111,cdf_exact,cdf,0.4915,0.0,0.5085
vary_K,32,8,0.99,0.010000000000000009,0.0050000000000000044,7580460,116.69027683788111,exc_eb,exceedance,1.0,0.0,0.0
vary_K,32,8,0.99,0.010000000000000009,0.0050000000000000044,7580460,116.69027683788111,exc_bet,exceedance,1.0,0.0,0.0
vary_K,32,8,0.99,0.010000000000000009,0.0050000000000000044,7580460,116.69027683788111,counts_exact,counts,1.0,0.0,0.0
vary_K,32,8,0.99,0.010000000000000009,0.0050000000000000044,7580460,116.69027683788111,norm_bet,counts,1.0,0.0,0.0
vary_K,32,8,0.99,0.010000000000000009,0.0050000000000000044,10121131,155.80025200350119,cdf_eb,cdf,0.2975,0.0,0.7025
vary_K,32,8,0.99,0.010000000000000009,0.0050000000000000044,10121131,155.80025200350119,cdf_bet,cdf,0.1185,0.0,0.8815
vary_K,32,8,0.99,0.010000000000000009,0.0050000000000000044,10121131,155.80025200350119,cdf_exact,cdf,0.641,0.0,0.359
vary_K,32,8,0.99,0.010000000000000009,0.0050000000000000044,10121131,155.80025200350119,exc_eb,exceedance,1.0,0.0,0.0
vary_K,32,8,0.99,0.010000000000000009,0.0050000000000000044,10121131,155.80025200350119,exc_bet,exceedance,1.0,0.0,0.0
vary_K,32,8,0.99,0.010000000000000009,0.0050000000000000044,10121131,155.80025200350119,counts_exact,counts,1.0,0.0,0.0
vary_K,32,8,0.99,0.010000000000000009,0.0050000000000000044,10121131,155.80025200350119,norm_bet,counts,1.0,0.0,0.0
vary_K,32,8,0.99,0.010000000000000009,0.0050000000000000044,13513334,208.01833733873028,cdf_eb,cdf,0.4585,0.0,0.5415
vary_K,32,8,0.99,0.010000000000000009,0.0050000000000000044,13513334,208.01833733873028,cdf_bet,cdf,0.236,0.0,0.764
vary_K,32,8,0.99,0.010000000000000009,0.0050000000000000044,13513334,208.01833733873028,cdf_exact,cdf,0.7915,0.0,0.2085
vary_K,32,8,0.99,0.010000000000000009,0.0050000000000000044,13513334,208.01833733873028,exc_eb,exceedance,1.0,0.0,0.0
vary_K,32,8,0.99,0.010000000000000009,0.0050000000000000044,13513334,208.01833733873028,exc_bet,exceedance,1.0,0.0,0.0
vary_K,32,8,0.99,0.010000000000000009,0.0050000000000000044,13513334,208.01833733873028,counts_exact,counts,1.0,0.0,0.0
vary_K,32,8,0.99,0.010000000000000009,0.0050000000000000044,13513334,208.01833733873028,norm_bet,counts,1.0,0.0,0.0
vary_K,32,8,0.99,0.010000000000000009,0.0050000000000000044,18042471,277.7378860688457,cdf_eb,cdf,0.6655,0.0,0.3345
vary_K,32,8,0.99,0.010000000000000009,0.0050000000000000044,18042471,277.7378860688457,cdf_bet,cdf,0.4245,0.0,0.5755
vary_K,32,8,0.99,0.010000000000000009,0.0050000000000000044,18042471,277.7378860688457,cdf_exact,cdf,0.9005,0.0,0.0995
vary_K,32,8,0.99,0.010000000000000009,0.0050000000000000044,18042471,277.7378860688457,exc_eb,exceedance,1.0,0.0,0.0
vary_K,32,8,0.99,0.010000000000000009,0.0050000000000000044,18042471,277.7378860688457,exc_bet,exceedance,1.0,0.0,0.0
vary_K,32,8,0.99,0.010000000000000009,0.0050000000000000044,18042471,277.7378860688457,counts_exact,counts,1.0,0.0,0.0
vary_K,32,8,0.99,0.010000000000000009,0.0050000000000000044,18042471,277.7378860688457,norm_bet,counts,1.0,0.0,0.0
vary_K,32,8,0.99,0.010000000000000009,0.0050000000000000044,24089595,370.82466096548717,cdf_eb,cdf,0.8395,0.0,0.1605
vary_K,32,8,0.99,0.010000000000000009,0.0050000000000000044,24089595,370.82466096548717,cdf_bet,cdf,0.638,0.0,0.362
vary_K,32,8,0.99,0.010000000000000009,0.0050000000000000044,24089595,370.82466096548717,cdf_exact,cdf,0.9755,0.0,0.0245
vary_K,32,8,0.99,0.010000000000000009,0.0050000000000000044,24089595,370.82466096548717,exc_eb,exceedance,1.0,0.0,0.0
vary_K,32,8,0.99,0.010000000000000009,0.0050000000000000044,24089595,370.82466096548717,exc_bet,exceedance,1.0,0.0,0.0
vary_K,32,8,0.99,0.010000000000000009,0.0050000000000000044,24089595,370.82466096548717,counts_exact,counts,1.0,0.0,0.0
vary_K,32,8,0.99,0.010000000000000009,0.0050000000000000044,24089595,370.82466096548717,norm_bet,counts,1.0,0.0,0.0
vary_K,32,8,0.99,0.010000000000000009,0.0050000000000000044,32163477,495.1104596817109,cdf_eb,cdf,0.955,0.0,0.045
vary_K,32,8,0.99,0.010000000000000009,0.0050000000000000044,32163477,495.1104596817109,cdf_bet,cdf,0.8575,0.0,0.1425
vary_K,32,8,0.99,0.010000000000000009,0.0050000000000000044,32163477,495.1104596817109,cdf_exact,cdf,0.995,0.0,0.005
vary_K,32,8,0.99,0.010000000000000009,0.0050000000000000044,32163477,495.1104596817109,exc_eb,exceedance,1.0,0.0,0.0
vary_K,32,8,0.99,0.010000000000000009,0.0050000000000000044,32163477,495.1104596817109,exc_bet,exceedance,1.0,0.0,0.0
vary_K,32,8,0.99,0.010000000000000009,0.0050000000000000044,32163477,495.1104596817109,counts_exact,counts,1.0,0.0,0.0
vary_K,32,8,0.99,0.010000000000000009,0.0050000000000000044,32163477,495.1104596817109,norm_bet,counts,1.0,0.0,0.0
vary_K,32,8,0.99,0.010000000000000009,0.0050000000000000044,42943405,661.0519437885364,cdf_eb,cdf,0.9945,0.0,0.0055
vary_K,32,8,0.99,0.010000000000000009,0.0050000000000000044,42943405,661.0519437885364,cdf_bet,cdf,0.966,0.0,0.034
vary_K,32,8,0.99,0.010000000000000009,0.0050000000000000044,42943405,661.0519437885364,cdf_exact,cdf,1.0,0.0,0.0
vary_K,32,8,0.99,0.010000000000000009,0.0050000000000000044,42943405,661.0519437885364,exc_eb,exceedance,1.0,0.0,0.0
vary_K,32,8,0.99,0.010000000000000009,0.0050000000000000044,42943405,661.0519437885364,exc_bet,exceedance,1.0,0.0,0.0
vary_K,32,8,0.99,0.010000000000000009,0.0050000000000000044,42943405,661.0519437885364,counts_exact,counts,1.0,0.0,0.0
vary_K,32,8,0.99,0.010000000000000009,0.0050000000000000044,42943405,661.0519437885364,norm_bet,counts,1.0,0.0,0.0
vary_K,32,8,0.99,0.010000000000000009,0.0050000000000000044,57336340,882.6104731732477,cdf_eb,cdf,1.0,0.0,0.0
vary_K,32,8,0.99,0.010000000000000009,0.0050000000000000044,57336340,882.6104731732477,cdf_bet,cdf,0.9985,0.0,0.0015
vary_K,32,8,0.99,0.010000000000000009,0.0050000000000000044,57336340,882.6104731732477,cdf_exact,cdf,1.0,0.0,0.0
vary_K,32,8,0.99,0.010000000000000009,0.0050000000000000044,57336340,882.6104731732477,exc_eb,exceedance,1.0,0.0,0.0
vary_K,32,8,0.99,0.010000000000000009,0.0050000000000000044,57336340,882.6104731732477,exc_bet,exceedance,1.0,0.0,0.0
vary_K,32,8,0.99,0.010000000000000009,0.0050000000000000044,57336340,882.6104731732477,counts_exact,counts,1.0,0.0,0.0
vary_K,32,8,0.99,0.010000000000000009,0.0050000000000000044,57336340,882.6104731732477,norm_bet,counts,1.0,0.0,0.0
vary_K,32,8,0.99,0.010000000000000009,0.0050000000000000044,76553218,1178.426665565238,cdf_eb,cdf,1.0,0.0,0.0
vary_K,32,8,0.99,0.010000000000000009,0.0050000000000000044,76553218,1178.426665565238,cdf_bet,cdf,1.0,0.0,0.0
vary_K,32,8,0.99,0.010000000000000009,0.0050000000000000044,76553218,1178.426665565238,cdf_exact,cdf,1.0,0.0,0.0
vary_K,32,8,0.99,0.010000000000000009,0.0050000000000000044,76553218,1178.426665565238,exc_eb,exceedance,1.0,0.0,0.0
vary_K,32,8,0.99,0.010000000000000009,0.0050000000000000044,76553218,1178.426665565238,exc_bet,exceedance,1.0,0.0,0.0
vary_K,32,8,0.99,0.010000000000000009,0.0050000000000000044,76553218,1178.426665565238,counts_exact,counts,1.0,0.0,0.0
vary_K,32,8,0.99,0.010000000000000009,0.0050000000000000044,76553218,1178.426665565238,norm_bet,counts,1.0,0.0,0.0
vary_K,32,8,0.99,0.010000000000000009,0.0050000000000000044,102210836,1573.3887849380203,cdf_eb,cdf,1.0,0.0,0.0
vary_K,32,8,0.99,0.010000000000000009,0.0050000000000000044,102210836,1573.3887849380203,cdf_bet,cdf,1.0,0.0,0.0
vary_K,32,8,0.99,0.010000000000000009,0.0050000000000000044,102210836,1573.3887849380203,cdf_exact,cdf,1.0,0.0,0.0
vary_K,32,8,0.99,0.010000000000000009,0.0050000000000000044,102210836,1573.3887849380203,exc_eb,exceedance,1.0,0.0,0.0
vary_K,32,8,0.99,0.010000000000000009,0.0050000000000000044,102210836,1573.3887849380203,exc_bet,exceedance,1.0,0.0,0.0
vary_K,32,8,0.99,0.010000000000000009,0.0050000000000000044,102210836,1573.3887849380203,counts_exact,counts,1.0,0.0,0.0
vary_K,32,8,0.99,0.010000000000000009,0.0050000000000000044,102210836,1573.3887849380203,norm_bet,counts,1.0,0.0,0.0
vary_K,32,8,0.99,0.010000000000000009,0.0050000000000000044,136467875,2100.726619918495,cdf_eb,cdf,1.0,0.0,0.0
vary_K,32,8,0.99,0.010000000000000009,0.0050000000000000044,136467875,2100.726619918495,cdf_bet,cdf,1.0,0.0,0.0
vary_K,32,8,0.99,0.010000000000000009,0.0050000000000000044,136467875,2100.726619918495,cdf_exact,cdf,1.0,0.0,0.0
vary_K,32,8,0.99,0.010000000000000009,0.0050000000000000044,136467875,2100.726619918495,exc_eb,exceedance,1.0,0.0,0.0
vary_K,32,8,0.99,0.010000000000000009,0.0050000000000000044,136467875,2100.726619918495,exc_bet,exceedance,1.0,0.0,0.0
vary_K,32,8,0.99,0.010000000000000009,0.0050000000000000044,136467875,2100.726619918495,counts_exact,counts,1.0,0.0,0.0
vary_K,32,8,0.99,0.010000000000000009,0.0050000000000000044,136467875,2100.726619918495,norm_bet,counts,1.0,0.0,0.0
vary_K,32,8,0.99,0.010000000000000009,0.0050000000000000044,182206522,2804.807293204829,cdf_eb,cdf,1.0,0.0,0.0
vary_K,32,8,0.99,0.010000000000000009,0.0050000000000000044,182206522,2804.807293204829,cdf_bet,cdf,1.0,0.0,0.0
vary_K,32,8,0.99,0.010000000000000009,0.0050000000000000044,182206522,2804.807293204829,cdf_exact,cdf,1.0,0.0,0.0
vary_K,32,8,0.99,0.010000000000000009,0.0050000000000000044,182206522,2804.807293204829,exc_eb,exceedance,1.0,0.0,0.0
vary_K,32,8,0.99,0.010000000000000009,0.0050000000000000044,182206522,2804.807293204829,exc_bet,exceedance,1.0,0.0,0.0
vary_K,32,8,0.99,0.010000000000000009,0.0050000000000000044,182206522,2804.807293204829,counts_exact,counts,1.0,0.0,0.0
vary_K,32,8,0.99,0.010000000000000009,0.0050000000000000044,182206522,2804.807293204829,norm_bet,counts,1.0,0.0,0.0
vary_K,32,8,0.99,0.010000000000000009,0.0050000000000000044,243274958,3744.8680154956164,cdf_eb,cdf,1.0,0.0,0.0
vary_K,32,8,0.99,0.010000000000000009,0.0050000000000000044,243274958,3744.8680154956164,cdf_bet,cdf,1.0,0.0,0.0
vary_K,32,8,0.99,0.010000000000000009,0.0050000000000000044,243274958,3744.8680154956164,cdf_exact,cdf,1.0,0.0,0.0
vary_K,32,8,0.99,0.010000000000000009,0.0050000000000000044,243274958,3744.8680154956164,exc_eb,exceedance,1.0,0.0,0.0
vary_K,32,8,0.99,0.010000000000000009,0.0050000000000000044,243274958,3744.8680154956164,exc_bet,exceedance,1.0,0.0,0.0
vary_K,32,8,0.99,0.010000000000000009,0.0050000000000000044,243274958,3744.8680154956164,counts_exact,counts,1.0,0.0,0.0
vary_K,32,8,0.99,0.010000000000000009,0.0050000000000000044,243274958,3744.8680154956164,norm_bet,counts,1.0,0.0,0.0
vary_K,32,8,0.99,0.010000000000000009,0.0050000000000000044,324811124,4999.9999973066715,cdf_eb,cdf,1.0,0.0,0.0
vary_K,32,8,0.99,0.010000000000000009,0.0050000000000000044,324811124,4999.9999973066715,cdf_bet,cdf,1.0,0.0,0.0
vary_K,32,8,0.99,0.010000000000000009,0.0050000000000000044,324811124,4999.9999973066715,cdf_exact,cdf,1.0,0.0,0.0
vary_K,32,8,0.99,0.010000000000000009,0.0050000000000000044,324811124,4999.9999973066715,exc_eb,exceedance,1.0,0.0,0.0
vary_K,32,8,0.99,0.010000000000000009,0.0050000000000000044,324811124,4999.9999973066715,exc_bet,exceedance,1.0,0.0,0.0
vary_K,32,8,0.99,0.010000000000000009,0.0050000000000000044,324811124,4999.9999973066715,counts_exact,counts,1.0,0.0,0.0
vary_K,32,8,0.99,0.010000000000000009,0.0050000000000000044,324811124,4999.9999973066715,norm_bet,counts,1.0,0.0,0.0
vary_K,32,16,0.99,0.010000000000000009,0.0050000000000000044,1477,0.020004196209632286,cdf_eb,cdf,0.0,0.0,1.0
vary_K,32,16,0.99,0.010000000000000009,0.0050000000000000044,1477,0.020004196209632286,cdf_bet,cdf,0.0,0.0,1.0
vary_K,32,16,0.99,0.010000000000000009,0.0050000000000000044,1477,0.020004196209632286,cdf_exact,cdf,0.003,0.038,0.959
vary_K,32,16,0.99,0.010000000000000009,0.0050000000000000044,1477,0.020004196209632286,exc_eb,exceedance,0.0,0.0,1.0
vary_K,32,16,0.99,0.010000000000000009,0.0050000000000000044,1477,0.020004196209632286,exc_bet,exceedance,0.0,0.0,1.0
vary_K,32,16,0.99,0.010000000000000009,0.0050000000000000044,1477,0.020004196209632286,counts_exact,counts,0.0,0.0,1.0
vary_K,32,16,0.99,0.010000000000000009,0.0050000000000000044,1477,0.020004196209632286,norm_bet,counts,0.0,0.0,1.0
vary_K,32,16,0.99,0.010000000000000009,0.0050000000000000044,1972,0.0267083784193601,cdf_eb,cdf,0.0,0.0,1.0
vary_K,32,16,0.99,0.010000000000000009,0.0050000000000000044,1972,0.0267083784193601,cdf_bet,cdf,0.0,0.0,1.0
vary_K,32,16,0.99,0.010000000000000009,0.0050000000000000044,1972,0.0267083784193601,cdf_exact,cdf,0.002,0.039,0.959
vary_K,32,16,0.99,0.010000000000000009,0.0050000000000000044,1972,0.0267083784193601,exc_eb,exceedance,0.0,0.0,1.0
vary_K,32,16,0.99,0.010000000000000009,0.0050000000000000044,1972,0.0267083784193601,exc_bet,exceedance,0.0,0.0,1.0
vary_K,32,16,0.99,0.010000000000000009,0.0050000000000000044,1972,0.0267083784193601,counts_exact,counts,0.0,0.0,1.0
vary_K,32,16,0.99,0.010000000000000009,0.0050000000000000044,1972,0.0267083784193601,norm_bet,counts,0.0,0.0,1.0
vary_K,32,16,0.99,0.010000000000000009,0.0050000000000000044,2632,0.03564728803233052,cdf_eb,cdf,0.0,0.0,1.0
vary_K,32,16,0.99,0.010000000000000009,0.0050000000000000044,2632,0.03564728803233052,cdf_bet,cdf,0.0,0.0,1.0
vary_K,32,16,0.99,0.010000000000000009,0.0050000000000000044,2632,0.03564728803233052,cdf_exact,cdf,0.0045,0.027,0.9685
vary_K,32,16,0.99,0.010000000000000009,0.0050000000000000044,2632,0.03564728803233052,exc_eb,exceedance,0.0,0.0,1.0
vary_K,32,16,0.99,0.010000000000000009,0.0050000000000000044,2632,0.03564728803233052,exc_bet,exceedance,0.0,0.0,1.0
vary_K,32,16,0.99,0.010000000000000009,0.0050000000000000044,2632,0.03564728803233052,counts_exact,counts,0.0,0.0,1.0
vary_K,32,16,0.99,0.010000000000000009,0.0050000000000000044,2632,0.03564728803233052,norm_bet,counts,0.0,0.0,1.0
vary_K,32,16,0.99,0.010000000000000009,0.0050000000000000044,3515,0.04760646559028943,cdf_eb,cdf,0.0,0.0,1.0
vary_K,32,16,0.99,0.010000000000000009,0.0050000000000000044,3515,0.04760646559028943,cdf_bet,cdf,0.0,0.0,1.0
vary_K,32,16,0.99,0.010000000000000009,0.0050000000000000044,3515,0.04760646559028943,cdf_exact,cdf,0.001,0.032,0.967
vary_K,32,16,0.99,0.010000000000000009,0.0050000000000000044,3515,0.04760646559028943,exc_eb,exceedance,0.0,0.0,1.0
vary_K,32,16,0.99,0.010000000000000009,0.0050000000000000044,3515,0.04760646559028943,exc_bet,exceedance,0.0,0.0,1.0
vary_K,32,16,0.99,0.010000000000000009,0.0050000000000000044,3515,0.04760646559028943,counts_exact,counts,0.0,0.0,1.0
vary_K,32,16,0.99,0.010000000000000009,0.0050000000000000044,3515,0.04760646559028943,norm_bet,counts,0.0,0.0,1.0
vary_K,32,16,0.99,0.010000000000000009,0.0050000000000000044,4693,0.06356106486919724,cdf_eb,cdf,0.0,0.0,1.0
vary_K,32,16,0.99,0.010000000000000009,0.0050000000000000044,4693,0.06356106486919724,cdf_bet,cdf,0.0,0.0,1.0
vary_K,32,16,0.99,0.010000000000000009,0.0050000000000000044,4693,0.06356106486919724,cdf_exact,cdf,0.003,0.031,0.966
vary_K,32,16,0.99,0.010000000000000009,0.0050000000000000044,4693,0.06356106486919724,exc_eb,exceedance,0.0,0.0,1.0
vary_K,32,16,0.99,0.010000000000000009,0.0050000000000000044,4693,0.06356106486919724,exc_bet,exceedance,0.0,0.0,1.0
vary_K,32,16,0.99,0.010000000000000009,0.0050000000000000044,4693,0.06356106486919724,counts_exact,counts,0.0,0.0,1.0
vary_K,32,16,0.99,0.010000000000000009,0.0050000000000000044,4693,0.06356106486919724,norm_bet,counts,0.0,0.0,1.0
vary_K,32,16,0.99,0.010000000000000009,0.0050000000000000044,6266,0.08486546611344341,cdf_eb,cdf,0.0,0.0,1.0
vary_K,32,16,0.99,0.010000000000000009,0.0050000000000000044,6266,0.08486546611344341,cdf_bet,cdf,0.0,0.0,1.0
vary_K,32,16,0.99,0.010000000000000009,0.0050000000000000044,6266,0.08486546611344341,cdf_exact,cdf,0.0025,0.0355,0.962
vary_K,32,16,0.99,0.010000000000000009,0.0050000000000000044,6266,0.08486546611344341,exc_eb,exceedance,0.0,0.0,1.0
vary_K,32,16,0.99,0.010000000000000009,0.0050000000000000044,6266,0.08486546611344341,exc_bet,exceedance,0.0,0.0,1.0
vary_K,32,16,0.99,0.010000000000000009,0.0050000000000000044,6266,0.08486546611344341,counts_exact,counts,0.0,0.0,1.0
vary_K,32,16,0.99,0.010000000000000009,0.0050000000000000044,6266,0.08486546611344341,norm_bet,counts,0.0,0.0,1.0
vary_K,32,16,0.99,0.010000000000000009,0.0050000000000000044,8365,0.11329390744317812,cdf_eb,cdf,0.0,0.0,1.0
vary_K,32,16,0.99,0.010000000000000009,0.0050000000000000044,8365,0.11329390744317812,cdf_bet,cdf,0.0,0.0,1.0
vary_K,32,16,0.99,0.010000000000000009,0.0050000000000000044,8365,0.11329390744317812,cdf_exact,cdf,0.0055,0.037,0.9575
vary_K,32,16,0.99,0.010000000000000009,0.0050000000000000044,8365,0.11329390744317812,exc_eb,exceedance,0.0,0.0,1.0
vary_K,32,16,0.99,0.010000000000000009,0.0050000000000000044,8365,0.11329390744317812,exc_bet,exceedance,0.0,0.0,1.0
vary_K,32,16,0.99,0.010000000000000009,0.0050000000000000044,8365,0.11329390744317812,counts_exact,counts,0.0,0.0,1.0
vary_K,32,16,0.99,0.010000000000000009,0.0050000000000000044,8365,0.11329390744317812,norm_bet,counts,0.0,0.0,1.0
vary_K,32,16,0.99,0.010000000000000009,0.0050000000000000044,11169,0.1512707294958585,cdf_eb,cdf,0.0,0.0,1.0
vary_K,32,16,0.99,0.010000000000000009,0.0050000000000000044,11169,0.1512707294958585,cdf_bet,cdf,0.0,0.0,1.0
vary_K,32,16,0.99,0.010000000000000009,0.0050000000000000044,11169,0.1512707294958585,cdf_exact,cdf,0.0025,0.033,0.9645
vary_K,32,16,0.99,0.010000000000000009,0.0050000000000000044,11169,0.1512707294958585,exc_eb,exceedance,0.0,0.0,1.0
vary_K,32,16,0.99,0.010000000000000009,0.0050000000000000044,11169,0.1512707294958585,exc_bet,exceedance,0.0,0.0,1.0
vary_K,32,16,0.99,0.010000000000000009,0.0050000000000000044,11169,0.1512707294958585,counts_exact,counts,0.0,0.0,1.0
vary_K,32,16,0.99,0.010000000000000009,0.0050000000000000044,11169,0.1512707294958585,norm_bet,counts,0.0,0.0,1.0
vary_K,32,16,0.99,0.010000000000000009,0.0050000000000000044,14913,0.2019787258457998,cdf_eb,cdf,0.0,0.0,1.0
vary_K,32,16,0.99,0.010000000000000009,0.0050000000000000044,14913,0.2019787258457998,cdf_bet,cdf,0.0,0.0,1.0
vary_K,32,16,0.99,0.010000000000000009,0.0050000000000000044,14913,0.2019787258457998,cdf_exact,cdf,0.0055,0.0335,0.961
vary_K,32,16,0.99,0.010000000000000009,0.0050000000000000044,14913,0.2019787258457998,exc_eb,exceedance,0.0,0.0,1.0
vary_K,32,16,0.99,0.010000000000000009,0.0050000000000000044,14913,0.2019787258457998,exc_bet,exceedance,0.0,0.0,1.0
vary_K,32,16,0.99,0.010000000000000009,0.0050000000000000044,14913,0.2019787258457998,counts_exact,counts,0.0,0.0,1.0
vary_K,32,16,0.99,0.010000000000000009,0.0050000000000000044,14913,0.2019787258457998,norm_bet,counts,0.0,0.0,1.0
vary_K,32,16,0.99,0.010000000000000009,0.0050000000000000044,19911,0.26967065046038485,cdf_eb,cdf,0.0,0.0,1.0
vary_K,32,16,0.99,0.010000000000000009,0.0050000000000000044,19911,0.26967065046038485,cdf_bet,cdf,0.0,0.0,1.0
vary_K,32,16,0.99,0.010000000000000009,0.0050000000000000044,19911,0.26967065046038485,cdf_exact,cdf,0.001,0.02,0.979
vary_K,32,16,0.99,0.010000000000000009,0.0050000000000000044,19911,0.26967065046038485,exc_eb,exceedance,0.0,0.0,1.0
vary_K,32,16,0.99,0.010000000000000009,0.0050000000000000044,19911,0.26967065046038485,exc_bet,exceedance,0.0,0.0,1.0
vary_K,32,16,0.99,0.010000000000000009,0.0050000000000000044,19911,0.26967065046038485,counts_exact,counts,0.0425,0.001,0.9565
vary_K,32,16,0.99,0.010000000000000009,0.0050000000000000044,19911,0.26967065046038485,norm_bet,counts,0.0,0.0,1.0
vary_K,32,16,0.99,0.010000000000000009,0.0050000000000000044,26584,0.36004844416849335,cdf_eb,cdf,0.0,0.0,1.0
vary_K,32,16,0.99,0.010000000000000009,0.0050000000000000044,26584,0.36004844416849335,cdf_bet,cdf,0.0,0.0,1.0
vary_K,32,16,0.99,0.010000000000000009,0.0050000000000000044,26584,0.36004844416849335,cdf_exact,cdf,0.004,0.024,0.972
vary_K,32,16,0.99,0.010000000000000009,0.0050000000000000044,26584,0.36004844416849335,exc_eb,exceedance,0.0,0.0,1.0
vary_K,32,16,0.99,0.010000000000000009,0.0050000000000000044,26584,0.36004844416849335,exc_bet,exceedance,0.0,0.0,1.0
vary_K,32,16,0.99,0.010000000000000009,0.0050000000000000044,26584,0.36004844416849335,counts_exact,counts,0.0725,0.0,0.9275
vary_K,32,16,0.99,0.010000000000000009,0.0050000000000000044,26584,0.36004844416849335,norm_bet,counts,0.0,0.0,1.0
vary_K,32,16,0.99,0.010000000000000009,0.0050000000000000044,35494,0.48072372394359403,cdf_eb,cdf,0.0,0.0,1.0
vary_K,32,16,0.99,0.010000000000000009,0.0050000000000000044,35494,0.48072372394359403,cdf_bet,cdf,0.0,0.0,1.0
vary_K,32,16,0.99,0.010000000000000009,0.0050000000000000044,35494,0.48072372394359403,cdf_exact,cdf,0.003,0.0225,0.9745
vary_K,32,16,0.99,0.010000000000000009,0.0050000000000000044,35494,0.48072372394359403,exc_eb,exceedance,0.0,0.0,1.0
vary_K,32,16,0.99,0.010000000000000009,0.0050000000000000044,35494,0.48072372394359403,exc_bet,exceedance,0.0,0.0,1.0
vary_K,32,16,0.99,0.010000000000000009,0.0050000000000000044,35494,0.48072372394359403,counts_exact,counts,0.0905,0.0,0.9095
vary_K,32,16,0.99,0.010000000000000009,0.0050000000000000044,35494,0.48072372394359403,norm_bet,counts,0.0,0.0,1.0
vary_K,32,16,0.99,0.010000000000000009,0.0050000000000000044,47390,0.6418407978161639,cdf_eb,cdf,0.0,0.0,1.0
vary_K,32,16,0.99,0.010000000000000009,0.0050000000000000044,47390,0.6418407978161639,cdf_bet,cdf,0.0,0.0,1.0
vary_K,32,16,0.99,0.010000000000000009,0.0050000000000000044,47390,0.6418407978161639,cdf_exact,cdf,0.005,0.0195,0.9755
vary_K,32,16,0.99,0.010000000000000009,0.0050000000000000044,47390,0.6418407978161639,exc_eb,exceedance,0.0,0.0,1.0
vary_K,32,16,0.99,0.010000000000000009,0.0050000000000000044,47390,0.6418407978161639,exc_bet,exceedance,0.019,0.0,0.981
vary_K,32,16,0.99,0.010000000000000009,0.0050000000000000044,47390,0.6418407978161639,counts_exact,counts,0.216,0.0,0.784
vary_K,32,16,0.99,0.010000000000000009,0.0050000000000000044,47390,0.6418407978161639,norm_bet,counts,0.018,0.0,0.982
vary_K,32,16,0.99,0.010000000000000009,0.0050000000000000044,63274,0.8569705558349854,cdf_eb,cdf,0.0,0.0,1.0
vary_K,32,16,0.99,0.010000000000000009,0.0050000000000000044,63274,0.8569705558349854,cdf_bet,cdf,0.0,0.0,1.0
vary_K,32,16,0.99,0.010000000000000009,0.0050000000000000044,63274,0.8569705558349854,cdf_exact,cdf,0.007,0.0195,0.9735
vary_K,32,16,0.99,0.010000000000000009,0.0050000000000000044,63274,0.8569705558349854,exc_eb,exceedance,0.0,0.0,1.0
vary_K,32,16,0.99,0.010000000000000009,0.0050000000000000044,63274,0.8569705558349854,exc_bet,exceedance,0.0755,0.0,0.9245
vary_K,32,16,0.99,0.010000000000000009,0.0050000000000000044,63274,0.8569705558349854,counts_exact,counts,0.335,0.0,0.665
vary_K,32,16,0.99,0.010000000000000009,0.0050000000000000044,63274,0.8569705558349854,norm_bet,counts,0.0915,0.0,0.9085
vary_K,32,16,0.99,0.010000000000000009,0.0050000000000000044,84481,1.1441939742626577,cdf_eb,cdf,0.0,0.0,1.0
vary_K,32,16,0.99,0.010000000000000009,0.0050000000000000044,84481,1.1441939742626577,cdf_bet,cdf,0.0,0.0,1.0
vary_K,32,16,0.99,0.010000000000000009,0.0050000000000000044,84481,1.1441939742626577,cdf_exact,cdf,0.0055,0.0225,0.972
vary_K,32,16,0.99,0.010000000000000009,0.0050000000000000044,84481,1.1441939742626577,exc_eb,exceedance,0.004,0.0,0.996
vary_K,32,16,0.99,0.010000000000000009,0.0050000000000000044,84481,1.1441939742626577,exc_bet,exceedance,0.254,0.0,0.746
vary_K,32,16,0.99,0.010000000000000009,0.0050000000000000044,84481,1.1441939742626577,counts_exact,counts,0.5155,0.0,0.4845
vary_K,32,16,0.99,0.010000000000000009,0.0050000000000000044,84481,1.1441939742626577,norm_bet,counts,0.2605,0.0,0.7395
vary_K,32,16,0.99,0.010000000000000009,0.0050000000000000044,112795,1.5276731966590886,cdf_eb,cdf,0.0,0.0005,0.9995
vary_K,32,16,0.99,0.010000000000000009,0.0050000000000000044,112795,1.5276731966590886,cdf_bet,cdf,0.0,0.0,1.0
vary_K,32,16,0.99,0.010000000000000009,0.0050000000000000044,112795,1.5276731966590886,cdf_exact,cdf,0.0055,0.022,0.9725
vary_K,32,16,0.99,0.010000000000000009,0.0050000000000000044,112795,1.5276731966590886,exc_eb,exceedance,0.0215,0.0,0.9785
vary_K,32,16,0.99,0.010000000000000009,0.0050000000000000044,112795,1.5276731966590886,exc_bet,exceedance,0.5105,0.0,0.4895
vary_K,32,16,0.99,0.010000000000000009,0.0050000000000000044,112795,1.5276731966590886,counts_exact,counts,0.709,0.0,0.291
vary_K,32,16,0.99,0.010000000000000009,0.0050000000000000044,112795,1.5276731966590886,norm_bet,counts,0.4815,0.0,0.5185
vary_K,32,16,0.99,0.010000000000000009,0.0050000000000000044,150600,2.039696648050523,cdf_eb,cdf,0.0,0.0,1.0
vary_K,32,16,0.99,0.010000000000000009,0.0050000000000000044,150600,2.039696648050523,cdf_bet,cdf,0.0,0.0,1.0
vary_K,32,16,0.99,0.010000000000000009,0.0050000000000000044,150600,2.039696648050523,cdf_exact,cdf,0.0105,0.0125,0.977
vary_K,32,16,0.99,0.010000000000000009,0.0050000000000000044,150600,2.039696648050523,exc_eb,exceedance,0.11,0.0,0.89
vary_K,32,16,0.99,0.010000000000000009,0.0050000000000000044,150600,2.039696648050523,exc_bet,exceedance,0.68,0.0,0.32
vary_K,32,16,0.99,0.010000000000000009,0.0050000000000000044,150600,2.039696648050523,counts_exact,counts,0.873,0.0,0.127
vary_K,32,16,0.99,0.010000000000000009,0.0050000000000000044,150600,2.039696648050523,norm_bet,counts,0.683,0.0,0.317
vary_K,32,16,0.99,0.010000000000000009,0.0050000000000000044,201075,2.7233200764061016,cdf_eb,cdf,0.0,0.0,1.0
vary_K,32,16,0.99,0.010000000000000009,0.0050000000000000044,201075,2.7233200764061016,cdf_bet,cdf,0.0,0.0,1.0
vary_K,32,16,0.99,0.010000000000000009,0.0050000000000000044,201075,2.7233200764061016,cdf_exact,cdf,0.013,0.0125,0.9745
vary_K,32,16,0.99,0.010000000000000009,0.0050000000000000044,201075,2.7233200764061016,exc_eb,exceedance,0.3055,0.0,0.6945
vary_K,32,16,0.99,0.010000000000000009,0.0050000000000000044,201075,2.7233200764061016,exc_bet,exceedance,0.823,0.0,0.177
vary_K,32,16,0.99,0.010000000000000009,0.0050000000000000044,201075,2.7233200764061016,counts_exact,counts,0.969,0.0,0.031
vary_K,32,16,0.99,0.010000000000000009,0.0050000000000000044,201075,2.7233200764061016,norm_bet,counts,0.834,0.0,0.166
vary_K,32,16,0.99,0.010000000000000009,0.0050000000000000044,268468,3.6360775545074886,cdf_eb,cdf,0.001,0.0,0.999
vary_K,32,16,0.99,0.010000000000000009,0.0050000000000000044,268468,3.6360775545074886,cdf_bet,cdf,0.0005,0.0,0.9995
vary_K,32,16,0.99,0.010000000000000009,0.0050000000000000044,268468,3.6360775545074886,cdf_exact,cdf,0.013,0.011,0.976
vary_K,32,16,0.99,0.010000000000000009,0.0050000000000000044,268468,3.6360775545074886,exc_eb,exceedance,0.6625,0.0,0.3375
vary_K,32,16,0.99,0.010000000000000009,0.0050000000000000044,268468,3.6360775545074886,exc_bet,exceedance,0.9365,0.0,0.0635
vary_K,32,16,0.99,0.010000000000000009,0.0050000000000000044,268468,3.6360775545074886,counts_exact,counts,0.9985,0.0,0.0015
vary_K,32,16,0.99,0.010000000000000009,0.0050000000000000044,268468,3.6360775545074886,norm_bet,counts,0.94,0.0,0.06
vary_K,32,16,0.99,0.010000000000000009,0.0050000000000000044,358448,4.854748898409123,cdf_eb,cdf,0.0,0.0,1.0
vary_K,32,16,0.99,0.010000000000000009,0.0050000000000000044,358448,4.854748898409123,cdf_bet,cdf,0.0,0.0,1.0
vary_K,32,16,0.99,0.010000000000000009,0.0050000000000000044,358448,4.854748898409123,cdf_exact,cdf,0.011,0.01,0.979
vary_K,32,16,0.99,0.010000000000000009,0.0050000000000000044,358448,4.854748898409123,exc_eb,exceedance,0.935,0.0,0.065
vary_K,32,16,0.99,0.010000000000000009,0.0050000000000000044,358448,4.854748898409123,exc_bet,exceedance,0.991,0.0,0.009
vary_K,32,16,0.99,0.010000000000000009,0.0050000000000000044,358448,4.854748898409123,counts_exact,counts,1.0,0.0,0.0
vary_K,32,16,0.99,0.010000000000000009,0.0050000000000000044,358448,4.854748898409123,norm_bet,counts,0.991,0.0,0.009
vary_K,32,16,0.99,0.010000000000000009,0.0050000000000000044,478585,6.481860692611285,cdf_eb,cdf,0.001,0.0,0.999
vary_K,32,16,0.99,0.010000000000000009,0.0050000000000000044,478585,6.481860692611285,cdf_bet,cdf,0.0,0.0,1.0
vary_K,32,16,0.99,0.010000000000000009,0.0050000000000000044,478585,6.481860692611285,cdf_exact,cdf,0.0205,0.0055,0.974
vary_K,32,16,0.99,0.010000000000000009,0.0050000000000000044,478585,6.481860692611285,exc_eb,exceedance,0.9965,0.0,0.0035
vary_K,32,16,0.99,0.010000000000000009,0.0050000000000000044,478585,6.481860692611285,exc_bet,exceedance,0.999,0.0,0.001
vary_K,32,16,0.99,0.010000000000000009,0.0050000000000000044,478585,6.481860692611285,counts_exact,counts,1.0,0.0,0.0
vary_K,32,16,0.99,0.010000000000000009,0.0050000000000000044,478585,6.481860692611285,norm_bet,counts,0.9995,0.0,0.0005
vary_K,32,16,0.99,0.010000000000000009,0.0050000000000000044,638988,8.654327236019306,cdf_eb,cdf,0.0025,0.0,0.9975
vary_K,32,16,0.99,0.010000000000000009,0.0050000000000000044,638988,8.654327236019306,cdf_bet,cdf,0.0005,0.0,0.9995
vary_K,32,16,0.99,0.010000000000000009,0.0050000000000000044,638988,8.654327236019306,cdf_exact,cdf,0.024,0.0065,0.9695
vary_K,32,16,0.99,0.010000000000000009,0.0050000000000000044,638988,8.654327236019306,exc_eb,exceedance,1.0,0.0,0.0
vary_K,32,16,0.99,0.010000000000000009,0.0050000000000000044,638988,8.654327236019306,exc_bet,exceedance,1.0,0.0,0.0
vary_K,32,16,0.99,0.010000000000000009,0.0050000000000000044,638988,8.654327236019306,counts_exact,counts,1.0,0.0,0.0
vary_K,32,16,0.99,0.010000000000000009,0.0050000000000000044,638988,8.654327236019306,norm_bet,counts,1.0,0.0,0.0
vary_K,32,16,0.99,0.010000000000000009,0.0050000000000000044,853151,11.554908598811101,cdf_eb,cdf,0.004,0.0,0.996
vary_K,32,16,0.99,0.010000000000000009,0.0050000000000000044,853151,11.554908598811101,cdf_bet,cdf,0.0,0.0,1.0
vary_K,32,16,0.99,0.010000000000000009,0.0050000000000000044,853151,11.554908598811101,cdf_exact,cdf,0.031,0.002,0.967
vary_K,32,16,0.99,0.010000000000000009,0.0050000000000000044,853151,11.554908598811101,exc_eb,exceedance,1.0,0.0,0.0
vary_K,32,16,0.99,0.010000000000000009,0.0050000000000000044,853151,11.554908598811101,exc_bet,exceedance,1.0,0.0,0.0
vary_K,32,16,0.99,0.010000000000000009,0.0050000000000000044,853151,11.554908598811101,counts_exact,counts,1.0,0.0,0.0
vary_K,32,16,0.99,0.010000000000000009,0.0050000000000000044,853151,11.554908598811101,norm_bet,counts,1.0,0.0,0.0
vary_K,32,16,0.99,0.010000000000000009,0.0050000000000000044,1139094,15.427664101025647,cdf_eb,cdf,0.001,0.0,0.999
vary_K,32,16,0.99,0.010000000000000009,0.0050000000000000044,1139094,15.427664101025647,cdf_bet,cdf,0.0005,0.0,0.9995
vary_K,32,16,0.99,0.010000000000000009,0.0050000000000000044,1139094,15.427664101025647,cdf_exact,cdf,0.033,0.0005,0.9665
vary_K,32,16,0.99,0.010000000000000009,0.0050000000000000044,1139094,15.427664101025647,exc_eb,exceedance,1.0,0.0,0.0
vary_K,32,16,0.99,0.010000000000000009,0.0050000000000000044,1139094,15.427664101025647,exc_bet,exceedance,1.0,0.0,0.0
vary_K,32,16,0.99,0.010000000000000009,0.0050000000000000044,1139094,15.427664101025647,counts_exact,counts,1.0,0.0,0.0
vary_K,32,16,0.99,0.010000000000000009,0.0050000000000000044,1139094,15.427664101025647,norm_bet,counts,1.0,0.0,0.0
vary_K,32,16,0.99,0.010000000000000009,0.0050000000000000044,1520874,20.59841699805572,cdf_eb,cdf,0.0035,0.0,0.9965
vary_K,32,16,0.99,0.010000000000000009,0.0050000000000000044,1520874,20.59841699805572,cdf_bet,cdf,0.0005,0.0,0.9995
vary_K,32,16,0.99,0.010000000000000009,0.0050000000000000044,1520874,20.59841699805572,cdf_exact,cdf,0.0585,0.0005,0.941
vary_K,32,16,0.99,0.010000000000000009,0.0050000000000000044,1520874,20.59841699805572,exc_eb,exceedance,1.0,0.0,0.0
vary_K,32,16,0.99,0.010000000000000009,0.0050000000000000044,1520874,20.59841699805572,exc_bet,exceedance,1.0,0.0,0.0
vary_K,32,16,0.99,0.010000000000000009,0.0050000000000000044,1520874,20.59841699805572,counts_exact,counts,1.0,0.0,0.0
vary_K,32,16,0.99,0.010000000000000009,0.0050000000000000044,1520874,20.59841699805572,norm_bet,counts,1.0,0.0,0.0
vary_K,32,16,0.99,0.010000000000000009,0.0050000000000000044,2030610,27.502180680596762,cdf_eb,cdf,0.0075,0.0,0.9925
vary_K,32,16,0.99,0.010000000000000009,0.0050000000000000044,2030610,27.502180680596762,cdf_bet,cdf,0.0005,0.0,0.9995
vary_K,32,16,0.99,0.010000000000000009,0.0050000000000000044,2030610,27.502180680596762,cdf_exact,cdf,0.08,0.001,0.919
vary_K,32,16,0.99,0.010000000000000009,0.0050000000000000044,2030610,27.502180680596762,exc_eb,exceedance,1.0,0.0,0.0
vary_K,32,16,0.99,0.010000000000000009,0.0050000000000000044,2030610,27.502180680596762,exc_bet,exceedance,1.0,0.0,0.0
vary_K,32,16,0.99,0.010000000000000009,0.0050000000000000044,2030610,27.502180680596762,counts_exact,counts,1.0,0.0,0.0
vary_K,32,16,0.99,0.010000000000000009,0.0050000000000000044,2030610,27.502180680596762,norm_bet,counts,1.0,0.0,0.0
vary_K,32,16,0.99,0.010000000000000009,0.0050000000000000044,2711191,36.71983529166498,cdf_eb,cdf,0.016,0.0,0.984
vary_K,32,16,0.99,0.010000000000000009,0.0050000000000000044,2711191,36.71983529166498,cdf_bet,cdf,0.004,0.0,0.996
vary_K,32,16,0.99,0.010000000000000009,0.0050000000000000044,2711191,36.71983529166498,cdf_exact,cdf,0.103,0.0,0.897
vary_K,32,16,0.99,0.010000000000000009,0.0050000000000000044,2711191,36.71983529166498,exc_eb,exceedance,1.0,0.0,0.0
vary_K,32,16,0.99,0.010000000000000009,0.0050000000000000044,2711191,36.71983529166498,exc_bet,exceedance,1.0,0.0,0.0
vary_K,32,16,0.99,0.010000000000000009,0.0050000000000000044,2711191,36.71983529166498,counts_exact,counts,1.0,0.0,0.0
vary_K,32,16,0.99,0.010000000000000009,0.0050000000000000044,2711191,36.71983529166498,norm_bet,counts,1.0,0.0,0.0
vary_K,32,16,0.99,0.010000000000000009,0.0050000000000000044,3619875,49.026871871592874,cdf_eb,cdf,0.0315,0.0,0.9685
vary_K,32,16,0.99,0.010000000000000009,0.0050000000000000044,3619875,49.026871871592874,cdf_bet,cdf,0.003,0.0,0.997
vary_K,32,16,0.99,0.010000000000000009,0.0050000000000000044,3619875,49.026871871592874,cdf_exact,cdf,0.162,0.0,0.838
vary_K,32,16,0.99,0.010000000000000009,0.0050000000000000044,3619875,49.026871871592874,exc_eb,exceedance,1.0,0.0,0.0
vary_K,32,16,0.99,0.010000000000000009,0.0050000000000000044,3619875,49.026871871592874,exc_bet,exceedance,1.0,0.0,0.0
vary_K,32,16,0.99,0.010000000000000009,0.0050000000000000044,3619875,49.026871871592874,counts_exact,counts,1.0,0.0,0.0
vary_K,32,16,0.99,0.010000000000000009,0.0050000000000000044,3619875,49.026871871592874,norm_bet,counts,1.0,0.0,0.0
vary_K,32,16,0.99,0.010000000000000009,0.0050000000000000044,4833114,65.45874120482108,cdf_eb,cdf,0.0505,0.0,0.9495
vary_K,32,16,0.99,0.010000000000000009,0.0050000000000000044,4833114,65.45874120482108,cdf_bet,cdf,0.011,0.0,0.989
vary_K,32,16,0.99,0.010000000000000009,0.0050000000000000044,4833114,65.45874120482108,cdf_exact,cdf,0.2315,0.0,0.7685
vary_K,32,16,0.99,0.010000000000000009,0.0050000000000000044,4833114,65.45874120482108,exc_eb,exceedance,1.0,0.0,0.0
vary_K,32,16,0.99,0.010000000000000009,0.0050000000000000044,4833114,65.45874120482108,exc_bet,exceedance,1.0,0.0,0.0
vary_K,32,16,0.99,0.010000000000000009,0.0050000000000000044,4833114,65.45874120482108,counts_exact,counts,1.0,0.0,0.0
vary_K,32,16,0.99,0.010000000000000009,0.0050000000000000044,4833114,65.45874120482108,norm_bet,counts,1.0,0.0,0.0
vary_K,32,16,0.99,0.010000000000000009,0.0050000000000000044,6452983,87.39792692581014,cdf_eb,cdf,0.097,0.0,0.903
vary_K,32,16,0.99,0.010000000000000009,0.0050000000000000044,6452983,87.39792692581014,cdf_bet,cdf,0.0255,0.0,0.9745
vary_K,32,16,0.99,0.010000000000000009,0.0050000000000000044,6452983,87.39792692581014,cdf_exact,cdf,0.348,0.0,0.652
vary_K,32,16,0.99,0.010000000000000009,0.0050000000000000044,6452983,87.39792692581014,exc_eb,exceedance,1.0,0.0,0.0
vary_K,32,16,0.99,0.010000000000000009,0.0050000000000000044,6452983,87.39792692581014,exc_bet,exceedance,1.0,0.0,0.0
vary_K,32,16,0.99,0.010000000000000009,0.0050000000000000044,6452983,87.39792692581014,counts_exact,counts,1.0,0.0,0.0
vary_K,32,16,0.99,0.010000000000000009,0.0050000000000000044,6452983,87.39792692581014,norm_bet,counts,1.0,0.0,0.0
vary_K,32,16,0.99,0.010000000000000009,0.0050000000000000044,8615769,116.69027323823111,cdf_eb,cdf,0.169,0.0,0.831
vary_K,32,16,0.99,0.010000000000000009,0.0050000000000000044,8615769,116.69027323823111,cdf_bet,cdf,0.0585,0.0,0.9415
vary_K,32,16,0.99,0.010000000000000009,0.0050000000000000044,8615769,116.69027323823111,cdf_exact,cdf,0.463,0.0,0.537
vary_K,32,16,0.99,0.010000000000000009,0.0050000000000000044,8615769,116.69027323823111,exc_eb,exceedance,1.0,0.0,0.0
vary_K,32,16,0.99,0.010000000000000009,0.0050000000000000044,8615769,116.69027323823111,exc_bet,exceedance,1.0,0.0,0.0
vary_K,32,16,0.99,0.010000000000000009,0.0050000000000000044,8615769,116.69027323823111,counts_exact,counts,1.0,0.0,0.0
vary_K,32,16,0.99,0.010000000000000009,0.0050000000000000044,8615769,116.69027323823111,norm_bet,counts,1.0,0.0,0.0
vary_K,32,16,0.99,0.010000000000000009,0.0050000000000000044,11503435,155.8002510661824,cdf_eb,cdf,0.275,0.0,0.725
vary_K,32,16,0.99,0.010000000000000009,0.0050000000000000044,11503435,155.8002510661824,cdf_bet,cdf,0.091,0.0,0.909
vary_K,32,16,0.99,0.010000000000000009,0.0050000000000000044,11503435,155.8002510661824,cdf_exact,cdf,0.6265,0.0,0.3735
vary_K,32,16,0.99,0.010000000000000009,0.0050000000000000044,11503435,155.8002510661824,exc_eb,exceedance,1.0,0.0,0.0
vary_K,32,16,0.99,0.010000000000000009,0.0050000000000000044,11503435,155.8002510661824,exc_bet,exceedance,1.0,0.0,0.0
vary_K,32,16,0.99,0.010000000000000009,0.0050000000000000044,11503435,155.8002510661824,counts_exact,counts,1.0,0.0,0.0
vary_K,32,16,0.99,0.010000000000000009,0.0050000000000000044,11503435,155.8002510661824,norm_bet,counts,1.0,0.0,0.0
vary_K,32,16,0.99,0.010000000000000009,0.0050000000000000044,15358932,208.01834075721058,cdf_eb,cdf,0.4565,0.0,0.5435
vary_K,32,16,0.99,0.010000000000000009,0.0050000000000000044,15358932,208.01834075721058,cdf_bet,cdf,0.21,0.0,0.79
vary_K,32,16,0.99,0.010000000000000009,0.0050000000000000044,15358932,208.01834075721058,cdf_exact,cdf,0.786,0.0,0.214
vary_K,32,16,0.99,0.010000000000000009,0.0050000000000000044,15358932,208.01834075721058,exc_eb,exceedance,1.0,0.0,0.0
vary_K,32,16,0.99,0.010000000000000009,0.0050000000000000044,15358932,208.01834075721058,exc_bet,exceedance,1.0,0.0,0.0
vary_K,32,16,0.99,0.010000000000000009,0.0050000000000000044,15358932,208.01834075721058,counts_exact,counts,1.0,0.0,0.0
vary_K,32,16,0.99,0.010000000000000009,0.0050000000000000044,15358932,208.01834075721058,norm_bet,counts,1.0,0.0,0.0
vary_K,32,16,0.99,0.010000000000000009,0.0050000000000000044,20506640,277.7378809480662,cdf_eb,cdf,0.6715,0.0,0.3285
vary_K,32,16,0.99,0.010000000000000009,0.0050000000000000044,20506640,277.7378809480662,cdf_bet,cdf,0.407,0.0,0.593
vary_K,32,16,0.99,0.010000000000000009,0.0050000000000000044,20506640,277.7378809480662,cdf_exact,cdf,0.905,0.0,0.095
vary_K,32,16,0.99,0.010000000000000009,0.0050000000000000044,20506640,277.7378809480662,exc_eb,exceedance,1.0,0.0,0.0
vary_K,32,16,0.99,0.010000000000000009,0.0050000000000000044,20506640,277.7378809480662,exc_bet,exceedance,1.0,0.0,0.0
vary_K,32,16,0.99,0.010000000000000009,0.0050000000000000044,20506640,277.7378809480662,counts_exact,counts,1.0,0.0,0.0
vary_K,32,16,0.99,0.010000000000000009,0.0050000000000000044,20506640,277.7378809480662,norm_bet,counts,1.0,0.0,0.0
vary_K,32,16,0.99,0.010000000000000009,0.0050000000000000044,27379657,370.8246653895952,cdf_eb,cdf,0.874,0.0,0.126
vary_K,32,16,0.99,0.010000000000000009,0.0050000000000000044,27379657,370.8246653895952,cdf_bet,cdf,0.6595,0.0,0.3405
vary_K,32,16,0.99,0.010000000000000009,0.0050000000000000044,27379657,370.8246653895952,cdf_exact,cdf,0.9745,0.0,0.0255
vary_K,32,16,0.99,0.010000000000000009,0.0050000000000000044,27379657,370.8246653895952,exc_eb,exceedance,1.0,0.0,0.0
vary_K,32,16,0.99,0.010000000000000009,0.0050000000000000044,27379657,370.8246653895952,exc_bet,exceedance,1.0,0.0,0.0
vary_K,32,16,0.99,0.010000000000000009,0.0050000000000000044,27379657,370.8246653895952,counts_exact,counts,1.0,0.0,0.0
vary_K,32,16,0.99,0.010000000000000009,0.0050000000000000044,27379657,370.8246653895952,norm_bet,counts,1.0,0.0,0.0
vary_K,32,16,0.99,0.010000000000000009,0.0050000000000000044,36556237,495.11045202018926,cdf_eb,cdf,0.9685,0.0,0.0315
vary_K,32,16,0.99,0.010000000000000009,0.0050000000000000044,36556237,495.11045202018926,cdf_bet,cdf,0.8655,0.0,0.1345
vary_K,32,16,0.99,0.010000000000000009,0.0050000000000000044,36556237,495.11045202018926,cdf_exact,cdf,0.998,0.0,0.002
vary_K,32,16,0.99,0.010000000000000009,0.0050000000000000044,36556237,495.11045202018926,exc_eb,exceedance,1.0,0.0,0.0
vary_K,32,16,0.99,0.010000000000000009,0.0050000000000000044,36556237,495.11045202018926,exc_bet,exceedance,1.0,0.0,0.0
vary_K,32,16,0.99,0.010000000000000009,0.0050000000000000044,36556237,495.11045202018926,counts_exact,counts,1.0,0.0,0.0
vary_K,32,16,0.99,0.010000000000000009,0.0050000000000000044,36556237,495.11045202018926,norm_bet,counts,1.0,0.0,0.0
vary_K,32,16,0.99,0.010000000000000009,0.0050000000000000044,48808445,661.051936673694,cdf_eb,cdf,0.9965,0.0,0.0035
vary_K,32,16,0.99,0.010000000000000009,0.0050000000000000044,48808445,661.051936673694,cdf_bet,cdf,0.972,0.0,0.028
vary_K,32,16,0.99,0.010000000000000009,0.0050000000000000044,48808445,661.051936673694,cdf_exact,cdf,1.0,0.0,0.0
vary_K,32,16,0.99,0.010000000000000009,0.0050000000000000044,48808445,661.051936673694,exc_eb,exceedance,1.0,0.0,0.0
vary_K,32,16,0.99,0.010000000000000009,0.0050000000000000044,48808445,661.051936673694,exc_bet,exceedance,1.0,0.0,0.0
vary_K,32,16,0.99,0.010000000000000009,0.0050000000000000044,48808445,661.051936673694,counts_exact,counts,1.0,0.0,0.0
vary_K,32,16,0.99,0.010000000000000009,0.0050000000000000044,48808445,661.051936673694,norm_bet,counts,1.0,0.0,0.0
vary_K,32,16,0.99,0.010000000000000009,0.0050000000000000044,65167110,882.6104636795466,cdf_eb,cdf,1.0,0.0,0.0
vary_K,32,16,0.99,0.010000000000000009,0.0050000000000000044,65167110,882.6104636795466,cdf_bet,cdf,0.9985,0.0,0.0015
vary_K,32,16,0.99,0.010000000000000009,0.0050000000000000044,65167110,882.6104636795466,cdf_exact,cdf,1.0,0.0,0.0
vary_K,32,16,0.99,0.010000000000000009,0.0050000000000000044,65167110,882.6104636795466,exc_eb,exceedance,1.0,0.0,0.0
vary_K,32,16,0.99,0.010000000000000009,0.0050000000000000044,65167110,882.6104636795466,exc_bet,exceedance,1.0,0.0,0.0
vary_K,32,16,0.99,0.010000000000000009,0.0050000000000000044,65167110,882.6104636795466,counts_exact,counts,1.0,0.0,0.0
vary_K,32,16,0.99,0.010000000000000009,0.0050000000000000044,65167110,882.6104636795466,norm_bet,counts,1.0,0.0,0.0
vary_K,32,16,0.99,0.010000000000000009,0.0050000000000000044,87008554,1178.4266663049332,cdf_eb,cdf,1.0,0.0,0.0
vary_K,32,16,0.99,0.010000000000000009,0.0050000000000000044,87008554,1178.4266663049332,cdf_bet,cdf,1.0,0.0,0.0
vary_K,32,16,0.99,0.010000000000000009,0.0050000000000000044,87008554,1178.4266663049332,cdf_exact,cdf,1.0,0.0,0.0
vary_K,32,16,0.99,0.010000000000000009,0.0050000000000000044,87008554,1178.4266663049332,exc_eb,exceedance,1.0,0.0,0.0
vary_K,32,16,0.99,0.010000000000000009,0.0050000000000000044,87008554,1178.4266663049332,exc_bet,exceedance,1.0,0.0,0.0
vary_K,32,16,0.99,0.010000000000000009,0.0050000000000000044,87008554,1178.4266663049332,counts_exact,counts,1.0,0.0,0.0
vary_K,32,16,0.99,0.010000000000000009,0.0050000000000000044,87008554,1178.4266663049332,norm_bet,counts,1.0,0.0,0.0
vary_K,32,16,0.99,0.010000000000000009,0.0050000000000000044,116170388,1573.388784902581,cdf_eb,cdf,1.0,0.0,0.0
vary_K,32,16,0.99,0.010000000000000009,0.0050000000000000044,116170388,1573.388784902581,cdf_bet,cdf,1.0,0.0,0.0
vary_K,32,16,0.99,0.010000000000000009,0.0050000000000000044,116170388,1573.388784902581,cdf_exact,cdf,1.0,0.0,0.0
vary_K,32,16,0.99,0.010000000000000009,0.0050000000000000044,116170388,1573.388784902581,exc_eb,exceedance,1.0,0.0,0.0
vary_K,32,16,0.99,0.010000000000000009,0.0050000000000000044,116170388,1573.388784902581,exc_bet,exceedance,1.0,0.0,0.0
vary_K,32,16,0.99,0.010000000000000009,0.0050000000000000044,116170388,1573.388784902581,counts_exact,counts,1.0,0.0,0.0
vary_K,32,16,0.99,0.010000000000000009,0.0050000000000000044,116170388,1573.388784902581,norm_bet,counts,1.0,0.0,0.0
vary_K,32,16,0.99,0.010000000000000009,0.0050000000000000044,155106118,2100.7266200314,cdf_eb,cdf,1.0,0.0,0.0
vary_K,32,16,0.99,0.010000000000000009,0.0050000000000000044,155106118,2100.7266200314,cdf_bet,cdf,1.0,0.0,0.0
vary_K,32,16,0.99,0.010000000000000009,0.0050000000000000044,155106118,2100.7266200314,cdf_exact,cdf,1.0,0.0,0.0
vary_K,32,16,0.99,0.010000000000000009,0.0050000000000000044,155106118,2100.7266200314,exc_eb,exceedance,1.0,0.0,0.0
vary_K,32,16,0.99,0.010000000000000009,0.0050000000000000044,155106118,2100.7266200314,exc_bet,exceedance,1.0,0.0,0.0
vary_K,32,16,0.99,0.010000000000000009,0.0050000000000000044,155106118,2100.7266200314,counts_exact,counts,1.0,0.0,0.0
vary_K,32,16,0.99,0.010000000000000009,0.0050000000000000044,155106118,2100.7266200314,norm_bet,counts,1.0,0.0,0.0
vary_K,32,16,0.99,0.010000000000000009,0.0050000000000000044,207091568,2804.8072847883595,cdf_eb,cdf,1.0,0.0,0.0
vary_K,32,16,0.99,0.010000000000000009,0.0050000000000000044,207091568,2804.8072847883595,cdf_bet,cdf,1.0,0.0,0.0
vary_K,32,16,0.99,0.010000000000000009,0.0050000000000000044,207091568,2804.8072847883595,cdf_exact,cdf,1.0,0.0,0.0
vary_K,32,16,0.99,0.010000000000000009,0.0050000000000000044,207091568,2804.8072847883595,exc_eb,exceedance,1.0,0.0,0.0
vary_K,32,16,0.99,0.010000000000000009,0.0050000000000000044,207091568,2804.8072847883595,exc_bet,exceedance,1.0,0.0,0.0
vary_K,32,16,0.99,0.010000000000000009,0.0050000000000000044,207091568,2804.8072847883595,counts_exact,counts,1.0,0.0,0.0
vary_K,32,16,0.99,0.010000000000000009,0.0050000000000000044,207091568,2804.8072847883595,norm_bet,counts,1.0,0.0,0.0
vary_K,32,16,0.99,0.010000000000000009,0.0050000000000000044,276500490,3744.8680122000474,cdf_eb,cdf,1.0,0.0,0.0
vary_K,32,16,0.99,0.010000000000000009,0.0050000000000000044,276500490,3744.8680122000474,cdf_bet,cdf,1.0,0.0,0.0
vary_K,32,16,0.99,0.010000000000000009,0.0050000000000000044,276500490,3744.8680122000474,cdf_exact,cdf,1.0,0.0,0.0
vary_K,32,16,0.99,0.010000000000000009,0.0050000000000000044,276500490,3744.8680122000474,exc_eb,exceedance,1.0,0.0,0.0
vary_K,32,16,0.99,0.010000000000000009,0.0050000000000000044,276500490,3744.8680122000474,exc_bet,exceedance,1.0,0.0,0.0
vary_K,32,16,0.99,0.010000000000000009,0.0050000000000000044,276500490,3744.8680122000474,counts_exact,counts,1.0,0.0,0.0
vary_K,32,16,0.99,0.010000000000000009,0.0050000000000000044,276500490,3744.8680122000474,norm_bet,counts,1.0,0.0,0.0
vary_K,32,16,0.99,0.010000000000000009,0.0050000000000000044,369172544,5000.000003645978,cdf_eb,cdf,1.0,0.0,0.0
vary_K,32,16,0.99,0.010000000000000009,0.0050000000000000044,369172544,5000.000003645978,cdf_bet,cdf,1.0,0.0,0.0
vary_K,32,16,0.99,0.010000000000000009,0.0050000000000000044,369172544,5000.000003645978,cdf_exact,cdf,1.0,0.0,0.0
vary_K,32,16,0.99,0.010000000000000009,0.0050000000000000044,369172544,5000.000003645978,exc_eb,exceedance,1.0,0.0,0.0
vary_K,32,16,0.99,0.010000000000000009,0.0050000000000000044,369172544,5000.000003645978,exc_bet,exceedance,1.0,0.0,0.0
vary_K,32,16,0.99,0.010000000000000009,0.0050000000000000044,369172544,5000.000003645978,counts_exact,counts,1.0,0.0,0.0
vary_K,32,16,0.99,0.010000000000000009,0.0050000000000000044,369172544,5000.000003645978,norm_bet,counts,1.0,0.0,0.0
vary_K,32,32,0.99,0.010000000000000009,0.0050000000000000044,1654,0.019998357412466555,cdf_eb,cdf,0.0,0.0,1.0
vary_K,32,32,0.99,0.010000000000000009,0.0050000000000000044,1654,0.019998357412466555,cdf_bet,cdf,0.0,0.0,1.0
vary_K,32,32,0.99,0.010000000000000009,0.0050000000000000044,1654,0.019998357412466555,cdf_exact,cdf,0.0025,0.0425,0.955
vary_K,32,32,0.99,0.010000000000000009,0.0050000000000000044,1654,0.019998357412466555,exc_eb,exceedance,0.0,0.0,1.0
vary_K,32,32,0.99,0.010000000000000009,0.0050000000000000044,1654,0.019998357412466555,exc_bet,exceedance,0.0,0.0,1.0
vary_K,32,32,0.99,0.010000000000000009,0.0050000000000000044,1654,0.019998357412466555,counts_exact,counts,0.0,0.0,1.0
vary_K,32,32,0.99,0.010000000000000009,0.0050000000000000044,1654,0.019998357412466555,norm_bet,counts,0.0,0.0,1.0
vary_K,32,32,0.99,0.010000000000000009,0.0050000000000000044,2209,0.02670880986949131,cdf_eb,cdf,0.0,0.0,1.0
vary_K,32,32,0.99,0.010000000000000009,0.0050000000000000044,2209,0.02670880986949131,cdf_bet,cdf,0.0,0.0,1.0
vary_K,32,32,0.99,0.010000000000000009,0.0050000000000000044,2209,0.02670880986949131,cdf_exact,cdf,0.0015,0.0325,0.966
vary_K,32,32,0.99,0.010000000000000009,0.0050000000000000044,2209,0.02670880986949131,exc_eb,exceedance,0.0,0.0,1.0
vary_K,32,32,0.99,0.010000000000000009,0.0050000000000000044,2209,0.02670880986949131,exc_bet,exceedance,0.0,0.0,1.0
vary_K,32,32,0.99,0.010000000000000009,0.0050000000000000044,2209,0.02670880986949131,counts_exact,counts,0.0,0.0,1.0
vary_K,32,32,0.99,0.010000000000000009,0.0050000000000000044,2209,0.02670880986949131,norm_bet,counts,0.0,0.0,1.0
vary_K,32,32,0.99,0.010000000000000009,0.0050000000000000044,2949,0.035656079812190974,cdf_eb,cdf,0.0,0.0,1.0
vary_K,32,32,0.99,0.010000000000000009,0.0050000000000000044,2949,0.035656079812190974,cdf_bet,cdf,0.0,0.0,1.0
vary_K,32,32,0.99,0.010000000000000009,0.0050000000000000044,2949,0.035656079812190974,cdf_exact,cdf,0.0025,0.0375,0.96
vary_K,32,32,0.99,0.010000000000000009,0.0050000000000000044,2949,0.035656079812190974,exc_eb,exceedance,0.0,0.0,1.0
vary_K,32,32,0.99,0.010000000000000009,0.0050000000000000044,2949,0.035656079812190974,exc_bet,exceedance,0.0,0.0,1.0
vary_K,32,32,0.99,0.010000000000000009,0.0050000000000000044,2949,0.035656079812190974,counts_exact,counts,0.0,0.0,1.0
vary_K,32,32,0.99,0.010000000000000009,0.0050000000000000044,2949,0.035656079812190974,norm_bet,counts,0.0,0.0,1.0
vary_K,32,32,0.99,0.010000000000000009,0.0050000000000000044,3937,0.04760189427622783,cdf_eb,cdf,0.0,0.0,1.0
vary_K,32,32,0.99,0.010000000000000009,0.0050000000000000044,3937,0.04760189427622783,cdf_bet,cdf,0.0,0.0,1.0
vary_K,32,32,0.99,0.010000000000000009,0.0050000000000000044,3937,0.04760189427622783,cdf_exact,cdf,0.0015,0.0305,0.968
vary_K,32,32,0.99,0.010000000000000009,0.0050000000000000044,3937,0.04760189427622783,exc_eb,exceedance,0.0,0.0,1.0
vary_K,32,32,0.99,0.010000000000000009,0.0050000000000000044,3937,0.04760189427622783,exc_bet,exceedance,0.0,0.0,1.0
vary_K,32,32,0.99,0.010000000000000009,0.0050000000000000044,3937,0.04760189427622783,counts_exact,counts,0.0,0.0,1.0
vary_K,32,32,0.99,0.010000000000000009,0.0050000000000000044,3937,0.04760189427622783,norm_bet,counts,0.0,0.0,1.0
vary_K,32,32,0.99,0.010000000000000009,0.0050000000000000044,5257,0.06356188930915156,cdf_eb,cdf,0.0,0.0,1.0
vary_K,32,32,0.99,0.010000000000000009,0.0050000000000000044,5257,0.06356188930915156,cdf_bet,cdf,0.0,0.0,1.0
vary_K,32,32,0.99,0.010000000000000009,0.0050000000000000044,5257,0.06356188930915156,cdf_exact,cdf,0.002,0.028,0.97
vary_K,32,32,0.99,0.010000000000000009,0.0050000000000000044,5257,0.06356188930915156,exc_eb,exceedance,0.0,0.0,1.0
vary_K,32,32,0.99,0.010000000000000009,0.0050000000000000044,5257,0.06356188930915156,exc_bet,exceedance,0.0,0.0,1.0
vary_K,32,32,0.99,0.010000000000000009,0.0050000000000000044,5257,0.06356188930915156,counts_exact,counts,0.0,0.0,1.0
vary_K,32,32,0.99,0.010000000000000009,0.0050000000000000044,5257,0.06356188930915156,norm_bet,counts,0.0,0.0,1.0
vary_K,32,32,0.99,0.010000000000000009,0.0050000000000000044,7018,0.08485397359171118,cdf_eb,cdf,0.0,0.0,1.0
vary_K,32,32,0.99,0.010000000000000009,0.0050000000000000044,7018,0.08485397359171118,cdf_bet,cdf,0.0,0.0,1.0
vary_K,32,32,0.99,0.010000000000000009,0.0050000000000000044,7018,0.08485397359171118,cdf_exact,cdf,0.0015,0.04,0.9585
vary_K,32,32,0.99,0.010000000000000009,0.0050000000000000044,7018,0.08485397359171118,exc_eb,exceedance,0.0,0.0,1.0
vary_K,32,32,0.99,0.010000000000000009,0.0050000000000000044,7018,0.08485397359171118,exc_bet,exceedance,0.0,0.0,1.0
vary_K,32,32,0.99,0.010000000000000009,0.0050000000000000044,7018,0.08485397359171118,counts_exact,counts,0.0,0.0,1.0
vary_K,32,32,0.99,0.010000000000000009,0.0050000000000000044,7018,0.08485397359171118,norm_bet,counts,0.0,0.0,1.0
vary_K,32,32,0.99,0.010000000000000009,0.0050000000000000044,9371,0.11330387382843053,cdf_eb,cdf,0.0,0.0,1.0
vary_K,32,32,0.99,0.010000000000000009,0.0050000000000000044,9371,0.11330387382843053,cdf_bet,cdf,0.0005,0.0,0.9995
vary_K,32,32,0.99,0.010000000000000009,0.0050000000000000044,9371,0.11330387382843053,cdf_exact,cdf,0.001,0.033,0.966
vary_K,32,32,0.99,0.010000000000000009,0.0050000000000000044,9371,0.11330387382843053,exc_eb,exceedance,0.0,0.0,1.0
vary_K,32,32,0.99,0.010000000000000009,0.0050000000000000044,9371,0.11330387382843053,exc_bet,exceedance,0.0,0.0,1.0
vary_K,32,32,0.99,0.010000000000000009,0.0050000000000000044,9371,0.11330387382843053,counts_exact,counts,0.0,0.0,1.0
vary_K,32,32,0.99,0.010000000000000009,0.0050000000000000044,9371,0.11330387382843053,norm_bet,counts,0.0,0.0,1.0
vary_K,32,32,0.99,0.010000000000000009,0.0050000000000000044,12511,0.15126931655826426,cdf_eb,cdf,0.0,0.0,1.0
vary_K,32,32,0.99,0.010000000000000009,0.0050000000000000044,12511,0.15126931655826426,cdf_bet,cdf,0.0,0.0,1.0
vary_K,32,32,0.99,0.010000000000000009,0.0050000000000000044,12511,0.15126931655826426,cdf_exact,cdf,0.003,0.0345,0.9625
vary_K,32,32,0.99,0.010000000000000009,0.0050000000000000044,12511,0.15126931655826426,exc_eb,exceedance,0.0,0.0,1.0
vary_K,32,32,0.99,0.010000000000000009,0.0050000000000000044,12511,0.15126931655826426,exc_bet,exceedance,0.0,0.0,1.0
vary_K,32,32,0.99,0.010000000000000009,0.0050000000000000044,12511,0.15126931655826426,counts_exact,counts,0.0,0.0,1.0
vary_K,32,32,0.99,0.010000000000000009,0.0050000000000000044,12511,0.15126931655826426,norm_bet,counts,0.0,0.0,1.0
vary_K,32,32,0.99,0.010000000000000009,0.0050000000000000044,16705,0.20197857350378104,cdf_eb,cdf,0.0,0.0,1.0
vary_K,32,32,0.99,0.010000000000000009,0.0050000000000000044,16705,0.20197857350378104,cdf_bet,cdf,0.0,0.0,1.0
vary_K,32,32,0.99,0.010000000000000009,0.0050000000000000044,16705,0.20197857350378104,cdf_exact,cdf,0.0015,0.029,0.9695
vary_K,32,32,0.99,0.010000000000000009,0.0050000000000000044,16705,0.20197857350378104,exc_eb,exceedance,0.0,0.0,1.0
vary_K,32,32,0.99,0.010000000000000009,0.0050000000000000044,16705,0.20197857350378104,exc_bet,exceedance,0.0,0.0,1.0
vary_K,32,32,0.99,0.010000000000000009,0.0050000000000000044,16705,0.20197857350378104,counts_exact,counts,0.0,0.0,1.0
vary_K,32,32,0.99,0.010000000000000009,0.0050000000000000044,16705,0.20197857350378104,norm_bet,counts,0.0,0.0,1.0
vary_K,32,32,0.99,0.010000000000000009,0.0050000000000000044,22303,0.2696634615297712,cdf_eb,cdf,0.0,0.0,1.0
vary_K,32,32,0.99,0.010000000000000009,0.0050000000000000044,22303,0.2696634615297712,cdf_bet,cdf,0.0,0.0,1.0
vary_K,32,32,0.99,0.010000000000000009,0.0050000000000000044,22303,0.2696634615297712,cdf_exact,cdf,0.005,0.028,0.967
vary_K,32,32,0.99,0.010000000000000009,0.0050000000000000044,22303,0.2696634615297712,exc_eb,exceedance,0.0,0.0,1.0
vary_K,32,32,0.99,0.010000000000000009,0.0050000000000000044,22303,0.2696634615297712,exc_bet,exceedance,0.0,0.0,1.0
vary_K,32,32,0.99,0.010000000000000009,0.0050000000000000044,22303,0.2696634615297712,counts_exact,counts,0.035,0.0025,0.9625
vary_K,32,32,0.99,0.010000000000000009,0.0050000000000000044,22303,0.2696634615297712,norm_bet,counts,0.0,0.0,1.0
vary_K,32,32,0.99,0.010000000000000009,0.0050000000000000044,29779,0.3600550697616938,cdf_eb,cdf,0.0,0.0,1.0
vary_K,32,32,0.99,0.010000000000000009,0.0050000000000000044,29779,0.3600550697616938,cdf_bet,cdf,0.0,0.0,1.0
vary_K,32,32,0.99,0.010000000000000009,0.0050000000000000044,29779,0.3600550697616938,cdf_exact,cdf,0.0015,0.021,0.9775
vary_K,32,32,0.99,0.010000000000000009,0.0050000000000000044,29779,0.3600550697616938,exc_eb,exceedance,0.0,0.0,1.0
vary_K,32,32,0.99,0.010000000000000009,0.0050000000000000044,29779,0.3600550697616938,exc_bet,exceedance,0.0,0.0,1.0
vary_K,32,32,0.99,0.010000000000000009,0.0050000000000000044,29779,0.3600550697616938,counts_exact,counts,0.056,0.0005,0.9435
vary_K,32,32,0.99,0.010000000000000009,0.0050000000000000044,29779,0.3600550697616938,norm_bet,counts,0.0,0.0,1.0
vary_K,32,32,0.99,0.010000000000000009,0.0050000000000000044,39759,0.4807223049348596,cdf_eb,cdf,0.0,0.0,1.0
vary_K,32,32,0.99,0.010000000000000009,0.0050000000000000044,39759,0.4807223049348596,cdf_bet,cdf,0.0,0.0,1.0
vary_K,32,32,0.99,0.010000000000000009,0.0050000000000000044,39759,0.4807223049348596,cdf_exact,cdf,0.006,0.0255,0.9685
vary_K,32,32,0.99,0.010000000000000009,0.0050000000000000044,39759,0.4807223049348596,exc_eb,exceedance,0.0,0.0,1.0
vary_K,32,32,0.99,0.010000000000000009,0.0050000000000000044,39759,0.4807223049348596,exc_bet,exceedance,0.0,0.0,1.0
vary_K,32,32,0.99,0.010000000000000009,0.0050000000000000044,39759,0.4807223049348596,counts_exact,counts,0.0855,0.0,0.9145
vary_K,32,32,0.99,0.010000000000000009,0.0050000000000000044,39759,0.4807223049348596,norm_bet,counts,0.0,0.0,1.0
vary_K,32,32,0.99,0.010000000000000009,0.0050000000000000044,53085,0.6418457093354215,cdf_eb,cdf,0.0,0.0,1.0
vary_K,32,32,0.99,0.010000000000000009,0.0050000000000000044,53085,0.6418457093354215,cdf_bet,cdf,0.0,0.0,1.0
vary_K,32,32,0.99,0.010000000000000009,0.0050000000000000044,53085,0.6418457093354215,cdf_exact,cdf,0.0045,0.026,0.9695
vary_K,32,32,0.99,0.010000000000000009,0.0050000000000000044,53085,0.6418457093354215,exc_eb,exceedance,0.0,0.0,1.0
vary_K,32,32,0.99,0.010000000000000009,0.0050000000000000044,53085,0.6418457093354215,exc_bet,exceedance,0.0125,0.0,0.9875
vary_K,32,32,0.99,0.010000000000000009,0.0050000000000000044,53085,0.6418457093354215,counts_exact,counts,0.1805,0.0,0.8195
vary_K,32,32,0.99,0.010000000000000009,0.0050000000000000044,53085,0.6418457093354215,norm_bet,counts,0.0135,0.0,0.9865
vary_K,32,32,0.99,0.010000000000000009,0.0050000000000000044,70877,0.8569670969307086,cdf_eb,cdf,0.0005,0.0,0.9995
vary_K,32,32,0.99,0.010000000000000009,0.0050000000000000044,70877,0.8569670969307086,cdf_bet,cdf,0.0,0.0,1.0
vary_K,32,32,0.99,0.010000000000000009,0.0050000000000000044,70877,0.8569670969307086,cdf_exact,cdf,0.0035,0.02,0.9765
vary_K,32,32,0.99,0.010000000000000009,0.0050000000000000044,70877,0.8569670969307086,exc_eb,exceedance,0.0,0.0,1.0
vary_K,32,32,0.99,0.010000000000000009,0.0050000000000000044,70877,0.8569670969307086,exc_bet,exceedance,0.0745,0.0,0.9255
vary_K,32,32,0.99,0.010000000000000009,0.0050000000000000044,70877,0.8569670969307086,counts_exact,counts,0.2905,0.0,0.7095
vary_K,32,32,0.99,0.010000000000000009,0.0050000000000000044,70877,0.8569670969307086,norm_bet,counts,0.0785,0.0,0.9215
vary_K,32,32,0.99,0.010000000000000009,0.0050000000000000044,94632,1.144186552996696,cdf_eb,cdf,0.0,0.0005,0.9995
vary_K,32,32,0.99,0.010000000000000009,0.0050000000000000044,94632,1.144186552996696,cdf_bet,cdf,0.0,0.0,1.0
vary_K,32,32,0.99,0.010000000000000009,0.0050000000000000044,94632,1.144186552996696,cdf_exact,cdf,0.002,0.0195,0.9785
vary_K,32,32,0.99,0.010000000000000009,0.0050000000000000044,94632,1.144186552996696,exc_eb,exceedance,0.0035,0.0,0.9965
vary_K,32,32,0.99,0.010000000000000009,0.0050000000000000044,94632,1.144186552996696,exc_bet,exceedance,0.219,0.0,0.781
vary_K,32,32,0.99,0.010000000000000009,0.0050000000000000044,94632,1.144186552996696,counts_exact,counts,0.491,0.0,0.509
vary_K,32,32,0.99,0.010000000000000009,0.0050000000000000044,94632,1.144186552996696,norm_bet,counts,0.2415,0.0,0.7585
vary_K,32,32,0.99,0.010000000000000009,0.0050000000000000044,126349,1.5276737972840004,cdf_eb,cdf,0.0,0.0005,0.9995
vary_K,32,32,0.99,0.010000000000000009,0.0050000000000000044,126349,1.5276737972840004,cdf_bet,cdf,0.0,0.0,1.0
vary_K,32,32,0.99,0.010000000000000009,0.0050000000000000044,126349,1.5276737972840004,cdf_exact,cdf,0.004,0.0185,0.9775
vary_K,32,32,0.99,0.010000000000000009,0.0050000000000000044,126349,1.5276737972840004,exc_eb,exceedance,0.0145,0.0,0.9855
vary_K,32,32,0.99,0.010000000000000009,0.0050000000000000044,126349,1.5276737972840004,exc_bet,exceedance,0.4785,0.0,0.5215
vary_K,32,32,0.99,0.010000000000000009,0.0050000000000000044,126349,1.5276737972840004,counts_exact,counts,0.682,0.0,0.318
vary_K,32,32,0.99,0.010000000000000009,0.0050000000000000044,126349,1.5276737972840004,norm_bet,counts,0.461,0.0,0.539
vary_K,32,32,0.99,0.010000000000000009,0.0050000000000000044,168697,2.039699456112981,cdf_eb,cdf,0.0,0.0,1.0
vary_K,32,32,0.99,0.010000000000000009,0.0050000000000000044,168697,2.039699456112981,cdf_bet,cdf,0.0,0.0,1.0
vary_K,32,32,0.99,0.010000000000000009,0.0050000000000000044,168697,2.039699456112981,cdf_exact,cdf,0.004,0.0135,0.9825
vary_K,32,32,0.99,0.010000000000000009,0.0050000000000000044,168697,2.039699456112981,exc_eb,exceedance,0.089,0.0,0.911
vary_K,32,32,0.99,0.010000000000000009,0.0050000000000000044,168697,2.039699456112981,exc_bet,exceedance,0.685,0.0,0.315
vary_K,32,32,0.99,0.010000000000000009,0.0050000000000000044,168697,2.039699456112981,counts_exact,counts,0.867,0.0,0.133
vary_K,32,32,0.99,0.010000000000000009,0.0050000000000000044,168697,2.039699456112981,norm_bet,counts,0.69,0.0,0.31
vary_K,32,32,0.99,0.010000000000000009,0.0050000000000000044,225237,2.7233192433565474,cdf_eb,cdf,0.0,0.0,1.0
vary_K,32,32,0.99,0.010000000000000009,0.0050000000000000044,225237,2.7233192433565474,cdf_bet,cdf,0.0,0.0,1.0
vary_K,32,32,0.99,0.010000000000000009,0.0050000000000000044,225237,2.7233192433565474,cdf_exact,cdf,0.0045,0.015,0.9805
vary_K,32,32,0.99,0.010000000000000009,0.0050000000000000044,225237,2.7233192433565474,exc_eb,exceedance,0.3645,0.0,0.6355
vary_K,32,32,0.99,0.010000000000000009,0.0050000000000000044,225237,2.7233192433565474,exc_bet,exceedance,0.8615,0.0,0.1385
vary_K,32,32,0.99,0.010000000000000009,0.0050000000000000044,225237,2.7233192433565474,counts_exact,counts,0.968,0.0,0.032
vary_K,32,32,0.99,0.010000000000000009,0.0050000000000000044,225237,2.7233192433565474,norm_bet,counts,0.8575,0.0,0.1425
vary_K,32,32,0.99,0.010000000000000009,0.0050000000000000044,300728,3.6360737774705214,cdf_eb,cdf,0.0,0.0,1.0
vary_K,32,32,0.99,0.010000000000000009,0.0050000000000000044,300728,3.6360737774705214,cdf_bet,cdf,0.0,0.0,1.0
vary_K,32,32,0.99,0.010000000000000009,0.0050000000000000044,300728,3.6360737774705214,cdf_exact,cdf,0.006,0.006,0.988
vary_K,32,32,0.99,0.010000000000000009,0.0050000000000000044,300728,3.6360737774705214,exc_eb,exceedance,0.6915,0.0,0.3085
vary_K,32,32,0.99,0.010000000000000009,0.0050000000000000044,300728,3.6360737774705214,exc_bet,exceedance,0.9475,0.0,0.0525
vary_K,32,32,0.99,0.010000000000000009,0.0050000000000000044,300728,3.6360737774705214,counts_exact,counts,0.998,0.0,0.002
vary_K,32,32,0.99,0.010000000000000009,0.0050000000000000044,300728,3.6360737774705214,norm_bet,counts,0.952,0.0,0.048
vary_K,32,32,0.99,0.010000000000000009,0.0050000000000000044,401520,4.854740307287528,cdf_eb,cdf,0.0,0.0,1.0
vary_K,32,32,0.99,0.010000000000000009,0.0050000000000000044,401520,4.854740307287528,cdf_bet,cdf,0.0,0.0,1.0
vary_K,32,32,0.99,0.010000000000000009,0.0050000000000000044,401520,4.854740307287528,cdf_exact,cdf,0.007,0.003,0.99
vary_K,32,32,0.99,0.010000000000000009,0.0050000000000000044,401520,4.854740307287528,exc_eb,exceedance,0.947,0.0,0.053
vary_K,32,32,0.99,0.010000000000000009,0.0050000000000000044,401520,4.854740307287528,exc_bet,exceedance,0.991,0.0,0.009
vary_K,32,32,0.99,0.010000000000000009,0.0050000000000000044,401520,4.854740307287528,counts_exact,counts,1.0,0.0,0.0
vary_K,32,32,0.99,0.010000000000000009,0.0050000000000000044,401520,4.854740307287528,norm_bet,counts,0.9905,0.0,0.0095
vary_K,32,32,0.99,0.010000000000000009,0.0050000000000000044,536094,6.4818618008941025,cdf_eb,cdf,0.002,0.0,0.998
vary_K,32,32,0.99,0.010000000000000009,0.0050000000000000044,536094,6.4818618008941025,cdf_bet,cdf,0.0,0.0,1.0
vary_K,32,32,0.99,0.010000000000000009,0.0050000000000000044,536094,6.4818618008941025,cdf_exact,cdf,0.012,0.004,0.984
vary_K,32,32,0.99,0.010000000000000009,0.0050000000000000044,536094,6.4818618008941025,exc_eb,exceedance,0.997,0.0,0.003
vary_K,32,32,0.99,0.010000000000000009,0.0050000000000000044,536094,6.4818618008941025,exc_bet,exceedance,0.9995,0.0,0.0005
vary_K,32,32,0.99,0.010000000000000009,0.0050000000000000044,536094,6.4818618008941025,counts_exact,counts,1.0,0.0,0.0
vary_K,32,32,0.99,0.010000000000000009,0.0050000000000000044,536094,6.4818618008941025,norm_bet,counts,0.9995,0.0,0.0005
vary_K,32,32,0.99,0.010000000000000009,0.0050000000000000044,715772,8.65433148841355,cdf_eb,cdf,0.0,0.0,1.0
vary_K,32,32,0.99,0.010000000000000009,0.0050000000000000044,715772,8.65433148841355,cdf_bet,cdf,0.0,0.0,1.0
vary_K,32,32,0.99,0.010000000000000009,0.0050000000000000044,715772,8.65433148841355,cdf_exact,cdf,0.012,0.004,0.984
vary_K,32,32,0.99,0.010000000000000009,0.0050000000000000044,715772,8.65433148841355,exc_eb,exceedance,1.0,0.0,0.0
vary_K,32,32,0.99,0.010000000000000009,0.0050000000000000044,715772,8.65433148841355,exc_bet,exceedance,1.0,0.0,0.0
vary_K,32,32,0.99,0.010000000000000009,0.0050000000000000044,715772,8.65433148841355,counts_exact,counts,1.0,0.0,0.0
vary_K,32,32,0.99,0.010000000000000009,0.0050000000000000044,715772,8.65433148841355,norm_bet,counts,1.0,0.0,0.0
vary_K,32,32,0.99,0.010000000000000009,0.0050000000000000044,955670,11.554915494783502,cdf_eb,cdf,0.003,0.0,0.997
vary_K,32,32,0.99,0.010000000000000009,0.0050000000000000044,955670,11.554915494783502,cdf_bet,cdf,0.0,0.0,1.0
vary_K,32,32,0.99,0.010000000000000009,0.0050000000000000044,955670,11.554915494783502,cdf_exact,cdf,0.026,0.003,0.971
vary_K,32,32,0.99,0.010000000000000009,0.0050000000000000044,955670,11.554915494783502,exc_eb,exceedance,1.0,0.0,0.0
vary_K,32,32,0.99,0.010000000000000009,0.0050000000000000044,955670,11.554915494783502,exc_bet,exceedance,1.0,0.0,0.0
vary_K,32,32,0.99,0.010000000000000009,0.0050000000000000044,955670,11.554915494783502,counts_exact,counts,1.0,0.0,0.0
vary_K,32,32,0.99,0.010000000000000009,0.0050000000000000044,955670,11.554915494783502,norm_bet,counts,1.0,0.0,0.0
vary_K,32,32,0.99,0.010000000000000009,0.0050000000000000044,1275973,15.427668744049086,cdf_eb,cdf,0.002,0.0,0.998
vary_K,32,32,0.99,0.010000000000000009,0.0050000000000000044,1275973,15.427668744049086,cdf_bet,cdf,0.0,0.0,1.0
vary_K,32,32,0.99,0.010000000000000009,0.0050000000000000044,1275973,15.427668744049086,cdf_exact,cdf,0.031,0.0,0.969
vary_K,32,32,0.99,0.010000000000000009,0.0050000000000000044,1275973,15.427668744049086,exc_eb,exceedance,1.0,0.0,0.0
vary_K,32,32,0.99,0.010000000000000009,0.0050000000000000044,1275973,15.427668744049086,exc_bet,exceedance,1.0,0.0,0.0
vary_K,32,32,0.99,0.010000000000000009,0.0050000000000000044,1275973,15.427668744049086,counts_exact,counts,1.0,0.0,0.0
vary_K,32,32,0.99,0.010000000000000009,0.0050000000000000044,1275973,15.427668744049086,norm_bet,counts,1.0,0.0,0.0
vary_K,32,32,0.99,0.010000000000000009,0.0050000000000000044,1703629,20.598416952988504,cdf_eb,cdf,0.005,0.0,0.995
vary_K,32,32,0.99,0.010000000000000009,0.0050000000000000044,1703629,20.598416952988504,cdf_bet,cdf,0.0,0.0,1.0
vary_K,32,32,0.99,0.010000000000000009,0.0050000000000000044,1703629,20.598416952988504,cdf_exact,cdf,0.035,0.0,0.965
vary_K,32,32,0.99,0.010000000000000009,0.0050000000000000044,1703629,20.598416952988504,exc_eb,exceedance,1.0,0.0,0.0
vary_K,32,32,0.99,0.010000000000000009,0.0050000000000000044,1703629,20.598416952988504,exc_bet,exceedance,1.0,0.0,0.0
vary_K,32,32,0.99,0.010000000000000009,0.0050000000000000044,1703629,20.598416952988504,counts_exact,counts,1.0,0.0,0.0
vary_K,32,32,0.99,0.010000000000000009,0.0050000000000000044,1703629,20.598416952988504,norm_bet,counts,1.0,0.0,0.0
vary_K,32,32,0.99,0.010000000000000009,0.0050000000000000044,2274618,27.50219089530221,cdf_eb,cdf,0.005,0.0,0.995
vary_K,32,32,0.99,0.010000000000000009,0.0050000000000000044,2274618,27.50219089530221,cdf_bet,cdf,0.0005,0.0,0.9995
vary_K,32,32,0.99,0.010000000000000009,0.0050000000000000044,2274618,27.50219089530221,cdf_exact,cdf,0.058,0.0,0.942
vary_K,32,32,0.99,0.010000000000000009,0.0050000000000000044,2274618,27.50219089530221,exc_eb,exceedance,1.0,0.0,0.0
vary_K,32,32,0.99,0.010000000000000009,0.0050000000000000044,2274618,27.50219089530221,exc_bet,exceedance,1.0,0.0,0.0
vary_K,32,32,0.99,0.010000000000000009,0.0050000000000000044,2274618,27.50219089530221,counts_exact,counts,1.0,0.0,0.0
vary_K,32,32,0.99,0.010000000000000009,0.0050000000000000044,2274618,27.50219089530221,norm_bet,counts,1.0,0.0,0.0
vary_K,32,32,0.99,0.010000000000000009,0.0050000000000000044,3036980,36.719837662946,cdf_eb,cdf,0.0155,0.0,0.9845
vary_K,32,32,0.99,0.010000000000000009,0.0050000000000000044,3036980,36.719837662946,cdf_bet,cdf,0.001,0.0,0.999
vary_K,32,32,0.99,0.010000000000000009,0.0050000000000000044,3036980,36.719837662946,cdf_exact,cdf,0.087,0.0,0.913
vary_K,32,32,0.99,0.010000000000000009,0.0050000000000000044,3036980,36.719837662946,exc_eb,exceedance,1.0,0.0,0.0
vary_K,32,32,0.99,0.010000000000000009,0.0050000000000000044,3036980,36.719837662946,exc_bet,exceedance,1.0,0.0,0.0
vary_K,32,32,0.99,0.010000000000000009,0.0050000000000000044,3036980,36.719837662946,counts_exact,counts,1.0,0.0,0.0
vary_K,32,32,0.99,0.010000000000000009,0.0050000000000000044,3036980,36.719837662946,norm_bet,counts,1.0,0.0,0.0
vary_K,32,32,0.99,0.010000000000000009,0.0050000000000000044,4054855,49.026867923656035,cdf_eb,cdf,0.0185,0.0,0.9815
vary_K,32,32,0.99,0.010000000000000009,0.0050000000000000044,4054855,49.026867923656035,cdf_bet,cdf,0.004,0.0,0.996
vary_K,32,32,0.99,0.010000000000000009,0.0050000000000000044,4054855,49.026867923656035,cdf_exact,cdf,0.134,0.0,0.866
vary_K,32,32,0.99,0.010000000000000009,0.0050000000000000044,4054855,49.026867923656035,exc_eb,exceedance,1.0,0.0,0.0
vary_K,32,32,0.99,0.010000000000000009,0.0050000000000000044,4054855,49.026867923656035,exc_bet,exceedance,1.0,0.0,0.0
vary_K,32,32,0.99,0.010000000000000009,0.0050000000000000044,4054855,49.026867923656035,counts_exact,counts,1.0,0.0,0.0
vary_K,32,32,0.99,0.010000000000000009,0.0050000000000000044,4054855,49.026867923656035,norm_bet,counts,1.0,0.0,0.0
vary_K,32,32,0.99,0.010000000000000009,0.0050000000000000044,5413883,65.45874680971987,cdf_eb,cdf,0.0365,0.0,0.9635
vary_K,32,32,0.99,0.010000000000000009,0.0050000000000000044,5413883,65.45874680971987,cdf_bet,cdf,0.004,0.0,0.996
vary_K,32,32,0.99,0.010000000000000009,0.0050000000000000044,5413883,65.45874680971987,cdf_exact,cdf,0.2015,0.0,0.7985
vary_K,32,32,0.99,0.010000000000000009,0.0050000000000000044,5413883,65.45874680971987,exc_eb,exceedance,1.0,0.0,0.0
vary_K,32,32,0.99,0.010000000000000009,0.0050000000000000044,5413883,65.45874680971987,exc_bet,exceedance,1.0,0.0,0.0
vary_K,32,32,0.99,0.010000000000000009,0.0050000000000000044,5413883,65.45874680971987,counts_exact,counts,1.0,0.0,0.0
vary_K,32,32,0.99,0.010000000000000009,0.0050000000000000044,5413883,65.45874680971987,norm_bet,counts,1.0,0.0,0.0
vary_K,32,32,0.99,0.010000000000000009,0.0050000000000000044,7228403,87.39793634543258,cdf_eb,cdf,0.075,0.0,0.925
vary_K,32,32,0.99,0.010000000000000009,0.0050000000000000044,7228403,87.39793634543258,cdf_bet,cdf,0.019,0.0,0.981
vary_K,32,32,0.99,0.010000000000000009,0.0050000000000000044,7228403,87.39793634543258,cdf_exact,cdf,0.2945,0.0,0.7055
vary_K,32,32,0.99,0.010000000000000009,0.0050000000000000044,7228403,87.39793634543258,exc_eb,exceedance,1.0,0.0,0.0
vary_K,32,32,0.99,0.010000000000000009,0.0050000000000000044,7228403,87.39793634543258,exc_bet,exceedance,1.0,0.0,0.0
vary_K,32,32,0.99,0.010000000000000009,0.0050000000000000044,7228403,87.39793634543258,counts_exact,counts,1.0,0.0,0.0
vary_K,32,32,0.99,0.010000000000000009,0.0050000000000000044,7228403,87.39793634543258,norm_bet,counts,1.0,0.0,0.0
vary_K,32,32,0.99,0.010000000000000009,0.0050000000000000044,9651078,116.69027041087841,cdf_eb,cdf,0.15,0.0,0.85
vary_K,32,32,0.99,0.010000000000000009,0.0050000000000000044,9651078,116.69027041087841,cdf_bet,cdf,0.0335,0.0,0.9665
vary_K,32,32,0.99,0.010000000000000009,0.0050000000000000044,9651078,116.69027041087841,cdf_exact,cdf,0.4455,0.0,0.5545
vary_K,32,32,0.99,0.010000000000000009,0.0050000000000000044,9651078,116.69027041087841,exc_eb,exceedance,1.0,0.0,0.0
vary_K,32,32,0.99,0.010000000000000009,0.0050000000000000044,9651078,116.69027041087841,exc_bet,exceedance,1.0,0.0,0.0
vary_K,32,32,0.99,0.010000000000000009,0.0050000000000000044,9651078,116.69027041087841,counts_exact,counts,1.0,0.0,0.0
vary_K,32,32,0.99,0.010000000000000009,0.0050000000000000044,9651078,116.69027041087841,norm_bet,counts,1.0,0.0,0.0
vary_K,32,32,0.99,0.010000000000000009,0.0050000000000000044,12885739,155.80025032996335,cdf_eb,cdf,0.2815,0.0,0.7185
vary_K,32,32,0.99,0.010000000000000009,0.0050000000000000044,12885739,155.80025032996335,cdf_bet,cdf,0.083,0.0,0.917
vary_K,32,32,0.99,0.010000000000000009,0.0050000000000000044,12885739,155.80025032996335,cdf_exact,cdf,0.591,0.0,0.409
vary_K,32,32,0.99,0.010000000000000009,0.0050000000000000044,12885739,155.80025032996335,exc_eb,exceedance,1.0,0.0,0.0
vary_K,32,32,0.99,0.010000000000000009,0.0050000000000000044,12885739,155.80025032996335,exc_bet,exceedance,1.0,0.0,0.0
vary_K,32,32,0.99,0.010000000000000009,0.0050000000000000044,12885739,155.80025032996335,counts_exact,counts,1.0,0.0,0.0
vary_K,32,32,0.99,0.010000000000000009,0.0050000000000000044,12885739,155.80025032996335,norm_bet,counts,1.0,0.0,0.0
vary_K,32,32,0.99,0.010000000000000009,0.0050000000000000044,17204530,208.01834344226313,cdf_eb,cdf,0.4615,0.0,0.5385
vary_K,32,32,0.99,0.010000000000000009,0.0050000000000000044,17204530,208.01834344226313,cdf_bet,cdf,0.1895,0.0,0.8105
vary_K,32,32,0.99,0.010000000000000009,0.0050000000000000044,17204530,208.01834344226313,cdf_exact,cdf,0.786,0.0,0.214
vary_K,32,32,0.99,0.010000000000000009,0.0050000000000000044,17204530,208.01834344226313,exc_eb,exceedance,1.0,0.0,0.0
vary_K,32,32,0.99,0.010000000000000009,0.0050000000000000044,17204530,208.01834344226313,exc_bet,exceedance,1.0,0.0,0.0
vary_K,32,32,0.99,0.010000000000000009,0.0050000000000000044,17204530,208.01834344226313,counts_exact,counts,1.0,0.0,0.0
vary_K,32,32,0.99,0.010000000000000009,0.0050000000000000044,17204530,208.01834344226313,norm_bet,counts,1.0,0.0,0.0
vary_K,32,32,0.99,0.010000000000000009,0.0050000000000000044,22970809,277.73787692593925,cdf_eb,cdf,0.7045,0.0,0.2955
vary_K,32,32,0.99,0.010000000000000009,0.0050000000000000044,22970809,277.73787692593925,cdf_bet,cdf,0.4185,0.0,0.5815
vary_K,32,32,0.99,0.010000000000000009,0.0050000000000000044,22970809,277.73787692593925,cdf_exact,cdf,0.9225,0.0,0.0775
vary_K,32,32,0.99,0.010000000000000009,0.0050000000000000044,22970809,277.73787692593925,exc_eb,exceedance,1.0,0.0,0.0
vary_K,32,32,0.99,0.010000000000000009,0.0050000000000000044,22970809,277.73787692593925,exc_bet,exceedance,1.0,0.0,0.0
vary_K,32,32,0.99,0.010000000000000009,0.0050000000000000044,22970809,277.73787692593925,counts_exact,counts,1.0,0.0,0.0
vary_K,32,32,0.99,0.010000000000000009,0.0050000000000000044,22970809,277.73787692593925,norm_bet,counts,1.0,0.0,0.0
vary_K,32,32,0.99,0.010000000000000009,0.0050000000000000044,30669718,370.82465677361483,cdf_eb,cdf,0.882,0.0,0.118
vary_K,32,32,0.99,0.010000000000000009,0.0050000000000000044,30669718,370.82465677361483,cdf_bet,cdf,0.6855,0.0,0.3145
vary_K,32,32,0.99,0.010000000000000009,0.0050000000000000044,30669718,370.82465677361483,cdf_exact,cdf,0.9815,0.0,0.0185
vary_K,32,32,0.99,0.010000000000000009,0.0050000000000000044,30669718,370.82465677361483,exc_eb,exceedance,1.0,0.0,0.0
vary_K,32,32,0.99,0.010000000000000009,0.0050000000000000044,30669718,370.82465677361483,exc_bet,exceedance,1.0,0.0,0.0
vary_K,32,32,0.99,0.010000000000000009,0.0050000000000000044,30669718,370.82465677361483,counts_exact,counts,1.0,0.0,0.0
vary_K,32,32,0.99,0.010000000000000009,0.0050000000000000044,30669718,370.82465677361483,norm_bet,counts,1.0,0.0,0.0
vary_K,32,32,0.99,0.010000000000000009,0.0050000000000000044,40948998,495.11045809333626,cdf_eb,cdf,0.976,0.0,0.024
vary_K,32,32,0.99,0.010000000000000009,0.0050000000000000044,40948998,495.11045809333626,cdf_bet,cdf,0.876,0.0,0.124
vary_K,32,32,0.99,0.010000000000000009,0.0050000000000000044,40948998,495.11045809333626,cdf_exact,cdf,0.997,0.0,0.003
vary_K,32,32,0.99,0.010000000000000009,0.0050000000000000044,40948998,495.11045809333626,exc_eb,exceedance,1.0,0.0,0.0
vary_K,32,32,0.99,0.010000000000000009,0.0050000000000000044,40948998,495.11045809333626,exc_bet,exceedance,1.0,0.0,0.0
vary_K,32,32,0.99,0.010000000000000009,0.0050000000000000044,40948998,495.11045809333626,counts_exact,counts,1.0,0.0,0.0
vary_K,32,32,0.99,0.010000000000000009,0.0050000000000000044,40948998,495.11045809333626,norm_bet,counts,1.0,0.0,0.0
vary_K,32,32,0.99,0.010000000000000009,0.0050000000000000044,54673486,661.0519431762312,cdf_eb,cdf,0.9975,0.0,0.0025
vary_K,32,32,0.99,0.010000000000000009,0.0050000000000000044,54673486,661.0519431762312,cdf_bet,cdf,0.9805,0.0,0.0195
vary_K,32,32,0.99,0.010000000000000009,0.0050000000000000044,54673486,661.0519431762312,cdf_exact,cdf,1.0,0.0,0.0
vary_K,32,32,0.99,0.010000000000000009,0.0050000000000000044,54673486,661.0519431762312,exc_eb,exceedance,1.0,0.0,0.0
vary_K,32,32,0.99,0.010000000000000009,0.0050000000000000044,54673486,661.0519431762312,exc_bet,exceedance,1.0,0.0,0.0
vary_K,32,32,0.99,0.010000000000000009,0.0050000000000000044,54673486,661.0519431762312,counts_exact,counts,1.0,0.0,0.0
vary_K,32,32,0.99,0.010000000000000009,0.0050000000000000044,54673486,661.0519431762312,norm_bet,counts,1.0,0.0,0.0
vary_K,32,32,0.99,0.010000000000000009,0.0050000000000000044,72997881,882.6104683136043,cdf_eb,cdf,1.0,0.0,0.0
vary_K,32,32,0.99,0.010000000000000009,0.0050000000000000044,72997881,882.6104683136043,cdf_bet,cdf,0.9985,0.0,0.0015
vary_K,32,32,0.99,0.010000000000000009,0.0050000000000000044,72997881,882.6104683136043,cdf_exact,cdf,1.0,0.0,0.0
vary_K,32,32,0.99,0.010000000000000009,0.0050000000000000044,72997881,882.6104683136043,exc_eb,exceedance,1.0,0.0,0.0
vary_K,32,32,0.99,0.010000000000000009,0.0050000000000000044,72997881,882.6104683136043,exc_bet,exceedance,1.0,0.0,0.0
vary_K,32,32,0.99,0.010000000000000009,0.0050000000000000044,72997881,882.6104683136043,counts_exact,counts,1.0,0.0,0.0
vary_K,32,32,0.99,0.010000000000000009,0.0050000000000000044,72997881,882.6104683136043,norm_bet,counts,1.0,0.0,0.0
vary_K,32,32,0.99,0.010000000000000009,0.0050000000000000044,97463890,1178.4266668859282,cdf_eb,cdf,1.0,0.0,0.0
vary_K,32,32,0.99,0.010000000000000009,0.0050000000000000044,97463890,1178.4266668859282,cdf_bet,cdf,1.0,0.0,0.0
vary_K,32,32,0.99,0.010000000000000009,0.0050000000000000044,97463890,1178.4266668859282,cdf_exact,cdf,1.0,0.0,0.0
vary_K,32,32,0.99,0.010000000000000009,0.0050000000000000044,97463890,1178.4266668859282,exc_eb,exceedance,1.0,0.0,0.0
vary_K,32,32,0.99,0.010000000000000009,0.0050000000000000044,97463890,1178.4266668859282,exc_bet,exceedance,1.0,0.0,0.0
vary_K,32,32,0.99,0.010000000000000009,0.0050000000000000044,97463890,1178.4266668859282,counts_exact,counts,1.0,0.0,0.0
vary_K,32,32,0.99,0.010000000000000009,0.0050000000000000044,97463890,1178.4266668859282,norm_bet,counts,1.0,0.0,0.0
vary_K,32,32,0.99,0.010000000000000009,0.0050000000000000044,130129940,1573.388784874745,cdf_eb,cdf,1.0,0.0,0.0
vary_K,32,32,0.99,0.010000000000000009,0.0050000000000000044,130129940,1573.388784874745,cdf_bet,cdf,1.0,0.0,0.0
vary_K,32,32,0.99,0.010000000000000009,0.0050000000000000044,130129940,1573.388784874745,cdf_exact,cdf,1.0,0.0,0.0
vary_K,32,32,0.99,0.010000000000000009,0.0050000000000000044,130129940,1573.388784874745,exc_eb,exceedance,1.0,0.0,0.0
vary_K,32,32,0.99,0.010000000000000009,0.0050000000000000044,130129940,1573.388784874745,exc_bet,exceedance,1.0,0.0,0.0
vary_K,32,32,0.99,0.010000000000000009,0.0050000000000000044,130129940,1573.388784874745,counts_exact,counts,1.0,0.0,0.0
vary_K,32,32,0.99,0.010000000000000009,0.0050000000000000044,130129940,1573.388784874745,norm_bet,counts,1.0,0.0,0.0
vary_K,32,32,0.99,0.010000000000000009,0.0050000000000000044,173744361,2100.726620120082,cdf_eb,cdf,1.0,0.0,0.0
vary_K,32,32,0.99,0.010000000000000009,0.0050000000000000044,173744361,2100.726620120082,cdf_bet,cdf,1.0,0.0,0.0
vary_K,32,32,0.99,0.010000000000000009,0.0050000000000000044,173744361,2100.726620120082,cdf_exact,cdf,1.0,0.0,0.0
vary_K,32,32,0.99,0.010000000000000009,0.0050000000000000044,173744361,2100.726620120082,exc_eb,exceedance,1.0,0.0,0.0
vary_K,32,32,0.99,0.010000000000000009,0.0050000000000000044,173744361,2100.726620120082,exc_bet,exceedance,1.0,0.0,0.0
vary_K,32,32,0.99,0.010000000000000009,0.0050000000000000044,173744361,2100.726620120082,counts_exact,counts,1.0,0.0,0.0
vary_K,32,32,0.99,0.010000000000000009,0.0050000000000000044,173744361,2100.726620120082,norm_bet,counts,1.0,0.0,0.0
vary_K,32,32,0.99,0.010000000000000009,0.0050000000000000044,231976615,2804.8072902685312,cdf_eb,cdf,1.0,0.0,0.0
vary_K,32,32,0.99,0.010000000000000009,0.0050000000000000044,231976615,2804.8072902685312,cdf_bet,cdf,1.0,0.0,0.0
vary_K,32,32,0.99,0.010000000000000009,0.0050000000000000044,231976615,2804.8072902685312,cdf_exact,cdf,1.0,0.0,0.0
vary_K,32,32,0.99,0.010000000000000009,0.0050000000000000044,231976615,2804.8072902685312,exc_eb,exceedance,1.0,0.0,0.0
vary_K,32,32,0.99,0.010000000000000009,0.0050000000000000044,231976615,2804.8072902685312,exc_bet,exceedance,1.0,0.0,0.0
vary_K,32,32,0.99,0.010000000000000009,0.0050000000000000044,231976615,2804.8072902685312,counts_exact,counts,1.0,0.0,0.0
vary_K,32,32,0.99,0.010000000000000009,0.0050000000000000044,231976615,2804.8072902685312,norm_bet,counts,1.0,0.0,0.0
vary_K,32,32,0.99,0.010000000000000009,0.0050000000000000044,309726022,3744.8680096115354,cdf_eb,cdf,1.0,0.0,0.0
vary_K,32,32,0.99,0.010000000000000009,0.0050000000000000044,309726022,3744.8680096115354,cdf_bet,cdf,1.0,0.0,0.0
vary_K,32,32,0.99,0.010000000000000009,0.0050000000000000044,309726022,3744.8680096115354,cdf_exact,cdf,1.0,0.0,0.0
vary_K,32,32,0.99,0.010000000000000009,0.0050000000000000044,309726022,3744.8680096115354,exc_eb,exceedance,1.0,0.0,0.0
vary_K,32,32,0.99,0.010000000000000009,0.0050000000000000044,309726022,3744.8680096115354,exc_bet,exceedance,1.0,0.0,0.0
vary_K,32,32,0.99,0.010000000000000009,0.0050000000000000044,309726022,3744.8680096115354,counts_exact,counts,1.0,0.0,0.0
vary_K,32,32,0.99,0.010000000000000009,0.0050000000000000044,309726022,3744.8680096115354,norm_bet,counts,1.0,0.0,0.0
vary_K,32,32,0.99,0.010000000000000009,0.0050000000000000044,413533963,4999.999996534293,cdf_eb,cdf,1.0,0.0,0.0
vary_K,32,32,0.99,0.010000000000000009,0.0050000000000000044,413533963,4999.999996534293,cdf_bet,cdf,1.0,0.0,0.0
vary_K,32,32,0.99,0.010000000000000009,0.0050000000000000044,413533963,4999.999996534293,cdf_exact,cdf,1.0,0.0,0.0
vary_K,32,32,0.99,0.010000000000000009,0.0050000000000000044,413533963,4999.999996534293,exc_eb,exceedance,1.0,0.0,0.0
vary_K,32,32,0.99,0.010000000000000009,0.0050000000000000044,413533963,4999.999996534293,exc_bet,exceedance,1.0,0.0,0.0
vary_K,32,32,0.99,0.010000000000000009,0.0050000000000000044,413533963,4999.999996534293,counts_exact,counts,1.0,0.0,0.0
vary_K,32,32,0.99,0.010000000000000009,0.0050000000000000044,413533963,4999.999996534293,norm_bet,counts,1.0,0.0,0.0
two_action,2,2,0.98,0.020000000000000018,0.010000000000000009,30,0.02033137730113628,cdf_eb,cdf,0.0,0.0,1.0
two_action,2,2,0.98,0.020000000000000018,0.010000000000000009,30,0.02033137730113628,cdf_bet,cdf,0.0,0.0,1.0
two_action,2,2,0.98,0.020000000000000018,0.010000000000000009,30,0.02033137730113628,cdf_exact,cdf,0.022,0.014,0.964
two_action,2,2,0.98,0.020000000000000018,0.010000000000000009,30,0.02033137730113628,exc_eb,exceedance,0.0,0.0,1.0
two_action,2,2,0.98,0.020000000000000018,0.010000000000000009,30,0.02033137730113628,exc_bet,exceedance,0.0,0.0,1.0
two_action,2,2,0.98,0.020000000000000018,0.010000000000000009,30,0.02033137730113628,counts_exact,counts,0.0,0.0,1.0
two_action,2,2,0.98,0.020000000000000018,0.010000000000000009,30,0.02033137730113628,norm_bet,counts,0.0,0.0,1.0
two_action,2,2,0.98,0.020000000000000018,0.010000000000000009,39,0.026430790491477164,cdf_eb,cdf,0.0,0.0,1.0
two_action,2,2,0.98,0.020000000000000018,0.010000000000000009,39,0.026430790491477164,cdf_bet,cdf,0.0,0.0005,0.9995
two_action,2,2,0.98,0.020000000000000018,0.010000000000000009,39,0.026430790491477164,cdf_exact,cdf,0.023,0.016,0.961
two_action,2,2,0.98,0.020000000000000018,0.010000000000000009,39,0.026430790491477164,exc_eb,exceedance,0.0,0.0,1.0
two_action,2,2,0.98,0.020000000000000018,0.010000000000000009,39,0.026430790491477164,exc_bet,exceedance,0.0,0.0,1.0
two_action,2,2,0.98,0.020000000000000018,0.010000000000000009,39,0.026430790491477164,counts_exact,counts,0.0,0.0,1.0
two_action,2,2,0.98,0.020000000000000018,0.010000000000000009,39,0.026430790491477164,norm_bet,counts,0.0,0.0,1.0
two_action,2,2,0.98,0.020000000000000018,0.010000000000000009,53,0.03591876656534076,cdf_eb,cdf,0.0,0.0,1.0
two_action,2,2,0.98,0.020000000000000018,0.010000000000000009,53,0.03591876656534076,cdf_bet,cdf,0.0,0.0005,0.9995
two_action,2,2,0.98,0.020000000000000018,0.010000000000000009,53,0.03591876656534076,cdf_exact,cdf,0.019,0.018,0.963
two_action,2,2,0.98,0.020000000000000018,0.010000000000000009,53,0.03591876656534076,exc_eb,exceedance,0.0,0.0,1.0
two_action,2,2,0.98,0.020000000000000018,0.010000000000000009,53,0.03591876656534076,exc_bet,exceedance,0.0,0.0,1.0
two_action,2,2,0.98,0.020000000000000018,0.010000000000000009,53,0.03591876656534076,counts_exact,counts,0.0,0.0,1.0
two_action,2,2,0.98,0.020000000000000018,0.010000000000000009,53,0.03591876656534076,norm_bet,counts,0.0,0.0,1.0
two_action,2,2,0.98,0.020000000000000018,0.010000000000000009,70,0.04743988036931798,cdf_eb,cdf,0.0,0.0,1.0
two_action,2,2,0.98,0.020000000000000018,0.010000000000000009,70,0.04743988036931798,cdf_bet,cdf,0.0005,0.001,0.9985
two_action,2,2,0.98,0.020000000000000018,0.010000000000000009,70,0.04743988036931798,cdf_exact,cdf,0.0335,0.0175,0.949
two_action,2,2,0.98,0.020000000000000018,0.010000000000000009,70,0.04743988036931798,exc_eb,exceedance,0.0,0.0,1.0
two_action,2,2,0.98,0.020000000000000018,0.010000000000000009,70,0.04743988036931798,exc_bet,exceedance,0.0,0.0,1.0
two_action,2,2,0.98,0.020000000000000018,0.010000000000000009,70,0.04743988036931798,counts_exact,counts,0.0,0.0,1.0
two_action,2,2,0.98,0.020000000000000018,0.010000000000000009,70,0.04743988036931798,norm_bet,counts,0.0,0.0,1.0
two_action,2,2,0.98,0.020000000000000018,0.010000000000000009,94,0.06370498221022701,cdf_eb,cdf,0.0,0.0,1.0
two_action,2,2,0.98,0.020000000000000018,0.010000000000000009,94,0.06370498221022701,cdf_bet,cdf,0.0,0.0,1.0
two_action,2,2,0.98,0.020000000000000018,0.010000000000000009,94,0.06370498221022701,cdf_exact,cdf,0.0175,0.0125,0.97
two_action,2,2,0.98,0.020000000000000018,0.010000000000000009,94,0.06370498221022701,exc_eb,exceedance,0.0,0.0,1.0
two_action,2,2,0.98,0.020000000000000018,0.010000000000000009,94,0.06370498221022701,exc_bet,exceedance,0.0,0.0,1.0
two_action,2,2,0.98,0.020000000000000018,0.010000000000000009,94,0.06370498221022701,counts_exact,counts,0.0,0.0,1.0
two_action,2,2,0.98,0.020000000000000018,0.010000000000000009,94,0.06370498221022701,norm_bet,counts,0.0,0.0,1.0
two_action,2,2,0.98,0.020000000000000018,0.010000000000000009,125,0.08471407208806783,cdf_eb,cdf,0.0,0.0,1.0
two_action,2,2,0.98,0.020000000000000018,0.010000000000000009,125,0.08471407208806783,cdf_bet,cdf,0.0005,0.0,0.9995
two_action,2,2,0.98,0.020000000000000018,0.010000000000000009,125,0.08471407208806783,cdf_exact,cdf,0.025,0.0145,0.9605
two_action,2,2,0.98,0.020000000000000018,0.010000000000000009,125,0.08471407208806783,exc_eb,exceedance,0.0,0.0,1.0
two_action,2,2,0.98,0.020000000000000018,0.010000000000000009,125,0.08471407208806783,exc_bet,exceedance,0.0,0.0,1.0
two_action,2,2,0.98,0.020000000000000018,0.010000000000000009,125,0.08471407208806783,counts_exact,counts,0.0,0.0,1.0
two_action,2,2,0.98,0.020000000000000018,0.010000000000000009,125,0.08471407208806783,norm_bet,counts,0.0,0.0,1.0
two_action,2,2,0.98,0.020000000000000018,0.010000000000000009,167,0.11317800030965862,cdf_eb,cdf,0.0,0.0,1.0
two_action,2,2,0.98,0.020000000000000018,0.010000000000000009,167,0.11317800030965862,cdf_bet,cdf,0.0005,0.0005,0.999
two_action,2,2,0.98,0.020000000000000018,0.010000000000000009,167,0.11317800030965862,cdf_exact,cdf,0.0295,0.016,0.9545
two_action,2,2,0.98,0.020000000000000018,0.010000000000000009,167,0.11317800030965862,exc_eb,exceedance,0.0,0.0,1.0
two_action,2,2,0.98,0.020000000000000018,0.010000000000000009,167,0.11317800030965862,exc_bet,exceedance,0.0,0.0,1.0
two_action,2,2,0.98,0.020000000000000018,0.010000000000000009,167,0.11317800030965862,counts_exact,counts,0.0,0.0,1.0
two_action,2,2,0.98,0.020000000000000018,0.010000000000000009,167,0.11317800030965862,norm_bet,counts,0.0,0.0,1.0
two_action,2,2,0.98,0.020000000000000018,0.010000000000000009,223,0.151129904605113,cdf_eb,cdf,0.0,0.0,1.0
two_action,2,2,0.98,0.020000000000000018,0.010000000000000009,223,0.151129904605113,cdf_bet,cdf,0.0005,0.0,0.9995
two_action,2,2,0.98,0.020000000000000018,0.010000000000000009,223,0.151129904605113,cdf_exact,cdf,0.0285,0.0155,0.956
two_action,2,2,0.98,0.020000000000000018,0.010000000000000009,223,0.151129904605113,exc_eb,exceedance,0.0,0.0,1.0
two_action,2,2,0.98,0.020000000000000018,0.010000000000000009,223,0.151129904605113,exc_bet,exceedance,0.0,0.0,1.0
two_action,2,2,0.98,0.020000000000000018,0.010000000000000009,223,0.151129904605113,counts_exact,counts,0.0,0.0,1.0
two_action,2,2,0.98,0.020000000000000018,0.010000000000000009,223,0.151129904605113,norm_bet,counts,0.0,0.0,1.0
two_action,2,2,0.98,0.020000000000000018,0.010000000000000009,298,0.2019583478579537,cdf_eb,cdf,0.0,0.0,1.0
two_action,2,2,0.98,0.020000000000000018,0.010000000000000009,298,0.2019583478579537,cdf_bet,cdf,0.0005,0.0005,0.999
two_action,2,2,0.98,0.020000000000000018,0.010000000000000009,298,0.2019583478579537,cdf_exact,cdf,0.037,0.013,0.95
two_action,2,2,0.98,0.020000000000000018,0.010000000000000009,298,0.2019583478579537,exc_eb,exceedance,0.0,0.0,1.0
two_action,2,2,0.98,0.020000000000000018,0.010000000000000009,298,0.2019583478579537,exc_bet,exceedance,0.0,0.0,1.0
two_action,2,2,0.98,0.020000000000000018,0.010000000000000009,298,0.2019583478579537,counts_exact,counts,0.0,0.0,1.0
two_action,2,2,0.98,0.020000000000000018,0.010000000000000009,298,0.2019583478579537,norm_bet,counts,0.0,0.0,1.0
two_action,2,2,0.98,0.020000000000000018,0.010000000000000009,398,0.26972960552840797,cdf_eb,cdf,0.001,0.0,0.999
two_action,2,2,0.98,0.020000000000000018,0.010000000000000009,398,0.26972960552840797,cdf_bet,cdf,0.002,0.0,0.998
two_action,2,2,0.98,0.020000000000000018,0.010000000000000009,398,0.26972960552840797,cdf_exact,cdf,0.03,0.008,0.962
two_action,2,2,0.98,0.020000000000000018,0.010000000000000009,398,0.26972960552840797,exc_eb,exceedance,0.0,0.0,1.0
two_action,2,2,0.98,0.020000000000000018,0.010000000000000009,398,0.26972960552840797,exc_bet,exceedance,0.0,0.0,1.0
two_action,2,2,0.98,0.020000000000000018,0.010000000000000009,398,0.26972960552840797,counts_exact,counts,0.1365,0.0015,0.862
two_action,2,2,0.98,0.020000000000000018,0.010000000000000009,398,0.26972960552840797,norm_bet,counts,0.0,0.0,1.0
two_action,2,2,0.98,0.020000000000000018,0.010000000000000009,531,0.3598653782301121,cdf_eb,cdf,0.0,0.0,1.0
two_action,2,2,0.98,0.020000000000000018,0.010000000000000009,531,0.3598653782301121,cdf_bet,cdf,0.0005,0.0,0.9995
two_action,2,2,0.98,0.020000000000000018,0.010000000000000009,531,0.3598653782301121,cdf_exact,cdf,0.0395,0.0135,0.947
two_action,2,2,0.98,0.020000000000000018,0.010000000000000009,531,0.3598653782301121,exc_eb,exceedance,0.0,0.0,1.0
two_action,2,2,0.98,0.020000000000000018,0.010000000000000009,531,0.3598653782301121,exc_bet,exceedance,0.0,0.0,1.0
two_action,2,2,0.98,0.020000000000000018,0.010000000000000009,531,0.3598653782301121,counts_exact,counts,0.103,0.0005,0.8965
two_action,2,2,0.98,0.020000000000000018,0.010000000000000009,531,0.3598653782301121,norm_bet,counts,0.0,0.0,1.0
two_action,2,2,0.98,0.020000000000000018,0.010000000000000009,709,0.48049821688352073,cdf_eb,cdf,0.0005,0.0,0.9995
two_action,2,2,0.98,0.020000000000000018,0.010000000000000009,709,0.48049821688352073,cdf_bet,cdf,0.001,0.0,0.999
two_action,2,2,0.98,0.020000000000000018,0.010000000000000009,709,0.48049821688352073,cdf_exact,cdf,0.043,0.0145,0.9425
two_action,2,2,0.98,0.020000000000000018,0.010000000000000009,709,0.48049821688352073,exc_eb,exceedance,0.0,0.0,1.0
two_action,2,2,0.98,0.020000000000000018,0.010000000000000009,709,0.48049821688352073,exc_bet,exceedance,0.0,0.0,1.0
two_action,2,2,0.98,0.020000000000000018,0.010000000000000009,709,0.48049821688352073,counts_exact,counts,0.188,0.0015,0.8105
two_action,2,2,0.98,0.020000000000000018,0.010000000000000009,709,0.48049821688352073,norm_bet,counts,0.0,0.0,1.0
two_action,2,2,0.98,0.020000000000000018,0.010000000000000009,947,0.6417938101392019,cdf_eb,cdf,0.001,0.0,0.999
two_action,2,2,0.98,0.020000000000000018,0.010000000000000009,947,0.6417938101392019,cdf_bet,cdf,0.0015,0.0,0.9985
two_action,2,2,0.98,0.020000000000000018,0.010000000000000009,947,0.6417938101392019,cdf_exact,cdf,0.0455,0.0075,0.947
two_action,2,2,0.98,0.020000000000000018,0.010000000000000009,947,0.6417938101392019,exc_eb,exceedance,0.0,0.0,1.0
two_action,2,2,0.98,0.020000000000000018,0.010000000000000009,947,0.6417938101392019,exc_bet,exceedance,0.0485,0.0,0.9515
two_action,2,2,0.98,0.020000000000000018,0.010000000000000009,947,0.6417938101392019,counts_exact,counts,0.3005,0.0,0.6995
two_action,2,2,0.98,0.020000000000000018,0.010000000000000009,947,0.6417938101392019,norm_bet,counts,0.0455,0.0,0.9545
two_action,2,2,0.98,0.020000000000000018,0.010000000000000009,1265,0.8573064095312465,cdf_eb,cdf,0.0005,0.0,0.9995
two_action,2,2,0.98,0.020000000000000018,0.010000000000000009,1265,0.8573064095312465,cdf_bet,cdf,0.0005,0.0,0.9995
two_action,2,2,0.98,0.020000000000000018,0.010000000000000009,1265,0.8573064095312465,cdf_exact,cdf,0.0365,0.011,0.9525
two_action,2,2,0.98,0.020000000000000018,0.010000000000000009,1265,0.8573064095312465,exc_eb,exceedance,0.001,0.0,0.999
two_action,2,2,0.98,0.020000000000000018,0.010000000000000009,1265,0.8573064095312465,exc_bet,exceedance,0.1395,0.0,0.8605
two_action,2,2,0.98,0.020000000000000018,0.010000000000000009,1265,0.8573064095312465,counts_exact,counts,0.42,0.0,0.58
two_action,2,2,0.98,0.020000000000000018,0.010000000000000009,1265,0.8573064095312465,norm_bet,counts,0.1355,0.0,0.8645
two_action,2,2,0.98,0.020000000000000018,0.010000000000000009,1688,1.143978829477268,cdf_eb,cdf,0.0005,0.0,0.9995
two_action,2,2,0.98,0.020000000000000018,0.010000000000000009,1688,1.143978829477268,cdf_bet,cdf,0.0005,0.0,0.9995
two_action,2,2,0.98,0.020000000000000018,0.010000000000000009,1688,1.143978829477268,cdf_exact,cdf,0.052,0.009,0.939
two_action,2,2,0.98,0.020000000000000018,0.010000000000000009,1688,1.143978829477268,exc_eb,exceedance,0.014,0.0,0.986
two_action,2,2,0.98,0.020000000000000018,0.010000000000000009,1688,1.143978829477268,exc_bet,exceedance,0.3015,0.0,0.6985
two_action,2,2,0.98,0.020000000000000018,0.010000000000000009,1688,1.143978829477268,counts_exact,counts,0.5775,0.0,0.4225
two_action,2,2,0.98,0.020000000000000018,0.010000000000000009,1688,1.143978829477268,norm_bet,counts,0.2945,0.0,0.7055
two_action,2,2,0.98,0.020000000000000018,0.010000000000000009,2254,1.527564147892039,cdf_eb,cdf,0.0015,0.0,0.9985
two_action,2,2,0.98,0.020000000000000018,0.010000000000000009,2254,1.527564147892039,cdf_bet,cdf,0.0005,0.0,0.9995
two_action,2,2,0.98,0.020000000000000018,0.010000000000000009,2254,1.527564147892039,cdf_exact,cdf,0.0735,0.007,0.9195
two_action,2,2,0.98,0.020000000000000018,0.010000000000000009,2254,1.527564147892039,exc_eb,exceedance,0.0325,0.0,0.9675
two_action,2,2,0.98,0.020000000000000018,0.010000000000000009,2254,1.527564147892039,exc_bet,exceedance,0.4575,0.0,0.5425
two_action,2,2,0.98,0.020000000000000018,0.010000000000000009,2254,1.527564147892039,counts_exact,counts,0.751,0.0,0.249
two_action,2,2,0.98,0.020000000000000018,0.010000000000000009,2254,1.527564147892039,norm_bet,counts,0.4615,0.0,0.5385
two_action,2,2,0.98,0.020000000000000018,0.010000000000000009,3010,2.0399148558806734,cdf_eb,cdf,0.0025,0.0,0.9975
two_action,2,2,0.98,0.020000000000000018,0.010000000000000009,3010,2.0399148558806734,cdf_bet,cdf,0.002,0.0,0.998
two_action,2,2,0.98,0.020000000000000018,0.010000000000000009,3010,2.0399148558806734,cdf_exact,cdf,0.072,0.006,0.922
two_action,2,2,0.98,0.020000000000000018,0.010000000000000009,3010,2.0399148558806734,exc_eb,exceedance,0.1205,0.0,0.8795
two_action,2,2,0.98,0.020000000000000018,0.010000000000000009,3010,2.0399148558806734,exc_bet,exceedance,0.681,0.0,0.319
two_action,2,2,0.98,0.020000000000000018,0.010000000000000009,3010,2.0399148558806734,counts_exact,counts,0.8795,0.0,0.1205
two_action,2,2,0.98,0.020000000000000018,0.010000000000000009,3010,2.0399148558806734,norm_bet,counts,0.658,0.0,0.342
two_action,2,2,0.98,0.020000000000000018,0.010000000000000009,4018,2.7230491331988524,cdf_eb,cdf,0.0045,0.0,0.9955
two_action,2,2,0.98,0.020000000000000018,0.010000000000000009,4018,2.7230491331988524,cdf_bet,cdf,0.002,0.0,0.998
two_action,2,2,0.98,0.020000000000000018,0.010000000000000009,4018,2.7230491331988524,cdf_exact,cdf,0.0845,0.002,0.9135
two_action,2,2,0.98,0.020000000000000018,0.010000000000000009,4018,2.7230491331988524,exc_eb,exceedance,0.283,0.0,0.717
two_action,2,2,0.98,0.020000000000000018,0.010000000000000009,4018,2.7230491331988524,exc_bet,exceedance,0.7955,0.0,0.2045
two_action,2,2,0.98,0.020000000000000018,0.010000000000000009,4018,2.7230491331988524,counts_exact,counts,0.961,0.0,0.039
two_action,2,2,0.98,0.020000000000000018,0.010000000000000009,4018,2.7230491331988524,norm_bet,counts,0.786,0.0,0.214
two_action,2,2,0.98,0.020000000000000018,0.010000000000000009,5365,3.635927974019871,cdf_eb,cdf,0.0085,0.0,0.9915
two_action,2,2,0.98,0.020000000000000018,0.010000000000000009,5365,3.635927974019871,cdf_bet,cdf,0.0045,0.0,0.9955
two_action,2,2,0.98,0.020000000000000018,0.010000000000000009,5365,3.635927974019871,cdf_exact,cdf,0.1115,0.0025,0.886
two_action,2,2,0.98,0.020000000000000018,0.010000000000000009,5365,3.635927974019871,exc_eb,exceedance,0.568,0.0,0.432
two_action,2,2,0.98,0.020000000000000018,0.010000000000000009,5365,3.635927974019871,exc_bet,exceedance,0.892,0.0,0.108
two_action,2,2,0.98,0.020000000000000018,0.010000000000000009,5365,3.635927974019871,counts_exact,counts,0.9895,0.0,0.0105
two_action,2,2,0.98,0.020000000000000018,0.010000000000000009,5365,3.635927974019871,norm_bet,counts,0.8965,0.0,0.1035
two_action,2,2,0.98,0.020000000000000018,0.010000000000000009,7163,4.854455186934639,cdf_eb,cdf,0.011,0.0,0.989
two_action,2,2,0.98,0.020000000000000018,0.010000000000000009,7163,4.854455186934639,cdf_bet,cdf,0.0045,0.0,0.9955
two_action,2,2,0.98,0.020000000000000018,0.010000000000000009,7163,4.854455186934639,cdf_exact,cdf,0.127,0.004,0.869
two_action,2,2,0.98,0.020000000000000018,0.010000000000000009,7163,4.854455186934639,exc_eb,exceedance,0.8675,0.0,0.1325
two_action,2,2,0.98,0.020000000000000018,0.010000000000000009,7163,4.854455186934639,exc_bet,exceedance,0.968,0.0,0.032
two_action,2,2,0.98,0.020000000000000018,0.010000000000000009,7163,4.854455186934639,counts_exact,counts,0.998,0.0,0.002
two_action,2,2,0.98,0.020000000000000018,0.010000000000000009,7163,4.854455186934639,norm_bet,counts,0.9685,0.0,0.0315
two_action,2,2,0.98,0.020000000000000018,0.010000000000000009,9564,6.481643083602246,cdf_eb,cdf,0.014,0.0,0.986
two_action,2,2,0.98,0.020000000000000018,0.010000000000000009,9564,6.481643083602246,cdf_bet,cdf,0.006,0.0,0.994
two_action,2,2,0.98,0.020000000000000018,0.010000000000000009,9564,6.481643083602246,cdf_exact,cdf,0.1635,0.0005,0.836
two_action,2,2,0.98,0.020000000000000018,0.010000000000000009,9564,6.481643083602246,exc_eb,exceedance,0.982,0.0,0.018
two_action,2,2,0.98,0.020000000000000018,0.010000000000000009,9564,6.481643083602246,exc_bet,exceedance,0.9935,0.0,0.0065
two_action,2,2,0.98,0.020000000000000018,0.010000000000000009,9564,6.481643083602246,counts_exact,counts,1.0,0.0,0.0
two_action,2,2,0.98,0.020000000000000018,0.010000000000000009,9564,6.481643083602246,norm_bet,counts,0.995,0.0,0.005
two_action,2,2,0.98,0.020000000000000018,0.010000000000000009,12770,8.654389604517009,cdf_eb,cdf,0.02,0.0,0.98
two_action,2,2,0.98,0.020000000000000018,0.010000000000000009,12770,8.654389604517009,cdf_bet,cdf,0.01,0.0,0.99
two_action,2,2,0.98,0.020000000000000018,0.010000000000000009,12770,8.654389604517009,cdf_exact,cdf,0.2045,0.0005,0.795
two_action,2,2,0.98,0.020000000000000018,0.010000000000000009,12770,8.654389604517009,exc_eb,exceedance,0.999,0.0,0.001
two_action,2,2,0.98,0.020000000000000018,0.010000000000000009,12770,8.654389604517009,exc_bet,exceedance,1.0,0.0,0.0
two_action,2,2,0.98,0.020000000000000018,0.010000000000000009,12770,8.654389604517009,counts_exact,counts,1.0,0.0,0.0
two_action,2,2,0.98,0.020000000000000018,0.010000000000000009,12770,8.654389604517009,norm_bet,counts,1.0,0.0,0.0
two_action,2,2,0.98,0.020000000000000018,0.010000000000000009,17050,11.554999432812451,cdf_eb,cdf,0.033,0.0,0.967
two_action,2,2,0.98,0.020000000000000018,0.010000000000000009,17050,11.554999432812451,cdf_bet,cdf,0.017,0.0,0.983
two_action,2,2,0.98,0.020000000000000018,0.010000000000000009,17050,11.554999432812451,cdf_exact,cdf,0.271,0.0005,0.7285
two_action,2,2,0.98,0.020000000000000018,0.010000000000000009,17050,11.554999432812451,exc_eb,exceedance,1.0,0.0,0.0
two_action,2,2,0.98,0.020000000000000018,0.010000000000000009,17050,11.554999432812451,exc_bet,exceedance,1.0,0.0,0.0
two_action,2,2,0.98,0.020000000000000018,0.010000000000000009,17050,11.554999432812451,counts_exact,counts,1.0,0.0,0.0
two_action,2,2,0.98,0.020000000000000018,0.010000000000000009,17050,11.554999432812451,norm_bet,counts,1.0,0.0,0.0
two_action,2,2,0.98,0.020000000000000018,0.010000000000000009,22764,15.427449096102208,cdf_eb,cdf,0.0605,0.0,0.9395
two_action,2,2,0.98,0.020000000000000018,0.010000000000000009,22764,15.427449096102208,cdf_bet,cdf,0.0325,0.0,0.9675
two_action,2,2,0.98,0.020000000000000018,0.010000000000000009,22764,15.427449096102208,cdf_exact,cdf,0.328,0.0,0.672
two_action,2,2,0.98,0.020000000000000018,0.010000000000000009,22764,15.427449096102208,exc_eb,exceedance,1.0,0.0,0.0
two_action,2,2,0.98,0.020000000000000018,0.010000000000000009,22764,15.427449096102208,exc_bet,exceedance,1.0,0.0,0.0
two_action,2,2,0.98,0.020000000000000018,0.010000000000000009,22764,15.427449096102208,counts_exact,counts,1.0,0.0,0.0
two_action,2,2,0.98,0.020000000000000018,0.010000000000000009,22764,15.427449096102208,norm_bet,counts,1.0,0.0,0.0
two_action,2,2,0.98,0.020000000000000018,0.010000000000000009,30394,20.598396056357867,cdf_eb,cdf,0.0875,0.0,0.9125
two_action,2,2,0.98,0.020000000000000018,0.010000000000000009,30394,20.598396056357867,cdf_bet,cdf,0.041,0.0,0.959
two_action,2,2,0.98,0.020000000000000018,0.010000000000000009,30394,20.598396056357867,cdf_exact,cdf,0.415,0.0005,0.5845
two_action,2,2,0.98,0.020000000000000018,0.010000000000000009,30394,20.598396056357867,exc_eb,exceedance,1.0,0.0,0.0
two_action,2,2,0.98,0.020000000000000018,0.010000000000000009,30394,20.598396056357867,exc_bet,exceedance,1.0,0.0,0.0
two_action,2,2,0.98,0.020000000000000018,0.010000000000000009,30394,20.598396056357867,counts_exact,counts,1.0,0.0,0.0
two_action,2,2,0.98,0.020000000000000018,0.010000000000000009,30394,20.598396056357867,norm_bet,counts,1.0,0.0,0.0
two_action,2,2,0.98,0.020000000000000018,0.010000000000000009,40581,27.502254075247045,cdf_eb,cdf,0.137,0.0,0.863
two_action,2,2,0.98,0.020000000000000018,0.010000000000000009,40581,27.502254075247045,cdf_bet,cdf,0.0705,0.0,0.9295
two_action,2,2,0.98,0.020000000000000018,0.010000000000000009,40581,27.502254075247045,cdf_exact,cdf,0.5035,0.0,0.4965
two_action,2,2,0.98,0.020000000000000018,0.010000000000000009,40581,27.502254075247045,exc_eb,exceedance,1.0,0.0,0.0
two_action,2,2,0.98,0.020000000000000018,0.010000000000000009,40581,27.502254075247045,exc_bet,exceedance,1.0,0.0,0.0
two_action,2,2,0.98,0.020000000000000018,0.010000000000000009,40581,27.502254075247045,counts_exact,counts,1.0,0.0,0.0
two_action,2,2,0.98,0.020000000000000018,0.010000000000000009,40581,27.502254075247045,norm_bet,counts,1.0,0.0,0.0
two_action,2,2,0.98,0.020000000000000018,0.010000000000000009,54182,36.71982283100553,cdf_eb,cdf,0.238,0.0,0.762
two_action,2,2,0.98,0.020000000000000018,0.010000000000000009,54182,36.71982283100553,cdf_bet,cdf,0.1235,0.0,0.8765
two_action,2,2,0.98,0.020000000000000018,0.010000000000000009,54182,36.71982283100553,cdf_exact,cdf,0.6365,0.0,0.3635
two_action,2,2,0.98,0.020000000000000018,0.010000000000000009,54182,36.71982283100553,exc_eb,exceedance,1.0,0.0,0.0
two_action,2,2,0.98,0.020000000000000018,0.010000000000000009,54182,36.71982283100553,exc_bet,exceedance,1.0,0.0,0.0
two_action,2,2,0.98,0.020000000000000018,0.010000000000000009,54182,36.71982283100553,counts_exact,counts,1.0,0.0,0.0
two_action,2,2,0.98,0.020000000000000018,0.010000000000000009,54182,36.71982283100553,norm_bet,counts,1.0,0.0,0.0
two_action,2,2,0.98,0.020000000000000018,0.010000000000000009,72342,49.02708322396002,cdf_eb,cdf,0.3585,0.0,0.6415
two_action,2,2,0.98,0.020000000000000018,0.010000000000000009,72342,49.02708322396002,cdf_bet,cdf,0.218,0.0,0.782
two_action,2,2,0.98,0.020000000000000018,0.010000000000000009,72342,49.02708322396002,cdf_exact,cdf,0.7625,0.0,0.2375
two_action,2,2,0.98,0.020000000000000018,0.010000000000000009,72342,49.02708322396002,exc_eb,exceedance,1.0,0.0,0.0
two_action,2,2,0.98,0.020000000000000018,0.010000000000000009,72342,49.02708322396002,exc_bet,exceedance,1.0,0.0,0.0
two_action,2,2,0.98,0.020000000000000018,0.010000000000000009,72342,49.02708322396002,counts_exact,counts,1.0,0.0,0.0
two_action,2,2,0.98,0.020000000000000018,0.010000000000000009,72342,49.02708322396002,norm_bet,counts,1.0,0.0,0.0
two_action,2,2,0.98,0.020000000000000018,0.010000000000000009,96588,65.45890235873837,cdf_eb,cdf,0.521,0.0,0.479
two_action,2,2,0.98,0.020000000000000018,0.010000000000000009,96588,65.45890235873837,cdf_bet,cdf,0.3575,0.0,0.6425
two_action,2,2,0.98,0.020000000000000018,0.010000000000000009,96588,65.45890235873837,cdf_exact,cdf,0.8695,0.0,0.1305
two_action,2,2,0.98,0.020000000000000018,0.010000000000000009,96588,65.45890235873837,exc_eb,exceedance,1.0,0.0,0.0
two_action,2,2,0.98,0.020000000000000018,0.010000000000000009,96588,65.45890235873837,exc_bet,exceedance,1.0,0.0,0.0
two_action,2,2,0.98,0.020000000000000018,0.010000000000000009,96588,65.45890235873837,counts_exact,counts,1.0,0.0,0.0
two_action,2,2,0.98,0.020000000000000018,0.010000000000000009,96588,65.45890235873837,norm_bet,counts,1.0,0.0,0.0
two_action,2,2,0.98,0.020000000000000018,0.010000000000000009,128960,87.39781389181782,cdf_eb,cdf,0.7315,0.0,0.2685
two_action,2,2,0.98,0.020000000000000018,0.010000000000000009,128960,87.39781389181782,cdf_bet,cdf,0.566,0.0,0.434
two_action,2,2,0.98,0.020000000000000018,0.010000000000000009,128960,87.39781389181782,cdf_exact,cdf,0.939,0.0,0.061
two_action,2,2,0.98,0.020000000000000018,0.010000000000000009,128960,87.39781389181782,exc_eb,exceedance,1.0,0.0,0.0
two_action,2,2,0.98,0.020000000000000018,0.010000000000000009,128960,87.39781389181782,exc_bet,exceedance,1.0,0.0,0.0
two_action,2,2,0.98,0.020000000000000018,0.010000000000000009,128960,87.39781389181782,counts_exact,counts,1.0,0.0,0.0
two_action,2,2,0.98,0.020000000000000018,0.010000000000000009,128960,87.39781389181782,norm_bet,counts,1.0,0.0,0.0
two_action,2,2,0.98,0.020000000000000018,0.010000000000000009,172183,116.69058459471826,cdf_eb,cdf,0.8685,0.0,0.1315
two_action,2,2,0.98,0.020000000000000018,0.010000000000000009,172183,116.69058459471826,cdf_bet,cdf,0.76,0.0,0.24
two_action,2,2,0.98,0.020000000000000018,0.010000000000000009,172183,116.69058459471826,cdf_exact,cdf,0.9825,0.0,0.0175
two_action,2,2,0.98,0.020000000000000018,0.010000000000000009,172183,116.69058459471826,exc_eb,exceedance,1.0,0.0,0.0
two_action,2,2,0.98,0.020000000000000018,0.010000000000000009,172183,116.69058459471826,exc_bet,exceedance,1.0,0.0,0.0
two_action,2,2,0.98,0.020000000000000018,0.010000000000000009,172183,116.69058459471826,counts_exact,counts,1.0,0.0,0.0
two_action,2,2,0.98,0.020000000000000018,0.010000000000000009,172183,116.69058459471826,norm_bet,counts,1.0,0.0,0.0
two_action,2,2,0.98,0.020000000000000018,0.010000000000000009,229891,155.800021971184,cdf_eb,cdf,0.9635,0.0,0.0365
two_action,2,2,0.98,0.020000000000000018,0.010000000000000009,229891,155.800021971184,cdf_bet,cdf,0.907,0.0,0.093
two_action,2,2,0.98,0.020000000000000018,0.010000000000000009,229891,155.800021971184,cdf_exact,cdf,0.9985,0.0,0.0015
two_action,2,2,0.98,0.020000000000000018,0.010000000000000009,229891,155.800021971184,exc_eb,exceedance,1.0,0.0,0.0
two_action,2,2,0.98,0.020000000000000018,0.010000000000000009,229891,155.800021971184,exc_bet,exceedance,1.0,0.0,0.0
two_action,2,2,0.98,0.020000000000000018,0.010000000000000009,229891,155.800021971184,counts_exact,counts,1.0,0.0,0.0
two_action,2,2,0.98,0.020000000000000018,0.010000000000000009,229891,155.800021971184,norm_bet,counts,1.0,0.0,0.0
two_action,2,2,0.98,0.020000000000000018,0.010000000000000009,306942,208.01845371884573,cdf_eb,cdf,0.996,0.0,0.004
two_action,2,2,0.98,0.020000000000000018,0.010000000000000009,306942,208.01845371884573,cdf_bet,cdf,0.988,0.0,0.012
two_action,2,2,0.98,0.020000000000000018,0.010000000000000009,306942,208.01845371884573,cdf_exact,cdf,0.9995,0.0,0.0005
two_action,2,2,0.98,0.020000000000000018,0.010000000000000009,306942,208.01845371884573,exc_eb,exceedance,1.0,0.0,0.0
two_action,2,2,0.98,0.020000000000000018,0.010000000000000009,306942,208.01845371884573,exc_bet,exceedance,1.0,0.0,0.0
two_action,2,2,0.98,0.020000000000000018,0.010000000000000009,306942,208.01845371884573,counts_exact,counts,1.0,0.0,0.0
two_action,2,2,0.98,0.020000000000000018,0.010000000000000009,306942,208.01845371884573,norm_bet,counts,1.0,0.0,0.0
two_action,2,2,0.98,0.020000000000000018,0.010000000000000009,409817,277.73813504732556,cdf_eb,cdf,1.0,0.0,0.0
two_action,2,2,0.98,0.020000000000000018,0.010000000000000009,409817,277.73813504732556,cdf_bet,cdf,0.9985,0.0,0.0015
two_action,2,2,0.98,0.020000000000000018,0.010000000000000009,409817,277.73813504732556,cdf_exact,cdf,1.0,0.0,0.0
two_action,2,2,0.98,0.020000000000000018,0.010000000000000009,409817,277.73813504732556,exc_eb,exceedance,1.0,0.0,0.0
two_action,2,2,0.98,0.020000000000000018,0.010000000000000009,409817,277.73813504732556,exc_bet,exceedance,1.0,0.0,0.0
two_action,2,2,0.98,0.020000000000000018,0.010000000000000009,409817,277.73813504732556,counts_exact,counts,1.0,0.0,0.0
two_action,2,2,0.98,0.020000000000000018,0.010000000000000009,409817,277.73813504732556,norm_bet,counts,1.0,0.0,0.0
two_action,2,2,0.98,0.020000000000000018,0.010000000000000009,547171,370.8246683080013,cdf_eb,cdf,1.0,0.0,0.0
two_action,2,2,0.98,0.020000000000000018,0.010000000000000009,547171,370.8246683080013,cdf_bet,cdf,1.0,0.0,0.0
two_action,2,2,0.98,0.020000000000000018,0.010000000000000009,547171,370.8246683080013,cdf_exact,cdf,1.0,0.0,0.0
two_action,2,2,0.98,0.020000000000000018,0.010000000000000009,547171,370.8246683080013,exc_eb,exceedance,1.0,0.0,0.0
two_action,2,2,0.98,0.020000000000000018,0.010000000000000009,547171,370.8246683080013,exc_bet,exceedance,1.0,0.0,0.0
two_action,2,2,0.98,0.020000000000000018,0.010000000000000009,547171,370.8246683080013,counts_exact,counts,1.0,0.0,0.0
two_action,2,2,0.98,0.020000000000000018,0.010000000000000009,547171,370.8246683080013,norm_bet,counts,1.0,0.0,0.0
two_action,2,2,0.98,0.020000000000000018,0.010000000000000009,730561,495.1103777498474,cdf_eb,cdf,1.0,0.0,0.0
two_action,2,2,0.98,0.020000000000000018,0.010000000000000009,730561,495.1103777498474,cdf_bet,cdf,1.0,0.0,0.0
two_action,2,2,0.98,0.020000000000000018,0.010000000000000009,730561,495.1103777498474,cdf_exact,cdf,1.0,0.0,0.0
two_action,2,2,0.98,0.020000000000000018,0.010000000000000009,730561,495.1103777498474,exc_eb,exceedance,1.0,0.0,0.0
two_action,2,2,0.98,0.020000000000000018,0.010000000000000009,730561,495.1103777498474,exc_bet,exceedance,1.0,0.0,0.0
two_action,2,2,0.98,0.020000000000000018,0.010000000000000009,730561,495.1103777498474,counts_exact,counts,1.0,0.0,0.0
two_action,2,2,0.98,0.020000000000000018,0.010000000000000009,730561,495.1103777498474,norm_bet,counts,1.0,0.0,0.0
two_action,2,2,0.98,0.020000000000000018,0.010000000000000009,975416,661.0516907188381,cdf_eb,cdf,1.0,0.0,0.0
two_action,2,2,0.98,0.020000000000000018,0.010000000000000009,975416,661.0516907188381,cdf_bet,cdf,1.0,0.0,0.0
two_action,2,2,0.98,0.020000000000000018,0.010000000000000009,975416,661.0516907188381,cdf_exact,cdf,1.0,0.0,0.0
two_action,2,2,0.98,0.020000000000000018,0.010000000000000009,975416,661.0516907188381,exc_eb,exceedance,1.0,0.0,0.0
two_action,2,2,0.98,0.020000000000000018,0.010000000000000009,975416,661.0516907188381,exc_bet,exceedance,1.0,0.0,0.0
two_action,2,2,0.98,0.020000000000000018,0.010000000000000009,975416,661.0516907188381,counts_exact,counts,1.0,0.0,0.0
two_action,2,2,0.98,0.020000000000000018,0.010000000000000009,975416,661.0516907188381,norm_bet,counts,1.0,0.0,0.0
two_action,2,2,0.98,0.020000000000000018,0.010000000000000009,1302337,882.6101640076639,cdf_eb,cdf,1.0,0.0,0.0
two_action,2,2,0.98,0.020000000000000018,0.010000000000000009,1302337,882.6101640076639,cdf_bet,cdf,1.0,0.0,0.0
two_action,2,2,0.98,0.020000000000000018,0.010000000000000009,1302337,882.6101640076639,cdf_exact,cdf,1.0,0.0,0.0
two_action,2,2,0.98,0.020000000000000018,0.010000000000000009,1302337,882.6101640076639,exc_eb,exceedance,1.0,0.0,0.0
two_action,2,2,0.98,0.020000000000000018,0.010000000000000009,1302337,882.6101640076639,exc_bet,exceedance,1.0,0.0,0.0
two_action,2,2,0.98,0.020000000000000018,0.010000000000000009,1302337,882.6101640076639,counts_exact,counts,1.0,0.0,0.0
two_action,2,2,0.98,0.020000000000000018,0.010000000000000009,1302337,882.6101640076639,norm_bet,counts,1.0,0.0,0.0
two_action,2,2,0.98,0.020000000000000018,0.010000000000000009,1738830,1178.4269597511598,cdf_eb,cdf,1.0,0.0,0.0
two_action,2,2,0.98,0.020000000000000018,0.010000000000000009,1738830,1178.4269597511598,cdf_bet,cdf,1.0,0.0,0.0
two_action,2,2,0.98,0.020000000000000018,0.010000000000000009,1738830,1178.4269597511598,cdf_exact,cdf,1.0,0.0,0.0
two_action,2,2,0.98,0.020000000000000018,0.010000000000000009,1738830,1178.4269597511598,exc_eb,exceedance,1.0,0.0,0.0
two_action,2,2,0.98,0.020000000000000018,0.010000000000000009,1738830,1178.4269597511598,exc_bet,exceedance,1.0,0.0,0.0
two_action,2,2,0.98,0.020000000000000018,0.010000000000000009,1738830,1178.4269597511598,counts_exact,counts,1.0,0.0,0.0
two_action,2,2,0.98,0.020000000000000018,0.010000000000000009,1738830,1178.4269597511598,norm_bet,counts,1.0,0.0,0.0
two_action,2,2,0.98,0.020000000000000018,0.010000000000000009,2321617,1573.3890391910702,cdf_eb,cdf,1.0,0.0,0.0
two_action,2,2,0.98,0.020000000000000018,0.010000000000000009,2321617,1573.3890391910702,cdf_bet,cdf,1.0,0.0,0.0
two_action,2,2,0.98,0.020000000000000018,0.010000000000000009,2321617,1573.3890391910702,cdf_exact,cdf,1.0,0.0,0.0
two_action,2,2,0.98,0.020000000000000018,0.010000000000000009,2321617,1573.3890391910702,exc_eb,exceedance,1.0,0.0,0.0
two_action,2,2,0.98,0.020000000000000018,0.010000000000000009,2321617,1573.3890391910702,exc_bet,exceedance,1.0,0.0,0.0
two_action,2,2,0.98,0.020000000000000018,0.010000000000000009,2321617,1573.3890391910702,counts_exact,counts,1.0,0.0,0.0
two_action,2,2,0.98,0.020000000000000018,0.010000000000000009,2321617,1573.3890391910702,norm_bet,counts,1.0,0.0,0.0
two_action,2,2,0.98,0.020000000000000018,0.010000000000000009,3099731,2100.726683100949,cdf_eb,cdf,1.0,0.0,0.0
two_action,2,2,0.98,0.020000000000000018,0.010000000000000009,3099731,2100.726683100949,cdf_bet,cdf,1.0,0.0,0.0
two_action,2,2,0.98,0.020000000000000018,0.010000000000000009,3099731,2100.726683100949,cdf_exact,cdf,1.0,0.0,0.0
two_action,2,2,0.98,0.020000000000000018,0.010000000000000009,3099731,2100.726683100949,exc_eb,exceedance,1.0,0.0,0.0
two_action,2,2,0.98,0.020000000000000018,0.010000000000000009,3099731,2100.726683100949,exc_bet,exceedance,1.0,0.0,0.0
two_action,2,2,0.98,0.020000000000000018,0.010000000000000009,3099731,2100.726683100949,counts_exact,counts,1.0,0.0,0.0
two_action,2,2,0.98,0.020000000000000018,0.010000000000000009,3099731,2100.726683100949,norm_bet,counts,1.0,0.0,0.0
two_action,2,2,0.98,0.020000000000000018,0.010000000000000009,4138638,2804.8070230273347,cdf_eb,cdf,1.0,0.0,0.0
two_action,2,2,0.98,0.020000000000000018,0.010000000000000009,4138638,2804.8070230273347,cdf_bet,cdf,1.0,0.0,0.0
two_action,2,2,0.98,0.020000000000000018,0.010000000000000009,4138638,2804.8070230273347,cdf_exact,cdf,1.0,0.0,0.0
two_action,2,2,0.98,0.020000000000000018,0.010000000000000009,4138638,2804.8070230273347,exc_eb,exceedance,1.0,0.0,0.0
two_action,2,2,0.98,0.020000000000000018,0.010000000000000009,4138638,2804.8070230273347,exc_bet,exceedance,1.0,0.0,0.0
two_action,2,2,0.98,0.020000000000000018,0.010000000000000009,4138638,2804.8070230273347,counts_exact,counts,1.0,0.0,0.0
two_action,2,2,0.98,0.020000000000000018,0.010000000000000009,4138638,2804.8070230273347,norm_bet,counts,1.0,0.0,0.0
two_action,2,2,0.98,0.020000000000000018,0.010000000000000009,5525747,3744.8682375873964,cdf_eb,cdf,1.0,0.0,0.0
two_action,2,2,0.98,0.020000000000000018,0.010000000000000009,5525747,3744.8682375873964,cdf_bet,cdf,1.0,0.0,0.0
two_action,2,2,0.98,0.020000000000000018,0.010000000000000009,5525747,3744.8682375873964,cdf_exact,cdf,1.0,0.0,0.0
two_action,2,2,0.98,0.020000000000000018,0.010000000000000009,5525747,3744.8682375873964,exc_eb,exceedance,1.0,0.0,0.0
two_action,2,2,0.98,0.020000000000000018,0.010000000000000009,5525747,3744.8682375873964,exc_bet,exceedance,1.0,0.0,0.0
two_action,2,2,0.98,0.020000000000000018,0.010000000000000009,5525747,3744.8682375873964,counts_exact,counts,1.0,0.0,0.0
two_action,2,2,0.98,0.020000000000000018,0.010000000000000009,5525747,3744.8682375873964,norm_bet,counts,1.0,0.0,0.0
two_action,2,2,0.98,0.020000000000000018,0.010000000000000009,7377759,5000.000062195129,cdf_eb,cdf,1.0,0.0,0.0
two_action,2,2,0.98,0.020000000000000018,0.010000000000000009,7377759,5000.000062195129,cdf_bet,cdf,1.0,0.0,0.0
two_action,2,2,0.98,0.020000000000000018,0.010000000000000009,7377759,5000.000062195129,cdf_exact,cdf,1.0,0.0,0.0
two_action,2,2,0.98,0.020000000000000018,0.010000000000000009,7377759,5000.000062195129,exc_eb,exceedance,1.0,0.0,0.0
two_action,2,2,0.98,0.020000000000000018,0.010000000000000009,7377759,5000.000062195129,exc_bet,exceedance,1.0,0.0,0.0
two_action,2,2,0.98,0.020000000000000018,0.010000000000000009,7377759,5000.000062195129,counts_exact,counts,1.0,0.0,0.0
two_action,2,2,0.98,0.020000000000000018,0.010000000000000009,7377759,5000.000062195129,norm_bet,counts,1.0,0.0,0.0
vary_p,32,8,0.98,0.020000000000000018,0.010000000000000009,650,0.020011629886477266,cdf_eb,cdf,0.0,0.0,1.0
vary_p,32,8,0.98,0.020000000000000018,0.010000000000000009,650,0.020011629886477266,cdf_bet,cdf,0.0,0.0,1.0
vary_p,32,8,0.98,0.020000000000000018,0.010000000000000009,650,0.020011629886477266,cdf_exact,cdf,0.0055,0.0245,0.97
vary_p,32,8,0.98,0.020000000000000018,0.010000000000000009,650,0.020011629886477266,exc_eb,exceedance,0.0,0.0,1.0
vary_p,32,8,0.98,0.020000000000000018,0.010000000000000009,650,0.020011629886477266,exc_bet,exceedance,0.0,0.0,1.0
vary_p,32,8,0.98,0.020000000000000018,0.010000000000000009,650,0.020011629886477266,counts_exact,counts,0.0,0.0,1.0
vary_p,32,8,0.98,0.020000000000000018,0.010000000000000009,650,0.020011629886477266,norm_bet,counts,0.0,0.0,1.0
vary_p,32,8,0.98,0.020000000000000018,0.010000000000000009,867,0.026692435556270443,cdf_eb,cdf,0.0,0.0,1.0
vary_p,32,8,0.98,0.020000000000000018,0.010000000000000009,867,0.026692435556270443,cdf_bet,cdf,0.0,0.0,1.0
vary_p,32,8,0.98,0.020000000000000018,0.010000000000000009,867,0.026692435556270443,cdf_exact,cdf,0.01,0.0265,0.9635
vary_p,32,8,0.98,0.020000000000000018,0.010000000000000009,867,0.026692435556270443,exc_eb,exceedance,0.0,0.0,1.0
vary_p,32,8,0.98,0.020000000000000018,0.010000000000000009,867,0.026692435556270443,exc_bet,exceedance,0.0,0.0,1.0
vary_p,32,8,0.98,0.020000000000000018,0.010000000000000009,867,0.026692435556270443,counts_exact,counts,0.0,0.0,1.0
vary_p,32,8,0.98,0.020000000000000018,0.010000000000000009,867,0.026692435556270443,norm_bet,counts,0.0,0.0,1.0
vary_p,32,8,0.98,0.020000000000000018,0.010000000000000009,1158,0.03565148832083181,cdf_eb,cdf,0.0,0.0,1.0
vary_p,32,8,0.98,0.020000000000000018,0.010000000000000009,1158,0.03565148832083181,cdf_bet,cdf,0.0,0.0,1.0
vary_p,32,8,0.98,0.020000000000000018,0.010000000000000009,1158,0.03565148832083181,cdf_exact,cdf,0.006,0.025,0.969
vary_p,32,8,0.98,0.020000000000000018,0.010000000000000009,1158,0.03565148832083181,exc_eb,exceedance,0.0,0.0,1.0
vary_p,32,8,0.98,0.020000000000000018,0.010000000000000009,1158,0.03565148832083181,exc_bet,exceedance,0.0,0.0,1.0
vary_p,32,8,0.98,0.020000000000000018,0.010000000000000009,1158,0.03565148832083181,counts_exact,counts,0.0,0.0,1.0
vary_p,32,8,0.98,0.020000000000000018,0.010000000000000009,1158,0.03565148832083181,norm_bet,counts,0.0,0.0,1.0
vary_p,32,8,0.98,0.020000000000000018,0.010000000000000009,1546,0.04759689200691362,cdf_eb,cdf,0.0,0.0,1.0
vary_p,32,8,0.98,0.020000000000000018,0.010000000000000009,1546,0.04759689200691362,cdf_bet,cdf,0.0,0.0,1.0
vary_p,32,8,0.98,0.020000000000000018,0.010000000000000009,1546,0.04759689200691362,cdf_exact,cdf,0.0075,0.0245,0.968
vary_p,32,8,0.98,0.020000000000000018,0.010000000000000009,1546,0.04759689200691362,exc_eb,exceedance,0.0,0.0,1.0
vary_p,32,8,0.98,0.020000000000000018,0.010000000000000009,1546,0.04759689200691362,exc_bet,exceedance,0.0,0.0,1.0
vary_p,32,8,0.98,0.020000000000000018,0.010000000000000009,1546,0.04759689200691362,counts_exact,counts,0.0,0.0,1.0
vary_p,32,8,0.98,0.020000000000000018,0.010000000000000009,1546,0.04759689200691362,norm_bet,counts,0.0,0.0,1.0
vary_p,32,8,0.98,0.020000000000000018,0.010000000000000009,2064,0.06354462167029089,cdf_eb,cdf,0.0,0.0,1.0
vary_p,32,8,0.98,0.020000000000000018,0.010000000000000009,2064,0.06354462167029089,cdf_bet,cdf,0.0,0.0,1.0
vary_p,32,8,0.98,0.020000000000000018,0.010000000000000009,2064,0.06354462167029089,cdf_exact,cdf,0.0055,0.0235,0.971
vary_p,32,8,0.98,0.020000000000000018,0.010000000000000009,2064,0.06354462167029089,exc_eb,exceedance,0.0,0.0,1.0
vary_p,32,8,0.98,0.020000000000000018,0.010000000000000009,2064,0.06354462167029089,exc_bet,exceedance,0.0,0.0,1.0
vary_p,32,8,0.98,0.020000000000000018,0.010000000000000009,2064,0.06354462167029089,counts_exact,counts,0.0,0.0,1.0
vary_p,32,8,0.98,0.020000000000000018,0.010000000000000009,2064,0.06354462167029089,norm_bet,counts,0.0,0.0,1.0
vary_p,32,8,0.98,0.020000000000000018,0.010000000000000009,2756,0.08484931071866361,cdf_eb,cdf,0.0,0.0,1.0
vary_p,32,8,0.98,0.020000000000000018,0.010000000000000009,2756,0.08484931071866361,cdf_bet,cdf,0.0,0.0,1.0
vary_p,32,8,0.98,0.020000000000000018,0.010000000000000009,2756,0.08484931071866361,cdf_exact,cdf,0.0095,0.0195,0.971
vary_p,32,8,0.98,0.020000000000000018,0.010000000000000009,2756,0.08484931071866361,exc_eb,exceedance,0.0,0.0,1.0
vary_p,32,8,0.98,0.020000000000000018,0.010000000000000009,2756,0.08484931071866361,exc_bet,exceedance,0.0,0.0,1.0
vary_p,32,8,0.98,0.020000000000000018,0.010000000000000009,2756,0.08484931071866361,counts_exact,counts,0.0,0.0,1.0
vary_p,32,8,0.98,0.020000000000000018,0.010000000000000009,2756,0.08484931071866361,norm_bet,counts,0.0,0.0,1.0
vary_p,32,8,0.98,0.020000000000000018,0.010000000000000009,3680,0.1132966122803636,cdf_eb,cdf,0.0,0.0,1.0
vary_p,32,8,0.98,0.020000000000000018,0.010000000000000009,3680,0.1132966122803636,cdf_bet,cdf,0.0,0.0,1.0
vary_p,32,8,0.98,0.020000000000000018,0.010000000000000009,3680,0.1132966122803636,cdf_exact,cdf,0.0035,0.0215,0.975
vary_p,32,8,0.98,0.020000000000000018,0.010000000000000009,3680,0.1132966122803636,exc_eb,exceedance,0.0,0.0,1.0
vary_p,32,8,0.98,0.020000000000000018,0.010000000000000009,3680,0.1132966122803636,exc_bet,exceedance,0.0,0.0,1.0
vary_p,32,8,0.98,0.020000000000000018,0.010000000000000009,3680,0.1132966122803636,counts_exact,counts,0.0,0.0,1.0
vary_p,32,8,0.98,0.020000000000000018,0.010000000000000009,3680,0.1132966122803636,norm_bet,counts,0.0,0.0,1.0
vary_p,32,8,0.98,0.020000000000000018,0.010000000000000009,4914,0.15128792194176813,cdf_eb,cdf,0.0,0.0,1.0
vary_p,32,8,0.98,0.020000000000000018,0.010000000000000009,4914,0.15128792194176813,cdf_bet,cdf,0.0,0.0,1.0
vary_p,32,8,0.98,0.020000000000000018,0.010000000000000009,4914,0.15128792194176813,cdf_exact,cdf,0.0055,0.0285,0.966
vary_p,32,8,0.98,0.020000000000000018,0.010000000000000009,4914,0.15128792194176813,exc_eb,exceedance,0.0,0.0,1.0
vary_p,32,8,0.98,0.020000000000000018,0.010000000000000009,4914,0.15128792194176813,exc_bet,exceedance,0.0,0.0,1.0
vary_p,32,8,0.98,0.020000000000000018,0.010000000000000009,4914,0.15128792194176813,counts_exact,counts,0.0,0.0,1.0
vary_p,32,8,0.98,0.020000000000000018,0.010000000000000009,4914,0.15128792194176813,norm_bet,counts,0.0,0.0,1.0
vary_p,32,8,0.98,0.020000000000000018,0.010000000000000009,6560,0.201963526238909,cdf_eb,cdf,0.0,0.0,1.0
vary_p,32,8,0.98,0.020000000000000018,0.010000000000000009,6560,0.201963526238909,cdf_bet,cdf,0.0,0.0,1.0
vary_p,32,8,0.98,0.020000000000000018,0.010000000000000009,6560,0.201963526238909,cdf_exact,cdf,0.008,0.0195,0.9725
vary_p,32,8,0.98,0.020000000000000018,0.010000000000000009,6560,0.201963526238909,exc_eb,exceedance,0.0,0.0,1.0
vary_p,32,8,0.98,0.020000000000000018,0.010000000000000009,6560,0.201963526238909,exc_bet,exceedance,0.0,0.0,1.0
vary_p,32,8,0.98,0.020000000000000018,0.010000000000000009,6560,0.201963526238909,counts_exact,counts,0.0,0.0,1.0
vary_p,32,8,0.98,0.020000000000000018,0.010000000000000009,6560,0.201963526238909,norm_bet,counts,0.0,0.0,1.0
vary_p,32,8,0.98,0.020000000000000018,0.010000000000000009,8759,0.26966440950100673,cdf_eb,cdf,0.0,0.0,1.0
vary_p,32,8,0.98,0.020000000000000018,0.010000000000000009,8759,0.26966440950100673,cdf_bet,cdf,0.0,0.0,1.0
vary_p,32,8,0.98,0.020000000000000018,0.010000000000000009,8759,0.26966440950100673,cdf_exact,cdf,0.0105,0.029,0.9605
vary_p,32,8,0.98,0.020000000000000018,0.010000000000000009,8759,0.26966440950100673,exc_eb,exceedance,0.0,0.0,1.0
vary_p,32,8,0.98,0.020000000000000018,0.010000000000000009,8759,0.26966440950100673,exc_bet,exceedance,0.0,0.0,1.0
vary_p,32,8,0.98,0.020000000000000018,0.010000000000000009,8759,0.26966440950100673,counts_exact,counts,0.0625,0.002,0.9355
vary_p,32,8,0.98,0.020000000000000018,0.010000000000000009,8759,0.26966440950100673,norm_bet,counts,0.0,0.0,1.0
vary_p,32,8,0.98,0.020000000000000018,0.010000000000000009,11695,0.36005540234207944,cdf_eb,cdf,0.0005,0.0005,0.999
vary_p,32,8,0.98,0.020000000000000018,0.010000000000000009,11695,0.36005540234207944,cdf_bet,cdf,0.0005,0.0005,0.999
vary_p,32,8,0.98,0.020000000000000018,0.010000000000000009,11695,0.36005540234207944,cdf_exact,cdf,0.009,0.027,0.964
vary_p,32,8,0.98,0.020000000000000018,0.010000000000000009,11695,0.36005540234207944,exc_eb,exceedance,0.0,0.0,1.0
vary_p,32,8,0.98,0.020000000000000018,0.010000000000000009,11695,0.36005540234207944,exc_bet,exceedance,0.0,0.0,1.0
vary_p,32,8,0.98,0.020000000000000018,0.010000000000000009,11695,0.36005540234207944,counts_exact,counts,0.088,0.0015,0.9105
vary_p,32,8,0.98,0.020000000000000018,0.010000000000000009,11695,0.36005540234207944,norm_bet,counts,0.0,0.0,1.0
vary_p,32,8,0.98,0.020000000000000018,0.010000000000000009,15615,0.48074092411898844,cdf_eb,cdf,0.0,0.0,1.0
vary_p,32,8,0.98,0.020000000000000018,0.010000000000000009,15615,0.48074092411898844,cdf_bet,cdf,0.0,0.0,1.0
vary_p,32,8,0.98,0.020000000000000018,0.010000000000000009,15615,0.48074092411898844,cdf_exact,cdf,0.0125,0.022,0.9655
vary_p,32,8,0.98,0.020000000000000018,0.010000000000000009,15615,0.48074092411898844,exc_eb,exceedance,0.0,0.0,1.0
vary_p,32,8,0.98,0.020000000000000018,0.010000000000000009,15615,0.48074092411898844,exc_bet,exceedance,0.0,0.0,1.0
vary_p,32,8,0.98,0.020000000000000018,0.010000000000000009,15615,0.48074092411898844,counts_exact,counts,0.1325,0.0,0.8675
vary_p,32,8,0.98,0.020000000000000018,0.010000000000000009,15615,0.48074092411898844,norm_bet,counts,0.0015,0.0,0.9985
vary_p,32,8,0.98,0.020000000000000018,0.010000000000000009,20848,0.6418499382665815,cdf_eb,cdf,0.0,0.0,1.0
vary_p,32,8,0.98,0.020000000000000018,0.010000000000000009,20848,0.6418499382665815,cdf_bet,cdf,0.0,0.0,1.0
vary_p,32,8,0.98,0.020000000000000018,0.010000000000000009,20848,0.6418499382665815,cdf_exact,cdf,0.01,0.019,0.971
vary_p,32,8,0.98,0.020000000000000018,0.010000000000000009,20848,0.6418499382665815,exc_eb,exceedance,0.0,0.0,1.0
vary_p,32,8,0.98,0.020000000000000018,0.010000000000000009,20848,0.6418499382665815,exc_bet,exceedance,0.047,0.0,0.953
vary_p,32,8,0.98,0.020000000000000018,0.010000000000000009,20848,0.6418499382665815,counts_exact,counts,0.2155,0.0,0.7845
vary_p,32,8,0.98,0.020000000000000018,0.010000000000000009,20848,0.6418499382665815,norm_bet,counts,0.0285,0.0,0.9715
vary_p,32,8,0.98,0.020000000000000018,0.010000000000000009,27835,0.8569595659847611,cdf_eb,cdf,0.0,0.0,1.0
vary_p,32,8,0.98,0.020000000000000018,0.010000000000000009,27835,0.8569595659847611,cdf_bet,cdf,0.0,0.0,1.0
vary_p,32,8,0.98,0.020000000000000018,0.010000000000000009,27835,0.8569595659847611,cdf_exact,cdf,0.0145,0.019,0.9665
vary_p,32,8,0.98,0.020000000000000018,0.010000000000000009,27835,0.8569595659847611,exc_eb,exceedance,0.0,0.0,1.0
vary_p,32,8,0.98,0.020000000000000018,0.010000000000000009,27835,0.8569595659847611,exc_bet,exceedance,0.1385,0.0,0.8615
vary_p,32,8,0.98,0.020000000000000018,0.010000000000000009,27835,0.8569595659847611,counts_exact,counts,0.363,0.0,0.637
vary_p,32,8,0.98,0.020000000000000018,0.010000000000000009,27835,0.8569595659847611,norm_bet,counts,0.115,0.0,0.885
vary_p,32,8,0.98,0.020000000000000018,0.010000000000000009,37165,1.1442034226629656,cdf_eb,cdf,0.0,0.0,1.0
vary_p,32,8,0.98,0.020000000000000018,0.010000000000000009,37165,1.1442034226629656,cdf_bet,cdf,0.0,0.0,1.0
vary_p,32,8,0.98,0.020000000000000018,0.010000000000000009,37165,1.1442034226629656,cdf_exact,cdf,0.0145,0.015,0.9705
vary_p,32,8,0.98,0.020000000000000018,0.010000000000000009,37165,1.1442034226629656,exc_eb,exceedance,0.004,0.0,0.996
vary_p,32,8,0.98,0.020000000000000018,0.010000000000000009,37165,1.1442034226629656,exc_bet,exceedance,0.2725,0.0,0.7275
vary_p,32,8,0.98,0.020000000000000018,0.010000000000000009,37165,1.1442034226629656,counts_exact,counts,0.519,0.0,0.481
vary_p,32,8,0.98,0.020000000000000018,0.010000000000000009,37165,1.1442034226629656,norm_bet,counts,0.261,0.0,0.739
vary_p,32,8,0.98,0.020000000000000018,0.010000000000000009,49621,1.5276878255336745,cdf_eb,cdf,0.0,0.0,1.0
vary_p,32,8,0.98,0.020000000000000018,0.010000000000000009,49621,1.5276878255336745,cdf_bet,cdf,0.0,0.0,1.0
vary_p,32,8,0.98,0.020000000000000018,0.010000000000000009,49621,1.5276878255336745,cdf_exact,cdf,0.015,0.015,0.97
vary_p,32,8,0.98,0.020000000000000018,0.010000000000000009,49621,1.5276878255336745,exc_eb,exceedance,0.0095,0.0,0.9905
vary_p,32,8,0.98,0.020000000000000018,0.010000000000000009,49621,1.5276878255336745,exc_bet,exceedance,0.4315,0.0,0.5685
vary_p,32,8,0.98,0.020000000000000018,0.010000000000000009,49621,1.5276878255336745,counts_exact,counts,0.716,0.0,0.284
vary_p,32,8,0.98,0.020000000000000018,0.010000000000000009,49621,1.5276878255336745,norm_bet,counts,0.4615,0.0,0.5385
vary_p,32,8,0.98,0.020000000000000018,0.010000000000000009,66252,2.039708466521372,cdf_eb,cdf,0.001,0.0005,0.9985
vary_p,32,8,0.98,0.020000000000000018,0.010000000000000009,66252,2.039708466521372,cdf_bet,cdf,0.0005,0.0,0.9995
vary_p,32,8,0.98,0.020000000000000018,0.010000000000000009,66252,2.039708466521372,cdf_exact,cdf,0.025,0.005,0.97
vary_p,32,8,0.98,0.020000000000000018,0.010000000000000009,66252,2.039708466521372,exc_eb,exceedance,0.0865,0.0,0.9135
vary_p,32,8,0.98,0.020000000000000018,0.010000000000000009,66252,2.039708466521372,exc_bet,exceedance,0.662,0.0,0.338
vary_p,32,8,0.98,0.020000000000000018,0.010000000000000009,66252,2.039708466521372,counts_exact,counts,0.869,0.0,0.131
vary_p,32,8,0.98,0.020000000000000018,0.010000000000000009,66252,2.039708466521372,norm_bet,counts,0.655,0.0,0.345
vary_p,32,8,0.98,0.020000000000000018,0.010000000000000009,88457,2.7233365305663377,cdf_eb,cdf,0.001,0.0,0.999
vary_p,32,8,0.98,0.020000000000000018,0.010000000000000009,88457,2.7233365305663377,cdf_bet,cdf,0.0,0.0,1.0
vary_p,32,8,0.98,0.020000000000000018,0.010000000000000009,88457,2.7233365305663377,cdf_exact,cdf,0.0305,0.007,0.9625
vary_p,32,8,0.98,0.020000000000000018,0.010000000000000009,88457,2.7233365305663377,exc_eb,exceedance,0.2865,0.0,0.7135
vary_p,32,8,0.98,0.020000000000000018,0.010000000000000009,88457,2.7233365305663377,exc_bet,exceedance,0.825,0.0,0.175
vary_p,32,8,0.98,0.020000000000000018,0.010000000000000009,88457,2.7233365305663377,counts_exact,counts,0.964,0.0,0.036
vary_p,32,8,0.98,0.020000000000000018,0.010000000000000009,88457,2.7233365305663377,norm_bet,counts,0.8175,0.0,0.1825
vary_p,32,8,0.98,0.020000000000000018,0.010000000000000009,118104,3.6360823632500168,cdf_eb,cdf,0.0015,0.0,0.9985
vary_p,32,8,0.98,0.020000000000000018,0.010000000000000009,118104,3.6360823632500168,cdf_bet,cdf,0.0,0.0,1.0
vary_p,32,8,0.98,0.020000000000000018,0.010000000000000009,118104,3.6360823632500168,cdf_exact,cdf,0.0275,0.0025,0.97
vary_p,32,8,0.98,0.020000000000000018,0.010000000000000009,118104,3.6360823632500168,exc_eb,exceedance,0.6725,0.0,0.3275
vary_p,32,8,0.98,0.020000000000000018,0.010000000000000009,118104,3.6360823632500168,exc_bet,exceedance,0.922,0.0,0.078
vary_p,32,8,0.98,0.020000000000000018,0.010000000000000009,118104,3.6360823632500168,counts_exact,counts,0.9965,0.0,0.0035
vary_p,32,8,0.98,0.020000000000000018,0.010000000000000009,118104,3.6360823632500168,norm_bet,counts,0.93,0.0,0.07
vary_p,32,8,0.98,0.020000000000000018,0.010000000000000009,157687,4.854729049090678,cdf_eb,cdf,0.0015,0.0,0.9985
vary_p,32,8,0.98,0.020000000000000018,0.010000000000000009,157687,4.854729049090678,cdf_bet,cdf,0.0005,0.0,0.9995
vary_p,32,8,0.98,0.020000000000000018,0.010000000000000009,157687,4.854729049090678,cdf_exact,cdf,0.035,0.004,0.961
vary_p,32,8,0.98,0.020000000000000018,0.010000000000000009,157687,4.854729049090678,exc_eb,exceedance,0.917,0.0,0.083
vary_p,32,8,0.98,0.020000000000000018,0.010000000000000009,157687,4.854729049090678,exc_bet,exceedance,0.9825,0.0,0.0175
vary_p,32,8,0.98,0.020000000000000018,0.010000000000000009,157687,4.854729049090678,counts_exact,counts,0.9995,0.0,0.0005
vary_p,32,8,0.98,0.020000000000000018,0.010000000000000009,157687,4.854729049090678,norm_bet,counts,0.9815,0.0,0.0185
vary_p,32,8,0.98,0.020000000000000018,0.010000000000000009,210538,6.481859281598693,cdf_eb,cdf,0.005,0.0005,0.9945
vary_p,32,8,0.98,0.020000000000000018,0.010000000000000009,210538,6.481859281598693,cdf_bet,cdf,0.001,0.0,0.999
vary_p,32,8,0.98,0.020000000000000018,0.010000000000000009,210538,6.481859281598693,cdf_exact,cdf,0.049,0.0035,0.9475
vary_p,32,8,0.98,0.020000000000000018,0.010000000000000009,210538,6.481859281598693,exc_eb,exceedance,0.994,0.0,0.006
vary_p,32,8,0.98,0.020000000000000018,0.010000000000000009,210538,6.481859281598693,exc_bet,exceedance,0.9995,0.0,0.0005
vary_p,32,8,0.98,0.020000000000000018,0.010000000000000009,210538,6.481859281598693,counts_exact,counts,1.0,0.0,0.0
vary_p,32,8,0.98,0.020000000000000018,0.010000000000000009,210538,6.481859281598693,norm_bet,counts,0.999,0.0,0.001
vary_p,32,8,0.98,0.020000000000000018,0.010000000000000009,281102,8.654321822074666,cdf_eb,cdf,0.0065,0.0,0.9935
vary_p,32,8,0.98,0.020000000000000018,0.010000000000000009,281102,8.654321822074666,cdf_bet,cdf,0.0,0.0,1.0
vary_p,32,8,0.98,0.020000000000000018,0.010000000000000009,281102,8.654321822074666,cdf_exact,cdf,0.064,0.003,0.933
vary_p,32,8,0.98,0.020000000000000018,0.010000000000000009,281102,8.654321822074666,exc_eb,exceedance,1.0,0.0,0.0
vary_p,32,8,0.98,0.020000000000000018,0.010000000000000009,281102,8.654321822074666,exc_bet,exceedance,1.0,0.0,0.0
vary_p,32,8,0.98,0.020000000000000018,0.010000000000000009,281102,8.654321822074666,counts_exact,counts,1.0,0.0,0.0
vary_p,32,8,0.98,0.020000000000000018,0.010000000000000009,281102,8.654321822074666,norm_bet,counts,1.0,0.0,0.0
vary_p,32,8,0.98,0.020000000000000018,0.010000000000000009,375316,11.554899819189387,cdf_eb,cdf,0.0045,0.0,0.9955
vary_p,32,8,0.98,0.020000000000000018,0.010000000000000009,375316,11.554899819189387,cdf_bet,cdf,0.001,0.0,0.999
vary_p,32,8,0.98,0.020000000000000018,0.010000000000000009,375316,11.554899819189387,cdf_exact,cdf,0.0755,0.002,0.9225
vary_p,32,8,0.98,0.020000000000000018,0.010000000000000009,375316,11.554899819189387,exc_eb,exceedance,1.0,0.0,0.0
vary_p,32,8,0.98,0.020000000000000018,0.010000000000000009,375316,11.554899819189387,exc_bet,exceedance,1.0,0.0,0.0
vary_p,32,8,0.98,0.020000000000000018,0.010000000000000009,375316,11.554899819189387,counts_exact,counts,1.0,0.0,0.0
vary_p,32,8,0.98,0.020000000000000018,0.010000000000000009,375316,11.554899819189387,norm_bet,counts,1.0,0.0,0.0
vary_p,32,8,0.98,0.020000000000000018,0.010000000000000009,501108,15.427673583312076,cdf_eb,cdf,0.016,0.0,0.984
vary_p,32,8,0.98,0.020000000000000018,0.010000000000000009,501108,15.427673583312076,cdf_bet,cdf,0.0035,0.0,0.9965
vary_p,32,8,0.98,0.020000000000000018,0.010000000000000009,501108,15.427673583312076,cdf_exact,cdf,0.119,0.001,0.88
vary_p,32,8,0.98,0.020000000000000018,0.010000000000000009,501108,15.427673583312076,exc_eb,exceedance,1.0,0.0,0.0
vary_p,32,8,0.98,0.020000000000000018,0.010000000000000009,501108,15.427673583312076,exc_bet,exceedance,1.0,0.0,0.0
vary_p,32,8,0.98,0.020000000000000018,0.010000000000000009,501108,15.427673583312076,counts_exact,counts,1.0,0.0,0.0
vary_p,32,8,0.98,0.020000000000000018,0.010000000000000009,501108,15.427673583312076,norm_bet,counts,1.0,0.0,0.0
vary_p,32,8,0.98,0.020000000000000018,0.010000000000000009,669059,20.59840166187168,cdf_eb,cdf,0.017,0.0,0.983
vary_p,32,8,0.98,0.020000000000000018,0.010000000000000009,669059,20.59840166187168,cdf_bet,cdf,0.0035,0.0,0.9965
vary_p,32,8,0.98,0.020000000000000018,0.010000000000000009,669059,20.59840166187168,cdf_exact,cdf,0.1445,0.0,0.8555
vary_p,32,8,0.98,0.020000000000000018,0.010000000000000009,669059,20.59840166187168,exc_eb,exceedance,1.0,0.0,0.0
vary_p,32,8,0.98,0.020000000000000018,0.010000000000000009,669059,20.59840166187168,exc_bet,exceedance,1.0,0.0,0.0
vary_p,32,8,0.98,0.020000000000000018,0.010000000000000009,669059,20.59840166187168,counts_exact,counts,1.0,0.0,0.0
vary_p,32,8,0.98,0.020000000000000018,0.010000000000000009,669059,20.59840166187168,norm_bet,counts,1.0,0.0,0.0
vary_p,32,8,0.98,0.020000000000000018,0.010000000000000009,893302,27.50219846284602,cdf_eb,cdf,0.0345,0.0,0.9655
vary_p,32,8,0.98,0.020000000000000018,0.010000000000000009,893302,27.50219846284602,cdf_bet,cdf,0.01,0.0,0.99
vary_p,32,8,0.98,0.020000000000000018,0.010000000000000009,893302,27.50219846284602,cdf_exact,cdf,0.215,0.0,0.785
vary_p,32,8,0.98,0.020000000000000018,0.010000000000000009,893302,27.50219846284602,exc_eb,exceedance,1.0,0.0,0.0
vary_p,32,8,0.98,0.020000000000000018,0.010000000000000009,893302,27.50219846284602,exc_bet,exceedance,1.0,0.0,0.0
vary_p,32,8,0.98,0.020000000000000018,0.010000000000000009,893302,27.50219846284602,counts_exact,counts,1.0,0.0,0.0
vary_p,32,8,0.98,0.020000000000000018,0.010000000000000009,893302,27.50219846284602,norm_bet,counts,1.0,0.0,0.0
vary_p,32,8,0.98,0.020000000000000018,0.010000000000000009,1192701,36.719832272663574,cdf_eb,cdf,0.0555,0.0,0.9445
vary_p,32,8,0.98,0.020000000000000018,0.010000000000000009,1192701,36.719832272663574,cdf_bet,cdf,0.014,0.0,0.986
vary_p,32,8,0.98,0.020000000000000018,0.010000000000000009,1192701,36.719832272663574,cdf_exact,cdf,0.326,0.0,0.674
vary_p,32,8,0.98,0.020000000000000018,0.010000000000000009,1192701,36.719832272663574,exc_eb,exceedance,1.0,0.0,0.0
vary_p,32,8,0.98,0.020000000000000018,0.010000000000000009,1192701,36.719832272663574,exc_bet,exceedance,1.0,0.0,0.0
vary_p,32,8,0.98,0.020000000000000018,0.010000000000000009,1192701,36.719832272663574,counts_exact,counts,1.0,0.0,0.0
vary_p,32,8,0.98,0.020000000000000018,0.010000000000000009,1192701,36.719832272663574,norm_bet,counts,1.0,0.0,0.0
vary_p,32,8,0.98,0.020000000000000018,0.010000000000000009,1592447,49.02686150435548,cdf_eb,cdf,0.126,0.0,0.874
vary_p,32,8,0.98,0.020000000000000018,0.010000000000000009,1592447,49.02686150435548,cdf_bet,cdf,0.0395,0.0,0.9605
vary_p,32,8,0.98,0.020000000000000018,0.010000000000000009,1592447,49.02686150435548,cdf_exact,cdf,0.423,0.0,0.577
vary_p,32,8,0.98,0.020000000000000018,0.010000000000000009,1592447,49.02686150435548,exc_eb,exceedance,1.0,0.0,0.0
vary_p,32,8,0.98,0.020000000000000018,0.010000000000000009,1592447,49.02686150435548,exc_bet,exceedance,1.0,0.0,0.0
vary_p,32,8,0.98,0.020000000000000018,0.010000000000000009,1592447,49.02686150435548,counts_exact,counts,1.0,0.0,0.0
vary_p,32,8,0.98,0.020000000000000018,0.010000000000000009,1592447,49.02686150435548,norm_bet,counts,1.0,0.0,0.0
vary_p,32,8,0.98,0.020000000000000018,0.010000000000000009,2126173,65.45874946249388,cdf_eb,cdf,0.187,0.0,0.813
vary_p,32,8,0.98,0.020000000000000018,0.010000000000000009,2126173,65.45874946249388,cdf_bet,cdf,0.071,0.0,0.929
vary_p,32,8,0.98,0.020000000000000018,0.010000000000000009,2126173,65.45874946249388,cdf_exact,cdf,0.545,0.0,0.455
vary_p,32,8,0.98,0.020000000000000018,0.010000000000000009,2126173,65.45874946249388,exc_eb,exceedance,1.0,0.0,0.0
vary_p,32,8,0.98,0.020000000000000018,0.010000000000000009,2126173,65.45874946249388,exc_bet,exceedance,1.0,0.0,0.0
vary_p,32,8,0.98,0.020000000000000018,0.010000000000000009,2126173,65.45874946249388,counts_exact,counts,1.0,0.0,0.0
vary_p,32,8,0.98,0.020000000000000018,0.010000000000000009,2126173,65.45874946249388,norm_bet,counts,1.0,0.0,0.0
vary_p,32,8,0.98,0.020000000000000018,0.010000000000000009,2838782,87.39793032675955,cdf_eb,cdf,0.337,0.0,0.663
vary_p,32,8,0.98,0.020000000000000018,0.010000000000000009,2838782,87.39793032675955,cdf_bet,cdf,0.159,0.0,0.841
vary_p,32,8,0.98,0.020000000000000018,0.010000000000000009,2838782,87.39793032675955,cdf_exact,cdf,0.713,0.0,0.287
vary_p,32,8,0.98,0.020000000000000018,0.010000000000000009,2838782,87.39793032675955,exc_eb,exceedance,1.0,0.0,0.0
vary_p,32,8,0.98,0.020000000000000018,0.010000000000000009,2838782,87.39793032675955,exc_bet,exceedance,1.0,0.0,0.0
vary_p,32,8,0.98,0.020000000000000018,0.010000000000000009,2838782,87.39793032675955,counts_exact,counts,1.0,0.0,0.0
vary_p,32,8,0.98,0.020000000000000018,0.010000000000000009,2838782,87.39793032675955,norm_bet,counts,1.0,0.0,0.0
vary_p,32,8,0.98,0.020000000000000018,0.010000000000000009,3790230,116.69027683788111,cdf_eb,cdf,0.5245,0.0,0.4755
vary_p,32,8,0.98,0.020000000000000018,0.010000000000000009,3790230,116.69027683788111,cdf_bet,cdf,0.274,0.0,0.726
vary_p,32,8,0.98,0.020000000000000018,0.010000000000000009,3790230,116.69027683788111,cdf_exact,cdf,0.8465,0.0,0.1535
vary_p,32,8,0.98,0.020000000000000018,0.010000000000000009,3790230,116.69027683788111,exc_eb,exceedance,1.0,0.0,0.0
vary_p,32,8,0.98,0.020000000000000018,0.010000000000000009,3790230,116.69027683788111,exc_bet,exceedance,1.0,0.0,0.0
vary_p,32,8,0.98,0.020000000000000018,0.010000000000000009,3790230,116.69027683788111,counts_exact,counts,1.0,0.0,0.0
vary_p,32,8,0.98,0.020000000000000018,0.010000000000000009,3790230,116.69027683788111,norm_bet,counts,1.0,0.0,0.0
vary_p,32,8,0.98,0.020000000000000018,0.010000000000000009,5060565,155.80023660993973,cdf_eb,cdf,0.7235,0.0,0.2765
vary_p,32,8,0.98,0.020000000000000018,0.010000000000000009,5060565,155.80023660993973,cdf_bet,cdf,0.4925,0.0,0.5075
vary_p,32,8,0.98,0.020000000000000018,0.010000000000000009,5060565,155.80023660993973,cdf_exact,cdf,0.9485,0.0,0.0515
vary_p,32,8,0.98,0.020000000000000018,0.010000000000000009,5060565,155.80023660993973,exc_eb,exceedance,1.0,0.0,0.0
vary_p,32,8,0.98,0.020000000000000018,0.010000000000000009,5060565,155.80023660993973,exc_bet,exceedance,1.0,0.0,0.0
vary_p,32,8,0.98,0.020000000000000018,0.010000000000000009,5060565,155.80023660993973,counts_exact,counts,1.0,0.0,0.0
vary_p,32,8,0.98,0.020000000000000018,0.010000000000000009,5060565,155.80023660993973,norm_bet,counts,1.0,0.0,0.0
vary_p,32,8,0.98,0.020000000000000018,0.010000000000000009,6756667,208.01833733873028,cdf_eb,cdf,0.903,0.0,0.097
vary_p,32,8,0.98,0.020000000000000018,0.010000000000000009,6756667,208.01833733873028,cdf_bet,cdf,0.754,0.0,0.246
vary_p,32,8,0.98,0.020000000000000018,0.010000000000000009,6756667,208.01833733873028,cdf_exact,cdf,0.987,0.0,0.013
vary_p,32,8,0.98,0.020000000000000018,0.010000000000000009,6756667,208.01833733873028,exc_eb,exceedance,1.0,0.0,0.0
vary_p,32,8,0.98,0.020000000000000018,0.010000000000000009,6756667,208.01833733873028,exc_bet,exceedance,1.0,0.0,0.0
vary_p,32,8,0.98,0.020000000000000018,0.010000000000000009,6756667,208.01833733873028,counts_exact,counts,1.0,0.0,0.0
vary_p,32,8,0.98,0.020000000000000018,0.010000000000000009,6756667,208.01833733873028,norm_bet,counts,1.0,0.0,0.0
vary_p,32,8,0.98,0.020000000000000018,0.010000000000000009,9021235,277.7378706752842,cdf_eb,cdf,0.9765,0.0,0.0235
vary_p,32,8,0.98,0.020000000000000018,0.010000000000000009,9021235,277.7378706752842,cdf_bet,cdf,0.9205,0.0,0.0795
vary_p,32,8,0.98,0.020000000000000018,0.010000000000000009,9021235,277.7378706752842,cdf_exact,cdf,0.9995,0.0,0.0005
vary_p,32,8,0.98,0.020000000000000018,0.010000000000000009,9021235,277.7378706752842,exc_eb,exceedance,1.0,0.0,0.0
vary_p,32,8,0.98,0.020000000000000018,0.010000000000000009,9021235,277.7378706752842,exc_bet,exceedance,1.0,0.0,0.0
vary_p,32,8,0.98,0.020000000000000018,0.010000000000000009,9021235,277.7378706752842,counts_exact,counts,1.0,0.0,0.0
vary_p,32,8,0.98,0.020000000000000018,0.010000000000000009,9021235,277.7378706752842,norm_bet,counts,1.0,0.0,0.0
vary_p,32,8,0.98,0.020000000000000018,0.010000000000000009,12044797,370.8246455719257,cdf_eb,cdf,0.997,0.0,0.003
vary_p,32,8,0.98,0.020000000000000018,0.010000000000000009,12044797,370.8246455719257,cdf_bet,cdf,0.986,0.0,0.014
vary_p,32,8,0.98,0.020000000000000018,0.010000000000000009,12044797,370.8246455719257,cdf_exact,cdf,1.0,0.0,0.0
vary_p,32,8,0.98,0.020000000000000018,0.010000000000000009,12044797,370.8246455719257,exc_eb,exceedance,1.0,0.0,0.0
vary_p,32,8,0.98,0.020000000000000018,0.010000000000000009,12044797,370.8246455719257,exc_bet,exceedance,1.0,0.0,0.0
vary_p,32,8,0.98,0.020000000000000018,0.010000000000000009,12044797,370.8246455719257,counts_exact,counts,1.0,0.0,0.0
vary_p,32,8,0.98,0.020000000000000018,0.010000000000000009,12044797,370.8246455719257,norm_bet,counts,1.0,0.0,0.0
vary_p,32,8,0.98,0.020000000000000018,0.010000000000000009,16081738,495.11044428814944,cdf_eb,cdf,1.0,0.0,0.0
vary_p,32,8,0.98,0.020000000000000018,0.010000000000000009,16081738,495.11044428814944,cdf_bet,cdf,0.9995,0.0,0.0005
vary_p,32,8,0.98,0.020000000000000018,0.010000000000000009,16081738,495.11044428814944,cdf_exact,cdf,1.0,0.0,0.0
vary_p,32,8,0.98,0.020000000000000018,0.010000000000000009,16081738,495.11044428814944,exc_eb,exceedance,1.0,0.0,0.0
vary_p,32,8,0.98,0.020000000000000018,0.010000000000000009,16081738,495.11044428814944,exc_bet,exceedance,1.0,0.0,0.0
vary_p,32,8,0.98,0.020000000000000018,0.010000000000000009,16081738,495.11044428814944,counts_exact,counts,1.0,0.0,0.0
vary_p,32,8,0.98,0.020000000000000018,0.010000000000000009,16081738,495.11044428814944,norm_bet,counts,1.0,0.0,0.0
vary_p,32,8,0.98,0.020000000000000018,0.010000000000000009,21471702,661.0519283949749,cdf_eb,cdf,1.0,0.0,0.0
vary_p,32,8,0.98,0.020000000000000018,0.010000000000000009,21471702,661.0519283949749,cdf_bet,cdf,1.0,0.0,0.0
vary_p,32,8,0.98,0.020000000000000018,0.010000000000000009,21471702,661.0519283949749,cdf_exact,cdf,1.0,0.0,0.0
vary_p,32,8,0.98,0.020000000000000018,0.010000000000000009,21471702,661.0519283949749,exc_eb,exceedance,1.0,0.0,0.0
vary_p,32,8,0.98,0.020000000000000018,0.010000000000000009,21471702,661.0519283949749,exc_bet,exceedance,1.0,0.0,0.0
vary_p,32,8,0.98,0.020000000000000018,0.010000000000000009,21471702,661.0519283949749,counts_exact,counts,1.0,0.0,0.0
vary_p,32,8,0.98,0.020000000000000018,0.010000000000000009,21471702,661.0519283949749,norm_bet,counts,1.0,0.0,0.0
vary_p,32,8,0.98,0.020000000000000018,0.010000000000000009,28668170,882.6104731732477,cdf_eb,cdf,1.0,0.0,0.0
vary_p,32,8,0.98,0.020000000000000018,0.010000000000000009,28668170,882.6104731732477,cdf_bet,cdf,1.0,0.0,0.0
vary_p,32,8,0.98,0.020000000000000018,0.010000000000000009,28668170,882.6104731732477,cdf_exact,cdf,1.0,0.0,0.0
vary_p,32,8,0.98,0.020000000000000018,0.010000000000000009,28668170,882.6104731732477,exc_eb,exceedance,1.0,0.0,0.0
vary_p,32,8,0.98,0.020000000000000018,0.010000000000000009,28668170,882.6104731732477,exc_bet,exceedance,1.0,0.0,0.0
vary_p,32,8,0.98,0.020000000000000018,0.010000000000000009,28668170,882.6104731732477,counts_exact,counts,1.0,0.0,0.0
vary_p,32,8,0.98,0.020000000000000018,0.010000000000000009,28668170,882.6104731732477,norm_bet,counts,1.0,0.0,0.0
vary_p,32,8,0.98,0.020000000000000018,0.010000000000000009,38276609,1178.426665565238,cdf_eb,cdf,1.0,0.0,0.0
vary_p,32,8,0.98,0.020000000000000018,0.010000000000000009,38276609,1178.426665565238,cdf_bet,cdf,1.0,0.0,0.0
vary_p,32,8,0.98,0.020000000000000018,0.010000000000000009,38276609,1178.426665565238,cdf_exact,cdf,1.0,0.0,0.0
vary_p,32,8,0.98,0.020000000000000018,0.010000000000000009,38276609,1178.426665565238,exc_eb,exceedance,1.0,0.0,0.0
vary_p,32,8,0.98,0.020000000000000018,0.010000000000000009,38276609,1178.426665565238,exc_bet,exceedance,1.0,0.0,0.0
vary_p,32,8,0.98,0.020000000000000018,0.010000000000000009,38276609,1178.426665565238,counts_exact,counts,1.0,0.0,0.0
vary_p,32,8,0.98,0.020000000000000018,0.010000000000000009,38276609,1178.426665565238,norm_bet,counts,1.0,0.0,0.0
vary_p,32,8,0.98,0.020000000000000018,0.010000000000000009,51105418,1573.3887849380203,cdf_eb,cdf,1.0,0.0,0.0
vary_p,32,8,0.98,0.020000000000000018,0.010000000000000009,51105418,1573.3887849380203,cdf_bet,cdf,1.0,0.0,0.0
vary_p,32,8,0.98,0.020000000000000018,0.010000000000000009,51105418,1573.3887849380203,cdf_exact,cdf,1.0,0.0,0.0
vary_p,32,8,0.98,0.020000000000000018,0.010000000000000009,51105418,1573.3887849380203,exc_eb,exceedance,1.0,0.0,0.0
vary_p,32,8,0.98,0.020000000000000018,0.010000000000000009,51105418,1573.3887849380203,exc_bet,exceedance,1.0,0.0,0.0
vary_p,32,8,0.98,0.020000000000000018,0.010000000000000009,51105418,1573.3887849380203,counts_exact,counts,1.0,0.0,0.0
vary_p,32,8,0.98,0.020000000000000018,0.010000000000000009,51105418,1573.3887849380203,norm_bet,counts,1.0,0.0,0.0
vary_p,32,8,0.98,0.020000000000000018,0.010000000000000009,68233937,2100.7266045249335,cdf_eb,cdf,1.0,0.0,0.0
vary_p,32,8,0.98,0.020000000000000018,0.010000000000000009,68233937,2100.7266045249335,cdf_bet,cdf,1.0,0.0,0.0
vary_p,32,8,0.98,0.020000000000000018,0.010000000000000009,68233937,2100.7266045249335,cdf_exact,cdf,1.0,0.0,0.0
vary_p,32,8,0.98,0.020000000000000018,0.010000000000000009,68233937,2100.7266045249335,exc_eb,exceedance,1.0,0.0,0.0
vary_p,32,8,0.98,0.020000000000000018,0.010000000000000009,68233937,2100.7266045249335,exc_bet,exceedance,1.0,0.0,0.0
vary_p,32,8,0.98,0.020000000000000018,0.010000000000000009,68233937,2100.7266045249335,counts_exact,counts,1.0,0.0,0.0
vary_p,32,8,0.98,0.020000000000000018,0.010000000000000009,68233937,2100.7266045249335,norm_bet,counts,1.0,0.0,0.0
vary_p,32,8,0.98,0.020000000000000018,0.010000000000000009,91103261,2804.807293204829,cdf_eb,cdf,1.0,0.0,0.0
vary_p,32,8,0.98,0.020000000000000018,0.010000000000000009,91103261,2804.807293204829,cdf_bet,cdf,1.0,0.0,0.0
vary_p,32,8,0.98,0.020000000000000018,0.010000000000000009,91103261,2804.807293204829,cdf_exact,cdf,1.0,0.0,0.0
vary_p,32,8,0.98,0.020000000000000018,0.010000000000000009,91103261,2804.807293204829,exc_eb,exceedance,1.0,0.0,0.0
vary_p,32,8,0.98,0.020000000000000018,0.010000000000000009,91103261,2804.807293204829,exc_bet,exceedance,1.0,0.0,0.0
vary_p,32,8,0.98,0.020000000000000018,0.010000000000000009,91103261,2804.807293204829,counts_exact,counts,1.0,0.0,0.0
vary_p,32,8,0.98,0.020000000000000018,0.010000000000000009,91103261,2804.807293204829,norm_bet,counts,1.0,0.0,0.0
vary_p,32,8,0.98,0.020000000000000018,0.010000000000000009,121637479,3744.8680154956164,cdf_eb,cdf,1.0,0.0,0.0
vary_p,32,8,0.98,0.020000000000000018,0.010000000000000009,121637479,3744.8680154956164,cdf_bet,cdf,1.0,0.0,0.0
vary_p,32,8,0.98,0.020000000000000018,0.010000000000000009,121637479,3744.8680154956164,cdf_exact,cdf,1.0,0.0,0.0
vary_p,32,8,0.98,0.020000000000000018,0.010000000000000009,121637479,3744.8680154956164,exc_eb,exceedance,1.0,0.0,0.0
vary_p,32,8,0.98,0.020000000000000018,0.010000000000000009,121637479,3744.8680154956164,exc_bet,exceedance,1.0,0.0,0.0
vary_p,32,8,0.98,0.020000000000000018,0.010000000000000009,121637479,3744.8680154956164,counts_exact,counts,1.0,0.0,0.0
vary_p,32,8,0.98,0.020000000000000018,0.010000000000000009,121637479,3744.8680154956164,norm_bet,counts,1.0,0.0,0.0
vary_p,32,8,0.98,0.020000000000000018,0.010000000000000009,162405562,4999.9999973066715,cdf_eb,cdf,1.0,0.0,0.0
vary_p,32,8,0.98,0.020000000000000018,0.010000000000000009,162405562,4999.9999973066715,cdf_bet,cdf,1.0,0.0,0.0
vary_p,32,8,0.98,0.020000000000000018,0.010000000000000009,162405562,4999.9999973066715,cdf_exact,cdf,1.0,0.0,0.0
vary_p,32,8,0.98,0.020000000000000018,0.010000000000000009,162405562,4999.9999973066715,exc_eb,exceedance,1.0,0.0,0.0
vary_p,32,8,0.98,0.020000000000000018,0.010000000000000009,162405562,4999.9999973066715,exc_bet,exceedance,1.0,0.0,0.0
vary_p,32,8,0.98,0.020000000000000018,0.010000000000000009,162405562,4999.9999973066715,counts_exact,counts,1.0,0.0,0.0
vary_p,32,8,0.98,0.020000000000000018,0.010000000000000009,162405562,4999.9999973066715,norm_bet,counts,1.0,0.0,0.0
two_action,2,2,0.95,0.050000000000000044,0.025000000000000022,12,0.020331377301136277,cdf_eb,cdf,0.0,0.0,1.0
two_action,2,2,0.95,0.050000000000000044,0.025000000000000022,12,0.020331377301136277,cdf_bet,cdf,0.0,0.0,1.0
two_action,2,2,0.95,0.050000000000000044,0.025000000000000022,12,0.020331377301136277,cdf_exact,cdf,0.0155,0.0055,0.979
two_action,2,2,0.95,0.050000000000000044,0.025000000000000022,12,0.020331377301136277,exc_eb,exceedance,0.0,0.0,1.0
two_action,2,2,0.95,0.050000000000000044,0.025000000000000022,12,0.020331377301136277,exc_bet,exceedance,0.0,0.0,1.0
two_action,2,2,0.95,0.050000000000000044,0.025000000000000022,12,0.020331377301136277,counts_exact,counts,0.0,0.0,1.0
two_action,2,2,0.95,0.050000000000000044,0.025000000000000022,12,0.020331377301136277,norm_bet,counts,0.0,0.0,1.0
two_action,2,2,0.95,0.050000000000000044,0.025000000000000022,16,0.027108503068181702,cdf_eb,cdf,0.0,0.0,1.0
two_action,2,2,0.95,0.050000000000000044,0.025000000000000022,16,0.027108503068181702,cdf_bet,cdf,0.0,0.0,1.0
two_action,2,2,0.95,0.050000000000000044,0.025000000000000022,16,0.027108503068181702,cdf_exact,cdf,0.0335,0.0135,0.953
two_action,2,2,0.95,0.050000000000000044,0.025000000000000022,16,0.027108503068181702,exc_eb,exceedance,0.0,0.0,1.0
two_action,2,2,0.95,0.050000000000000044,0.025000000000000022,16,0.027108503068181702,exc_bet,exceedance,0.0,0.0,1.0
two_action,2,2,0.95,0.050000000000000044,0.025000000000000022,16,0.027108503068181702,counts_exact,counts,0.0,0.0,1.0
two_action,2,2,0.95,0.050000000000000044,0.025000000000000022,16,0.027108503068181702,norm_bet,counts,0.0,0.0,1.0
two_action,2,2,0.95,0.050000000000000044,0.025000000000000022,21,0.03557991027698848,cdf_eb,cdf,0.0,0.0,1.0
two_action,2,2,0.95,0.050000000000000044,0.025000000000000022,21,0.03557991027698848,cdf_bet,cdf,0.0,0.0,1.0
two_action,2,2,0.95,0.050000000000000044,0.025000000000000022,21,0.03557991027698848,cdf_exact,cdf,0.035,0.0175,0.9475
two_action,2,2,0.95,0.050000000000000044,0.025000000000000022,21,0.03557991027698848,exc_eb,exceedance,0.0,0.0,1.0
two_action,2,2,0.95,0.050000000000000044,0.025000000000000022,21,0.03557991027698848,exc_bet,exceedance,0.0,0.0,1.0
two_action,2,2,0.95,0.050000000000000044,0.025000000000000022,21,0.03557991027698848,counts_exact,counts,0.0,0.0,1.0
two_action,2,2,0.95,0.050000000000000044,0.025000000000000022,21,0.03557991027698848,norm_bet,counts,0.0,0.0,1.0
two_action,2,2,0.95,0.050000000000000044,0.025000000000000022,28,0.047439880369317976,cdf_eb,cdf,0.0,0.0,1.0
two_action,2,2,0.95,0.050000000000000044,0.025000000000000022,28,0.047439880369317976,cdf_bet,cdf,0.0005,0.0,0.9995
two_action,2,2,0.95,0.050000000000000044,0.025000000000000022,28,0.047439880369317976,cdf_exact,cdf,0.0325,0.018,0.9495
two_action,2,2,0.95,0.050000000000000044,0.025000000000000022,28,0.047439880369317976,exc_eb,exceedance,0.0,0.0,1.0
two_action,2,2,0.95,0.050000000000000044,0.025000000000000022,28,0.047439880369317976,exc_bet,exceedance,0.0,0.0,1.0
two_action,2,2,0.95,0.050000000000000044,0.025000000000000022,28,0.047439880369317976,counts_exact,counts,0.0,0.0,1.0
two_action,2,2,0.95,0.050000000000000044,0.025000000000000022,28,0.047439880369317976,norm_bet,counts,0.0,0.0,1.0
two_action,2,2,0.95,0.050000000000000044,0.025000000000000022,38,0.06438269478693154,cdf_eb,cdf,0.0,0.0,1.0
two_action,2,2,0.95,0.050000000000000044,0.025000000000000022,38,0.06438269478693154,cdf_bet,cdf,0.0015,0.0,0.9985
two_action,2,2,0.95,0.050000000000000044,0.025000000000000022,38,0.06438269478693154,cdf_exact,cdf,0.028,0.0135,0.9585
two_action,2,2,0.95,0.050000000000000044,0.025000000000000022,38,0.06438269478693154,exc_eb,exceedance,0.0,0.0,1.0
two_action,2,2,0.95,0.050000000000000044,0.025000000000000022,38,0.06438269478693154,exc_bet,exceedance,0.0,0.0,1.0
two_action,2,2,0.95,0.050000000000000044,0.025000000000000022,38,0.06438269478693154,counts_exact,counts,0.0,0.0,1.0
two_action,2,2,0.95,0.050000000000000044,0.025000000000000022,38,0.06438269478693154,norm_bet,counts,0.0,0.0,1.0
two_action,2,2,0.95,0.050000000000000044,0.025000000000000022,50,0.08471407208806782,cdf_eb,cdf,0.0,0.0,1.0
two_action,2,2,0.95,0.050000000000000044,0.025000000000000022,50,0.08471407208806782,cdf_bet,cdf,0.0,0.0,1.0
two_action,2,2,0.95,0.050000000000000044,0.025000000000000022,50,0.08471407208806782,cdf_exact,cdf,0.0245,0.0075,0.968
two_action,2,2,0.95,0.050000000000000044,0.025000000000000022,50,0.08471407208806782,exc_eb,exceedance,0.0,0.0,1.0
two_action,2,2,0.95,0.050000000000000044,0.025000000000000022,50,0.08471407208806782,exc_bet,exceedance,0.0,0.0,1.0
two_action,2,2,0.95,0.050000000000000044,0.025000000000000022,50,0.08471407208806782,counts_exact,counts,0.0,0.0,1.0
two_action,2,2,0.95,0.050000000000000044,0.025000000000000022,50,0.08471407208806782,norm_bet,counts,0.0,0.0,1.0
two_action,2,2,0.95,0.050000000000000044,0.025000000000000022,67,0.11351685659801088,cdf_eb,cdf,0.0,0.0,1.0
two_action,2,2,0.95,0.050000000000000044,0.025000000000000022,67,0.11351685659801088,cdf_bet,cdf,0.001,0.0,0.999
two_action,2,2,0.95,0.050000000000000044,0.025000000000000022,67,0.11351685659801088,cdf_exact,cdf,0.0285,0.009,0.9625
two_action,2,2,0.95,0.050000000000000044,0.025000000000000022,67,0.11351685659801088,exc_eb,exceedance,0.0,0.0,1.0
two_action,2,2,0.95,0.050000000000000044,0.025000000000000022,67,0.11351685659801088,exc_bet,exceedance,0.0,0.0,1.0
two_action,2,2,0.95,0.050000000000000044,0.025000000000000022,67,0.11351685659801088,counts_exact,counts,0.0,0.0,1.0
two_action,2,2,0.95,0.050000000000000044,0.025000000000000022,67,0.11351685659801088,norm_bet,counts,0.0,0.0,1.0
two_action,2,2,0.95,0.050000000000000044,0.025000000000000022,89,0.1507910483167607,cdf_eb,cdf,0.0,0.0,1.0
two_action,2,2,0.95,0.050000000000000044,0.025000000000000022,89,0.1507910483167607,cdf_bet,cdf,0.001,0.0,0.999
two_action,2,2,0.95,0.050000000000000044,0.025000000000000022,89,0.1507910483167607,cdf_exact,cdf,0.031,0.0045,0.9645
two_action,2,2,0.95,0.050000000000000044,0.025000000000000022,89,0.1507910483167607,exc_eb,exceedance,0.0,0.0,1.0
two_action,2,2,0.95,0.050000000000000044,0.025000000000000022,89,0.1507910483167607,exc_bet,exceedance,0.0,0.0,1.0
two_action,2,2,0.95,0.050000000000000044,0.025000000000000022,89,0.1507910483167607,counts_exact,counts,0.0,0.0,1.0
two_action,2,2,0.95,0.050000000000000044,0.025000000000000022,89,0.1507910483167607,norm_bet,counts,0.0,0.0,1.0
two_action,2,2,0.95,0.050000000000000044,0.025000000000000022,119,0.2016194915696014,cdf_eb,cdf,0.0,0.0,1.0
two_action,2,2,0.95,0.050000000000000044,0.025000000000000022,119,0.2016194915696014,cdf_bet,cdf,0.0015,0.0,0.9985
two_action,2,2,0.95,0.050000000000000044,0.025000000000000022,119,0.2016194915696014,cdf_exact,cdf,0.038,0.0115,0.9505
two_action,2,2,0.95,0.050000000000000044,0.025000000000000022,119,0.2016194915696014,exc_eb,exceedance,0.0,0.0,1.0
two_action,2,2,0.95,0.050000000000000044,0.025000000000000022,119,0.2016194915696014,exc_bet,exceedance,0.0,0.0,1.0
two_action,2,2,0.95,0.050000000000000044,0.025000000000000022,119,0.2016194915696014,counts_exact,counts,0.002,0.0,0.998
two_action,2,2,0.95,0.050000000000000044,0.025000000000000022,119,0.2016194915696014,norm_bet,counts,0.0,0.0,1.0
two_action,2,2,0.95,0.050000000000000044,0.025000000000000022,159,0.2693907492400556,cdf_eb,cdf,0.0,0.0,1.0
two_action,2,2,0.95,0.050000000000000044,0.025000000000000022,159,0.2693907492400556,cdf_bet,cdf,0.001,0.0,0.999
two_action,2,2,0.95,0.050000000000000044,0.025000000000000022,159,0.2693907492400556,cdf_exact,cdf,0.038,0.008,0.954
two_action,2,2,0.95,0.050000000000000044,0.025000000000000022,159,0.2693907492400556,exc_eb,exceedance,0.0,0.0,1.0
two_action,2,2,0.95,0.050000000000000044,0.025000000000000022,159,0.2693907492400556,exc_bet,exceedance,0.0,0.0,1.0
two_action,2,2,0.95,0.050000000000000044,0.025000000000000022,159,0.2693907492400556,counts_exact,counts,0.1215,0.001,0.8775
two_action,2,2,0.95,0.050000000000000044,0.025000000000000022,159,0.2693907492400556,norm_bet,counts,0.0,0.0,1.0
two_action,2,2,0.95,0.050000000000000044,0.025000000000000022,213,0.3608819470951689,cdf_eb,cdf,0.0,0.0,1.0
two_action,2,2,0.95,0.050000000000000044,0.025000000000000022,213,0.3608819470951689,cdf_bet,cdf,0.0005,0.0,0.9995
two_action,2,2,0.95,0.050000000000000044,0.025000000000000022,213,0.3608819470951689,cdf_exact,cdf,0.0555,0.0075,0.937
two_action,2,2,0.95,0.050000000000000044,0.025000000000000022,213,0.3608819470951689,exc_eb,exceedance,0.0,0.0,1.0
two_action,2,2,0.95,0.050000000000000044,0.025000000000000022,213,0.3608819470951689,exc_bet,exceedance,0.0,0.0,1.0
two_action,2,2,0.95,0.050000000000000044,0.025000000000000022,213,0.3608819470951689,counts_exact,counts,0.134,0.001,0.865
two_action,2,2,0.95,0.050000000000000044,0.025000000000000022,213,0.3608819470951689,norm_bet,counts,0.0,0.0,1.0
two_action,2,2,0.95,0.050000000000000044,0.025000000000000022,284,0.4811759294602252,cdf_eb,cdf,0.0,0.0,1.0
two_action,2,2,0.95,0.050000000000000044,0.025000000000000022,284,0.4811759294602252,cdf_bet,cdf,0.001,0.0,0.999
two_action,2,2,0.95,0.050000000000000044,0.025000000000000022,284,0.4811759294602252,cdf_exact,cdf,0.0625,0.0085,0.929
two_action,2,2,0.95,0.050000000000000044,0.025000000000000022,284,0.4811759294602252,exc_eb,exceedance,0.0,0.0,1.0
two_action,2,2,0.95,0.050000000000000044,0.025000000000000022,284,0.4811759294602252,exc_bet,exceedance,0.0,0.0,1.0
two_action,2,2,0.95,0.050000000000000044,0.025000000000000022,284,0.4811759294602252,counts_exact,counts,0.2205,0.001,0.7785
two_action,2,2,0.95,0.050000000000000044,0.025000000000000022,284,0.4811759294602252,norm_bet,counts,0.0,0.0,1.0
two_action,2,2,0.95,0.050000000000000044,0.025000000000000022,379,0.6421326664275541,cdf_eb,cdf,0.0005,0.0,0.9995
two_action,2,2,0.95,0.050000000000000044,0.025000000000000022,379,0.6421326664275541,cdf_bet,cdf,0.0025,0.0,0.9975
two_action,2,2,0.95,0.050000000000000044,0.025000000000000022,379,0.6421326664275541,cdf_exact,cdf,0.063,0.009,0.928
two_action,2,2,0.95,0.050000000000000044,0.025000000000000022,379,0.6421326664275541,exc_eb,exceedance,0.0,0.0,1.0
two_action,2,2,0.95,0.050000000000000044,0.025000000000000022,379,0.6421326664275541,exc_bet,exceedance,0.0135,0.0,0.9865
two_action,2,2,0.95,0.050000000000000044,0.025000000000000022,379,0.6421326664275541,counts_exact,counts,0.296,0.0,0.704
two_action,2,2,0.95,0.050000000000000044,0.025000000000000022,379,0.6421326664275541,norm_bet,counts,0.0265,0.0,0.9735
two_action,2,2,0.95,0.050000000000000044,0.025000000000000022,506,0.8573064095312463,cdf_eb,cdf,0.0,0.0,1.0
two_action,2,2,0.95,0.050000000000000044,0.025000000000000022,506,0.8573064095312463,cdf_bet,cdf,0.002,0.0,0.998
two_action,2,2,0.95,0.050000000000000044,0.025000000000000022,506,0.8573064095312463,cdf_exact,cdf,0.0805,0.004,0.9155
two_action,2,2,0.95,0.050000000000000044,0.025000000000000022,506,0.8573064095312463,exc_eb,exceedance,0.001,0.0,0.999
two_action,2,2,0.95,0.050000000000000044,0.025000000000000022,506,0.8573064095312463,exc_bet,exceedance,0.1365,0.0,0.8635
two_action,2,2,0.95,0.050000000000000044,0.025000000000000022,506,0.8573064095312463,counts_exact,counts,0.439,0.0,0.561
two_action,2,2,0.95,0.050000000000000044,0.025000000000000022,506,0.8573064095312463,norm_bet,counts,0.1265,0.0,0.8735
two_action,2,2,0.95,0.050000000000000044,0.025000000000000022,675,1.1436399731889155,cdf_eb,cdf,0.0005,0.0,0.9995
two_action,2,2,0.95,0.050000000000000044,0.025000000000000022,675,1.1436399731889155,cdf_bet,cdf,0.002,0.0,0.998
two_action,2,2,0.95,0.050000000000000044,0.025000000000000022,675,1.1436399731889155,cdf_exact,cdf,0.089,0.0075,0.9035
two_action,2,2,0.95,0.050000000000000044,0.025000000000000022,675,1.1436399731889155,exc_eb,exceedance,0.0115,0.0,0.9885
two_action,2,2,0.95,0.050000000000000044,0.025000000000000022,675,1.1436399731889155,exc_bet,exceedance,0.2885,0.0,0.7115
two_action,2,2,0.95,0.050000000000000044,0.025000000000000022,675,1.1436399731889155,counts_exact,counts,0.6,0.0,0.4
two_action,2,2,0.95,0.050000000000000044,0.025000000000000022,675,1.1436399731889155,norm_bet,counts,0.2685,0.0,0.7315
two_action,2,2,0.95,0.050000000000000044,0.025000000000000022,902,1.5282418604687433,cdf_eb,cdf,0.005,0.0,0.995
two_action,2,2,0.95,0.050000000000000044,0.025000000000000022,902,1.5282418604687433,cdf_bet,cdf,0.0075,0.0,0.9925
two_action,2,2,0.95,0.050000000000000044,0.025000000000000022,902,1.5282418604687433,cdf_exact,cdf,0.109,0.004,0.887
two_action,2,2,0.95,0.050000000000000044,0.025000000000000022,902,1.5282418604687433,exc_eb,exceedance,0.028,0.0,0.972
two_action,2,2,0.95,0.050000000000000044,0.025000000000000022,902,1.5282418604687433,exc_bet,exceedance,0.4505,0.0,0.5495
two_action,2,2,0.95,0.050000000000000044,0.025000000000000022,902,1.5282418604687433,counts_exact,counts,0.7465,0.0,0.2535
two_action,2,2,0.95,0.050000000000000044,0.025000000000000022,902,1.5282418604687433,norm_bet,counts,0.452,0.0,0.548
two_action,2,2,0.95,0.050000000000000044,0.025000000000000022,1204,2.039914855880673,cdf_eb,cdf,0.0025,0.0,0.9975
two_action,2,2,0.95,0.050000000000000044,0.025000000000000022,1204,2.039914855880673,cdf_bet,cdf,0.004,0.0,0.996
two_action,2,2,0.95,0.050000000000000044,0.025000000000000022,1204,2.039914855880673,cdf_exact,cdf,0.1425,0.0045,0.853
two_action,2,2,0.95,0.050000000000000044,0.025000000000000022,1204,2.039914855880673,exc_eb,exceedance,0.1105,0.0,0.8895
two_action,2,2,0.95,0.050000000000000044,0.025000000000000022,1204,2.039914855880673,exc_bet,exceedance,0.627,0.0,0.373
two_action,2,2,0.95,0.050000000000000044,0.025000000000000022,1204,2.039914855880673,counts_exact,counts,0.8775,0.0,0.1225
two_action,2,2,0.95,0.050000000000000044,0.025000000000000022,1204,2.039914855880673,norm_bet,counts,0.628,0.0,0.372
two_action,2,2,0.95,0.050000000000000044,0.025000000000000022,1607,2.7227102769104996,cdf_eb,cdf,0.008,0.0,0.992
two_action,2,2,0.95,0.050000000000000044,0.025000000000000022,1607,2.7227102769104996,cdf_bet,cdf,0.0075,0.0,0.9925
two_action,2,2,0.95,0.050000000000000044,0.025000000000000022,1607,2.7227102769104996,cdf_exact,cdf,0.155,0.0005,0.8445
two_action,2,2,0.95,0.050000000000000044,0.025000000000000022,1607,2.7227102769104996,exc_eb,exceedance,0.2955,0.0,0.7045
two_action,2,2,0.95,0.050000000000000044,0.025000000000000022,1607,2.7227102769104996,exc_bet,exceedance,0.7885,0.0,0.2115
two_action,2,2,0.95,0.050000000000000044,0.025000000000000022,1607,2.7227102769104996,counts_exact,counts,0.9545,0.0,0.0455
two_action,2,2,0.95,0.050000000000000044,0.025000000000000022,1607,2.7227102769104996,norm_bet,counts,0.797,0.0,0.203
two_action,2,2,0.95,0.050000000000000044,0.025000000000000022,2146,3.6359279740198707,cdf_eb,cdf,0.0135,0.0,0.9865
two_action,2,2,0.95,0.050000000000000044,0.025000000000000022,2146,3.6359279740198707,cdf_bet,cdf,0.012,0.0,0.988
two_action,2,2,0.95,0.050000000000000044,0.025000000000000022,2146,3.6359279740198707,cdf_exact,cdf,0.2125,0.001,0.7865
two_action,2,2,0.95,0.050000000000000044,0.025000000000000022,2146,3.6359279740198707,exc_eb,exceedance,0.568,0.0,0.432
two_action,2,2,0.95,0.050000000000000044,0.025000000000000022,2146,3.6359279740198707,exc_bet,exceedance,0.8965,0.0,0.1035
two_action,2,2,0.95,0.050000000000000044,0.025000000000000022,2146,3.6359279740198707,counts_exact,counts,0.988,0.0,0.012
two_action,2,2,0.95,0.050000000000000044,0.025000000000000022,2146,3.6359279740198707,norm_bet,counts,0.899,0.0,0.101
two_action,2,2,0.95,0.050000000000000044,0.025000000000000022,2865,4.854116330646286,cdf_eb,cdf,0.023,0.0,0.977
two_action,2,2,0.95,0.050000000000000044,0.025000000000000022,2865,4.854116330646286,cdf_bet,cdf,0.0185,0.0,0.9815
two_action,2,2,0.95,0.050000000000000044,0.025000000000000022,2865,4.854116330646286,cdf_exact,cdf,0.264,0.001,0.735
two_action,2,2,0.95,0.050000000000000044,0.025000000000000022,2865,4.854116330646286,exc_eb,exceedance,0.863,0.0,0.137
two_action,2,2,0.95,0.050000000000000044,0.025000000000000022,2865,4.854116330646286,exc_bet,exceedance,0.959,0.0,0.041
two_action,2,2,0.95,0.050000000000000044,0.025000000000000022,2865,4.854116330646286,counts_exact,counts,0.9995,0.0,0.0005
two_action,2,2,0.95,0.050000000000000044,0.025000000000000022,2865,4.854116330646286,norm_bet,counts,0.9605,0.0,0.0395
two_action,2,2,0.95,0.050000000000000044,0.025000000000000022,3826,6.482320796178949,cdf_eb,cdf,0.0335,0.0,0.9665
two_action,2,2,0.95,0.050000000000000044,0.025000000000000022,3826,6.482320796178949,cdf_bet,cdf,0.022,0.0,0.978
two_action,2,2,0.95,0.050000000000000044,0.025000000000000022,3826,6.482320796178949,cdf_exact,cdf,0.3135,0.0,0.6865
two_action,2,2,0.95,0.050000000000000044,0.025000000000000022,3826,6.482320796178949,exc_eb,exceedance,0.98,0.0,0.02
two_action,2,2,0.95,0.050000000000000044,0.025000000000000022,3826,6.482320796178949,exc_bet,exceedance,0.9935,0.0,0.0065
two_action,2,2,0.95,0.050000000000000044,0.025000000000000022,3826,6.482320796178949,counts_exact,counts,1.0,0.0,0.0
two_action,2,2,0.95,0.050000000000000044,0.025000000000000022,3826,6.482320796178949,norm_bet,counts,0.9935,0.0,0.0065
two_action,2,2,0.95,0.050000000000000044,0.025000000000000022,5108,8.654389604517007,cdf_eb,cdf,0.0655,0.0,0.9345
two_action,2,2,0.95,0.050000000000000044,0.025000000000000022,5108,8.654389604517007,cdf_bet,cdf,0.042,0.0,0.958
two_action,2,2,0.95,0.050000000000000044,0.025000000000000022,5108,8.654389604517007,cdf_exact,cdf,0.42,0.0,0.58
two_action,2,2,0.95,0.050000000000000044,0.025000000000000022,5108,8.654389604517007,exc_eb,exceedance,0.9985,0.0,0.0015
two_action,2,2,0.95,0.050000000000000044,0.025000000000000022,5108,8.654389604517007,exc_bet,exceedance,0.9995,0.0,0.0005
two_action,2,2,0.95,0.050000000000000044,0.025000000000000022,5108,8.654389604517007,counts_exact,counts,1.0,0.0,0.0
two_action,2,2,0.95,0.050000000000000044,0.025000000000000022,5108,8.654389604517007,norm_bet,counts,1.0,0.0,0.0
two_action,2,2,0.95,0.050000000000000044,0.025000000000000022,6820,11.55499943281245,cdf_eb,cdf,0.135,0.0,0.865
two_action,2,2,0.95,0.050000000000000044,0.025000000000000022,6820,11.55499943281245,cdf_bet,cdf,0.08,0.0,0.92
two_action,2,2,0.95,0.050000000000000044,0.025000000000000022,6820,11.55499943281245,cdf_exact,cdf,0.548,0.0,0.452
two_action,2,2,0.95,0.050000000000000044,0.025000000000000022,6820,11.55499943281245,exc_eb,exceedance,1.0,0.0,0.0
two_action,2,2,0.95,0.050000000000000044,0.025000000000000022,6820,11.55499943281245,exc_bet,exceedance,1.0,0.0,0.0
two_action,2,2,0.95,0.050000000000000044,0.025000000000000022,6820,11.55499943281245,counts_exact,counts,1.0,0.0,0.0
two_action,2,2,0.95,0.050000000000000044,0.025000000000000022,6820,11.55499943281245,norm_bet,counts,1.0,0.0,0.0
two_action,2,2,0.95,0.050000000000000044,0.025000000000000022,9106,15.428126808678911,cdf_eb,cdf,0.202,0.0,0.798
two_action,2,2,0.95,0.050000000000000044,0.025000000000000022,9106,15.428126808678911,cdf_bet,cdf,0.1255,0.0,0.8745
two_action,2,2,0.95,0.050000000000000044,0.025000000000000022,9106,15.428126808678911,cdf_exact,cdf,0.659,0.0,0.341
two_action,2,2,0.95,0.050000000000000044,0.025000000000000022,9106,15.428126808678911,exc_eb,exceedance,1.0,0.0,0.0
two_action,2,2,0.95,0.050000000000000044,0.025000000000000022,9106,15.428126808678911,exc_bet,exceedance,1.0,0.0,0.0
two_action,2,2,0.95,0.050000000000000044,0.025000000000000022,9106,15.428126808678911,counts_exact,counts,1.0,0.0,0.0
two_action,2,2,0.95,0.050000000000000044,0.025000000000000022,9106,15.428126808678911,norm_bet,counts,1.0,0.0,0.0
two_action,2,2,0.95,0.050000000000000044,0.025000000000000022,12158,20.59907376893457,cdf_eb,cdf,0.3445,0.0,0.6555
two_action,2,2,0.95,0.050000000000000044,0.025000000000000022,12158,20.59907376893457,cdf_bet,cdf,0.2425,0.0,0.7575
two_action,2,2,0.95,0.050000000000000044,0.025000000000000022,12158,20.59907376893457,cdf_exact,cdf,0.7775,0.0,0.2225
two_action,2,2,0.95,0.050000000000000044,0.025000000000000022,12158,20.59907376893457,exc_eb,exceedance,1.0,0.0,0.0
two_action,2,2,0.95,0.050000000000000044,0.025000000000000022,12158,20.59907376893457,exc_bet,exceedance,1.0,0.0,0.0
two_action,2,2,0.95,0.050000000000000044,0.025000000000000022,12158,20.59907376893457,counts_exact,counts,1.0,0.0,0.0
two_action,2,2,0.95,0.050000000000000044,0.025000000000000022,12158,20.59907376893457,norm_bet,counts,1.0,0.0,0.0
two_action,2,2,0.95,0.050000000000000044,0.025000000000000022,16232,27.501576362670335,cdf_eb,cdf,0.522,0.0,0.478
two_action,2,2,0.95,0.050000000000000044,0.025000000000000022,16232,27.501576362670335,cdf_bet,cdf,0.3795,0.0,0.6205
two_action,2,2,0.95,0.050000000000000044,0.025000000000000022,16232,27.501576362670335,cdf_exact,cdf,0.8945,0.0,0.1055
two_action,2,2,0.95,0.050000000000000044,0.025000000000000022,16232,27.501576362670335,exc_eb,exceedance,1.0,0.0,0.0
two_action,2,2,0.95,0.050000000000000044,0.025000000000000022,16232,27.501576362670335,exc_bet,exceedance,1.0,0.0,0.0
two_action,2,2,0.95,0.050000000000000044,0.025000000000000022,16232,27.501576362670335,counts_exact,counts,1.0,0.0,0.0
two_action,2,2,0.95,0.050000000000000044,0.025000000000000022,16232,27.501576362670335,norm_bet,counts,1.0,0.0,0.0
two_action,2,2,0.95,0.050000000000000044,0.025000000000000022,21673,36.720161687293874,cdf_eb,cdf,0.7155,0.0,0.2845
two_action,2,2,0.95,0.050000000000000044,0.025000000000000022,21673,36.720161687293874,cdf_bet,cdf,0.5735,0.0,0.4265
two_action,2,2,0.95,0.050000000000000044,0.025000000000000022,21673,36.720161687293874,cdf_exact,cdf,0.9505,0.0,0.0495
two_action,2,2,0.95,0.050000000000000044,0.025000000000000022,21673,36.720161687293874,exc_eb,exceedance,1.0,0.0,0.0
two_action,2,2,0.95,0.050000000000000044,0.025000000000000022,21673,36.720161687293874,exc_bet,exceedance,1.0,0.0,0.0
two_action,2,2,0.95,0.050000000000000044,0.025000000000000022,21673,36.720161687293874,counts_exact,counts,1.0,0.0,0.0
two_action,2,2,0.95,0.050000000000000044,0.025000000000000022,21673,36.720161687293874,norm_bet,counts,1.0,0.0,0.0
two_action,2,2,0.95,0.050000000000000044,0.025000000000000022,28937,49.02742208024837,cdf_eb,cdf,0.889,0.0,0.111
two_action,2,2,0.95,0.050000000000000044,0.025000000000000022,28937,49.02742208024837,cdf_bet,cdf,0.782,0.0,0.218
two_action,2,2,0.95,0.050000000000000044,0.025000000000000022,28937,49.02742208024837,cdf_exact,cdf,0.989,0.0,0.011
two_action,2,2,0.95,0.050000000000000044,0.025000000000000022,28937,49.02742208024837,exc_eb,exceedance,1.0,0.0,0.0
two_action,2,2,0.95,0.050000000000000044,0.025000000000000022,28937,49.02742208024837,exc_bet,exceedance,1.0,0.0,0.0
two_action,2,2,0.95,0.050000000000000044,0.025000000000000022,28937,49.02742208024837,counts_exact,counts,1.0,0.0,0.0
two_action,2,2,0.95,0.050000000000000044,0.025000000000000022,28937,49.02742208024837,norm_bet,counts,1.0,0.0,0.0
two_action,2,2,0.95,0.050000000000000044,0.025000000000000022,38635,65.45856350245,cdf_eb,cdf,0.9655,0.0,0.0345
two_action,2,2,0.95,0.050000000000000044,0.025000000000000022,38635,65.45856350245,cdf_bet,cdf,0.9275,0.0,0.0725
two_action,2,2,0.95,0.050000000000000044,0.025000000000000022,38635,65.45856350245,cdf_exact,cdf,0.997,0.0,0.003
two_action,2,2,0.95,0.050000000000000044,0.025000000000000022,38635,65.45856350245,exc_eb,exceedance,1.0,0.0,0.0
two_action,2,2,0.95,0.050000000000000044,0.025000000000000022,38635,65.45856350245,exc_bet,exceedance,1.0,0.0,0.0
two_action,2,2,0.95,0.050000000000000044,0.025000000000000022,38635,65.45856350245,counts_exact,counts,1.0,0.0,0.0
two_action,2,2,0.95,0.050000000000000044,0.025000000000000022,38635,65.45856350245,norm_bet,counts,1.0,0.0,0.0
two_action,2,2,0.95,0.050000000000000044,0.025000000000000022,51584,87.3978138918178,cdf_eb,cdf,0.997,0.0,0.003
two_action,2,2,0.95,0.050000000000000044,0.025000000000000022,51584,87.3978138918178,cdf_bet,cdf,0.988,0.0,0.012
two_action,2,2,0.95,0.050000000000000044,0.025000000000000022,51584,87.3978138918178,cdf_exact,cdf,1.0,0.0,0.0
two_action,2,2,0.95,0.050000000000000044,0.025000000000000022,51584,87.3978138918178,exc_eb,exceedance,1.0,0.0,0.0
two_action,2,2,0.95,0.050000000000000044,0.025000000000000022,51584,87.3978138918178,exc_bet,exceedance,1.0,0.0,0.0
two_action,2,2,0.95,0.050000000000000044,0.025000000000000022,51584,87.3978138918178,counts_exact,counts,1.0,0.0,0.0
two_action,2,2,0.95,0.050000000000000044,0.025000000000000022,51584,87.3978138918178,norm_bet,counts,1.0,0.0,0.0
two_action,2,2,0.95,0.050000000000000044,0.025000000000000022,68873,116.6902457384299,cdf_eb,cdf,0.9995,0.0,0.0005
two_action,2,2,0.95,0.050000000000000044,0.025000000000000022,68873,116.6902457384299,cdf_bet,cdf,0.9985,0.0,0.0015
two_action,2,2,0.95,0.050000000000000044,0.025000000000000022,68873,116.6902457384299,cdf_exact,cdf,1.0,0.0,0.0
two_action,2,2,0.95,0.050000000000000044,0.025000000000000022,68873,116.6902457384299,exc_eb,exceedance,1.0,0.0,0.0
two_action,2,2,0.95,0.050000000000000044,0.025000000000000022,68873,116.6902457384299,exc_bet,exceedance,1.0,0.0,0.0
two_action,2,2,0.95,0.050000000000000044,0.025000000000000022,68873,116.6902457384299,counts_exact,counts,1.0,0.0,0.0
two_action,2,2,0.95,0.050000000000000044,0.025000000000000022,68873,116.6902457384299,norm_bet,counts,1.0,0.0,0.0
two_action,2,2,0.95,0.050000000000000044,0.025000000000000022,91957,155.80103854004903,cdf_eb,cdf,1.0,0.0,0.0
two_action,2,2,0.95,0.050000000000000044,0.025000000000000022,91957,155.80103854004903,cdf_bet,cdf,1.0,0.0,0.0
two_action,2,2,0.95,0.050000000000000044,0.025000000000000022,91957,155.80103854004903,cdf_exact,cdf,1.0,0.0,0.0
two_action,2,2,0.95,0.050000000000000044,0.025000000000000022,91957,155.80103854004903,exc_eb,exceedance,1.0,0.0,0.0
two_action,2,2,0.95,0.050000000000000044,0.025000000000000022,91957,155.80103854004903,exc_bet,exceedance,1.0,0.0,0.0
two_action,2,2,0.95,0.050000000000000044,0.025000000000000022,91957,155.80103854004903,counts_exact,counts,1.0,0.0,0.0
two_action,2,2,0.95,0.050000000000000044,0.025000000000000022,91957,155.80103854004903,norm_bet,counts,1.0,0.0,0.0
two_action,2,2,0.95,0.050000000000000044,0.025000000000000022,122777,208.01879257513406,cdf_eb,cdf,1.0,0.0,0.0
two_action,2,2,0.95,0.050000000000000044,0.025000000000000022,122777,208.01879257513406,cdf_bet,cdf,1.0,0.0,0.0
two_action,2,2,0.95,0.050000000000000044,0.025000000000000022,122777,208.01879257513406,cdf_exact,cdf,1.0,0.0,0.0
two_action,2,2,0.95,0.050000000000000044,0.025000000000000022,122777,208.01879257513406,exc_eb,exceedance,1.0,0.0,0.0
two_action,2,2,0.95,0.050000000000000044,0.025000000000000022,122777,208.01879257513406,exc_bet,exceedance,1.0,0.0,0.0
two_action,2,2,0.95,0.050000000000000044,0.025000000000000022,122777,208.01879257513406,counts_exact,counts,1.0,0.0,0.0
two_action,2,2,0.95,0.050000000000000044,0.025000000000000022,122777,208.01879257513406,norm_bet,counts,1.0,0.0,0.0
two_action,2,2,0.95,0.050000000000000044,0.025000000000000022,163927,277.73847390361385,cdf_eb,cdf,1.0,0.0,0.0
two_action,2,2,0.95,0.050000000000000044,0.025000000000000022,163927,277.73847390361385,cdf_bet,cdf,1.0,0.0,0.0
two_action,2,2,0.95,0.050000000000000044,0.025000000000000022,163927,277.73847390361385,cdf_exact,cdf,1.0,0.0,0.0
two_action,2,2,0.95,0.050000000000000044,0.025000000000000022,163927,277.73847390361385,exc_eb,exceedance,1.0,0.0,0.0
two_action,2,2,0.95,0.050000000000000044,0.025000000000000022,163927,277.73847390361385,exc_bet,exceedance,1.0,0.0,0.0
two_action,2,2,0.95,0.050000000000000044,0.025000000000000022,163927,277.73847390361385,counts_exact,counts,1.0,0.0,0.0
two_action,2,2,0.95,0.050000000000000044,0.025000000000000022,163927,277.73847390361385,norm_bet,counts,1.0,0.0,0.0
two_action,2,2,0.95,0.050000000000000044,0.025000000000000022,218868,370.82399059542456,cdf_eb,cdf,1.0,0.0,0.0
two_action,2,2,0.95,0.050000000000000044,0.025000000000000022,218868,370.82399059542456,cdf_bet,cdf,1.0,0.0,0.0
two_action,2,2,0.95,0.050000000000000044,0.025000000000000022,218868,370.82399059542456,cdf_exact,cdf,1.0,0.0,0.0
two_action,2,2,0.95,0.050000000000000044,0.025000000000000022,218868,370.82399059542456,exc_eb,exceedance,1.0,0.0,0.0
two_action,2,2,0.95,0.050000000000000044,0.025000000000000022,218868,370.82399059542456,exc_bet,exceedance,1.0,0.0,0.0
two_action,2,2,0.95,0.050000000000000044,0.025000000000000022,218868,370.82399059542456,counts_exact,counts,1.0,0.0,0.0
two_action,2,2,0.95,0.050000000000000044,0.025000000000000022,218868,370.82399059542456,norm_bet,counts,1.0,0.0,0.0
two_action,2,2,0.95,0.050000000000000044,0.025000000000000022,292224,495.1097000372706,cdf_eb,cdf,1.0,0.0,0.0
two_action,2,2,0.95,0.050000000000000044,0.025000000000000022,292224,495.1097000372706,cdf_bet,cdf,1.0,0.0,0.0
two_action,2,2,0.95,0.050000000000000044,0.025000000000000022,292224,495.1097000372706,cdf_exact,cdf,1.0,0.0,0.0
two_action,2,2,0.95,0.050000000000000044,0.025000000000000022,292224,495.1097000372706,exc_eb,exceedance,1.0,0.0,0.0
two_action,2,2,0.95,0.050000000000000044,0.025000000000000022,292224,495.1097000372706,exc_bet,exceedance,1.0,0.0,0.0
two_action,2,2,0.95,0.050000000000000044,0.025000000000000022,292224,495.1097000372706,counts_exact,counts,1.0,0.0,0.0
two_action,2,2,0.95,0.050000000000000044,0.025000000000000022,292224,495.1097000372706,norm_bet,counts,1.0,0.0,0.0
two_action,2,2,0.95,0.050000000000000044,0.025000000000000022,390167,661.0527072877031,cdf_eb,cdf,1.0,0.0,0.0
two_action,2,2,0.95,0.050000000000000044,0.025000000000000022,390167,661.0527072877031,cdf_bet,cdf,1.0,0.0,0.0
two_action,2,2,0.95,0.050000000000000044,0.025000000000000022,390167,661.0527072877031,cdf_exact,cdf,1.0,0.0,0.0
two_action,2,2,0.95,0.050000000000000044,0.025000000000000022,390167,661.0527072877031,exc_eb,exceedance,1.0,0.0,0.0
two_action,2,2,0.95,0.050000000000000044,0.025000000000000022,390167,661.0527072877031,exc_bet,exceedance,1.0,0.0,0.0
two_action,2,2,0.95,0.050000000000000044,0.025000000000000022,390167,661.0527072877031,counts_exact,counts,1.0,0.0,0.0
two_action,2,2,0.95,0.050000000000000044,0.025000000000000022,390167,661.0527072877031,norm_bet,counts,1.0,0.0,0.0
two_action,2,2,0.95,0.050000000000000044,0.025000000000000022,520935,882.6105028639522,cdf_eb,cdf,1.0,0.0,0.0
two_action,2,2,0.95,0.050000000000000044,0.025000000000000022,520935,882.6105028639522,cdf_bet,cdf,1.0,0.0,0.0
two_action,2,2,0.95,0.050000000000000044,0.025000000000000022,520935,882.6105028639522,cdf_exact,cdf,1.0,0.0,0.0
two_action,2,2,0.95,0.050000000000000044,0.025000000000000022,520935,882.6105028639522,exc_eb,exceedance,1.0,0.0,0.0
two_action,2,2,0.95,0.050000000000000044,0.025000000000000022,520935,882.6105028639522,exc_bet,exceedance,1.0,0.0,0.0
two_action,2,2,0.95,0.050000000000000044,0.025000000000000022,520935,882.6105028639522,counts_exact,counts,1.0,0.0,0.0
two_action,2,2,0.95,0.050000000000000044,0.025000000000000022,520935,882.6105028639522,norm_bet,counts,1.0,0.0,0.0
two_action,2,2,0.95,0.050000000000000044,0.025000000000000022,695532,1178.4269597511598,cdf_eb,cdf,1.0,0.0,0.0
two_action,2,2,0.95,0.050000000000000044,0.025000000000000022,695532,1178.4269597511598,cdf_bet,cdf,1.0,0.0,0.0
two_action,2,2,0.95,0.050000000000000044,0.025000000000000022,695532,1178.4269597511598,cdf_exact,cdf,1.0,0.0,0.0
two_action,2,2,0.95,0.050000000000000044,0.025000000000000022,695532,1178.4269597511598,exc_eb,exceedance,1.0,0.0,0.0
two_action,2,2,0.95,0.050000000000000044,0.025000000000000022,695532,1178.4269597511598,exc_bet,exceedance,1.0,0.0,0.0
two_action,2,2,0.95,0.050000000000000044,0.025000000000000022,695532,1178.4269597511598,counts_exact,counts,1.0,0.0,0.0
two_action,2,2,0.95,0.050000000000000044,0.025000000000000022,695532,1178.4269597511598,norm_bet,counts,1.0,0.0,0.0
two_action,2,2,0.95,0.050000000000000044,0.025000000000000022,928647,1573.3893780473582,cdf_eb,cdf,1.0,0.0,0.0
two_action,2,2,0.95,0.050000000000000044,0.025000000000000022,928647,1573.3893780473582,cdf_bet,cdf,1.0,0.0,0.0
two_action,2,2,0.95,0.050000000000000044,0.025000000000000022,928647,1573.3893780473582,cdf_exact,cdf,1.0,0.0,0.0
two_action,2,2,0.95,0.050000000000000044,0.025000000000000022,928647,1573.3893780473582,exc_eb,exceedance,1.0,0.0,0.0
two_action,2,2,0.95,0.050000000000000044,0.025000000000000022,928647,1573.3893780473582,exc_bet,exceedance,1.0,0.0,0.0
two_action,2,2,0.95,0.050000000000000044,0.025000000000000022,928647,1573.3893780473582,counts_exact,counts,1.0,0.0,0.0
two_action,2,2,0.95,0.050000000000000044,0.025000000000000022,928647,1573.3893780473582,norm_bet,counts,1.0,0.0,0.0
two_action,2,2,0.95,0.050000000000000044,0.025000000000000022,1239892,2100.7260053883715,cdf_eb,cdf,1.0,0.0,0.0
two_action,2,2,0.95,0.050000000000000044,0.025000000000000022,1239892,2100.7260053883715,cdf_bet,cdf,1.0,0.0,0.0
two_action,2,2,0.95,0.050000000000000044,0.025000000000000022,1239892,2100.7260053883715,cdf_exact,cdf,1.0,0.0,0.0
two_action,2,2,0.95,0.050000000000000044,0.025000000000000022,1239892,2100.7260053883715,exc_eb,exceedance,1.0,0.0,0.0
two_action,2,2,0.95,0.050000000000000044,0.025000000000000022,1239892,2100.7260053883715,exc_bet,exceedance,1.0,0.0,0.0
two_action,2,2,0.95,0.050000000000000044,0.025000000000000022,1239892,2100.7260053883715,counts_exact,counts,1.0,0.0,0.0
two_action,2,2,0.95,0.050000000000000044,0.025000000000000022,1239892,2100.7260053883715,norm_bet,counts,1.0,0.0,0.0
two_action,2,2,0.95,0.050000000000000044,0.025000000000000022,1655455,2804.806684171046,cdf_eb,cdf,1.0,0.0,0.0
two_action,2,2,0.95,0.050000000000000044,0.025000000000000022,1655455,2804.806684171046,cdf_bet,cdf,1.0,0.0,0.0
two_action,2,2,0.95,0.050000000000000044,0.025000000000000022,1655455,2804.806684171046,cdf_exact,cdf,1.0,0.0,0.0
two_action,2,2,0.95,0.050000000000000044,0.025000000000000022,1655455,2804.806684171046,exc_eb,exceedance,1.0,0.0,0.0
two_action,2,2,0.95,0.050000000000000044,0.025000000000000022,1655455,2804.806684171046,exc_bet,exceedance,1.0,0.0,0.0
two_action,2,2,0.95,0.050000000000000044,0.025000000000000022,1655455,2804.806684171046,counts_exact,counts,1.0,0.0,0.0
two_action,2,2,0.95,0.050000000000000044,0.025000000000000022,1655455,2804.806684171046,norm_bet,counts,1.0,0.0,0.0
two_action,2,2,0.95,0.050000000000000044,0.025000000000000022,2210299,3744.868576443684,cdf_eb,cdf,1.0,0.0,0.0
two_action,2,2,0.95,0.050000000000000044,0.025000000000000022,2210299,3744.868576443684,cdf_bet,cdf,1.0,0.0,0.0
two_action,2,2,0.95,0.050000000000000044,0.025000000000000022,2210299,3744.868576443684,cdf_exact,cdf,1.0,0.0,0.0
two_action,2,2,0.95,0.050000000000000044,0.025000000000000022,2210299,3744.868576443684,exc_eb,exceedance,1.0,0.0,0.0
two_action,2,2,0.95,0.050000000000000044,0.025000000000000022,2210299,3744.868576443684,exc_bet,exceedance,1.0,0.0,0.0
two_action,2,2,0.95,0.050000000000000044,0.025000000000000022,2210299,3744.868576443684,counts_exact,counts,1.0,0.0,0.0
two_action,2,2,0.95,0.050000000000000044,0.025000000000000022,2210299,3744.868576443684,norm_bet,counts,1.0,0.0,0.0
two_action,2,2,0.95,0.050000000000000044,0.025000000000000022,2951104,5000.000739907706,cdf_eb,cdf,1.0,0.0,0.0
two_action,2,2,0.95,0.050000000000000044,0.025000000000000022,2951104,5000.000739907706,cdf_bet,cdf,1.0,0.0,0.0
two_action,2,2,0.95,0.050000000000000044,0.025000000000000022,2951104,5000.000739907706,cdf_exact,cdf,1.0,0.0,0.0
two_action,2,2,0.95,0.050000000000000044,0.025000000000000022,2951104,5000.000739907706,exc_eb,exceedance,1.0,0.0,0.0
two_action,2,2,0.95,0.050000000000000044,0.025000000000000022,2951104,5000.000739907706,exc_bet,exceedance,1.0,0.0,0.0
two_action,2,2,0.95,0.050000000000000044,0.025000000000000022,2951104,5000.000739907706,counts_exact,counts,1.0,0.0,0.0
two_action,2,2,0.95,0.050000000000000044,0.025000000000000022,2951104,5000.000739907706,norm_bet,counts,1.0,0.0,0.0
vary_p,32,8,0.95,0.050000000000000044,0.025000000000000022,260,0.020011629886477266,cdf_eb,cdf,0.0,0.0,1.0
vary_p,32,8,0.95,0.050000000000000044,0.025000000000000022,260,0.020011629886477266,cdf_bet,cdf,0.0,0.0,1.0
vary_p,32,8,0.95,0.050000000000000044,0.025000000000000022,260,0.020011629886477266,cdf_exact,cdf,0.005,0.029,0.966
vary_p,32,8,0.95,0.050000000000000044,0.025000000000000022,260,0.020011629886477266,exc_eb,exceedance,0.0,0.0,1.0
vary_p,32,8,0.95,0.050000000000000044,0.025000000000000022,260,0.020011629886477266,exc_bet,exceedance,0.0,0.0,1.0
vary_p,32,8,0.95,0.050000000000000044,0.025000000000000022,260,0.020011629886477266,counts_exact,counts,0.0,0.0,1.0
vary_p,32,8,0.95,0.050000000000000044,0.025000000000000022,260,0.020011629886477266,norm_bet,counts,0.0,0.0,1.0
vary_p,32,8,0.95,0.050000000000000044,0.025000000000000022,347,0.02670782911772158,cdf_eb,cdf,0.0,0.0,1.0
vary_p,32,8,0.95,0.050000000000000044,0.025000000000000022,347,0.02670782911772158,cdf_bet,cdf,0.0,0.0,1.0
vary_p,32,8,0.95,0.050000000000000044,0.025000000000000022,347,0.02670782911772158,cdf_exact,cdf,0.008,0.0215,0.9705
vary_p,32,8,0.95,0.050000000000000044,0.025000000000000022,347,0.02670782911772158,exc_eb,exceedance,0.0,0.0,1.0
vary_p,32,8,0.95,0.050000000000000044,0.025000000000000022,347,0.02670782911772158,exc_bet,exceedance,0.0,0.0,1.0
vary_p,32,8,0.95,0.050000000000000044,0.025000000000000022,347,0.02670782911772158,counts_exact,counts,0.0,0.0,1.0
vary_p,32,8,0.95,0.050000000000000044,0.025000000000000022,347,0.02670782911772158,norm_bet,counts,0.0,0.0,1.0
vary_p,32,8,0.95,0.050000000000000044,0.025000000000000022,463,0.03563609475938067,cdf_eb,cdf,0.0,0.0,1.0
vary_p,32,8,0.95,0.050000000000000044,0.025000000000000022,463,0.03563609475938067,cdf_bet,cdf,0.0,0.0,1.0
vary_p,32,8,0.95,0.050000000000000044,0.025000000000000022,463,0.03563609475938067,cdf_exact,cdf,0.0085,0.023,0.9685
vary_p,32,8,0.95,0.050000000000000044,0.025000000000000022,463,0.03563609475938067,exc_eb,exceedance,0.0,0.0,1.0
vary_p,32,8,0.95,0.050000000000000044,0.025000000000000022,463,0.03563609475938067,exc_bet,exceedance,0.0,0.0,1.0
vary_p,32,8,0.95,0.050000000000000044,0.025000000000000022,463,0.03563609475938067,counts_exact,counts,0.0,0.0,1.0
vary_p,32,8,0.95,0.050000000000000044,0.025000000000000022,463,0.03563609475938067,norm_bet,counts,0.0,0.0,1.0
vary_p,32,8,0.95,0.050000000000000044,0.025000000000000022,618,0.04756610488401135,cdf_eb,cdf,0.0,0.0,1.0
vary_p,32,8,0.95,0.050000000000000044,0.025000000000000022,618,0.04756610488401135,cdf_bet,cdf,0.0,0.0,1.0
vary_p,32,8,0.95,0.050000000000000044,0.025000000000000022,618,0.04756610488401135,cdf_exact,cdf,0.006,0.018,0.976
vary_p,32,8,0.95,0.050000000000000044,0.025000000000000022,618,0.04756610488401135,exc_eb,exceedance,0.0,0.0,1.0
vary_p,32,8,0.95,0.050000000000000044,0.025000000000000022,618,0.04756610488401135,exc_bet,exceedance,0.0,0.0,1.0
vary_p,32,8,0.95,0.050000000000000044,0.025000000000000022,618,0.04756610488401135,counts_exact,counts,0.0,0.0,1.0
vary_p,32,8,0.95,0.050000000000000044,0.025000000000000022,618,0.04756610488401135,norm_bet,counts,0.0,0.0,1.0
vary_p,32,8,0.95,0.050000000000000044,0.025000000000000022,826,0.06357540879319316,cdf_eb,cdf,0.0,0.0,1.0
vary_p,32,8,0.95,0.050000000000000044,0.025000000000000022,826,0.06357540879319316,cdf_bet,cdf,0.0,0.0,1.0
vary_p,32,8,0.95,0.050000000000000044,0.025000000000000022,826,0.06357540879319316,cdf_exact,cdf,0.0135,0.0255,0.961
vary_p,32,8,0.95,0.050000000000000044,0.025000000000000022,826,0.06357540879319316,exc_eb,exceedance,0.0,0.0,1.0
vary_p,32,8,0.95,0.050000000000000044,0.025000000000000022,826,0.06357540879319316,exc_bet,exceedance,0.0,0.0,1.0
vary_p,32,8,0.95,0.050000000000000044,0.025000000000000022,826,0.06357540879319316,counts_exact,counts,0.0,0.0,1.0
vary_p,32,8,0.95,0.050000000000000044,0.025000000000000022,826,0.06357540879319316,norm_bet,counts,0.0,0.0,1.0
vary_p,32,8,0.95,0.050000000000000044,0.025000000000000022,1103,0.08489549140301701,cdf_eb,cdf,0.0,0.0,1.0
vary_p,32,8,0.95,0.050000000000000044,0.025000000000000022,1103,0.08489549140301701,cdf_bet,cdf,0.0,0.0,1.0
vary_p,32,8,0.95,0.050000000000000044,0.025000000000000022,1103,0.08489549140301701,cdf_exact,cdf,0.01,0.015,0.975
vary_p,32,8,0.95,0.050000000000000044,0.025000000000000022,1103,0.08489549140301701,exc_eb,exceedance,0.0,0.0,1.0
vary_p,32,8,0.95,0.050000000000000044,0.025000000000000022,1103,0.08489549140301701,exc_bet,exceedance,0.0,0.0,1.0
vary_p,32,8,0.95,0.050000000000000044,0.025000000000000022,1103,0.08489549140301701,counts_exact,counts,0.0,0.0,1.0
vary_p,32,8,0.95,0.050000000000000044,0.025000000000000022,1103,0.08489549140301701,norm_bet,counts,0.0,0.0,1.0
vary_p,32,8,0.95,0.050000000000000044,0.025000000000000022,1472,0.1132966122803636,cdf_eb,cdf,0.0,0.0,1.0
vary_p,32,8,0.95,0.050000000000000044,0.025000000000000022,1472,0.1132966122803636,cdf_bet,cdf,0.0,0.0,1.0
vary_p,32,8,0.95,0.050000000000000044,0.025000000000000022,1472,0.1132966122803636,cdf_exact,cdf,0.0065,0.0175,0.976
vary_p,32,8,0.95,0.050000000000000044,0.025000000000000022,1472,0.1132966122803636,exc_eb,exceedance,0.0,0.0,1.0
vary_p,32,8,0.95,0.050000000000000044,0.025000000000000022,1472,0.1132966122803636,exc_bet,exceedance,0.0,0.0,1.0
vary_p,32,8,0.95,0.050000000000000044,0.025000000000000022,1472,0.1132966122803636,counts_exact,counts,0.0,0.0,1.0
vary_p,32,8,0.95,0.050000000000000044,0.025000000000000022,1472,0.1132966122803636,norm_bet,counts,0.0,0.0,1.0
vary_p,32,8,0.95,0.050000000000000044,0.025000000000000022,1965,0.1512417412574147,cdf_eb,cdf,0.0,0.0,1.0
vary_p,32,8,0.95,0.050000000000000044,0.025000000000000022,1965,0.1512417412574147,cdf_bet,cdf,0.0,0.0,1.0
vary_p,32,8,0.95,0.050000000000000044,0.025000000000000022,1965,0.1512417412574147,cdf_exact,cdf,0.0105,0.0145,0.975
vary_p,32,8,0.95,0.050000000000000044,0.025000000000000022,1965,0.1512417412574147,exc_eb,exceedance,0.0,0.0,1.0
vary_p,32,8,0.95,0.050000000000000044,0.025000000000000022,1965,0.1512417412574147,exc_bet,exceedance,0.0,0.0,1.0
vary_p,32,8,0.95,0.050000000000000044,0.025000000000000022,1965,0.1512417412574147,counts_exact,counts,0.0,0.0,1.0
vary_p,32,8,0.95,0.050000000000000044,0.025000000000000022,1965,0.1512417412574147,norm_bet,counts,0.0,0.0,1.0
vary_p,32,8,0.95,0.050000000000000044,0.025000000000000022,2624,0.201963526238909,cdf_eb,cdf,0.0,0.0,1.0
vary_p,32,8,0.95,0.050000000000000044,0.025000000000000022,2624,0.201963526238909,cdf_bet,cdf,0.0,0.0,1.0
vary_p,32,8,0.95,0.050000000000000044,0.025000000000000022,2624,0.201963526238909,cdf_exact,cdf,0.012,0.02,0.968
vary_p,32,8,0.95,0.050000000000000044,0.025000000000000022,2624,0.201963526238909,exc_eb,exceedance,0.0,0.0,1.0
vary_p,32,8,0.95,0.050000000000000044,0.025000000000000022,2624,0.201963526238909,exc_bet,exceedance,0.0,0.0,1.0
vary_p,32,8,0.95,0.050000000000000044,0.025000000000000022,2624,0.201963526238909,counts_exact,counts,0.002,0.0,0.998
vary_p,32,8,0.95,0.050000000000000044,0.025000000000000022,2624,0.201963526238909,norm_bet,counts,0.0,0.0,1.0
vary_p,32,8,0.95,0.050000000000000044,0.025000000000000022,3504,0.269695196623909,cdf_eb,cdf,0.0,0.0,1.0
vary_p,32,8,0.95,0.050000000000000044,0.025000000000000022,3504,0.269695196623909,cdf_bet,cdf,0.0,0.0,1.0
vary_p,32,8,0.95,0.050000000000000044,0.025000000000000022,3504,0.269695196623909,cdf_exact,cdf,0.008,0.0145,0.9775
vary_p,32,8,0.95,0.050000000000000044,0.025000000000000022,3504,0.269695196623909,exc_eb,exceedance,0.0,0.0,1.0
vary_p,32,8,0.95,0.050000000000000044,0.025000000000000022,3504,0.269695196623909,exc_bet,exceedance,0.0,0.0,1.0
vary_p,32,8,0.95,0.050000000000000044,0.025000000000000022,3504,0.269695196623909,counts_exact,counts,0.058,0.001,0.941
vary_p,32,8,0.95,0.050000000000000044,0.025000000000000022,3504,0.269695196623909,norm_bet,counts,0.0,0.0,1.0
vary_p,32,8,0.95,0.050000000000000044,0.025000000000000022,4678,0.36005540234207944,cdf_eb,cdf,0.0,0.0,1.0
vary_p,32,8,0.95,0.050000000000000044,0.025000000000000022,4678,0.36005540234207944,cdf_bet,cdf,0.0,0.0,1.0
vary_p,32,8,0.95,0.050000000000000044,0.025000000000000022,4678,0.36005540234207944,cdf_exact,cdf,0.0155,0.0105,0.974
vary_p,32,8,0.95,0.050000000000000044,0.025000000000000022,4678,0.36005540234207944,exc_eb,exceedance,0.0,0.0,1.0
vary_p,32,8,0.95,0.050000000000000044,0.025000000000000022,4678,0.36005540234207944,exc_bet,exceedance,0.0,0.0,1.0
vary_p,32,8,0.95,0.050000000000000044,0.025000000000000022,4678,0.36005540234207944,counts_exact,counts,0.0795,0.0,0.9205
vary_p,32,8,0.95,0.050000000000000044,0.025000000000000022,4678,0.36005540234207944,norm_bet,counts,0.0,0.0,1.0
vary_p,32,8,0.95,0.050000000000000044,0.025000000000000022,6246,0.48074092411898844,cdf_eb,cdf,0.0,0.0,1.0
vary_p,32,8,0.95,0.050000000000000044,0.025000000000000022,6246,0.48074092411898844,cdf_bet,cdf,0.0,0.0,1.0
vary_p,32,8,0.95,0.050000000000000044,0.025000000000000022,6246,0.48074092411898844,cdf_exact,cdf,0.0155,0.01,0.9745
vary_p,32,8,0.95,0.050000000000000044,0.025000000000000022,6246,0.48074092411898844,exc_eb,exceedance,0.0,0.0,1.0
vary_p,32,8,0.95,0.050000000000000044,0.025000000000000022,6246,0.48074092411898844,exc_bet,exceedance,0.0,0.0,1.0
vary_p,32,8,0.95,0.050000000000000044,0.025000000000000022,6246,0.48074092411898844,counts_exact,counts,0.1355,0.0005,0.864
vary_p,32,8,0.95,0.050000000000000044,0.025000000000000022,6246,0.48074092411898844,norm_bet,counts,0.001,0.0,0.999
vary_p,32,8,0.95,0.050000000000000044,0.025000000000000022,8339,0.6418345447051305,cdf_eb,cdf,0.0,0.0,1.0
vary_p,32,8,0.95,0.050000000000000044,0.025000000000000022,8339,0.6418345447051305,cdf_bet,cdf,0.0,0.0,1.0
vary_p,32,8,0.95,0.050000000000000044,0.025000000000000022,8339,0.6418345447051305,cdf_exact,cdf,0.016,0.009,0.975
vary_p,32,8,0.95,0.050000000000000044,0.025000000000000022,8339,0.6418345447051305,exc_eb,exceedance,0.0,0.0,1.0
vary_p,32,8,0.95,0.050000000000000044,0.025000000000000022,8339,0.6418345447051305,exc_bet,exceedance,0.0415,0.0,0.9585
vary_p,32,8,0.95,0.050000000000000044,0.025000000000000022,8339,0.6418345447051305,counts_exact,counts,0.231,0.0005,0.7685
vary_p,32,8,0.95,0.050000000000000044,0.025000000000000022,8339,0.6418345447051305,norm_bet,counts,0.02,0.0,0.98
vary_p,32,8,0.95,0.050000000000000044,0.025000000000000022,11134,0.8569595659847611,cdf_eb,cdf,0.0,0.0,1.0
vary_p,32,8,0.95,0.050000000000000044,0.025000000000000022,11134,0.8569595659847611,cdf_bet,cdf,0.0,0.0,1.0
vary_p,32,8,0.95,0.050000000000000044,0.025000000000000022,11134,0.8569595659847611,cdf_exact,cdf,0.0185,0.0125,0.969
vary_p,32,8,0.95,0.050000000000000044,0.025000000000000022,11134,0.8569595659847611,exc_eb,exceedance,0.0,0.0,1.0
vary_p,32,8,0.95,0.050000000000000044,0.025000000000000022,11134,0.8569595659847611,exc_bet,exceedance,0.1305,0.0,0.8695
vary_p,32,8,0.95,0.050000000000000044,0.025000000000000022,11134,0.8569595659847611,counts_exact,counts,0.36,0.0,0.64
vary_p,32,8,0.95,0.050000000000000044,0.025000000000000022,11134,0.8569595659847611,norm_bet,counts,0.0925,0.0,0.9075
vary_p,32,8,0.95,0.050000000000000044,0.025000000000000022,14866,1.1442034226629656,cdf_eb,cdf,0.0,0.0,1.0
vary_p,32,8,0.95,0.050000000000000044,0.025000000000000022,14866,1.1442034226629656,cdf_bet,cdf,0.0,0.0,1.0
vary_p,32,8,0.95,0.050000000000000044,0.025000000000000022,14866,1.1442034226629656,cdf_exact,cdf,0.031,0.005,0.964
vary_p,32,8,0.95,0.050000000000000044,0.025000000000000022,14866,1.1442034226629656,exc_eb,exceedance,0.0035,0.0,0.9965
vary_p,32,8,0.95,0.050000000000000044,0.025000000000000022,14866,1.1442034226629656,exc_bet,exceedance,0.272,0.0,0.728
vary_p,32,8,0.95,0.050000000000000044,0.025000000000000022,14866,1.1442034226629656,counts_exact,counts,0.5375,0.0,0.4625
vary_p,32,8,0.95,0.050000000000000044,0.025000000000000022,14866,1.1442034226629656,norm_bet,counts,0.242,0.0,0.758
vary_p,32,8,0.95,0.050000000000000044,0.025000000000000022,19848,1.5276570384107722,cdf_eb,cdf,0.0,0.0,1.0
vary_p,32,8,0.95,0.050000000000000044,0.025000000000000022,19848,1.5276570384107722,cdf_bet,cdf,0.0,0.0,1.0
vary_p,32,8,0.95,0.050000000000000044,0.025000000000000022,19848,1.5276570384107722,cdf_exact,cdf,0.028,0.0055,0.9665
vary_p,32,8,0.95,0.050000000000000044,0.025000000000000022,19848,1.5276570384107722,exc_eb,exceedance,0.0155,0.0,0.9845
vary_p,32,8,0.95,0.050000000000000044,0.025000000000000022,19848,1.5276570384107722,exc_bet,exceedance,0.4325,0.0,0.5675
vary_p,32,8,0.95,0.050000000000000044,0.025000000000000022,19848,1.5276570384107722,counts_exact,counts,0.7285,0.0,0.2715
vary_p,32,8,0.95,0.050000000000000044,0.025000000000000022,19848,1.5276570384107722,norm_bet,counts,0.4645,0.0,0.5355
vary_p,32,8,0.95,0.050000000000000044,0.025000000000000022,26501,2.039723860082823,cdf_eb,cdf,0.0005,0.0,0.9995
vary_p,32,8,0.95,0.050000000000000044,0.025000000000000022,26501,2.039723860082823,cdf_bet,cdf,0.0,0.0,1.0
vary_p,32,8,0.95,0.050000000000000044,0.025000000000000022,26501,2.039723860082823,cdf_exact,cdf,0.0355,0.0045,0.96
vary_p,32,8,0.95,0.050000000000000044,0.025000000000000022,26501,2.039723860082823,exc_eb,exceedance,0.08,0.0,0.92
vary_p,32,8,0.95,0.050000000000000044,0.025000000000000022,26501,2.039723860082823,exc_bet,exceedance,0.6515,0.0,0.3485
vary_p,32,8,0.95,0.050000000000000044,0.025000000000000022,26501,2.039723860082823,counts_exact,counts,0.873,0.0,0.127
vary_p,32,8,0.95,0.050000000000000044,0.025000000000000022,26501,2.039723860082823,norm_bet,counts,0.6525,0.0,0.3475
vary_p,32,8,0.95,0.050000000000000044,0.025000000000000022,35383,2.7233519241277886,cdf_eb,cdf,0.0,0.0,1.0
vary_p,32,8,0.95,0.050000000000000044,0.025000000000000022,35383,2.7233519241277886,cdf_bet,cdf,0.0,0.0,1.0
vary_p,32,8,0.95,0.050000000000000044,0.025000000000000022,35383,2.7233519241277886,cdf_exact,cdf,0.0495,0.003,0.9475
vary_p,32,8,0.95,0.050000000000000044,0.025000000000000022,35383,2.7233519241277886,exc_eb,exceedance,0.2735,0.0,0.7265
vary_p,32,8,0.95,0.050000000000000044,0.025000000000000022,35383,2.7233519241277886,exc_bet,exceedance,0.8245,0.0,0.1755
vary_p,32,8,0.95,0.050000000000000044,0.025000000000000022,35383,2.7233519241277886,counts_exact,counts,0.966,0.0,0.034
vary_p,32,8,0.95,0.050000000000000044,0.025000000000000022,35383,2.7233519241277886,norm_bet,counts,0.827,0.0,0.173
vary_p,32,8,0.95,0.050000000000000044,0.025000000000000022,47241,3.6360361825656633,cdf_eb,cdf,0.001,0.0,0.999
vary_p,32,8,0.95,0.050000000000000044,0.025000000000000022,47241,3.6360361825656633,cdf_bet,cdf,0.0,0.0,1.0
vary_p,32,8,0.95,0.050000000000000044,0.025000000000000022,47241,3.6360361825656633,cdf_exact,cdf,0.066,0.004,0.93
vary_p,32,8,0.95,0.050000000000000044,0.025000000000000022,47241,3.6360361825656633,exc_eb,exceedance,0.651,0.0,0.349
vary_p,32,8,0.95,0.050000000000000044,0.025000000000000022,47241,3.6360361825656633,exc_bet,exceedance,0.921,0.0,0.079
vary_p,32,8,0.95,0.050000000000000044,0.025000000000000022,47241,3.6360361825656633,counts_exact,counts,0.993,0.0,0.007
vary_p,32,8,0.95,0.050000000000000044,0.025000000000000022,47241,3.6360361825656633,norm_bet,counts,0.939,0.0,0.061
vary_p,32,8,0.95,0.050000000000000044,0.025000000000000022,63075,4.854744442652129,cdf_eb,cdf,0.0035,0.0,0.9965
vary_p,32,8,0.95,0.050000000000000044,0.025000000000000022,63075,4.854744442652129,cdf_bet,cdf,0.001,0.0,0.999
vary_p,32,8,0.95,0.050000000000000044,0.025000000000000022,63075,4.854744442652129,cdf_exact,cdf,0.0895,0.002,0.9085
vary_p,32,8,0.95,0.050000000000000044,0.025000000000000022,63075,4.854744442652129,exc_eb,exceedance,0.9295,0.0,0.0705
vary_p,32,8,0.95,0.050000000000000044,0.025000000000000022,63075,4.854744442652129,exc_bet,exceedance,0.987,0.0,0.013
vary_p,32,8,0.95,0.050000000000000044,0.025000000000000022,63075,4.854744442652129,counts_exact,counts,1.0,0.0,0.0
vary_p,32,8,0.95,0.050000000000000044,0.025000000000000022,63075,4.854744442652129,norm_bet,counts,0.989,0.0,0.011
vary_p,32,8,0.95,0.050000000000000044,0.025000000000000022,84215,6.481843888037242,cdf_eb,cdf,0.01,0.0,0.99
vary_p,32,8,0.95,0.050000000000000044,0.025000000000000022,84215,6.481843888037242,cdf_bet,cdf,0.0025,0.0,0.9975
vary_p,32,8,0.95,0.050000000000000044,0.025000000000000022,84215,6.481843888037242,cdf_exact,cdf,0.1095,0.0,0.8905
vary_p,32,8,0.95,0.050000000000000044,0.025000000000000022,84215,6.481843888037242,exc_eb,exceedance,0.99,0.0,0.01
vary_p,32,8,0.95,0.050000000000000044,0.025000000000000022,84215,6.481843888037242,exc_bet,exceedance,0.999,0.0,0.001
vary_p,32,8,0.95,0.050000000000000044,0.025000000000000022,84215,6.481843888037242,counts_exact,counts,1.0,0.0,0.0
vary_p,32,8,0.95,0.050000000000000044,0.025000000000000022,84215,6.481843888037242,norm_bet,counts,0.9995,0.0,0.0005
vary_p,32,8,0.95,0.050000000000000044,0.025000000000000022,112441,8.654337215636117,cdf_eb,cdf,0.022,0.0,0.978
vary_p,32,8,0.95,0.050000000000000044,0.025000000000000022,112441,8.654337215636117,cdf_bet,cdf,0.008,0.0,0.992
vary_p,32,8,0.95,0.050000000000000044,0.025000000000000022,112441,8.654337215636117,cdf_exact,cdf,0.1775,0.0,0.8225
vary_p,32,8,0.95,0.050000000000000044,0.025000000000000022,112441,8.654337215636117,exc_eb,exceedance,1.0,0.0,0.0
vary_p,32,8,0.95,0.050000000000000044,0.025000000000000022,112441,8.654337215636117,exc_bet,exceedance,1.0,0.0,0.0
vary_p,32,8,0.95,0.050000000000000044,0.025000000000000022,112441,8.654337215636117,counts_exact,counts,1.0,0.0,0.0
vary_p,32,8,0.95,0.050000000000000044,0.025000000000000022,112441,8.654337215636117,norm_bet,counts,1.0,0.0,0.0
vary_p,32,8,0.95,0.050000000000000044,0.025000000000000022,150127,11.55494599987374,cdf_eb,cdf,0.0315,0.0,0.9685
vary_p,32,8,0.95,0.050000000000000044,0.025000000000000022,150127,11.55494599987374,cdf_bet,cdf,0.009,0.0,0.991
vary_p,32,8,0.95,0.050000000000000044,0.025000000000000022,150127,11.55494599987374,cdf_exact,cdf,0.234,0.0,0.766
vary_p,32,8,0.95,0.050000000000000044,0.025000000000000022,150127,11.55494599987374,exc_eb,exceedance,1.0,0.0,0.0
vary_p,32,8,0.95,0.050000000000000044,0.025000000000000022,150127,11.55494599987374,exc_bet,exceedance,1.0,0.0,0.0
vary_p,32,8,0.95,0.050000000000000044,0.025000000000000022,150127,11.55494599987374,counts_exact,counts,1.0,0.0,0.0
vary_p,32,8,0.95,0.050000000000000044,0.025000000000000022,150127,11.55494599987374,norm_bet,counts,1.0,0.0,0.0
vary_p,32,8,0.95,0.050000000000000044,0.025000000000000022,200443,15.427658189750625,cdf_eb,cdf,0.058,0.0,0.942
vary_p,32,8,0.95,0.050000000000000044,0.025000000000000022,200443,15.427658189750625,cdf_bet,cdf,0.017,0.0,0.983
vary_p,32,8,0.95,0.050000000000000044,0.025000000000000022,200443,15.427658189750625,cdf_exact,cdf,0.3175,0.0,0.6825
vary_p,32,8,0.95,0.050000000000000044,0.025000000000000022,200443,15.427658189750625,exc_eb,exceedance,1.0,0.0,0.0
vary_p,32,8,0.95,0.050000000000000044,0.025000000000000022,200443,15.427658189750625,exc_bet,exceedance,1.0,0.0,0.0
vary_p,32,8,0.95,0.050000000000000044,0.025000000000000022,200443,15.427658189750625,counts_exact,counts,1.0,0.0,0.0
vary_p,32,8,0.95,0.050000000000000044,0.025000000000000022,200443,15.427658189750625,norm_bet,counts,1.0,0.0,0.0
vary_p,32,8,0.95,0.050000000000000044,0.025000000000000022,267624,20.598432448994583,cdf_eb,cdf,0.108,0.0,0.892
vary_p,32,8,0.95,0.050000000000000044,0.025000000000000022,267624,20.598432448994583,cdf_bet,cdf,0.039,0.0,0.961
vary_p,32,8,0.95,0.050000000000000044,0.025000000000000022,267624,20.598432448994583,cdf_exact,cdf,0.448,0.0,0.552
vary_p,32,8,0.95,0.050000000000000044,0.025000000000000022,267624,20.598432448994583,exc_eb,exceedance,1.0,0.0,0.0
vary_p,32,8,0.95,0.050000000000000044,0.025000000000000022,267624,20.598432448994583,exc_bet,exceedance,1.0,0.0,0.0
vary_p,32,8,0.95,0.050000000000000044,0.025000000000000022,267624,20.598432448994583,counts_exact,counts,1.0,0.0,0.0
vary_p,32,8,0.95,0.050000000000000044,0.025000000000000022,267624,20.598432448994583,norm_bet,counts,1.0,0.0,0.0
vary_p,32,8,0.95,0.050000000000000044,0.025000000000000022,357321,27.502213856407472,cdf_eb,cdf,0.2245,0.0,0.7755
vary_p,32,8,0.95,0.050000000000000044,0.025000000000000022,357321,27.502213856407472,cdf_bet,cdf,0.0985,0.0,0.9015
vary_p,32,8,0.95,0.050000000000000044,0.025000000000000022,357321,27.502213856407472,cdf_exact,cdf,0.6065,0.0,0.3935
vary_p,32,8,0.95,0.050000000000000044,0.025000000000000022,357321,27.502213856407472,exc_eb,exceedance,1.0,0.0,0.0
vary_p,32,8,0.95,0.050000000000000044,0.025000000000000022,357321,27.502213856407472,exc_bet,exceedance,1.0,0.0,0.0
vary_p,32,8,0.95,0.050000000000000044,0.025000000000000022,357321,27.502213856407472,counts_exact,counts,1.0,0.0,0.0
vary_p,32,8,0.95,0.050000000000000044,0.025000000000000022,357321,27.502213856407472,norm_bet,counts,1.0,0.0,0.0
vary_p,32,8,0.95,0.050000000000000044,0.025000000000000022,477080,36.71980148554067,cdf_eb,cdf,0.3635,0.0,0.6365
vary_p,32,8,0.95,0.050000000000000044,0.025000000000000022,477080,36.71980148554067,cdf_bet,cdf,0.18,0.0,0.82
vary_p,32,8,0.95,0.050000000000000044,0.025000000000000022,477080,36.71980148554067,cdf_exact,cdf,0.7345,0.0,0.2655
vary_p,32,8,0.95,0.050000000000000044,0.025000000000000022,477080,36.71980148554067,exc_eb,exceedance,1.0,0.0,0.0
vary_p,32,8,0.95,0.050000000000000044,0.025000000000000022,477080,36.71980148554067,exc_bet,exceedance,1.0,0.0,0.0
vary_p,32,8,0.95,0.050000000000000044,0.025000000000000022,477080,36.71980148554067,counts_exact,counts,1.0,0.0,0.0
vary_p,32,8,0.95,0.050000000000000044,0.025000000000000022,477080,36.71980148554067,norm_bet,counts,1.0,0.0,0.0
vary_p,32,8,0.95,0.050000000000000044,0.025000000000000022,636979,49.02687689791693,cdf_eb,cdf,0.564,0.0,0.436
vary_p,32,8,0.95,0.050000000000000044,0.025000000000000022,636979,49.02687689791693,cdf_bet,cdf,0.3415,0.0,0.6585
vary_p,32,8,0.95,0.050000000000000044,0.025000000000000022,636979,49.02687689791693,cdf_exact,cdf,0.8605,0.0,0.1395
vary_p,32,8,0.95,0.050000000000000044,0.025000000000000022,636979,49.02687689791693,exc_eb,exceedance,1.0,0.0,0.0
vary_p,32,8,0.95,0.050000000000000044,0.025000000000000022,636979,49.02687689791693,exc_bet,exceedance,1.0,0.0,0.0
vary_p,32,8,0.95,0.050000000000000044,0.025000000000000022,636979,49.02687689791693,counts_exact,counts,1.0,0.0,0.0
vary_p,32,8,0.95,0.050000000000000044,0.025000000000000022,636979,49.02687689791693,norm_bet,counts,1.0,0.0,0.0
vary_p,32,8,0.95,0.050000000000000044,0.025000000000000022,850469,65.45873406893244,cdf_eb,cdf,0.7795,0.0,0.2205
vary_p,32,8,0.95,0.050000000000000044,0.025000000000000022,850469,65.45873406893244,cdf_bet,cdf,0.581,0.0,0.419
vary_p,32,8,0.95,0.050000000000000044,0.025000000000000022,850469,65.45873406893244,cdf_exact,cdf,0.9615,0.0,0.0385
vary_p,32,8,0.95,0.050000000000000044,0.025000000000000022,850469,65.45873406893244,exc_eb,exceedance,1.0,0.0,0.0
vary_p,32,8,0.95,0.050000000000000044,0.025000000000000022,850469,65.45873406893244,exc_bet,exceedance,1.0,0.0,0.0
vary_p,32,8,0.95,0.050000000000000044,0.025000000000000022,850469,65.45873406893244,counts_exact,counts,1.0,0.0,0.0
vary_p,32,8,0.95,0.050000000000000044,0.025000000000000022,850469,65.45873406893244,norm_bet,counts,1.0,0.0,0.0
vary_p,32,8,0.95,0.050000000000000044,0.025000000000000022,1135513,87.39794572032099,cdf_eb,cdf,0.9185,0.0,0.0815
vary_p,32,8,0.95,0.050000000000000044,0.025000000000000022,1135513,87.39794572032099,cdf_bet,cdf,0.802,0.0,0.198
vary_p,32,8,0.95,0.050000000000000044,0.025000000000000022,1135513,87.39794572032099,cdf_exact,cdf,0.991,0.0,0.009
vary_p,32,8,0.95,0.050000000000000044,0.025000000000000022,1135513,87.39794572032099,exc_eb,exceedance,1.0,0.0,0.0
vary_p,32,8,0.95,0.050000000000000044,0.025000000000000022,1135513,87.39794572032099,exc_bet,exceedance,1.0,0.0,0.0
vary_p,32,8,0.95,0.050000000000000044,0.025000000000000022,1135513,87.39794572032099,counts_exact,counts,1.0,0.0,0.0
vary_p,32,8,0.95,0.050000000000000044,0.025000000000000022,1135513,87.39794572032099,norm_bet,counts,1.0,0.0,0.0
vary_p,32,8,0.95,0.050000000000000044,0.025000000000000022,1516092,116.69027683788111,cdf_eb,cdf,0.9805,0.0,0.0195
vary_p,32,8,0.95,0.050000000000000044,0.025000000000000022,1516092,116.69027683788111,cdf_bet,cdf,0.9355,0.0,0.0645
vary_p,32,8,0.95,0.050000000000000044,0.025000000000000022,1516092,116.69027683788111,cdf_exact,cdf,1.0,0.0,0.0
vary_p,32,8,0.95,0.050000000000000044,0.025000000000000022,1516092,116.69027683788111,exc_eb,exceedance,1.0,0.0,0.0
vary_p,32,8,0.95,0.050000000000000044,0.025000000000000022,1516092,116.69027683788111,exc_bet,exceedance,1.0,0.0,0.0
vary_p,32,8,0.95,0.050000000000000044,0.025000000000000022,1516092,116.69027683788111,counts_exact,counts,1.0,0.0,0.0
vary_p,32,8,0.95,0.050000000000000044,0.025000000000000022,1516092,116.69027683788111,norm_bet,counts,1.0,0.0,0.0
vary_p,32,8,0.95,0.050000000000000044,0.025000000000000022,2024226,155.80023660993973,cdf_eb,cdf,0.999,0.0,0.001
vary_p,32,8,0.95,0.050000000000000044,0.025000000000000022,2024226,155.80023660993973,cdf_bet,cdf,0.993,0.0,0.007
vary_p,32,8,0.95,0.050000000000000044,0.025000000000000022,2024226,155.80023660993973,cdf_exact,cdf,1.0,0.0,0.0
vary_p,32,8,0.95,0.050000000000000044,0.025000000000000022,2024226,155.80023660993973,exc_eb,exceedance,1.0,0.0,0.0
vary_p,32,8,0.95,0.050000000000000044,0.025000000000000022,2024226,155.80023660993973,exc_bet,exceedance,1.0,0.0,0.0
vary_p,32,8,0.95,0.050000000000000044,0.025000000000000022,2024226,155.80023660993973,counts_exact,counts,1.0,0.0,0.0
vary_p,32,8,0.95,0.050000000000000044,0.025000000000000022,2024226,155.80023660993973,norm_bet,counts,1.0,0.0,0.0
vary_p,32,8,0.95,0.050000000000000044,0.025000000000000022,2702667,208.01835273229173,cdf_eb,cdf,1.0,0.0,0.0
vary_p,32,8,0.95,0.050000000000000044,0.025000000000000022,2702667,208.01835273229173,cdf_bet,cdf,1.0,0.0,0.0
vary_p,32,8,0.95,0.050000000000000044,0.025000000000000022,2702667,208.01835273229173,cdf_exact,cdf,1.0,0.0,0.0
vary_p,32,8,0.95,0.050000000000000044,0.025000000000000022,2702667,208.01835273229173,exc_eb,exceedance,1.0,0.0,0.0
vary_p,32,8,0.95,0.050000000000000044,0.025000000000000022,2702667,208.01835273229173,exc_bet,exceedance,1.0,0.0,0.0
vary_p,32,8,0.95,0.050000000000000044,0.025000000000000022,2702667,208.01835273229173,counts_exact,counts,1.0,0.0,0.0
vary_p,32,8,0.95,0.050000000000000044,0.025000000000000022,2702667,208.01835273229173,norm_bet,counts,1.0,0.0,0.0
vary_p,32,8,0.95,0.050000000000000044,0.025000000000000022,3608494,277.7378706752842,cdf_eb,cdf,1.0,0.0,0.0
vary_p,32,8,0.95,0.050000000000000044,0.025000000000000022,3608494,277.7378706752842,cdf_bet,cdf,1.0,0.0,0.0
vary_p,32,8,0.95,0.050000000000000044,0.025000000000000022,3608494,277.7378706752842,cdf_exact,cdf,1.0,0.0,0.0
vary_p,32,8,0.95,0.050000000000000044,0.025000000000000022,3608494,277.7378706752842,exc_eb,exceedance,1.0,0.0,0.0
vary_p,32,8,0.95,0.050000000000000044,0.025000000000000022,3608494,277.7378706752842,exc_bet,exceedance,1.0,0.0,0.0
vary_p,32,8,0.95,0.050000000000000044,0.025000000000000022,3608494,277.7378706752842,counts_exact,counts,1.0,0.0,0.0
vary_p,32,8,0.95,0.050000000000000044,0.025000000000000022,3608494,277.7378706752842,norm_bet,counts,1.0,0.0,0.0
vary_p,32,8,0.95,0.050000000000000044,0.025000000000000022,4817919,370.82466096548717,cdf_eb,cdf,1.0,0.0,0.0
vary_p,32,8,0.95,0.050000000000000044,0.025000000000000022,4817919,370.82466096548717,cdf_bet,cdf,1.0,0.0,0.0
vary_p,32,8,0.95,0.050000000000000044,0.025000000000000022,4817919,370.82466096548717,cdf_exact,cdf,1.0,0.0,0.0
vary_p,32,8,0.95,0.050000000000000044,0.025000000000000022,4817919,370.82466096548717,exc_eb,exceedance,1.0,0.0,0.0
vary_p,32,8,0.95,0.050000000000000044,0.025000000000000022,4817919,370.82466096548717,exc_bet,exceedance,1.0,0.0,0.0
vary_p,32,8,0.95,0.050000000000000044,0.025000000000000022,4817919,370.82466096548717,counts_exact,counts,1.0,0.0,0.0
vary_p,32,8,0.95,0.050000000000000044,0.025000000000000022,4817919,370.82466096548717,norm_bet,counts,1.0,0.0,0.0
vary_p,32,8,0.95,0.050000000000000044,0.025000000000000022,6432695,495.110428894588,cdf_eb,cdf,1.0,0.0,0.0
vary_p,32,8,0.95,0.050000000000000044,0.025000000000000022,6432695,495.110428894588,cdf_bet,cdf,1.0,0.0,0.0
vary_p,32,8,0.95,0.050000000000000044,0.025000000000000022,6432695,495.110428894588,cdf_exact,cdf,1.0,0.0,0.0
vary_p,32,8,0.95,0.050000000000000044,0.025000000000000022,6432695,495.110428894588,exc_eb,exceedance,1.0,0.0,0.0
vary_p,32,8,0.95,0.050000000000000044,0.025000000000000022,6432695,495.110428894588,exc_bet,exceedance,1.0,0.0,0.0
vary_p,32,8,0.95,0.050000000000000044,0.025000000000000022,6432695,495.110428894588,counts_exact,counts,1.0,0.0,0.0
vary_p,32,8,0.95,0.050000000000000044,0.025000000000000022,6432695,495.110428894588,norm_bet,counts,1.0,0.0,0.0
vary_p,32,8,0.95,0.050000000000000044,0.025000000000000022,8588681,661.0519437885364,cdf_eb,cdf,1.0,0.0,0.0
vary_p,32,8,0.95,0.050000000000000044,0.025000000000000022,8588681,661.0519437885364,cdf_bet,cdf,1.0,0.0,0.0
vary_p,32,8,0.95,0.050000000000000044,0.025000000000000022,8588681,661.0519437885364,cdf_exact,cdf,1.0,0.0,0.0
vary_p,32,8,0.95,0.050000000000000044,0.025000000000000022,8588681,661.0519437885364,exc_eb,exceedance,1.0,0.0,0.0
vary_p,32,8,0.95,0.050000000000000044,0.025000000000000022,8588681,661.0519437885364,exc_bet,exceedance,1.0,0.0,0.0
vary_p,32,8,0.95,0.050000000000000044,0.025000000000000022,8588681,661.0519437885364,counts_exact,counts,1.0,0.0,0.0
vary_p,32,8,0.95,0.050000000000000044,0.025000000000000022,8588681,661.0519437885364,norm_bet,counts,1.0,0.0,0.0
vary_p,32,8,0.95,0.050000000000000044,0.025000000000000022,11467268,882.6104731732477,cdf_eb,cdf,1.0,0.0,0.0
vary_p,32,8,0.95,0.050000000000000044,0.025000000000000022,11467268,882.6104731732477,cdf_bet,cdf,1.0,0.0,0.0
vary_p,32,8,0.95,0.050000000000000044,0.025000000000000022,11467268,882.6104731732477,cdf_exact,cdf,1.0,0.0,0.0
vary_p,32,8,0.95,0.050000000000000044,0.025000000000000022,11467268,882.6104731732477,exc_eb,exceedance,1.0,0.0,0.0
vary_p,32,8,0.95,0.050000000000000044,0.025000000000000022,11467268,882.6104731732477,exc_bet,exceedance,1.0,0.0,0.0
vary_p,32,8,0.95,0.050000000000000044,0.025000000000000022,11467268,882.6104731732477,counts_exact,counts,1.0,0.0,0.0
vary_p,32,8,0.95,0.050000000000000044,0.025000000000000022,11467268,882.6104731732477,norm_bet,counts,1.0,0.0,0.0
vary_p,32,8,0.95,0.050000000000000044,0.025000000000000022,15310644,1178.426696352361,cdf_eb,cdf,1.0,0.0,0.0
vary_p,32,8,0.95,0.050000000000000044,0.025000000000000022,15310644,1178.426696352361,cdf_bet,cdf,1.0,0.0,0.0
vary_p,32,8,0.95,0.050000000000000044,0.025000000000000022,15310644,1178.426696352361,cdf_exact,cdf,1.0,0.0,0.0
vary_p,32,8,0.95,0.050000000000000044,0.025000000000000022,15310644,1178.426696352361,exc_eb,exceedance,1.0,0.0,0.0
vary_p,32,8,0.95,0.050000000000000044,0.025000000000000022,15310644,1178.426696352361,exc_bet,exceedance,1.0,0.0,0.0
vary_p,32,8,0.95,0.050000000000000044,0.025000000000000022,15310644,1178.426696352361,counts_exact,counts,1.0,0.0,0.0
vary_p,32,8,0.95,0.050000000000000044,0.025000000000000022,15310644,1178.426696352361,norm_bet,counts,1.0,0.0,0.0
vary_p,32,8,0.95,0.050000000000000044,0.025000000000000022,20442167,1573.388769544459,cdf_eb,cdf,1.0,0.0,0.0
vary_p,32,8,0.95,0.050000000000000044,0.025000000000000022,20442167,1573.388769544459,cdf_bet,cdf,1.0,0.0,0.0
vary_p,32,8,0.95,0.050000000000000044,0.025000000000000022,20442167,1573.388769544459,cdf_exact,cdf,1.0,0.0,0.0
vary_p,32,8,0.95,0.050000000000000044,0.025000000000000022,20442167,1573.388769544459,exc_eb,exceedance,1.0,0.0,0.0
vary_p,32,8,0.95,0.050000000000000044,0.025000000000000022,20442167,1573.388769544459,exc_bet,exceedance,1.0,0.0,0.0
vary_p,32,8,0.95,0.050000000000000044,0.025000000000000022,20442167,1573.388769544459,counts_exact,counts,1.0,0.0,0.0
vary_p,32,8,0.95,0.050000000000000044,0.025000000000000022,20442167,1573.388769544459,norm_bet,counts,1.0,0.0,0.0
vary_p,32,8,0.95,0.050000000000000044,0.025000000000000022,27293575,2100.726619918495,cdf_eb,cdf,1.0,0.0,0.0
vary_p,32,8,0.95,0.050000000000000044,0.025000000000000022,27293575,2100.726619918495,cdf_bet,cdf,1.0,0.0,0.0
vary_p,32,8,0.95,0.050000000000000044,0.025000000000000022,27293575,2100.726619918495,cdf_exact,cdf,1.0,0.0,0.0
vary_p,32,8,0.95,0.050000000000000044,0.025000000000000022,27293575,2100.726619918495,exc_eb,exceedance,1.0,0.0,0.0
vary_p,32,8,0.95,0.050000000000000044,0.025000000000000022,27293575,2100.726619918495,exc_bet,exceedance,1.0,0.0,0.0
vary_p,32,8,0.95,0.050000000000000044,0.025000000000000022,27293575,2100.726619918495,counts_exact,counts,1.0,0.0,0.0
vary_p,32,8,0.95,0.050000000000000044,0.025000000000000022,27293575,2100.726619918495,norm_bet,counts,1.0,0.0,0.0
vary_p,32,8,0.95,0.050000000000000044,0.025000000000000022,36441304,2804.8072624177057,cdf_eb,cdf,1.0,0.0,0.0
vary_p,32,8,0.95,0.050000000000000044,0.025000000000000022,36441304,2804.8072624177057,cdf_bet,cdf,1.0,0.0,0.0
vary_p,32,8,0.95,0.050000000000000044,0.025000000000000022,36441304,2804.8072624177057,cdf_exact,cdf,1.0,0.0,0.0
vary_p,32,8,0.95,0.050000000000000044,0.025000000000000022,36441304,2804.8072624177057,exc_eb,exceedance,1.0,0.0,0.0
vary_p,32,8,0.95,0.050000000000000044,0.025000000000000022,36441304,2804.8072624177057,exc_bet,exceedance,1.0,0.0,0.0
vary_p,32,8,0.95,0.050000000000000044,0.025000000000000022,36441304,2804.8072624177057,counts_exact,counts,1.0,0.0,0.0
vary_p,32,8,0.95,0.050000000000000044,0.025000000000000022,36441304,2804.8072624177057,norm_bet,counts,1.0,0.0,0.0
vary_p,32,8,0.95,0.050000000000000044,0.025000000000000022,48654992,3744.8680462827397,cdf_eb,cdf,1.0,0.0,0.0
vary_p,32,8,0.95,0.050000000000000044,0.025000000000000022,48654992,3744.8680462827397,cdf_bet,cdf,1.0,0.0,0.0
vary_p,32,8,0.95,0.050000000000000044,0.025000000000000022,48654992,3744.8680462827397,cdf_exact,cdf,1.0,0.0,0.0
vary_p,32,8,0.95,0.050000000000000044,0.025000000000000022,48654992,3744.8680462827397,exc_eb,exceedance,1.0,0.0,0.0
vary_p,32,8,0.95,0.050000000000000044,0.025000000000000022,48654992,3744.8680462827397,exc_bet,exceedance,1.0,0.0,0.0
vary_p,32,8,0.95,0.050000000000000044,0.025000000000000022,48654992,3744.8680462827397,counts_exact,counts,1.0,0.0,0.0
vary_p,32,8,0.95,0.050000000000000044,0.025000000000000022,48654992,3744.8680462827397,norm_bet,counts,1.0,0.0,0.0
vary_p,32,8,0.95,0.050000000000000044,0.025000000000000022,64962225,5000.000012700233,cdf_eb,cdf,1.0,0.0,0.0
vary_p,32,8,0.95,0.050000000000000044,0.025000000000000022,64962225,5000.000012700233,cdf_bet,cdf,1.0,0.0,0.0
vary_p,32,8,0.95,0.050000000000000044,0.025000000000000022,64962225,5000.000012700233,cdf_exact,cdf,1.0,0.0,0.0
vary_p,32,8,0.95,0.050000000000000044,0.025000000000000022,64962225,5000.000012700233,exc_eb,exceedance,1.0,0.0,0.0
vary_p,32,8,0.95,0.050000000000000044,0.025000000000000022,64962225,5000.000012700233,exc_bet,exceedance,1.0,0.0,0.0
vary_p,32,8,0.95,0.050000000000000044,0.025000000000000022,64962225,5000.000012700233,counts_exact,counts,1.0,0.0,0.0
vary_p,32,8,0.95,0.050000000000000044,0.025000000000000022,64962225,5000.000012700233,norm_bet,counts,1.0,0.0,0.0
single,1,1,0.95,0.050000000000000044,0.025000000000000022,5,0.020863012543458393,cdf_eb,cdf,0.0,0.0,1.0
single,1,1,0.95,0.050000000000000044,0.025000000000000022,5,0.020863012543458393,cdf_bet,cdf,0.0,0.0,1.0
single,1,1,0.95,0.050000000000000044,0.025000000000000022,5,0.020863012543458393,cdf_exact,cdf,0.0,0.0,1.0
single,1,1,0.95,0.050000000000000044,0.025000000000000022,5,0.020863012543458393,exc_eb,exceedance,0.0,0.0,1.0
single,1,1,0.95,0.050000000000000044,0.025000000000000022,5,0.020863012543458393,exc_bet,exceedance,0.0,0.0,1.0
single,1,1,0.95,0.050000000000000044,0.025000000000000022,5,0.020863012543458393,counts_exact,counts,0.0,0.0,1.0
single,1,1,0.95,0.050000000000000044,0.025000000000000022,5,0.020863012543458393,norm_bet,counts,0.0,0.0,1.0
single,1,1,0.95,0.050000000000000044,0.025000000000000022,6,0.025035615052150073,cdf_eb,cdf,0.0,0.0,1.0
single,1,1,0.95,0.050000000000000044,0.025000000000000022,6,0.025035615052150073,cdf_bet,cdf,0.0,0.0,1.0
single,1,1,0.95,0.050000000000000044,0.025000000000000022,6,0.025035615052150073,cdf_exact,cdf,0.0,0.0,1.0
single,1,1,0.95,0.050000000000000044,0.025000000000000022,6,0.025035615052150073,exc_eb,exceedance,0.0,0.0,1.0
single,1,1,0.95,0.050000000000000044,0.025000000000000022,6,0.025035615052150073,exc_bet,exceedance,0.0,0.0,1.0
single,1,1,0.95,0.050000000000000044,0.025000000000000022,6,0.025035615052150073,counts_exact,counts,0.0,0.0,1.0
single,1,1,0.95,0.050000000000000044,0.025000000000000022,6,0.025035615052150073,norm_bet,counts,0.0,0.0,1.0
single,1,1,0.95,0.050000000000000044,0.025000000000000022,9,0.03755342257822511,cdf_eb,cdf,0.0,0.0,1.0
single,1,1,0.95,0.050000000000000044,0.025000000000000022,9,0.03755342257822511,cdf_bet,cdf,0.0,0.0,1.0
single,1,1,0.95,0.050000000000000044,0.025000000000000022,9,0.03755342257822511,cdf_exact,cdf,0.0,0.0,1.0
single,1,1,0.95,0.050000000000000044,0.025000000000000022,9,0.03755342257822511,exc_eb,exceedance,0.0,0.0,1.0
single,1,1,0.95,0.050000000000000044,0.025000000000000022,9,0.03755342257822511,exc_bet,exceedance,0.0,0.0,1.0
single,1,1,0.95,0.050000000000000044,0.025000000000000022,9,0.03755342257822511,counts_exact,counts,0.0,0.0,1.0
single,1,1,0.95,0.050000000000000044,0.025000000000000022,9,0.03755342257822511,norm_bet,counts,0.0,0.0,1.0
single,1,1,0.95,0.050000000000000044,0.025000000000000022,11,0.04589862759560847,cdf_eb,cdf,0.0,0.0,1.0
single,1,1,0.95,0.050000000000000044,0.025000000000000022,11,0.04589862759560847,cdf_bet,cdf,0.0,0.0,1.0
single,1,1,0.95,0.050000000000000044,0.025000000000000022,11,0.04589862759560847,cdf_exact,cdf,0.0,0.0,1.0
single,1,1,0.95,0.050000000000000044,0.025000000000000022,11,0.04589862759560847,exc_eb,exceedance,0.0,0.0,1.0
single,1,1,0.95,0.050000000000000044,0.025000000000000022,11,0.04589862759560847,exc_bet,exceedance,0.0,0.0,1.0
single,1,1,0.95,0.050000000000000044,0.025000000000000022,11,0.04589862759560847,counts_exact,counts,0.0,0.0,1.0
single,1,1,0.95,0.050000000000000044,0.025000000000000022,11,0.04589862759560847,norm_bet,counts,0.0,0.0,1.0
single,1,1,0.95,0.050000000000000044,0.025000000000000022,15,0.06258903763037518,cdf_eb,cdf,0.0,0.0,1.0
single,1,1,0.95,0.050000000000000044,0.025000000000000022,15,0.06258903763037518,cdf_bet,cdf,0.0,0.0,1.0
single,1,1,0.95,0.050000000000000044,0.025000000000000022,15,0.06258903763037518,cdf_exact,cdf,0.0,0.0,1.0
single,1,1,0.95,0.050000000000000044,0.025000000000000022,15,0.06258903763037518,exc_eb,exceedance,0.0,0.0,1.0
single,1,1,0.95,0.050000000000000044,0.025000000000000022,15,0.06258903763037518,exc_bet,exceedance,0.0,0.0,1.0
single,1,1,0.95,0.050000000000000044,0.025000000000000022,15,0.06258903763037518,counts_exact,counts,0.0,0.0,1.0
single,1,1,0.95,0.050000000000000044,0.025000000000000022,15,0.06258903763037518,norm_bet,counts,0.0,0.0,1.0
single,1,1,0.95,0.050000000000000044,0.025000000000000022,20,0.08345205017383357,cdf_eb,cdf,0.0,0.0,1.0
single,1,1,0.95,0.050000000000000044,0.025000000000000022,20,0.08345205017383357,cdf_bet,cdf,0.0,0.0,1.0
single,1,1,0.95,0.050000000000000044,0.025000000000000022,20,0.08345205017383357,cdf_exact,cdf,0.0,0.0,1.0
single,1,1,0.95,0.050000000000000044,0.025000000000000022,20,0.08345205017383357,exc_eb,exceedance,0.0,0.0,1.0
single,1,1,0.95,0.050000000000000044,0.025000000000000022,20,0.08345205017383357,exc_bet,exceedance,0.0,0.0,1.0
single,1,1,0.95,0.050000000000000044,0.025000000000000022,20,0.08345205017383357,counts_exact,counts,0.0,0.0,1.0
single,1,1,0.95,0.050000000000000044,0.025000000000000022,20,0.08345205017383357,norm_bet,counts,0.0,0.0,1.0
single,1,1,0.95,0.050000000000000044,0.025000000000000022,27,0.11266026773467533,cdf_eb,cdf,0.0,0.0,1.0
single,1,1,0.95,0.050000000000000044,0.025000000000000022,27,0.11266026773467533,cdf_bet,cdf,0.0,0.0,1.0
single,1,1,0.95,0.050000000000000044,0.025000000000000022,27,0.11266026773467533,cdf_exact,cdf,0.0,0.0,1.0
single,1,1,0.95,0.050000000000000044,0.025000000000000022,27,0.11266026773467533,exc_eb,exceedance,0.0,0.0,1.0
single,1,1,0.95,0.050000000000000044,0.025000000000000022,27,0.11266026773467533,exc_bet,exceedance,0.0,0.0,1.0
single,1,1,0.95,0.050000000000000044,0.025000000000000022,27,0.11266026773467533,counts_exact,counts,0.0,0.0,1.0
single,1,1,0.95,0.050000000000000044,0.025000000000000022,27,0.11266026773467533,norm_bet,counts,0.0,0.0,1.0
single,1,1,0.95,0.050000000000000044,0.025000000000000022,36,0.15021369031290044,cdf_eb,cdf,0.0,0.0,1.0
single,1,1,0.95,0.050000000000000044,0.025000000000000022,36,0.15021369031290044,cdf_bet,cdf,0.0,0.0,1.0
single,1,1,0.95,0.050000000000000044,0.025000000000000022,36,0.15021369031290044,cdf_exact,cdf,0.0,0.0,1.0
single,1,1,0.95,0.050000000000000044,0.025000000000000022,36,0.15021369031290044,exc_eb,exceedance,0.0,0.0,1.0
single,1,1,0.95,0.050000000000000044,0.025000000000000022,36,0.15021369031290044,exc_bet,exceedance,0.0,0.0,1.0
single,1,1,0.95,0.050000000000000044,0.025000000000000022,36,0.15021369031290044,counts_exact,counts,0.0,0.0,1.0
single,1,1,0.95,0.050000000000000044,0.025000000000000022,36,0.15021369031290044,norm_bet,counts,0.0,0.0,1.0
single,1,1,0.95,0.050000000000000044,0.025000000000000022,48,0.20028492041720058,cdf_eb,cdf,0.0,0.0,1.0
single,1,1,0.95,0.050000000000000044,0.025000000000000022,48,0.20028492041720058,cdf_bet,cdf,0.0,0.0,1.0
single,1,1,0.95,0.050000000000000044,0.025000000000000022,48,0.20028492041720058,cdf_exact,cdf,0.0,0.0,1.0
single,1,1,0.95,0.050000000000000044,0.025000000000000022,48,0.20028492041720058,exc_eb,exceedance,0.0,0.0,1.0
single,1,1,0.95,0.050000000000000044,0.025000000000000022,48,0.20028492041720058,exc_bet,exceedance,0.0,0.0,1.0
single,1,1,0.95,0.050000000000000044,0.025000000000000022,48,0.20028492041720058,counts_exact,counts,0.0,0.0,1.0
single,1,1,0.95,0.050000000000000044,0.025000000000000022,48,0.20028492041720058,norm_bet,counts,0.0,0.0,1.0
single,1,1,0.95,0.050000000000000044,0.025000000000000022,65,0.27121916306495913,cdf_eb,cdf,0.0,0.0,1.0
single,1,1,0.95,0.050000000000000044,0.025000000000000022,65,0.27121916306495913,cdf_bet,cdf,0.0,0.0,1.0
single,1,1,0.95,0.050000000000000044,0.025000000000000022,65,0.27121916306495913,cdf_exact,cdf,0.19,0.0,0.81
single,1,1,0.95,0.050000000000000044,0.025000000000000022,65,0.27121916306495913,exc_eb,exceedance,0.0,0.0,1.0
single,1,1,0.95,0.050000000000000044,0.025000000000000022,65,0.27121916306495913,exc_bet,exceedance,0.0,0.0,1.0
single,1,1,0.95,0.050000000000000044,0.025000000000000022,65,0.27121916306495913,counts_exact,counts,0.19,0.0,0.81
single,1,1,0.95,0.050000000000000044,0.025000000000000022,65,0.27121916306495913,norm_bet,counts,0.0,0.0,1.0
single,1,1,0.95,0.050000000000000044,0.025000000000000022,86,0.35884381574748436,cdf_eb,cdf,0.0,0.0,1.0
single,1,1,0.95,0.050000000000000044,0.025000000000000022,86,0.35884381574748436,cdf_bet,cdf,0.0,0.0,1.0
single,1,1,0.95,0.050000000000000044,0.025000000000000022,86,0.35884381574748436,cdf_exact,cdf,0.108,0.0,0.892
single,1,1,0.95,0.050000000000000044,0.025000000000000022,86,0.35884381574748436,exc_eb,exceedance,0.0,0.0,1.0
single,1,1,0.95,0.050000000000000044,0.025000000000000022,86,0.35884381574748436,exc_bet,exceedance,0.0,0.0,1.0
single,1,1,0.95,0.050000000000000044,0.025000000000000022,86,0.35884381574748436,counts_exact,counts,0.108,0.0,0.892
single,1,1,0.95,0.050000000000000044,0.025000000000000022,86,0.35884381574748436,norm_bet,counts,0.0,0.0,1.0
single,1,1,0.95,0.050000000000000044,0.025000000000000022,115,0.47984928849954306,cdf_eb,cdf,0.0,0.0,1.0
single,1,1,0.95,0.050000000000000044,0.025000000000000022,115,0.47984928849954306,cdf_bet,cdf,0.0,0.0,1.0
single,1,1,0.95,0.050000000000000044,0.025000000000000022,115,0.47984928849954306,cdf_exact,cdf,0.207,0.0,0.793
single,1,1,0.95,0.050000000000000044,0.025000000000000022,115,0.47984928849954306,exc_eb,exceedance,0.0,0.0,1.0
single,1,1,0.95,0.050000000000000044,0.025000000000000022,115,0.47984928849954306,exc_bet,exceedance,0.0,0.0,1.0
single,1,1,0.95,0.050000000000000044,0.025000000000000022,115,0.47984928849954306,counts_exact,counts,0.207,0.0,0.793
single,1,1,0.95,0.050000000000000044,0.025000000000000022,115,0.47984928849954306,norm_bet,counts,0.0,0.0,1.0
single,1,1,0.95,0.050000000000000044,0.025000000000000022,154,0.6425807863385186,cdf_eb,cdf,0.0,0.0,1.0
single,1,1,0.95,0.050000000000000044,0.025000000000000022,154,0.6425807863385186,cdf_bet,cdf,0.0215,0.0,0.9785
single,1,1,0.95,0.050000000000000044,0.025000000000000022,154,0.6425807863385186,cdf_exact,cdf,0.4765,0.0,0.5235
single,1,1,0.95,0.050000000000000044,0.025000000000000022,154,0.6425807863385186,exc_eb,exceedance,0.0,0.0,1.0
single,1,1,0.95,0.050000000000000044,0.025000000000000022,154,0.6425807863385186,exc_bet,exceedance,0.0215,0.0,0.9785
single,1,1,0.95,0.050000000000000044,0.025000000000000022,154,0.6425807863385186,counts_exact,counts,0.4765,0.0,0.5235
single,1,1,0.95,0.050000000000000044,0.025000000000000022,154,0.6425807863385186,norm_bet,counts,0.0215,0.0,0.9785
single,1,1,0.95,0.050000000000000044,0.025000000000000022,205,0.8553835142817942,cdf_eb,cdf,0.0055,0.0,0.9945
single,1,1,0.95,0.050000000000000044,0.025000000000000022,205,0.8553835142817942,cdf_bet,cdf,0.1285,0.0,0.8715
single,1,1,0.95,0.050000000000000044,0.025000000000000022,205,0.8553835142817942,cdf_exact,cdf,0.3905,0.0,0.6095
single,1,1,0.95,0.050000000000000044,0.025000000000000022,205,0.8553835142817942,exc_eb,exceedance,0.0055,0.0,0.9945
single,1,1,0.95,0.050000000000000044,0.025000000000000022,205,0.8553835142817942,exc_bet,exceedance,0.1285,0.0,0.8715
single,1,1,0.95,0.050000000000000044,0.025000000000000022,205,0.8553835142817942,counts_exact,counts,0.3905,0.0,0.6095
single,1,1,0.95,0.050000000000000044,0.025000000000000022,205,0.8553835142817942,norm_bet,counts,0.1285,0.0,0.8715
single,1,1,0.95,0.050000000000000044,0.025000000000000022,274,1.1432930873815201,cdf_eb,cdf,0.008,0.0,0.992
single,1,1,0.95,0.050000000000000044,0.025000000000000022,274,1.1432930873815201,cdf_bet,cdf,0.271,0.0,0.729
single,1,1,0.95,0.050000000000000044,0.025000000000000022,274,1.1432930873815201,cdf_exact,cdf,0.607,0.0,0.393
single,1,1,0.95,0.050000000000000044,0.025000000000000022,274,1.1432930873815201,exc_eb,exceedance,0.008,0.0,0.992
single,1,1,0.95,0.050000000000000044,0.025000000000000022,274,1.1432930873815201,exc_bet,exceedance,0.271,0.0,0.729
single,1,1,0.95,0.050000000000000044,0.025000000000000022,274,1.1432930873815201,counts_exact,counts,0.607,0.0,0.393
single,1,1,0.95,0.050000000000000044,0.025000000000000022,274,1.1432930873815201,norm_bet,counts,0.271,0.0,0.729
single,1,1,0.95,0.050000000000000044,0.025000000000000022,366,1.5271725181811544,cdf_eb,cdf,0.0485,0.0,0.9515
single,1,1,0.95,0.050000000000000044,0.025000000000000022,366,1.5271725181811544,cdf_bet,cdf,0.431,0.0,0.569
single,1,1,0.95,0.050000000000000044,0.025000000000000022,366,1.5271725181811544,cdf_exact,cdf,0.7755,0.0,0.2245
single,1,1,0.95,0.050000000000000044,0.025000000000000022,366,1.5271725181811544,exc_eb,exceedance,0.0485,0.0,0.9515
single,1,1,0.95,0.050000000000000044,0.025000000000000022,366,1.5271725181811544,exc_bet,exceedance,0.431,0.0,0.569
single,1,1,0.95,0.050000000000000044,0.025000000000000022,366,1.5271725181811544,counts_exact,counts,0.7755,0.0,0.2245
single,1,1,0.95,0.050000000000000044,0.025000000000000022,366,1.5271725181811544,norm_bet,counts,0.431,0.0,0.569
single,1,1,0.95,0.050000000000000044,0.025000000000000022,489,2.040402626750231,cdf_eb,cdf,0.1435,0.0,0.8565
single,1,1,0.95,0.050000000000000044,0.025000000000000022,489,2.040402626750231,cdf_bet,cdf,0.6075,0.0,0.3925
single,1,1,0.95,0.050000000000000044,0.025000000000000022,489,2.040402626750231,cdf_exact,cdf,0.8825,0.0,0.1175
single,1,1,0.95,0.050000000000000044,0.025000000000000022,489,2.040402626750231,exc_eb,exceedance,0.1435,0.0,0.8565
single,1,1,0.95,0.050000000000000044,0.025000000000000022,489,2.040402626750231,exc_bet,exceedance,0.6075,0.0,0.3925
single,1,1,0.95,0.050000000000000044,0.025000000000000022,489,2.040402626750231,counts_exact,counts,0.8825,0.0,0.1175
single,1,1,0.95,0.050000000000000044,0.025000000000000022,489,2.040402626750231,norm_bet,counts,0.6075,0.0,0.3925
single,1,1,0.95,0.050000000000000044,0.025000000000000022,653,2.7247094381756662,cdf_eb,cdf,0.2495,0.0,0.7505
single,1,1,0.95,0.050000000000000044,0.025000000000000022,653,2.7247094381756662,cdf_bet,cdf,0.7435,0.0,0.2565
single,1,1,0.95,0.050000000000000044,0.025000000000000022,653,2.7247094381756662,cdf_exact,cdf,0.9455,0.0,0.0545
single,1,1,0.95,0.050000000000000044,0.025000000000000022,653,2.7247094381756662,exc_eb,exceedance,0.2495,0.0,0.7505
single,1,1,0.95,0.050000000000000044,0.025000000000000022,653,2.7247094381756662,exc_bet,exceedance,0.7435,0.0,0.2565
single,1,1,0.95,0.050000000000000044,0.025000000000000022,653,2.7247094381756662,counts_exact,counts,0.9455,0.0,0.0545
single,1,1,0.95,0.050000000000000044,0.025000000000000022,653,2.7247094381756662,norm_bet,counts,0.7435,0.0,0.2565
single,1,1,0.95,0.050000000000000044,0.025000000000000022,871,3.6343367850704524,cdf_eb,cdf,0.567,0.0,0.433
single,1,1,0.95,0.050000000000000044,0.025000000000000022,871,3.6343367850704524,cdf_bet,cdf,0.87,0.0,0.13
single,1,1,0.95,0.050000000000000044,0.025000000000000022,871,3.6343367850704524,cdf_exact,cdf,0.988,0.0,0.012
single,1,1,0.95,0.050000000000000044,0.025000000000000022,871,3.6343367850704524,exc_eb,exceedance,0.567,0.0,0.433
single,1,1,0.95,0.050000000000000044,0.025000000000000022,871,3.6343367850704524,exc_bet,exceedance,0.87,0.0,0.13
single,1,1,0.95,0.050000000000000044,0.025000000000000022,871,3.6343367850704524,counts_exact,counts,0.988,0.0,0.012
single,1,1,0.95,0.050000000000000044,0.025000000000000022,871,3.6343367850704524,norm_bet,counts,0.87,0.0,0.13
single,1,1,0.95,0.050000000000000044,0.025000000000000022,1163,4.852736717608423,cdf_eb,cdf,0.794,0.0,0.206
single,1,1,0.95,0.050000000000000044,0.025000000000000022,1163,4.852736717608423,cdf_bet,cdf,0.955,0.0,0.045
single,1,1,0.95,0.050000000000000044,0.025000000000000022,1163,4.852736717608423,cdf_exact,cdf,0.998,0.0,0.002
single,1,1,0.95,0.050000000000000044,0.025000000000000022,1163,4.852736717608423,exc_eb,exceedance,0.794,0.0,0.206
single,1,1,0.95,0.050000000000000044,0.025000000000000022,1163,4.852736717608423,exc_bet,exceedance,0.955,0.0,0.045
single,1,1,0.95,0.050000000000000044,0.025000000000000022,1163,4.852736717608423,counts_exact,counts,0.998,0.0,0.002
single,1,1,0.95,0.050000000000000044,0.025000000000000022,1163,4.852736717608423,norm_bet,counts,0.955,0.0,0.045
single,1,1,0.95,0.050000000000000044,0.025000000000000022,1553,6.480051695998178,cdf_eb,cdf,0.9735,0.0,0.0265
single,1,1,0.95,0.050000000000000044,0.025000000000000022,1553,6.480051695998178,cdf_bet,cdf,0.993,0.0,0.007
single,1,1,0.95,0.050000000000000044,0.025000000000000022,1553,6.480051695998178,cdf_exact,cdf,1.0,0.0,0.0
single,1,1,0.95,0.050000000000000044,0.025000000000000022,1553,6.480051695998178,exc_eb,exceedance,0.9735,0.0,0.0265
single,1,1,0.95,0.050000000000000044,0.025000000000000022,1553,6.480051695998178,exc_bet,exceedance,0.993,0.0,0.007
single,1,1,0.95,0.050000000000000044,0.025000000000000022,1553,6.480051695998178,counts_exact,counts,1.0,0.0,0.0
single,1,1,0.95,0.050000000000000044,0.025000000000000022,1553,6.480051695998178,norm_bet,counts,0.993,0.0,0.007
single,1,1,0.95,0.050000000000000044,0.025000000000000022,2074,8.653977603026542,cdf_eb,cdf,0.998,0.0,0.002
single,1,1,0.95,0.050000000000000044,0.025000000000000022,2074,8.653977603026542,cdf_bet,cdf,1.0,0.0,0.0
single,1,1,0.95,0.050000000000000044,0.025000000000000022,2074,8.653977603026542,cdf_exact,cdf,1.0,0.0,0.0
single,1,1,0.95,0.050000000000000044,0.025000000000000022,2074,8.653977603026542,exc_eb,exceedance,0.998,0.0,0.002
single,1,1,0.95,0.050000000000000044,0.025000000000000022,2074,8.653977603026542,exc_bet,exceedance,1.0,0.0,0.0
single,1,1,0.95,0.050000000000000044,0.025000000000000022,2074,8.653977603026542,counts_exact,counts,1.0,0.0,0.0
single,1,1,0.95,0.050000000000000044,0.025000000000000022,2074,8.653977603026542,norm_bet,counts,1.0,0.0,0.0
single,1,1,0.95,0.050000000000000044,0.025000000000000022,2769,11.553936346567259,cdf_eb,cdf,1.0,0.0,0.0
single,1,1,0.95,0.050000000000000044,0.025000000000000022,2769,11.553936346567259,cdf_bet,cdf,1.0,0.0,0.0
single,1,1,0.95,0.050000000000000044,0.025000000000000022,2769,11.553936346567259,cdf_exact,cdf,1.0,0.0,0.0
single,1,1,0.95,0.050000000000000044,0.025000000000000022,2769,11.553936346567259,exc_eb,exceedance,1.0,0.0,0.0
single,1,1,0.95,0.050000000000000044,0.025000000000000022,2769,11.553936346567259,exc_bet,exceedance,1.0,0.0,0.0
single,1,1,0.95,0.050000000000000044,0.025000000000000022,2769,11.553936346567259,counts_exact,counts,1.0,0.0,0.0
single,1,1,0.95,0.050000000000000044,0.025000000000000022,2769,11.553936346567259,norm_bet,counts,1.0,0.0,0.0
single,1,1,0.95,0.050000000000000044,0.025000000000000022,3697,15.426111474633137,cdf_eb,cdf,1.0,0.0,0.0
single,1,1,0.95,0.050000000000000044,0.025000000000000022,3697,15.426111474633137,cdf_bet,cdf,1.0,0.0,0.0
single,1,1,0.95,0.050000000000000044,0.025000000000000022,3697,15.426111474633137,cdf_exact,cdf,1.0,0.0,0.0
single,1,1,0.95,0.050000000000000044,0.025000000000000022,3697,15.426111474633137,exc_eb,exceedance,1.0,0.0,0.0
single,1,1,0.95,0.050000000000000044,0.025000000000000022,3697,15.426111474633137,exc_bet,exceedance,1.0,0.0,0.0
single,1,1,0.95,0.050000000000000044,0.025000000000000022,3697,15.426111474633137,counts_exact,counts,1.0,0.0,0.0
single,1,1,0.95,0.050000000000000044,0.025000000000000022,3697,15.426111474633137,norm_bet,counts,1.0,0.0,0.0
single,1,1,0.95,0.050000000000000044,0.025000000000000022,4937,20.600138585410818,cdf_eb,cdf,1.0,0.0,0.0
single,1,1,0.95,0.050000000000000044,0.025000000000000022,4937,20.600138585410818,cdf_bet,cdf,1.0,0.0,0.0
single,1,1,0.95,0.050000000000000044,0.025000000000000022,4937,20.600138585410818,cdf_exact,cdf,1.0,0.0,0.0
single,1,1,0.95,0.050000000000000044,0.025000000000000022,4937,20.600138585410818,exc_eb,exceedance,1.0,0.0,0.0
single,1,1,0.95,0.050000000000000044,0.025000000000000022,4937,20.600138585410818,exc_bet,exceedance,1.0,0.0,0.0
single,1,1,0.95,0.050000000000000044,0.025000000000000022,4937,20.600138585410818,counts_exact,counts,1.0,0.0,0.0
single,1,1,0.95,0.050000000000000044,0.025000000000000022,4937,20.600138585410818,norm_bet,counts,1.0,0.0,0.0
single,1,1,0.95,0.050000000000000044,0.025000000000000022,6591,27.501623134786858,cdf_eb,cdf,1.0,0.0,0.0
single,1,1,0.95,0.050000000000000044,0.025000000000000022,6591,27.501623134786858,cdf_bet,cdf,1.0,0.0,0.0
single,1,1,0.95,0.050000000000000044,0.025000000000000022,6591,27.501623134786858,cdf_exact,cdf,1.0,0.0,0.0
single,1,1,0.95,0.050000000000000044,0.025000000000000022,6591,27.501623134786858,exc_eb,exceedance,1.0,0.0,0.0
single,1,1,0.95,0.050000000000000044,0.025000000000000022,6591,27.501623134786858,exc_bet,exceedance,1.0,0.0,0.0
single,1,1,0.95,0.050000000000000044,0.025000000000000022,6591,27.501623134786858,counts_exact,counts,1.0,0.0,0.0
single,1,1,0.95,0.050000000000000044,0.025000000000000022,6591,27.501623134786858,norm_bet,counts,1.0,0.0,0.0
single,1,1,0.95,0.050000000000000044,0.025000000000000022,8800,36.71890207648678,cdf_eb,cdf,1.0,0.0,0.0
single,1,1,0.95,0.050000000000000044,0.025000000000000022,8800,36.71890207648678,cdf_bet,cdf,1.0,0.0,0.0
single,1,1,0.95,0.050000000000000044,0.025000000000000022,8800,36.71890207648678,cdf_exact,cdf,1.0,0.0,0.0
single,1,1,0.95,0.050000000000000044,0.025000000000000022,8800,36.71890207648678,exc_eb,exceedance,1.0,0.0,0.0
single,1,1,0.95,0.050000000000000044,0.025000000000000022,8800,36.71890207648678,exc_bet,exceedance,1.0,0.0,0.0
single,1,1,0.95,0.050000000000000044,0.025000000000000022,8800,36.71890207648678,counts_exact,counts,1.0,0.0,0.0
single,1,1,0.95,0.050000000000000044,0.025000000000000022,8800,36.71890207648678,norm_bet,counts,1.0,0.0,0.0
single,1,1,0.95,0.050000000000000044,0.025000000000000022,11750,49.02807947712723,cdf_eb,cdf,1.0,0.0,0.0
single,1,1,0.95,0.050000000000000044,0.025000000000000022,11750,49.02807947712723,cdf_bet,cdf,1.0,0.0,0.0
single,1,1,0.95,0.050000000000000044,0.025000000000000022,11750,49.02807947712723,cdf_exact,cdf,1.0,0.0,0.0
single,1,1,0.95,0.050000000000000044,0.025000000000000022,11750,49.02807947712723,exc_eb,exceedance,1.0,0.0,0.0
single,1,1,0.95,0.050000000000000044,0.025000000000000022,11750,49.02807947712723,exc_bet,exceedance,1.0,0.0,0.0
single,1,1,0.95,0.050000000000000044,0.025000000000000022,11750,49.02807947712723,counts_exact,counts,1.0,0.0,0.0
single,1,1,0.95,0.050000000000000044,0.025000000000000022,11750,49.02807947712723,norm_bet,counts,1.0,0.0,0.0
single,1,1,0.95,0.050000000000000044,0.025000000000000022,15688,65.45978815635506,cdf_eb,cdf,1.0,0.0,0.0
single,1,1,0.95,0.050000000000000044,0.025000000000000022,15688,65.45978815635506,cdf_bet,cdf,1.0,0.0,0.0
single,1,1,0.95,0.050000000000000044,0.025000000000000022,15688,65.45978815635506,cdf_exact,cdf,1.0,0.0,0.0
single,1,1,0.95,0.050000000000000044,0.025000000000000022,15688,65.45978815635506,exc_eb,exceedance,1.0,0.0,0.0
single,1,1,0.95,0.050000000000000044,0.025000000000000022,15688,65.45978815635506,exc_bet,exceedance,1.0,0.0,0.0
single,1,1,0.95,0.050000000000000044,0.025000000000000022,15688,65.45978815635506,counts_exact,counts,1.0,0.0,0.0
single,1,1,0.95,0.050000000000000044,0.025000000000000022,15688,65.45978815635506,norm_bet,counts,1.0,0.0,0.0
single,1,1,0.95,0.050000000000000044,0.025000000000000022,20946,87.3993321470559,cdf_eb,cdf,1.0,0.0,0.0
single,1,1,0.95,0.050000000000000044,0.025000000000000022,20946,87.3993321470559,cdf_bet,cdf,1.0,0.0,0.0
single,1,1,0.95,0.050000000000000044,0.025000000000000022,20946,87.3993321470559,cdf_exact,cdf,1.0,0.0,0.0
single,1,1,0.95,0.050000000000000044,0.025000000000000022,20946,87.3993321470559,exc_eb,exceedance,1.0,0.0,0.0
single,1,1,0.95,0.050000000000000044,0.025000000000000022,20946,87.3993321470559,exc_bet,exceedance,1.0,0.0,0.0
single,1,1,0.95,0.050000000000000044,0.025000000000000022,20946,87.3993321470559,counts_exact,counts,1.0,0.0,0.0
single,1,1,0.95,0.050000000000000044,0.025000000000000022,20946,87.3993321470559,norm_bet,counts,1.0,0.0,0.0
single,1,1,0.95,0.050000000000000044,0.025000000000000022,27966,116.6910017580715,cdf_eb,cdf,1.0,0.0,0.0
single,1,1,0.95,0.050000000000000044,0.025000000000000022,27966,116.6910017580715,cdf_bet,cdf,1.0,0.0,0.0
single,1,1,0.95,0.050000000000000044,0.025000000000000022,27966,116.6910017580715,cdf_exact,cdf,1.0,0.0,0.0
single,1,1,0.95,0.050000000000000044,0.025000000000000022,27966,116.6910017580715,exc_eb,exceedance,1.0,0.0,0.0
single,1,1,0.95,0.050000000000000044,0.025000000000000022,27966,116.6910017580715,exc_bet,exceedance,1.0,0.0,0.0
single,1,1,0.95,0.050000000000000044,0.025000000000000022,27966,116.6910017580715,counts_exact,counts,1.0,0.0,0.0
single,1,1,0.95,0.050000000000000044,0.025000000000000022,27966,116.6910017580715,norm_bet,counts,1.0,0.0,0.0
single,1,1,0.95,0.050000000000000044,0.025000000000000022,37339,155.8008050720386,cdf_eb,cdf,1.0,0.0,0.0
single,1,1,0.95,0.050000000000000044,0.025000000000000022,37339,155.8008050720386,cdf_bet,cdf,1.0,0.0,0.0
single,1,1,0.95,0.050000000000000044,0.025000000000000022,37339,155.8008050720386,cdf_exact,cdf,1.0,0.0,0.0
single,1,1,0.95,0.050000000000000044,0.025000000000000022,37339,155.8008050720386,exc_eb,exceedance,1.0,0.0,0.0
single,1,1,0.95,0.050000000000000044,0.025000000000000022,37339,155.8008050720386,exc_bet,exceedance,1.0,0.0,0.0
single,1,1,0.95,0.050000000000000044,0.025000000000000022,37339,155.8008050720386,counts_exact,counts,1.0,0.0,0.0
single,1,1,0.95,0.050000000000000044,0.025000000000000022,37339,155.8008050720386,norm_bet,counts,1.0,0.0,0.0
single,1,1,0.95,0.050000000000000044,0.025000000000000022,49853,208.01675286580627,cdf_eb,cdf,1.0,0.0,0.0
single,1,1,0.95,0.050000000000000044,0.025000000000000022,49853,208.01675286580627,cdf_bet,cdf,1.0,0.0,0.0
single,1,1,0.95,0.050000000000000044,0.025000000000000022,49853,208.01675286580627,cdf_exact,cdf,1.0,0.0,0.0
single,1,1,0.95,0.050000000000000044,0.025000000000000022,49853,208.01675286580627,exc_eb,exceedance,1.0,0.0,0.0
single,1,1,0.95,0.050000000000000044,0.025000000000000022,49853,208.01675286580627,exc_bet,exceedance,1.0,0.0,0.0
single,1,1,0.95,0.050000000000000044,0.025000000000000022,49853,208.01675286580627,counts_exact,counts,1.0,0.0,0.0
single,1,1,0.95,0.050000000000000044,0.025000000000000022,49853,208.01675286580627,norm_bet,counts,1.0,0.0,0.0
single,1,1,0.95,0.050000000000000044,0.025000000000000022,66562,277.73676818353556,cdf_eb,cdf,1.0,0.0,0.0
single,1,1,0.95,0.050000000000000044,0.025000000000000022,66562,277.73676818353556,cdf_bet,cdf,1.0,0.0,0.0
single,1,1,0.95,0.050000000000000044,0.025000000000000022,66562,277.73676818353556,cdf_exact,cdf,1.0,0.0,0.0
single,1,1,0.95,0.050000000000000044,0.025000000000000022,66562,277.73676818353556,exc_eb,exceedance,1.0,0.0,0.0
single,1,1,0.95,0.050000000000000044,0.025000000000000022,66562,277.73676818353556,exc_bet,exceedance,1.0,0.0,0.0
single,1,1,0.95,0.050000000000000044,0.025000000000000022,66562,277.73676818353556,counts_exact,counts,1.0,0.0,0.0
single,1,1,0.95,0.050000000000000044,0.025000000000000022,66562,277.73676818353556,norm_bet,counts,1.0,0.0,0.0
single,1,1,0.95,0.050000000000000044,0.025000000000000022,88871,370.8233575499382,cdf_eb,cdf,1.0,0.0,0.0
single,1,1,0.95,0.050000000000000044,0.025000000000000022,88871,370.8233575499382,cdf_bet,cdf,1.0,0.0,0.0
single,1,1,0.95,0.050000000000000044,0.025000000000000022,88871,370.8233575499382,cdf_exact,cdf,1.0,0.0,0.0
single,1,1,0.95,0.050000000000000044,0.025000000000000022,88871,370.8233575499382,exc_eb,exceedance,1.0,0.0,0.0
single,1,1,0.95,0.050000000000000044,0.025000000000000022,88871,370.8233575499382,exc_bet,exceedance,1.0,0.0,0.0
single,1,1,0.95,0.050000000000000044,0.025000000000000022,88871,370.8233575499382,counts_exact,counts,1.0,0.0,0.0
single,1,1,0.95,0.050000000000000044,0.025000000000000022,88871,370.8233575499382,norm_bet,counts,1.0,0.0,0.0
single,1,1,0.95,0.050000000000000044,0.025000000000000022,118657,495.10849587382853,cdf_eb,cdf,1.0,0.0,0.0
single,1,1,0.95,0.050000000000000044,0.025000000000000022,118657,495.10849587382853,cdf_bet,cdf,1.0,0.0,0.0
single,1,1,0.95,0.050000000000000044,0.025000000000000022,118657,495.10849587382853,cdf_exact,cdf,1.0,0.0,0.0
single,1,1,0.95,0.050000000000000044,0.025000000000000022,118657,495.10849587382853,exc_eb,exceedance,1.0,0.0,0.0
single,1,1,0.95,0.050000000000000044,0.025000000000000022,118657,495.10849587382853,exc_bet,exceedance,1.0,0.0,0.0
single,1,1,0.95,0.050000000000000044,0.025000000000000022,118657,495.10849587382853,counts_exact,counts,1.0,0.0,0.0
single,1,1,0.95,0.050000000000000044,0.025000000000000022,118657,495.10849587382853,norm_bet,counts,1.0,0.0,0.0
single,1,1,0.95,0.050000000000000044,0.025000000000000022,158427,661.0528976444966,cdf_eb,cdf,1.0,0.0,0.0
single,1,1,0.95,0.050000000000000044,0.025000000000000022,158427,661.0528976444966,cdf_bet,cdf,1.0,0.0,0.0
single,1,1,0.95,0.050000000000000044,0.025000000000000022,158427,661.0528976444966,cdf_exact,cdf,1.0,0.0,0.0
single,1,1,0.95,0.050000000000000044,0.025000000000000022,158427,661.0528976444966,exc_eb,exceedance,1.0,0.0,0.0
single,1,1,0.95,0.050000000000000044,0.025000000000000022,158427,661.0528976444966,exc_bet,exceedance,1.0,0.0,0.0
single,1,1,0.95,0.050000000000000044,0.025000000000000022,158427,661.0528976444966,counts_exact,counts,1.0,0.0,0.0
single,1,1,0.95,0.050000000000000044,0.025000000000000022,158427,661.0528976444966,norm_bet,counts,1.0,0.0,0.0
single,1,1,0.95,0.050000000000000044,0.025000000000000022,211525,882.6097456510074,cdf_eb,cdf,1.0,0.0,0.0
single,1,1,0.95,0.050000000000000044,0.025000000000000022,211525,882.6097456510074,cdf_bet,cdf,1.0,0.0,0.0
single,1,1,0.95,0.050000000000000044,0.025000000000000022,211525,882.6097456510074,cdf_exact,cdf,1.0,0.0,0.0
single,1,1,0.95,0.050000000000000044,0.025000000000000022,211525,882.6097456510074,exc_eb,exceedance,1.0,0.0,0.0
single,1,1,0.95,0.050000000000000044,0.025000000000000022,211525,882.6097456510074,exc_bet,exceedance,1.0,0.0,0.0
single,1,1,0.95,0.050000000000000044,0.025000000000000022,211525,882.6097456510074,counts_exact,counts,1.0,0.0,0.0
single,1,1,0.95,0.050000000000000044,0.025000000000000022,211525,882.6097456510074,norm_bet,counts,1.0,0.0,0.0
single,1,1,0.95,0.050000000000000044,0.025000000000000022,282420,1178.426400504704,cdf_eb,cdf,1.0,0.0,0.0
single,1,1,0.95,0.050000000000000044,0.025000000000000022,282420,1178.426400504704,cdf_bet,cdf,1.0,0.0,0.0
single,1,1,0.95,0.050000000000000044,0.025000000000000022,282420,1178.426400504704,cdf_exact,cdf,1.0,0.0,0.0
single,1,1,0.95,0.050000000000000044,0.025000000000000022,282420,1178.426400504704,exc_eb,exceedance,1.0,0.0,0.0
single,1,1,0.95,0.050000000000000044,0.025000000000000022,282420,1178.426400504704,exc_bet,exceedance,1.0,0.0,0.0
single,1,1,0.95,0.050000000000000044,0.025000000000000022,282420,1178.426400504704,counts_exact,counts,1.0,0.0,0.0
single,1,1,0.95,0.050000000000000044,0.025000000000000022,282420,1178.426400504704,norm_bet,counts,1.0,0.0,0.0
single,1,1,0.95,0.050000000000000044,0.025000000000000022,377076,1573.3882635674236,cdf_eb,cdf,1.0,0.0,0.0
single,1,1,0.95,0.050000000000000044,0.025000000000000022,377076,1573.3882635674236,cdf_bet,cdf,1.0,0.0,0.0
single,1,1,0.95,0.050000000000000044,0.025000000000000022,377076,1573.3882635674236,cdf_exact,cdf,1.0,0.0,0.0
single,1,1,0.95,0.050000000000000044,0.025000000000000022,377076,1573.3882635674236,exc_eb,exceedance,1.0,0.0,0.0
single,1,1,0.95,0.050000000000000044,0.025000000000000022,377076,1573.3882635674236,exc_bet,exceedance,1.0,0.0,0.0
single,1,1,0.95,0.050000000000000044,0.025000000000000022,377076,1573.3882635674236,counts_exact,counts,1.0,0.0,0.0
single,1,1,0.95,0.050000000000000044,0.025000000000000022,377076,1573.3882635674236,norm_bet,counts,1.0,0.0,0.0
single,1,1,0.95,0.050000000000000044,0.025000000000000022,503457,2100.7259412183867,cdf_eb,cdf,1.0,0.0,0.0
single,1,1,0.95,0.050000000000000044,0.025000000000000022,503457,2100.7259412183867,cdf_bet,cdf,1.0,0.0,0.0
single,1,1,0.95,0.050000000000000044,0.025000000000000022,503457,2100.7259412183867,cdf_exact,cdf,1.0,0.0,0.0
single,1,1,0.95,0.050000000000000044,0.025000000000000022,503457,2100.7259412183867,exc_eb,exceedance,1.0,0.0,0.0
single,1,1,0.95,0.050000000000000044,0.025000000000000022,503457,2100.7259412183867,exc_bet,exceedance,1.0,0.0,0.0
single,1,1,0.95,0.050000000000000044,0.025000000000000022,503457,2100.7259412183867,counts_exact,counts,1.0,0.0,0.0
single,1,1,0.95,0.050000000000000044,0.025000000000000022,503457,2100.7259412183867,norm_bet,counts,1.0,0.0,0.0
single,1,1,0.95,0.050000000000000044,0.025000000000000022,672196,2804.806715932512,cdf_eb,cdf,1.0,0.0,0.0
single,1,1,0.95,0.050000000000000044,0.025000000000000022,672196,2804.806715932512,cdf_bet,cdf,1.0,0.0,0.0
single,1,1,0.95,0.050000000000000044,0.025000000000000022,672196,2804.806715932512,cdf_exact,cdf,1.0,0.0,0.0
single,1,1,0.95,0.050000000000000044,0.025000000000000022,672196,2804.806715932512,exc_eb,exceedance,1.0,0.0,0.0
single,1,1,0.95,0.050000000000000044,0.025000000000000022,672196,2804.806715932512,exc_bet,exceedance,1.0,0.0,0.0
single,1,1,0.95,0.050000000000000044,0.025000000000000022,672196,2804.806715932512,counts_exact,counts,1.0,0.0,0.0
single,1,1,0.95,0.050000000000000044,0.025000000000000022,672196,2804.806715932512,norm_bet,counts,1.0,0.0,0.0
single,1,1,0.95,0.050000000000000044,0.025000000000000022,897490,3744.8690255256947,cdf_eb,cdf,1.0,0.0,0.0
single,1,1,0.95,0.050000000000000044,0.025000000000000022,897490,3744.8690255256947,cdf_bet,cdf,1.0,0.0,0.0
single,1,1,0.95,0.050000000000000044,0.025000000000000022,897490,3744.8690255256947,cdf_exact,cdf,1.0,0.0,0.0
single,1,1,0.95,0.050000000000000044,0.025000000000000022,897490,3744.8690255256947,exc_eb,exceedance,1.0,0.0,0.0
single,1,1,0.95,0.050000000000000044,0.025000000000000022,897490,3744.8690255256947,exc_bet,exceedance,1.0,0.0,0.0
single,1,1,0.95,0.050000000000000044,0.025000000000000022,897490,3744.8690255256947,counts_exact,counts,1.0,0.0,0.0
single,1,1,0.95,0.050000000000000044,0.025000000000000022,897490,3744.8690255256947,norm_bet,counts,1.0,0.0,0.0
single,1,1,0.95,0.050000000000000044,0.025000000000000022,1198293,5000.000377947678,cdf_eb,cdf,1.0,0.0,0.0
single,1,1,0.95,0.050000000000000044,0.025000000000000022,1198293,5000.000377947678,cdf_bet,cdf,1.0,0.0,0.0
single,1,1,0.95,0.050000000000000044,0.025000000000000022,1198293,5000.000377947678,cdf_exact,cdf,1.0,0.0,0.0
single,1,1,0.95,0.050000000000000044,0.025000000000000022,1198293,5000.000377947678,exc_eb,exceedance,1.0,0.0,0.0
single,1,1,0.95,0.050000000000000044,0.025000000000000022,1198293,5000.000377947678,exc_bet,exceedance,1.0,0.0,0.0
single,1,1,0.95,0.050000000000000044,0.025000000000000022,1198293,5000.000377947678,counts_exact,counts,1.0,0.0,0.0
single,1,1,0.95,0.050000000000000044,0.025000000000000022,1198293,5000.000377947678,norm_bet,counts,1.0,0.0,0.0
single,2,1,0.95,0.050000000000000044,0.025000000000000022,10,0.020863012543458393,cdf_eb,cdf,0.0,0.0,1.0
single,2,1,0.95,0.050000000000000044,0.025000000000000022,10,0.020863012543458393,cdf_bet,cdf,0.0,0.0,1.0
single,2,1,0.95,0.050000000000000044,0.025000000000000022,10,0.020863012543458393,cdf_exact,cdf,0.0515,0.0,0.9485
single,2,1,0.95,0.050000000000000044,0.025000000000000022,10,0.020863012543458393,exc_eb,exceedance,0.0,0.0,1.0
single,2,1,0.95,0.050000000000000044,0.025000000000000022,10,0.020863012543458393,exc_bet,exceedance,0.0,0.0,1.0
single,2,1,0.95,0.050000000000000044,0.025000000000000022,10,0.020863012543458393,counts_exact,counts,0.0,0.0,1.0
single,2,1,0.95,0.050000000000000044,0.025000000000000022,10,0.020863012543458393,norm_bet,counts,0.0,0.0,1.0
single,2,1,0.95,0.050000000000000044,0.025000000000000022,13,0.027121916306495915,cdf_eb,cdf,0.0,0.0,1.0
single,2,1,0.95,0.050000000000000044,0.025000000000000022,13,0.027121916306495915,cdf_bet,cdf,0.0,0.0,1.0
single,2,1,0.95,0.050000000000000044,0.025000000000000022,13,0.027121916306495915,cdf_exact,cdf,0.0375,0.0,0.9625
single,2,1,0.95,0.050000000000000044,0.025000000000000022,13,0.027121916306495915,exc_eb,exceedance,0.0,0.0,1.0
single,2,1,0.95,0.050000000000000044,0.025000000000000022,13,0.027121916306495915,exc_bet,exceedance,0.0,0.0,1.0
single,2,1,0.95,0.050000000000000044,0.025000000000000022,13,0.027121916306495915,counts_exact,counts,0.0,0.0,1.0
single,2,1,0.95,0.050000000000000044,0.025000000000000022,13,0.027121916306495915,norm_bet,counts,0.0,0.0,1.0
single,2,1,0.95,0.050000000000000044,0.025000000000000022,17,0.03546712132387927,cdf_eb,cdf,0.0,0.0,1.0
single,2,1,0.95,0.050000000000000044,0.025000000000000022,17,0.03546712132387927,cdf_bet,cdf,0.0005,0.0,0.9995
single,2,1,0.95,0.050000000000000044,0.025000000000000022,17,0.03546712132387927,cdf_exact,cdf,0.056,0.0,0.944
single,2,1,0.95,0.050000000000000044,0.025000000000000022,17,0.03546712132387927,exc_eb,exceedance,0.0,0.0,1.0
single,2,1,0.95,0.050000000000000044,0.025000000000000022,17,0.03546712132387927,exc_bet,exceedance,0.0,0.0,1.0
single,2,1,0.95,0.050000000000000044,0.025000000000000022,17,0.03546712132387927,counts_exact,counts,0.0,0.0,1.0
single,2,1,0.95,0.050000000000000044,0.025000000000000022,17,0.03546712132387927,norm_bet,counts,0.0,0.0,1.0
single,2,1,0.95,0.050000000000000044,0.025000000000000022,23,0.047984928849954304,cdf_eb,cdf,0.0,0.0,1.0
single,2,1,0.95,0.050000000000000044,0.025000000000000022,23,0.047984928849954304,cdf_bet,cdf,0.0005,0.0,0.9995
single,2,1,0.95,0.050000000000000044,0.025000000000000022,23,0.047984928849954304,cdf_exact,cdf,0.0325,0.0,0.9675
single,2,1,0.95,0.050000000000000044,0.025000000000000022,23,0.047984928849954304,exc_eb,exceedance,0.0,0.0,1.0
single,2,1,0.95,0.050000000000000044,0.025000000000000022,23,0.047984928849954304,exc_bet,exceedance,0.0,0.0,1.0
single,2,1,0.95,0.050000000000000044,0.025000000000000022,23,0.047984928849954304,counts_exact,counts,0.0,0.0,1.0
single,2,1,0.95,0.050000000000000044,0.025000000000000022,23,0.047984928849954304,norm_bet,counts,0.0,0.0,1.0
single,2,1,0.95,0.050000000000000044,0.025000000000000022,30,0.06258903763037518,cdf_eb,cdf,0.0,0.0,1.0
single,2,1,0.95,0.050000000000000044,0.025000000000000022,30,0.06258903763037518,cdf_bet,cdf,0.0,0.0,1.0
single,2,1,0.95,0.050000000000000044,0.025000000000000022,30,0.06258903763037518,cdf_exact,cdf,0.0415,0.0,0.9585
single,2,1,0.95,0.050000000000000044,0.025000000000000022,30,0.06258903763037518,exc_eb,exceedance,0.0,0.0,1.0
single,2,1,0.95,0.050000000000000044,0.025000000000000022,30,0.06258903763037518,exc_bet,exceedance,0.0,0.0,1.0
single,2,1,0.95,0.050000000000000044,0.025000000000000022,30,0.06258903763037518,counts_exact,counts,0.0,0.0,1.0
single,2,1,0.95,0.050000000000000044,0.025000000000000022,30,0.06258903763037518,norm_bet,counts,0.0,0.0,1.0
single,2,1,0.95,0.050000000000000044,0.025000000000000022,41,0.08553835142817942,cdf_eb,cdf,0.0,0.0,1.0
single,2,1,0.95,0.050000000000000044,0.025000000000000022,41,0.08553835142817942,cdf_bet,cdf,0.004,0.0,0.996
single,2,1,0.95,0.050000000000000044,0.025000000000000022,41,0.08553835142817942,cdf_exact,cdf,0.0415,0.0,0.9585
single,2,1,0.95,0.050000000000000044,0.025000000000000022,41,0.08553835142817942,exc_eb,exceedance,0.0,0.0,1.0
single,2,1,0.95,0.050000000000000044,0.025000000000000022,41,0.08553835142817942,exc_bet,exceedance,0.0,0.0,1.0
single,2,1,0.95,0.050000000000000044,0.025000000000000022,41,0.08553835142817942,counts_exact,counts,0.0,0.0,1.0
single,2,1,0.95,0.050000000000000044,0.025000000000000022,41,0.08553835142817942,norm_bet,counts,0.0,0.0,1.0
single,2,1,0.95,0.050000000000000044,0.025000000000000022,54,0.11266026773467533,cdf_eb,cdf,0.0,0.0,1.0
single,2,1,0.95,0.050000000000000044,0.025000000000000022,54,0.11266026773467533,cdf_bet,cdf,0.001,0.0,0.999
single,2,1,0.95,0.050000000000000044,0.025000000000000022,54,0.11266026773467533,cdf_exact,cdf,0.0485,0.0,0.9515
single,2,1,0.95,0.050000000000000044,0.025000000000000022,54,0.11266026773467533,exc_eb,exceedance,0.0,0.0,1.0
single,2,1,0.95,0.050000000000000044,0.025000000000000022,54,0.11266026773467533,exc_bet,exceedance,0.0,0.0,1.0
single,2,1,0.95,0.050000000000000044,0.025000000000000022,54,0.11266026773467533,counts_exact,counts,0.0,0.0,1.0
single,2,1,0.95,0.050000000000000044,0.025000000000000022,54,0.11266026773467533,norm_bet,counts,0.0,0.0,1.0
single,2,1,0.95,0.050000000000000044,0.025000000000000022,73,0.15229999156724627,cdf_eb,cdf,0.0,0.0,1.0
single,2,1,0.95,0.050000000000000044,0.025000000000000022,73,0.15229999156724627,cdf_bet,cdf,0.003,0.0,0.997
single,2,1,0.95,0.050000000000000044,0.025000000000000022,73,0.15229999156724627,cdf_exact,cdf,0.0515,0.0,0.9485
single,2,1,0.95,0.050000000000000044,0.025000000000000022,73,0.15229999156724627,exc_eb,exceedance,0.0,0.0,1.0
single,2,1,0.95,0.050000000000000044,0.025000000000000022,73,0.15229999156724627,exc_bet,exceedance,0.0,0.0,1.0
single,2,1,0.95,0.050000000000000044,0.025000000000000022,73,0.15229999156724627,counts_exact,counts,0.0,0.0,1.0
single,2,1,0.95,0.050000000000000044,0.025000000000000022,73,0.15229999156724627,norm_bet,counts,0.0,0.0,1.0
single,2,1,0.95,0.050000000000000044,0.025000000000000022,97,0.20237122167154642,cdf_eb,cdf,0.0,0.0,1.0
single,2,1,0.95,0.050000000000000044,0.025000000000000022,97,0.20237122167154642,cdf_bet,cdf,0.002,0.0,0.998
single,2,1,0.95,0.050000000000000044,0.025000000000000022,97,0.20237122167154642,cdf_exact,cdf,0.0665,0.0,0.9335
single,2,1,0.95,0.050000000000000044,0.025000000000000022,97,0.20237122167154642,exc_eb,exceedance,0.0,0.0,1.0
single,2,1,0.95,0.050000000000000044,0.025000000000000022,97,0.20237122167154642,exc_bet,exceedance,0.0,0.0,1.0
single,2,1,0.95,0.050000000000000044,0.025000000000000022,97,0.20237122167154642,counts_exact,counts,0.005,0.0,0.995
single,2,1,0.95,0.050000000000000044,0.025000000000000022,97,0.20237122167154642,norm_bet,counts,0.0,0.0,1.0
single,2,1,0.95,0.050000000000000044,0.025000000000000022,129,0.2691328618106133,cdf_eb,cdf,0.0,0.0,1.0
single,2,1,0.95,0.050000000000000044,0.025000000000000022,129,0.2691328618106133,cdf_bet,cdf,0.0035,0.0,0.9965
single,2,1,0.95,0.050000000000000044,0.025000000000000022,129,0.2691328618106133,cdf_exact,cdf,0.063,0.0,0.937
single,2,1,0.95,0.050000000000000044,0.025000000000000022,129,0.2691328618106133,exc_eb,exceedance,0.0,0.0,1.0
single,2,1,0.95,0.050000000000000044,0.025000000000000022,129,0.2691328618106133,exc_bet,exceedance,0.0,0.0,1.0
single,2,1,0.95,0.050000000000000044,0.025000000000000022,129,0.2691328618106133,counts_exact,counts,0.168,0.0,0.832
single,2,1,0.95,0.050000000000000044,0.025000000000000022,129,0.2691328618106133,norm_bet,counts,0.0,0.0,1.0
single,2,1,0.95,0.050000000000000044,0.025000000000000022,173,0.36093011700183025,cdf_eb,cdf,0.0,0.0,1.0
single,2,1,0.95,0.050000000000000044,0.025000000000000022,173,0.36093011700183025,cdf_bet,cdf,0.006,0.0,0.994
single,2,1,0.95,0.050000000000000044,0.025000000000000022,173,0.36093011700183025,cdf_exact,cdf,0.077,0.0,0.923
single,2,1,0.95,0.050000000000000044,0.025000000000000022,173,0.36093011700183025,exc_eb,exceedance,0.0,0.0,1.0
single,2,1,0.95,0.050000000000000044,0.025000000000000022,173,0.36093011700183025,exc_bet,exceedance,0.0,0.0,1.0
single,2,1,0.95,0.050000000000000044,0.025000000000000022,173,0.36093011700183025,counts_exact,counts,0.1525,0.0,0.8475
single,2,1,0.95,0.050000000000000044,0.025000000000000022,173,0.36093011700183025,norm_bet,counts,0.0,0.0,1.0
single,2,1,0.95,0.050000000000000044,0.025000000000000022,230,0.47984928849954306,cdf_eb,cdf,0.0,0.0,1.0
single,2,1,0.95,0.050000000000000044,0.025000000000000022,230,0.47984928849954306,cdf_bet,cdf,0.0015,0.0,0.9985
single,2,1,0.95,0.050000000000000044,0.025000000000000022,230,0.47984928849954306,cdf_exact,cdf,0.0985,0.0,0.9015
single,2,1,0.95,0.050000000000000044,0.025000000000000022,230,0.47984928849954306,exc_eb,exceedance,0.0,0.0,1.0
single,2,1,0.95,0.050000000000000044,0.025000000000000022,230,0.47984928849954306,exc_bet,exceedance,0.0,0.0,1.0
single,2,1,0.95,0.050000000000000044,0.025000000000000022,230,0.47984928849954306,counts_exact,counts,0.2575,0.0,0.7425
single,2,1,0.95,0.050000000000000044,0.025000000000000022,230,0.47984928849954306,norm_bet,counts,0.0,0.0,1.0
single,2,1,0.95,0.050000000000000044,0.025000000000000022,308,0.6425807863385186,cdf_eb,cdf,0.001,0.0,0.999
single,2,1,0.95,0.050000000000000044,0.025000000000000022,308,0.6425807863385186,cdf_bet,cdf,0.003,0.0,0.997
single,2,1,0.95,0.050000000000000044,0.025000000000000022,308,0.6425807863385186,cdf_exact,cdf,0.091,0.0,0.909
single,2,1,0.95,0.050000000000000044,0.025000000000000022,308,0.6425807863385186,exc_eb,exceedance,0.0,0.0,1.0
single,2,1,0.95,0.050000000000000044,0.025000000000000022,308,0.6425807863385186,exc_bet,exceedance,0.0425,0.0,0.9575
single,2,1,0.95,0.050000000000000044,0.025000000000000022,308,0.6425807863385186,counts_exact,counts,0.3765,0.0,0.6235
single,2,1,0.95,0.050000000000000044,0.025000000000000022,308,0.6425807863385186,norm_bet,counts,0.041,0.0,0.959
single,2,1,0.95,0.050000000000000044,0.025000000000000022,411,0.85746981553614,cdf_eb,cdf,0.0015,0.0,0.9985
single,2,1,0.95,0.050000000000000044,0.025000000000000022,411,0.85746981553614,cdf_bet,cdf,0.0055,0.0,0.9945
single,2,1,0.95,0.050000000000000044,0.025000000000000022,411,0.85746981553614,cdf_exact,cdf,0.1265,0.0,0.8735
single,2,1,0.95,0.050000000000000044,0.025000000000000022,411,0.85746981553614,exc_eb,exceedance,0.0055,0.0,0.9945
single,2,1,0.95,0.050000000000000044,0.025000000000000022,411,0.85746981553614,exc_bet,exceedance,0.1695,0.0,0.8305
single,2,1,0.95,0.050000000000000044,0.025000000000000022,411,0.85746981553614,counts_exact,counts,0.4955,0.0,0.5045
single,2,1,0.95,0.050000000000000044,0.025000000000000022,411,0.85746981553614,norm_bet,counts,0.1415,0.0,0.8585
single,2,1,0.95,0.050000000000000044,0.025000000000000022,548,1.1432930873815201,cdf_eb,cdf,0.002,0.0,0.998
single,2,1,0.95,0.050000000000000044,0.025000000000000022,548,1.1432930873815201,cdf_bet,cdf,0.003,0.0,0.997
single,2,1,0.95,0.050000000000000044,0.025000000000000022,548,1.1432930873815201,cdf_exact,cdf,0.1245,0.0,0.8755
single,2,1,0.95,0.050000000000000044,0.025000000000000022,548,1.1432930873815201,exc_eb,exceedance,0.0065,0.0,0.9935
single,2,1,0.95,0.050000000000000044,0.025000000000000022,548,1.1432930873815201,exc_bet,exceedance,0.281,0.0,0.719
single,2,1,0.95,0.050000000000000044,0.025000000000000022,548,1.1432930873815201,counts_exact,counts,0.628,0.0,0.372
single,2,1,0.95,0.050000000000000044,0.025000000000000022,548,1.1432930873815201,norm_bet,counts,0.3025,0.0,0.6975
single,2,1,0.95,0.050000000000000044,0.025000000000000022,732,1.5271725181811544,cdf_eb,cdf,0.003,0.0,0.997
single,2,1,0.95,0.050000000000000044,0.025000000000000022,732,1.5271725181811544,cdf_bet,cdf,0.0065,0.0,0.9935
single,2,1,0.95,0.050000000000000044,0.025000000000000022,732,1.5271725181811544,cdf_exact,cdf,0.1665,0.0,0.8335
single,2,1,0.95,0.050000000000000044,0.025000000000000022,732,1.5271725181811544,exc_eb,exceedance,0.044,0.0,0.956
single,2,1,0.95,0.050000000000000044,0.025000000000000022,732,1.5271725181811544,exc_bet,exceedance,0.466,0.0,0.534
single,2,1,0.95,0.050000000000000044,0.025000000000000022,732,1.5271725181811544,counts_exact,counts,0.767,0.0,0.233
single,2,1,0.95,0.050000000000000044,0.025000000000000022,732,1.5271725181811544,norm_bet,counts,0.466,0.0,0.534
single,2,1,0.95,0.050000000000000044,0.025000000000000022,978,2.040402626750231,cdf_eb,cdf,0.0045,0.0,0.9955
single,2,1,0.95,0.050000000000000044,0.025000000000000022,978,2.040402626750231,cdf_bet,cdf,0.0085,0.0,0.9915
single,2,1,0.95,0.050000000000000044,0.025000000000000022,978,2.040402626750231,cdf_exact,cdf,0.191,0.0,0.809
single,2,1,0.95,0.050000000000000044,0.025000000000000022,978,2.040402626750231,exc_eb,exceedance,0.129,0.0,0.871
single,2,1,0.95,0.050000000000000044,0.025000000000000022,978,2.040402626750231,exc_bet,exceedance,0.608,0.0,0.392
single,2,1,0.95,0.050000000000000044,0.025000000000000022,978,2.040402626750231,counts_exact,counts,0.88,0.0,0.12
single,2,1,0.95,0.050000000000000044,0.025000000000000022,978,2.040402626750231,norm_bet,counts,0.607,0.0,0.393
single,2,1,0.95,0.050000000000000044,0.025000000000000022,1305,2.7226231369213205,cdf_eb,cdf,0.0085,0.0,0.9915
single,2,1,0.95,0.050000000000000044,0.025000000000000022,1305,2.7226231369213205,cdf_bet,cdf,0.01,0.0,0.99
single,2,1,0.95,0.050000000000000044,0.025000000000000022,1305,2.7226231369213205,cdf_exact,cdf,0.2175,0.0,0.7825
single,2,1,0.95,0.050000000000000044,0.025000000000000022,1305,2.7226231369213205,exc_eb,exceedance,0.2575,0.0,0.7425
single,2,1,0.95,0.050000000000000044,0.025000000000000022,1305,2.7226231369213205,exc_bet,exceedance,0.7745,0.0,0.2255
single,2,1,0.95,0.050000000000000044,0.025000000000000022,1305,2.7226231369213205,counts_exact,counts,0.9525,0.0,0.0475
single,2,1,0.95,0.050000000000000044,0.025000000000000022,1305,2.7226231369213205,norm_bet,counts,0.762,0.0,0.238
single,2,1,0.95,0.050000000000000044,0.025000000000000022,1743,3.636423086324798,cdf_eb,cdf,0.0185,0.0,0.9815
single,2,1,0.95,0.050000000000000044,0.025000000000000022,1743,3.636423086324798,cdf_bet,cdf,0.0185,0.0,0.9815
single,2,1,0.95,0.050000000000000044,0.025000000000000022,1743,3.636423086324798,cdf_exact,cdf,0.27,0.0,0.73
single,2,1,0.95,0.050000000000000044,0.025000000000000022,1743,3.636423086324798,exc_eb,exceedance,0.5745,0.0,0.4255
single,2,1,0.95,0.050000000000000044,0.025000000000000022,1743,3.636423086324798,exc_bet,exceedance,0.869,0.0,0.131
single,2,1,0.95,0.050000000000000044,0.025000000000000022,1743,3.636423086324798,counts_exact,counts,0.99,0.0,0.01
single,2,1,0.95,0.050000000000000044,0.025000000000000022,1743,3.636423086324798,norm_bet,counts,0.8735,0.0,0.1265
single,2,1,0.95,0.050000000000000044,0.025000000000000022,2327,4.854823018862769,cdf_eb,cdf,0.027,0.0,0.973
single,2,1,0.95,0.050000000000000044,0.025000000000000022,2327,4.854823018862769,cdf_bet,cdf,0.024,0.0,0.976
single,2,1,0.95,0.050000000000000044,0.025000000000000022,2327,4.854823018862769,cdf_exact,cdf,0.3085,0.0,0.6915
single,2,1,0.95,0.050000000000000044,0.025000000000000022,2327,4.854823018862769,exc_eb,exceedance,0.798,0.0,0.202
single,2,1,0.95,0.050000000000000044,0.025000000000000022,2327,4.854823018862769,exc_bet,exceedance,0.9385,0.0,0.0615
single,2,1,0.95,0.050000000000000044,0.025000000000000022,2327,4.854823018862769,counts_exact,counts,0.9975,0.0,0.0025
single,2,1,0.95,0.050000000000000044,0.025000000000000022,2327,4.854823018862769,norm_bet,counts,0.9435,0.0,0.0565
single,2,1,0.95,0.050000000000000044,0.025000000000000022,3107,6.482137997252523,cdf_eb,cdf,0.059,0.0,0.941
single,2,1,0.95,0.050000000000000044,0.025000000000000022,3107,6.482137997252523,cdf_bet,cdf,0.0495,0.0,0.9505
single,2,1,0.95,0.050000000000000044,0.025000000000000022,3107,6.482137997252523,cdf_exact,cdf,0.396,0.0,0.604
single,2,1,0.95,0.050000000000000044,0.025000000000000022,3107,6.482137997252523,exc_eb,exceedance,0.966,0.0,0.034
single,2,1,0.95,0.050000000000000044,0.025000000000000022,3107,6.482137997252523,exc_bet,exceedance,0.99,0.0,0.01
single,2,1,0.95,0.050000000000000044,0.025000000000000022,3107,6.482137997252523,counts_exact,counts,1.0,0.0,0.0
single,2,1,0.95,0.050000000000000044,0.025000000000000022,3107,6.482137997252523,norm_bet,counts,0.991,0.0,0.009
single,2,1,0.95,0.050000000000000044,0.025000000000000022,4148,8.653977603026542,cdf_eb,cdf,0.081,0.0,0.919
single,2,1,0.95,0.050000000000000044,0.025000000000000022,4148,8.653977603026542,cdf_bet,cdf,0.067,0.0,0.933
single,2,1,0.95,0.050000000000000044,0.025000000000000022,4148,8.653977603026542,cdf_exact,cdf,0.4785,0.0,0.5215
single,2,1,0.95,0.050000000000000044,0.025000000000000022,4148,8.653977603026542,exc_eb,exceedance,0.996,0.0,0.004
single,2,1,0.95,0.050000000000000044,0.025000000000000022,4148,8.653977603026542,exc_bet,exceedance,0.9985,0.0,0.0015
single,2,1,0.95,0.050000000000000044,0.025000000000000022,4148,8.653977603026542,counts_exact,counts,1.0,0.0,0.0
single,2,1,0.95,0.050000000000000044,0.025000000000000022,4148,8.653977603026542,norm_bet,counts,0.9985,0.0,0.0015
single,2,1,0.95,0.050000000000000044,0.025000000000000022,5538,11.553936346567259,cdf_eb,cdf,0.1365,0.0,0.8635
single,2,1,0.95,0.050000000000000044,0.025000000000000022,5538,11.553936346567259,cdf_bet,cdf,0.1065,0.0,0.8935
single,2,1,0.95,0.050000000000000044,0.025000000000000022,5538,11.553936346567259,cdf_exact,cdf,0.576,0.0,0.424
single,2,1,0.95,0.050000000000000044,0.025000000000000022,5538,11.553936346567259,exc_eb,exceedance,1.0,0.0,0.0
single,2,1,0.95,0.050000000000000044,0.025000000000000022,5538,11.553936346567259,exc_bet,exceedance,1.0,0.0,0.0
single,2,1,0.95,0.050000000000000044,0.025000000000000022,5538,11.553936346567259,counts_exact,counts,1.0,0.0,0.0
single,2,1,0.95,0.050000000000000044,0.025000000000000022,5538,11.553936346567259,norm_bet,counts,1.0,0.0,0.0
single,2,1,0.95,0.050000000000000044,0.025000000000000022,7395,15.428197775887483,cdf_eb,cdf,0.217,0.0,0.783
single,2,1,0.95,0.050000000000000044,0.025000000000000022,7395,15.428197775887483,cdf_bet,cdf,0.1685,0.0,0.8315
single,2,1,0.95,0.050000000000000044,0.025000000000000022,7395,15.428197775887483,cdf_exact,cdf,0.693,0.0,0.307
single,2,1,0.95,0.050000000000000044,0.025000000000000022,7395,15.428197775887483,exc_eb,exceedance,1.0,0.0,0.0
single,2,1,0.95,0.050000000000000044,0.025000000000000022,7395,15.428197775887483,exc_bet,exceedance,1.0,0.0,0.0
single,2,1,0.95,0.050000000000000044,0.025000000000000022,7395,15.428197775887483,counts_exact,counts,1.0,0.0,0.0
single,2,1,0.95,0.050000000000000044,0.025000000000000022,7395,15.428197775887483,norm_bet,counts,1.0,0.0,0.0
single,2,1,0.95,0.050000000000000044,0.025000000000000022,9873,20.598052284156473,cdf_eb,cdf,0.3335,0.0,0.6665
single,2,1,0.95,0.050000000000000044,0.025000000000000022,9873,20.598052284156473,cdf_bet,cdf,0.2625,0.0,0.7375
single,2,1,0.95,0.050000000000000044,0.025000000000000022,9873,20.598052284156473,cdf_exact,cdf,0.7965,0.0,0.2035
single,2,1,0.95,0.050000000000000044,0.025000000000000022,9873,20.598052284156473,exc_eb,exceedance,1.0,0.0,0.0
single,2,1,0.95,0.050000000000000044,0.025000000000000022,9873,20.598052284156473,exc_bet,exceedance,1.0,0.0,0.0
single,2,1,0.95,0.050000000000000044,0.025000000000000022,9873,20.598052284156473,counts_exact,counts,1.0,0.0,0.0
single,2,1,0.95,0.050000000000000044,0.025000000000000022,9873,20.598052284156473,norm_bet,counts,1.0,0.0,0.0
single,2,1,0.95,0.050000000000000044,0.025000000000000022,13182,27.501623134786858,cdf_eb,cdf,0.506,0.0,0.494
single,2,1,0.95,0.050000000000000044,0.025000000000000022,13182,27.501623134786858,cdf_bet,cdf,0.398,0.0,0.602
single,2,1,0.95,0.050000000000000044,0.025000000000000022,13182,27.501623134786858,cdf_exact,cdf,0.876,0.0,0.124
single,2,1,0.95,0.050000000000000044,0.025000000000000022,13182,27.501623134786858,exc_eb,exceedance,1.0,0.0,0.0
single,2,1,0.95,0.050000000000000044,0.025000000000000022,13182,27.501623134786858,exc_bet,exceedance,1.0,0.0,0.0
single,2,1,0.95,0.050000000000000044,0.025000000000000022,13182,27.501623134786858,counts_exact,counts,1.0,0.0,0.0
single,2,1,0.95,0.050000000000000044,0.025000000000000022,13182,27.501623134786858,norm_bet,counts,1.0,0.0,0.0
single,2,1,0.95,0.050000000000000044,0.025000000000000022,17600,36.71890207648678,cdf_eb,cdf,0.6795,0.0,0.3205
single,2,1,0.95,0.050000000000000044,0.025000000000000022,17600,36.71890207648678,cdf_bet,cdf,0.5785,0.0,0.4215
single,2,1,0.95,0.050000000000000044,0.025000000000000022,17600,36.71890207648678,cdf_exact,cdf,0.9505,0.0,0.0495
single,2,1,0.95,0.050000000000000044,0.025000000000000022,17600,36.71890207648678,exc_eb,exceedance,1.0,0.0,0.0
single,2,1,0.95,0.050000000000000044,0.025000000000000022,17600,36.71890207648678,exc_bet,exceedance,1.0,0.0,0.0
single,2,1,0.95,0.050000000000000044,0.025000000000000022,17600,36.71890207648678,counts_exact,counts,1.0,0.0,0.0
single,2,1,0.95,0.050000000000000044,0.025000000000000022,17600,36.71890207648678,norm_bet,counts,1.0,0.0,0.0
single,2,1,0.95,0.050000000000000044,0.025000000000000022,23499,49.025993175872884,cdf_eb,cdf,0.8435,0.0,0.1565
single,2,1,0.95,0.050000000000000044,0.025000000000000022,23499,49.025993175872884,cdf_bet,cdf,0.769,0.0,0.231
single,2,1,0.95,0.050000000000000044,0.025000000000000022,23499,49.025993175872884,cdf_exact,cdf,0.985,0.0,0.015
single,2,1,0.95,0.050000000000000044,0.025000000000000022,23499,49.025993175872884,exc_eb,exceedance,1.0,0.0,0.0
single,2,1,0.95,0.050000000000000044,0.025000000000000022,23499,49.025993175872884,exc_bet,exceedance,1.0,0.0,0.0
single,2,1,0.95,0.050000000000000044,0.025000000000000022,23499,49.025993175872884,counts_exact,counts,1.0,0.0,0.0
single,2,1,0.95,0.050000000000000044,0.025000000000000022,23499,49.025993175872884,norm_bet,counts,1.0,0.0,0.0
single,2,1,0.95,0.050000000000000044,0.025000000000000022,31376,65.45978815635506,cdf_eb,cdf,0.945,0.0,0.055
single,2,1,0.95,0.050000000000000044,0.025000000000000022,31376,65.45978815635506,cdf_bet,cdf,0.9005,0.0,0.0995
single,2,1,0.95,0.050000000000000044,0.025000000000000022,31376,65.45978815635506,cdf_exact,cdf,0.9975,0.0,0.0025
single,2,1,0.95,0.050000000000000044,0.025000000000000022,31376,65.45978815635506,exc_eb,exceedance,1.0,0.0,0.0
single,2,1,0.95,0.050000000000000044,0.025000000000000022,31376,65.45978815635506,exc_bet,exceedance,1.0,0.0,0.0
single,2,1,0.95,0.050000000000000044,0.025000000000000022,31376,65.45978815635506,counts_exact,counts,1.0,0.0,0.0
single,2,1,0.95,0.050000000000000044,0.025000000000000022,31376,65.45978815635506,norm_bet,counts,1.0,0.0,0.0
single,2,1,0.95,0.050000000000000044,0.025000000000000022,41891,87.39724584580156,cdf_eb,cdf,0.9915,0.0,0.0085
single,2,1,0.95,0.050000000000000044,0.025000000000000022,41891,87.39724584580156,cdf_bet,cdf,0.9775,0.0,0.0225
single,2,1,0.95,0.050000000000000044,0.025000000000000022,41891,87.39724584580156,cdf_exact,cdf,1.0,0.0,0.0
single,2,1,0.95,0.050000000000000044,0.025000000000000022,41891,87.39724584580156,exc_eb,exceedance,1.0,0.0,0.0
single,2,1,0.95,0.050000000000000044,0.025000000000000022,41891,87.39724584580156,exc_bet,exceedance,1.0,0.0,0.0
single,2,1,0.95,0.050000000000000044,0.025000000000000022,41891,87.39724584580156,counts_exact,counts,1.0,0.0,0.0
single,2,1,0.95,0.050000000000000044,0.025000000000000022,41891,87.39724584580156,norm_bet,counts,1.0,0.0,0.0
single,2,1,0.95,0.050000000000000044,0.025000000000000022,55932,116.6910017580715,cdf_eb,cdf,0.9975,0.0,0.0025
single,2,1,0.95,0.050000000000000044,0.025000000000000022,55932,116.6910017580715,cdf_bet,cdf,0.996,0.0,0.004
single,2,1,0.95,0.050000000000000044,0.025000000000000022,55932,116.6910017580715,cdf_exact,cdf,1.0,0.0,0.0
single,2,1,0.95,0.050000000000000044,0.025000000000000022,55932,116.6910017580715,exc_eb,exceedance,1.0,0.0,0.0
single,2,1,0.95,0.050000000000000044,0.025000000000000022,55932,116.6910017580715,exc_bet,exceedance,1.0,0.0,0.0
single,2,1,0.95,0.050000000000000044,0.025000000000000022,55932,116.6910017580715,counts_exact,counts,1.0,0.0,0.0
single,2,1,0.95,0.050000000000000044,0.025000000000000022,55932,116.6910017580715,norm_bet,counts,1.0,0.0,0.0
single,2,1,0.95,0.050000000000000044,0.025000000000000022,74678,155.8008050720386,cdf_eb,cdf,1.0,0.0,0.0
single,2,1,0.95,0.050000000000000044,0.025000000000000022,74678,155.8008050720386,cdf_bet,cdf,1.0,0.0,0.0
single,2,1,0.95,0.050000000000000044,0.025000000000000022,74678,155.8008050720386,cdf_exact,cdf,1.0,0.0,0.0
single,2,1,0.95,0.050000000000000044,0.025000000000000022,74678,155.8008050720386,exc_eb,exceedance,1.0,0.0,0.0
single,2,1,0.95,0.050000000000000044,0.025000000000000022,74678,155.8008050720386,exc_bet,exceedance,1.0,0.0,0.0
single,2,1,0.95,0.050000000000000044,0.025000000000000022,74678,155.8008050720386,counts_exact,counts,1.0,0.0,0.0
single,2,1,0.95,0.050000000000000044,0.025000000000000022,74678,155.8008050720386,norm_bet,counts,1.0,0.0,0.0
single,2,1,0.95,0.050000000000000044,0.025000000000000022,99707,208.0188391670606,cdf_eb,cdf,1.0,0.0,0.0
single,2,1,0.95,0.050000000000000044,0.025000000000000022,99707,208.0188391670606,cdf_bet,cdf,1.0,0.0,0.0
single,2,1,0.95,0.050000000000000044,0.025000000000000022,99707,208.0188391670606,cdf_exact,cdf,1.0,0.0,0.0
single,2,1,0.95,0.050000000000000044,0.025000000000000022,99707,208.0188391670606,exc_eb,exceedance,1.0,0.0,0.0
single,2,1,0.95,0.050000000000000044,0.025000000000000022,99707,208.0188391670606,exc_bet,exceedance,1.0,0.0,0.0
single,2,1,0.95,0.050000000000000044,0.025000000000000022,99707,208.0188391670606,counts_exact,counts,1.0,0.0,0.0
single,2,1,0.95,0.050000000000000044,0.025000000000000022,99707,208.0188391670606,norm_bet,counts,1.0,0.0,0.0
single,2,1,0.95,0.050000000000000044,0.025000000000000022,133125,277.7388544847899,cdf_eb,cdf,1.0,0.0,0.0
single,2,1,0.95,0.050000000000000044,0.025000000000000022,133125,277.7388544847899,cdf_bet,cdf,1.0,0.0,0.0
single,2,1,0.95,0.050000000000000044,0.025000000000000022,133125,277.7388544847899,cdf_exact,cdf,1.0,0.0,0.0
single,2,1,0.95,0.050000000000000044,0.025000000000000022,133125,277.7388544847899,exc_eb,exceedance,1.0,0.0,0.0
single,2,1,0.95,0.050000000000000044,0.025000000000000022,133125,277.7388544847899,exc_bet,exceedance,1.0,0.0,0.0
single,2,1,0.95,0.050000000000000044,0.025000000000000022,133125,277.7388544847899,counts_exact,counts,1.0,0.0,0.0
single,2,1,0.95,0.050000000000000044,0.025000000000000022,133125,277.7388544847899,norm_bet,counts,1.0,0.0,0.0
single,2,1,0.95,0.050000000000000044,0.025000000000000022,177743,370.8254438511926,cdf_eb,cdf,1.0,0.0,0.0
single,2,1,0.95,0.050000000000000044,0.025000000000000022,177743,370.8254438511926,cdf_bet,cdf,1.0,0.0,0.0
single,2,1,0.95,0.050000000000000044,0.025000000000000022,177743,370.8254438511926,cdf_exact,cdf,1.0,0.0,0.0
single,2,1,0.95,0.050000000000000044,0.025000000000000022,177743,370.8254438511926,exc_eb,exceedance,1.0,0.0,0.0
single,2,1,0.95,0.050000000000000044,0.025000000000000022,177743,370.8254438511926,exc_bet,exceedance,1.0,0.0,0.0
single,2,1,0.95,0.050000000000000044,0.025000000000000022,177743,370.8254438511926,counts_exact,counts,1.0,0.0,0.0
single,2,1,0.95,0.050000000000000044,0.025000000000000022,177743,370.8254438511926,norm_bet,counts,1.0,0.0,0.0
single,2,1,0.95,0.050000000000000044,0.025000000000000022,237315,495.11058217508287,cdf_eb,cdf,1.0,0.0,0.0
single,2,1,0.95,0.050000000000000044,0.025000000000000022,237315,495.11058217508287,cdf_bet,cdf,1.0,0.0,0.0
single,2,1,0.95,0.050000000000000044,0.025000000000000022,237315,495.11058217508287,cdf_exact,cdf,1.0,0.0,0.0
single,2,1,0.95,0.050000000000000044,0.025000000000000022,237315,495.11058217508287,exc_eb,exceedance,1.0,0.0,0.0
single,2,1,0.95,0.050000000000000044,0.025000000000000022,237315,495.11058217508287,exc_bet,exceedance,1.0,0.0,0.0
single,2,1,0.95,0.050000000000000044,0.025000000000000022,237315,495.11058217508287,counts_exact,counts,1.0,0.0,0.0
single,2,1,0.95,0.050000000000000044,0.025000000000000022,237315,495.11058217508287,norm_bet,counts,1.0,0.0,0.0
single,2,1,0.95,0.050000000000000044,0.025000000000000022,316854,661.0528976444966,cdf_eb,cdf,1.0,0.0,0.0
single,2,1,0.95,0.050000000000000044,0.025000000000000022,316854,661.0528976444966,cdf_bet,cdf,1.0,0.0,0.0
single,2,1,0.95,0.050000000000000044,0.025000000000000022,316854,661.0528976444966,cdf_exact,cdf,1.0,0.0,0.0
single,2,1,0.95,0.050000000000000044,0.025000000000000022,316854,661.0528976444966,exc_eb,exceedance,1.0,0.0,0.0
single,2,1,0.95,0.050000000000000044,0.025000000000000022,316854,661.0528976444966,exc_bet,exceedance,1.0,0.0,0.0
single,2,1,0.95,0.050000000000000044,0.025000000000000022,316854,661.0528976444966,counts_exact,counts,1.0,0.0,0.0
single,2,1,0.95,0.050000000000000044,0.025000000000000022,316854,661.0528976444966,norm_bet,counts,1.0,0.0,0.0
single,2,1,0.95,0.050000000000000044,0.025000000000000022,423050,882.6097456510074,cdf_eb,cdf,1.0,0.0,0.0
single,2,1,0.95,0.050000000000000044,0.025000000000000022,423050,882.6097456510074,cdf_bet,cdf,1.0,0.0,0.0
single,2,1,0.95,0.050000000000000044,0.025000000000000022,423050,882.6097456510074,cdf_exact,cdf,1.0,0.0,0.0
single,2,1,0.95,0.050000000000000044,0.025000000000000022,423050,882.6097456510074,exc_eb,exceedance,1.0,0.0,0.0
single,2,1,0.95,0.050000000000000044,0.025000000000000022,423050,882.6097456510074,exc_bet,exceedance,1.0,0.0,0.0
single,2,1,0.95,0.050000000000000044,0.025000000000000022,423050,882.6097456510074,counts_exact,counts,1.0,0.0,0.0
single,2,1,0.95,0.050000000000000044,0.025000000000000022,423050,882.6097456510074,norm_bet,counts,1.0,0.0,0.0
single,2,1,0.95,0.050000000000000044,0.025000000000000022,564840,1178.426400504704,cdf_eb,cdf,1.0,0.0,0.0
single,2,1,0.95,0.050000000000000044,0.025000000000000022,564840,1178.426400504704,cdf_bet,cdf,1.0,0.0,0.0
single,2,1,0.95,0.050000000000000044,0.025000000000000022,564840,1178.426400504704,cdf_exact,cdf,1.0,0.0,0.0
single,2,1,0.95,0.050000000000000044,0.025000000000000022,564840,1178.426400504704,exc_eb,exceedance,1.0,0.0,0.0
single,2,1,0.95,0.050000000000000044,0.025000000000000022,564840,1178.426400504704,exc_bet,exceedance,1.0,0.0,0.0
single,2,1,0.95,0.050000000000000044,0.025000000000000022,564840,1178.426400504704,counts_exact,counts,1.0,0.0,0.0
single,2,1,0.95,0.050000000000000044,0.025000000000000022,564840,1178.426400504704,norm_bet,counts,1.0,0.0,0.0
single,2,1,0.95,0.050000000000000044,0.025000000000000022,754152,1573.3882635674236,cdf_eb,cdf,1.0,0.0,0.0
single,2,1,0.95,0.050000000000000044,0.025000000000000022,754152,1573.3882635674236,cdf_bet,cdf,1.0,0.0,0.0
single,2,1,0.95,0.050000000000000044,0.025000000000000022,754152,1573.3882635674236,cdf_exact,cdf,1.0,0.0,0.0
single,2,1,0.95,0.050000000000000044,0.025000000000000022,754152,1573.3882635674236,exc_eb,exceedance,1.0,0.0,0.0
single,2,1,0.95,0.050000000000000044,0.025000000000000022,754152,1573.3882635674236,exc_bet,exceedance,1.0,0.0,0.0
single,2,1,0.95,0.050000000000000044,0.025000000000000022,754152,1573.3882635674236,counts_exact,counts,1.0,0.0,0.0
single,2,1,0.95,0.050000000000000044,0.025000000000000022,754152,1573.3882635674236,norm_bet,counts,1.0,0.0,0.0
single,2,1,0.95,0.050000000000000044,0.025000000000000022,1006914,2100.7259412183867,cdf_eb,cdf,1.0,0.0,0.0
single,2,1,0.95,0.050000000000000044,0.025000000000000022,1006914,2100.7259412183867,cdf_bet,cdf,1.0,0.0,0.0
single,2,1,0.95,0.050000000000000044,0.025000000000000022,1006914,2100.7259412183867,cdf_exact,cdf,1.0,0.0,0.0
single,2,1,0.95,0.050000000000000044,0.025000000000000022,1006914,2100.7259412183867,exc_eb,exceedance,1.0,0.0,0.0
single,2,1,0.95,0.050000000000000044,0.025000000000000022,1006914,2100.7259412183867,exc_bet,exceedance,1.0,0.0,0.0
single,2,1,0.95,0.050000000000000044,0.025000000000000022,1006914,2100.7259412183867,counts_exact,counts,1.0,0.0,0.0
single,2,1,0.95,0.050000000000000044,0.025000000000000022,1006914,2100.7259412183867,norm_bet,counts,1.0,0.0,0.0
single,2,1,0.95,0.050000000000000044,0.025000000000000022,1344392,2804.806715932512,cdf_eb,cdf,1.0,0.0,0.0
single,2,1,0.95,0.050000000000000044,0.025000000000000022,1344392,2804.806715932512,cdf_bet,cdf,1.0,0.0,0.0
single,2,1,0.95,0.050000000000000044,0.025000000000000022,1344392,2804.806715932512,cdf_exact,cdf,1.0,0.0,0.0
single,2,1,0.95,0.050000000000000044,0.025000000000000022,1344392,2804.806715932512,exc_eb,exceedance,1.0,0.0,0.0
single,2,1,0.95,0.050000000000000044,0.025000000000000022,1344392,2804.806715932512,exc_bet,exceedance,1.0,0.0,0.0
single,2,1,0.95,0.050000000000000044,0.025000000000000022,1344392,2804.806715932512,counts_exact,counts,1.0,0.0,0.0
single,2,1,0.95,0.050000000000000044,0.025000000000000022,1344392,2804.806715932512,norm_bet,counts,1.0,0.0,0.0
single,2,1,0.95,0.050000000000000044,0.025000000000000022,1794980,3744.8690255256947,cdf_eb,cdf,1.0,0.0,0.0
single,2,1,0.95,0.050000000000000044,0.025000000000000022,1794980,3744.8690255256947,cdf_bet,cdf,1.0,0.0,0.0
single,2,1,0.95,0.050000000000000044,0.025000000000000022,1794980,3744.8690255256947,cdf_exact,cdf,1.0,0.0,0.0
single,2,1,0.95,0.050000000000000044,0.025000000000000022,1794980,3744.8690255256947,exc_eb,exceedance,1.0,0.0,0.0
single,2,1,0.95,0.050000000000000044,0.025000000000000022,1794980,3744.8690255256947,exc_bet,exceedance,1.0,0.0,0.0
single,2,1,0.95,0.050000000000000044,0.025000000000000022,1794980,3744.8690255256947,counts_exact,counts,1.0,0.0,0.0
single,2,1,0.95,0.050000000000000044,0.025000000000000022,1794980,3744.8690255256947,norm_bet,counts,1.0,0.0,0.0
single,2,1,0.95,0.050000000000000044,0.025000000000000022,2396586,5000.000377947678,cdf_eb,cdf,1.0,0.0,0.0
single,2,1,0.95,0.050000000000000044,0.025000000000000022,2396586,5000.000377947678,cdf_bet,cdf,1.0,0.0,0.0
single,2,1,0.95,0.050000000000000044,0.025000000000000022,2396586,5000.000377947678,cdf_exact,cdf,1.0,0.0,0.0
single,2,1,0.95,0.050000000000000044,0.025000000000000022,2396586,5000.000377947678,exc_eb,exceedance,1.0,0.0,0.0
single,2,1,0.95,0.050000000000000044,0.025000000000000022,2396586,5000.000377947678,exc_bet,exceedance,1.0,0.0,0.0
single,2,1,0.95,0.050000000000000044,0.025000000000000022,2396586,5000.000377947678,counts_exact,counts,1.0,0.0,0.0
single,2,1,0.95,0.050000000000000044,0.025000000000000022,2396586,5000.000377947678,norm_bet,counts,1.0,0.0,0.0
single,5,1,0.95,0.050000000000000044,0.025000000000000022,24,0.02002849204172006,cdf_eb,cdf,0.0,0.0,1.0
single,5,1,0.95,0.050000000000000044,0.025000000000000022,24,0.02002849204172006,cdf_bet,cdf,0.0,0.0,1.0
single,5,1,0.95,0.050000000000000044,0.025000000000000022,24,0.02002849204172006,cdf_exact,cdf,0.032,0.0,0.968
single,5,1,0.95,0.050000000000000044,0.025000000000000022,24,0.02002849204172006,exc_eb,exceedance,0.0,0.0,1.0
single,5,1,0.95,0.050000000000000044,0.025000000000000022,24,0.02002849204172006,exc_bet,exceedance,0.0,0.0,1.0
single,5,1,0.95,0.050000000000000044,0.025000000000000022,24,0.02002849204172006,counts_exact,counts,0.0,0.0,1.0
single,5,1,0.95,0.050000000000000044,0.025000000000000022,24,0.02002849204172006,norm_bet,counts,0.0,0.0,1.0
single,5,1,0.95,0.050000000000000044,0.025000000000000022,32,0.026704656055626746,cdf_eb,cdf,0.0,0.0,1.0
single,5,1,0.95,0.050000000000000044,0.025000000000000022,32,0.026704656055626746,cdf_bet,cdf,0.0,0.0,1.0
single,5,1,0.95,0.050000000000000044,0.025000000000000022,32,0.026704656055626746,cdf_exact,cdf,0.0285,0.0,0.9715
single,5,1,0.95,0.050000000000000044,0.025000000000000022,32,0.026704656055626746,exc_eb,exceedance,0.0,0.0,1.0
single,5,1,0.95,0.050000000000000044,0.025000000000000022,32,0.026704656055626746,exc_bet,exceedance,0.0,0.0,1.0
single,5,1,0.95,0.050000000000000044,0.025000000000000022,32,0.026704656055626746,counts_exact,counts,0.0,0.0,1.0
single,5,1,0.95,0.050000000000000044,0.025000000000000022,32,0.026704656055626746,norm_bet,counts,0.0,0.0,1.0
single,5,1,0.95,0.050000000000000044,0.025000000000000022,43,0.03588438157474844,cdf_eb,cdf,0.0,0.0,1.0
single,5,1,0.95,0.050000000000000044,0.025000000000000022,43,0.03588438157474844,cdf_bet,cdf,0.0,0.0,1.0
single,5,1,0.95,0.050000000000000044,0.025000000000000022,43,0.03588438157474844,cdf_exact,cdf,0.028,0.0,0.972
single,5,1,0.95,0.050000000000000044,0.025000000000000022,43,0.03588438157474844,exc_eb,exceedance,0.0,0.0,1.0
single,5,1,0.95,0.050000000000000044,0.025000000000000022,43,0.03588438157474844,exc_bet,exceedance,0.0,0.0,1.0
single,5,1,0.95,0.050000000000000044,0.025000000000000022,43,0.03588438157474844,counts_exact,counts,0.0,0.0,1.0
single,5,1,0.95,0.050000000000000044,0.025000000000000022,43,0.03588438157474844,norm_bet,counts,0.0,0.0,1.0
single,5,1,0.95,0.050000000000000044,0.025000000000000022,57,0.04756766859908514,cdf_eb,cdf,0.0,0.0,1.0
single,5,1,0.95,0.050000000000000044,0.025000000000000022,57,0.04756766859908514,cdf_bet,cdf,0.0,0.0,1.0
single,5,1,0.95,0.050000000000000044,0.025000000000000022,57,0.04756766859908514,cdf_exact,cdf,0.036,0.0,0.964
single,5,1,0.95,0.050000000000000044,0.025000000000000022,57,0.04756766859908514,exc_eb,exceedance,0.0,0.0,1.0
single,5,1,0.95,0.050000000000000044,0.025000000000000022,57,0.04756766859908514,exc_bet,exceedance,0.0,0.0,1.0
single,5,1,0.95,0.050000000000000044,0.025000000000000022,57,0.04756766859908514,counts_exact,counts,0.0,0.0,1.0
single,5,1,0.95,0.050000000000000044,0.025000000000000022,57,0.04756766859908514,norm_bet,counts,0.0,0.0,1.0
single,5,1,0.95,0.050000000000000044,0.025000000000000022,76,0.06342355813211352,cdf_eb,cdf,0.0,0.0,1.0
single,5,1,0.95,0.050000000000000044,0.025000000000000022,76,0.06342355813211352,cdf_bet,cdf,0.0,0.0,1.0
single,5,1,0.95,0.050000000000000044,0.025000000000000022,76,0.06342355813211352,cdf_exact,cdf,0.0595,0.0,0.9405
single,5,1,0.95,0.050000000000000044,0.025000000000000022,76,0.06342355813211352,exc_eb,exceedance,0.0,0.0,1.0
single,5,1,0.95,0.050000000000000044,0.025000000000000022,76,0.06342355813211352,exc_bet,exceedance,0.0,0.0,1.0
single,5,1,0.95,0.050000000000000044,0.025000000000000022,76,0.06342355813211352,counts_exact,counts,0.0,0.0,1.0
single,5,1,0.95,0.050000000000000044,0.025000000000000022,76,0.06342355813211352,norm_bet,counts,0.0,0.0,1.0
single,5,1,0.95,0.050000000000000044,0.025000000000000022,102,0.08512109117731026,cdf_eb,cdf,0.0,0.0,1.0
single,5,1,0.95,0.050000000000000044,0.025000000000000022,102,0.08512109117731026,cdf_bet,cdf,0.0005,0.0,0.9995
single,5,1,0.95,0.050000000000000044,0.025000000000000022,102,0.08512109117731026,cdf_exact,cdf,0.055,0.0,0.945
single,5,1,0.95,0.050000000000000044,0.025000000000000022,102,0.08512109117731026,exc_eb,exceedance,0.0,0.0,1.0
single,5,1,0.95,0.050000000000000044,0.025000000000000022,102,0.08512109117731026,exc_bet,exceedance,0.0,0.0,1.0
single,5,1,0.95,0.050000000000000044,0.025000000000000022,102,0.08512109117731026,counts_exact,counts,0.0,0.0,1.0
single,5,1,0.95,0.050000000000000044,0.025000000000000022,102,0.08512109117731026,norm_bet,counts,0.0,0.0,1.0
single,5,1,0.95,0.050000000000000044,0.025000000000000022,136,0.11349478823641368,cdf_eb,cdf,0.0,0.0,1.0
single,5,1,0.95,0.050000000000000044,0.025000000000000022,136,0.11349478823641368,cdf_bet,cdf,0.001,0.0,0.999
single,5,1,0.95,0.050000000000000044,0.025000000000000022,136,0.11349478823641368,cdf_exact,cdf,0.0445,0.0,0.9555
single,5,1,0.95,0.050000000000000044,0.025000000000000022,136,0.11349478823641368,exc_eb,exceedance,0.0,0.0,1.0
single,5,1,0.95,0.050000000000000044,0.025000000000000022,136,0.11349478823641368,exc_bet,exceedance,0.0,0.0,1.0
single,5,1,0.95,0.050000000000000044,0.025000000000000022,136,0.11349478823641368,counts_exact,counts,0.0,0.0,1.0
single,5,1,0.95,0.050000000000000044,0.025000000000000022,136,0.11349478823641368,norm_bet,counts,0.0,0.0,1.0
single,5,1,0.95,0.050000000000000044,0.025000000000000022,181,0.1510482108146388,cdf_eb,cdf,0.0,0.0,1.0
single,5,1,0.95,0.050000000000000044,0.025000000000000022,181,0.1510482108146388,cdf_bet,cdf,0.0005,0.0,0.9995
single,5,1,0.95,0.050000000000000044,0.025000000000000022,181,0.1510482108146388,cdf_exact,cdf,0.065,0.0,0.935
single,5,1,0.95,0.050000000000000044,0.025000000000000022,181,0.1510482108146388,exc_eb,exceedance,0.0,0.0,1.0
single,5,1,0.95,0.050000000000000044,0.025000000000000022,181,0.1510482108146388,exc_bet,exceedance,0.0,0.0,1.0
single,5,1,0.95,0.050000000000000044,0.025000000000000022,181,0.1510482108146388,counts_exact,counts,0.0,0.0,1.0
single,5,1,0.95,0.050000000000000044,0.025000000000000022,181,0.1510482108146388,norm_bet,counts,0.0,0.0,1.0
single,5,1,0.95,0.050000000000000044,0.025000000000000022,242,0.20195396142067729,cdf_eb,cdf,0.0,0.0,1.0
single,5,1,0.95,0.050000000000000044,0.025000000000000022,242,0.20195396142067729,cdf_bet,cdf,0.0005,0.0,0.9995
single,5,1,0.95,0.050000000000000044,0.025000000000000022,242,0.20195396142067729,cdf_exact,cdf,0.0615,0.0,0.9385
single,5,1,0.95,0.050000000000000044,0.025000000000000022,242,0.20195396142067729,exc_eb,exceedance,0.0,0.0,1.0
single,5,1,0.95,0.050000000000000044,0.025000000000000022,242,0.20195396142067729,exc_bet,exceedance,0.0,0.0,1.0
single,5,1,0.95,0.050000000000000044,0.025000000000000022,242,0.20195396142067729,counts_exact,counts,0.0095,0.0,0.9905
single,5,1,0.95,0.050000000000000044,0.025000000000000022,242,0.20195396142067729,norm_bet,counts,0.0,0.0,1.0
single,5,1,0.95,0.050000000000000044,0.025000000000000022,323,0.2695501220614825,cdf_eb,cdf,0.0,0.0,1.0
single,5,1,0.95,0.050000000000000044,0.025000000000000022,323,0.2695501220614825,cdf_bet,cdf,0.0005,0.0,0.9995
single,5,1,0.95,0.050000000000000044,0.025000000000000022,323,0.2695501220614825,cdf_exact,cdf,0.074,0.0,0.926
single,5,1,0.95,0.050000000000000044,0.025000000000000022,323,0.2695501220614825,exc_eb,exceedance,0.0,0.0,1.0
single,5,1,0.95,0.050000000000000044,0.025000000000000022,323,0.2695501220614825,exc_bet,exceedance,0.0,0.0,1.0
single,5,1,0.95,0.050000000000000044,0.025000000000000022,323,0.2695501220614825,counts_exact,counts,0.163,0.0,0.837
single,5,1,0.95,0.050000000000000044,0.025000000000000022,323,0.2695501220614825,norm_bet,counts,0.0,0.0,1.0
single,5,1,0.95,0.050000000000000044,0.025000000000000022,431,0.35967833624922274,cdf_eb,cdf,0.0,0.0,1.0
single,5,1,0.95,0.050000000000000044,0.025000000000000022,431,0.35967833624922274,cdf_bet,cdf,0.001,0.0,0.999
single,5,1,0.95,0.050000000000000044,0.025000000000000022,431,0.35967833624922274,cdf_exact,cdf,0.083,0.0,0.917
single,5,1,0.95,0.050000000000000044,0.025000000000000022,431,0.35967833624922274,exc_eb,exceedance,0.0,0.0,1.0
single,5,1,0.95,0.050000000000000044,0.025000000000000022,431,0.35967833624922274,exc_bet,exceedance,0.0,0.0,1.0
single,5,1,0.95,0.050000000000000044,0.025000000000000022,431,0.35967833624922274,counts_exact,counts,0.1635,0.0,0.8365
single,5,1,0.95,0.050000000000000044,0.025000000000000022,431,0.35967833624922274,norm_bet,counts,0.0,0.0,1.0
single,5,1,0.95,0.050000000000000044,0.025000000000000022,576,0.48068380900128144,cdf_eb,cdf,0.0,0.0,1.0
single,5,1,0.95,0.050000000000000044,0.025000000000000022,576,0.48068380900128144,cdf_bet,cdf,0.001,0.0,0.999
single,5,1,0.95,0.050000000000000044,0.025000000000000022,576,0.48068380900128144,cdf_exact,cdf,0.099,0.0,0.901
single,5,1,0.95,0.050000000000000044,0.025000000000000022,576,0.48068380900128144,exc_eb,exceedance,0.0,0.0,1.0
single,5,1,0.95,0.050000000000000044,0.025000000000000022,576,0.48068380900128144,exc_bet,exceedance,0.0,0.0,1.0
single,5,1,0.95,0.050000000000000044,0.025000000000000022,576,0.48068380900128144,counts_exact,counts,0.258,0.0,0.742
single,5,1,0.95,0.050000000000000044,0.025000000000000022,576,0.48068380900128144,norm_bet,counts,0.001,0.0,0.999
single,5,1,0.95,0.050000000000000044,0.025000000000000022,769,0.6417462658367803,cdf_eb,cdf,0.0015,0.0,0.9985
single,5,1,0.95,0.050000000000000044,0.025000000000000022,769,0.6417462658367803,cdf_bet,cdf,0.002,0.0,0.998
single,5,1,0.95,0.050000000000000044,0.025000000000000022,769,0.6417462658367803,cdf_exact,cdf,0.1015,0.0,0.8985
single,5,1,0.95,0.050000000000000044,0.025000000000000022,769,0.6417462658367803,exc_eb,exceedance,0.0,0.0,1.0
single,5,1,0.95,0.050000000000000044,0.025000000000000022,769,0.6417462658367803,exc_bet,exceedance,0.0295,0.0,0.9705
single,5,1,0.95,0.050000000000000044,0.025000000000000022,769,0.6417462658367803,counts_exact,counts,0.355,0.0,0.645
single,5,1,0.95,0.050000000000000044,0.025000000000000022,769,0.6417462658367803,norm_bet,counts,0.054,0.0,0.946
single,5,1,0.95,0.050000000000000044,0.025000000000000022,1027,0.8570525552852709,cdf_eb,cdf,0.0015,0.0,0.9985
single,5,1,0.95,0.050000000000000044,0.025000000000000022,1027,0.8570525552852709,cdf_bet,cdf,0.0015,0.0,0.9985
single,5,1,0.95,0.050000000000000044,0.025000000000000022,1027,0.8570525552852709,cdf_exact,cdf,0.1,0.0,0.9
single,5,1,0.95,0.050000000000000044,0.025000000000000022,1027,0.8570525552852709,exc_eb,exceedance,0.0075,0.0,0.9925
single,5,1,0.95,0.050000000000000044,0.025000000000000022,1027,0.8570525552852709,exc_bet,exceedance,0.1385,0.0,0.8615
single,5,1,0.95,0.050000000000000044,0.025000000000000022,1027,0.8570525552852709,counts_exact,counts,0.4815,0.0,0.5185
single,5,1,0.95,0.050000000000000044,0.025000000000000022,1027,0.8570525552852709,norm_bet,counts,0.164,0.0,0.836
single,5,1,0.95,0.050000000000000044,0.025000000000000022,1371,1.1441276078832585,cdf_eb,cdf,0.001,0.0,0.999
single,5,1,0.95,0.050000000000000044,0.025000000000000022,1371,1.1441276078832585,cdf_bet,cdf,0.003,0.0,0.997
single,5,1,0.95,0.050000000000000044,0.025000000000000022,1371,1.1441276078832585,cdf_exact,cdf,0.0965,0.0,0.9035
single,5,1,0.95,0.050000000000000044,0.025000000000000022,1371,1.1441276078832585,exc_eb,exceedance,0.008,0.0,0.992
single,5,1,0.95,0.050000000000000044,0.025000000000000022,1371,1.1441276078832585,exc_bet,exceedance,0.345,0.0,0.655
single,5,1,0.95,0.050000000000000044,0.025000000000000022,1371,1.1441276078832585,counts_exact,counts,0.6245,0.0,0.3755
single,5,1,0.95,0.050000000000000044,0.025000000000000022,1371,1.1441276078832585,norm_bet,counts,0.303,0.0,0.697
single,5,1,0.95,0.050000000000000044,0.025000000000000022,1831,1.528007038682893,cdf_eb,cdf,0.0055,0.0,0.9945
single,5,1,0.95,0.050000000000000044,0.025000000000000022,1831,1.528007038682893,cdf_bet,cdf,0.006,0.0,0.994
single,5,1,0.95,0.050000000000000044,0.025000000000000022,1831,1.528007038682893,cdf_exact,cdf,0.126,0.0,0.874
single,5,1,0.95,0.050000000000000044,0.025000000000000022,1831,1.528007038682893,exc_eb,exceedance,0.055,0.0,0.945
single,5,1,0.95,0.050000000000000044,0.025000000000000022,1831,1.528007038682893,exc_bet,exceedance,0.4805,0.0,0.5195
single,5,1,0.95,0.050000000000000044,0.025000000000000022,1831,1.528007038682893,counts_exact,counts,0.7675,0.0,0.2325
single,5,1,0.95,0.050000000000000044,0.025000000000000022,1831,1.528007038682893,norm_bet,counts,0.471,0.0,0.529
single,5,1,0.95,0.050000000000000044,0.025000000000000022,2444,2.0395681062484927,cdf_eb,cdf,0.002,0.0,0.998
single,5,1,0.95,0.050000000000000044,0.025000000000000022,2444,2.0395681062484927,cdf_bet,cdf,0.002,0.0,0.998
single,5,1,0.95,0.050000000000000044,0.025000000000000022,2444,2.0395681062484927,cdf_exact,cdf,0.145,0.0,0.855
single,5,1,0.95,0.050000000000000044,0.025000000000000022,2444,2.0395681062484927,exc_eb,exceedance,0.1395,0.0,0.8605
single,5,1,0.95,0.050000000000000044,0.025000000000000022,2444,2.0395681062484927,exc_bet,exceedance,0.5795,0.0,0.4205
single,5,1,0.95,0.050000000000000044,0.025000000000000022,2444,2.0395681062484927,counts_exact,counts,0.8755,0.0,0.1245
single,5,1,0.95,0.050000000000000044,0.025000000000000022,2444,2.0395681062484927,norm_bet,counts,0.6225,0.0,0.3775
single,5,1,0.95,0.050000000000000044,0.025000000000000022,3263,2.72304039717219,cdf_eb,cdf,0.0055,0.0,0.9945
single,5,1,0.95,0.050000000000000044,0.025000000000000022,3263,2.72304039717219,cdf_bet,cdf,0.006,0.0,0.994
single,5,1,0.95,0.050000000000000044,0.025000000000000022,3263,2.72304039717219,cdf_exact,cdf,0.166,0.0,0.834
single,5,1,0.95,0.050000000000000044,0.025000000000000022,3263,2.72304039717219,exc_eb,exceedance,0.24,0.0,0.76
single,5,1,0.95,0.050000000000000044,0.025000000000000022,3263,2.72304039717219,exc_bet,exceedance,0.747,0.0,0.253
single,5,1,0.95,0.050000000000000044,0.025000000000000022,3263,2.72304039717219,counts_exact,counts,0.952,0.0,0.048
single,5,1,0.95,0.050000000000000044,0.025000000000000022,3263,2.72304039717219,norm_bet,counts,0.7715,0.0,0.2285
single,5,1,0.95,0.050000000000000044,0.025000000000000022,4357,3.636005826073929,cdf_eb,cdf,0.01,0.0,0.99
single,5,1,0.95,0.050000000000000044,0.025000000000000022,4357,3.636005826073929,cdf_bet,cdf,0.0085,0.0,0.9915
single,5,1,0.95,0.050000000000000044,0.025000000000000022,4357,3.636005826073929,cdf_exact,cdf,0.205,0.0,0.795
single,5,1,0.95,0.050000000000000044,0.025000000000000022,4357,3.636005826073929,exc_eb,exceedance,0.57,0.0,0.43
single,5,1,0.95,0.050000000000000044,0.025000000000000022,4357,3.636005826073929,exc_bet,exceedance,0.8395,0.0,0.1605
single,5,1,0.95,0.050000000000000044,0.025000000000000022,4357,3.636005826073929,counts_exact,counts,0.978,0.0,0.022
single,5,1,0.95,0.050000000000000044,0.025000000000000022,4357,3.636005826073929,norm_bet,counts,0.8525,0.0,0.1475
single,5,1,0.95,0.050000000000000044,0.025000000000000022,5817,4.854405758611899,cdf_eb,cdf,0.022,0.0,0.978
single,5,1,0.95,0.050000000000000044,0.025000000000000022,5817,4.854405758611899,cdf_bet,cdf,0.016,0.0,0.984
single,5,1,0.95,0.050000000000000044,0.025000000000000022,5817,4.854405758611899,cdf_exact,cdf,0.257,0.0,0.743
single,5,1,0.95,0.050000000000000044,0.025000000000000022,5817,4.854405758611899,exc_eb,exceedance,0.812,0.0,0.188
single,5,1,0.95,0.050000000000000044,0.025000000000000022,5817,4.854405758611899,exc_bet,exceedance,0.945,0.0,0.055
single,5,1,0.95,0.050000000000000044,0.025000000000000022,5817,4.854405758611899,counts_exact,counts,0.9985,0.0,0.0015
single,5,1,0.95,0.050000000000000044,0.025000000000000022,5817,4.854405758611899,norm_bet,counts,0.9545,0.0,0.0455
single,5,1,0.95,0.050000000000000044,0.025000000000000022,7767,6.4817207370016545,cdf_eb,cdf,0.0305,0.0,0.9695
single,5,1,0.95,0.050000000000000044,0.025000000000000022,7767,6.4817207370016545,cdf_bet,cdf,0.024,0.0,0.976
single,5,1,0.95,0.050000000000000044,0.025000000000000022,7767,6.4817207370016545,cdf_exact,cdf,0.3035,0.0,0.6965
single,5,1,0.95,0.050000000000000044,0.025000000000000022,7767,6.4817207370016545,exc_eb,exceedance,0.956,0.0,0.044
single,5,1,0.95,0.050000000000000044,0.025000000000000022,7767,6.4817207370016545,exc_bet,exceedance,0.9865,0.0,0.0135
single,5,1,0.95,0.050000000000000044,0.025000000000000022,7767,6.4817207370016545,counts_exact,counts,0.9995,0.0,0.0005
single,5,1,0.95,0.050000000000000044,0.025000000000000022,7767,6.4817207370016545,norm_bet,counts,0.9905,0.0,0.0095
single,5,1,0.95,0.050000000000000044,0.025000000000000022,10370,8.653977603026544,cdf_eb,cdf,0.045,0.0,0.955
single,5,1,0.95,0.050000000000000044,0.025000000000000022,10370,8.653977603026544,cdf_bet,cdf,0.0295,0.0,0.9705
single,5,1,0.95,0.050000000000000044,0.025000000000000022,10370,8.653977603026544,cdf_exact,cdf,0.356,0.0,0.644
single,5,1,0.95,0.050000000000000044,0.025000000000000022,10370,8.653977603026544,exc_eb,exceedance,0.998,0.0,0.002
single,5,1,0.95,0.050000000000000044,0.025000000000000022,10370,8.653977603026544,exc_bet,exceedance,0.9995,0.0,0.0005
single,5,1,0.95,0.050000000000000044,0.025000000000000022,10370,8.653977603026544,counts_exact,counts,1.0,0.0,0.0
single,5,1,0.95,0.050000000000000044,0.025000000000000022,10370,8.653977603026544,norm_bet,counts,1.0,0.0,0.0
single,5,1,0.95,0.050000000000000044,0.025000000000000022,13846,11.554770867068997,cdf_eb,cdf,0.0755,0.0,0.9245
single,5,1,0.95,0.050000000000000044,0.025000000000000022,13846,11.554770867068997,cdf_bet,cdf,0.0495,0.0,0.9505
single,5,1,0.95,0.050000000000000044,0.025000000000000022,13846,11.554770867068997,cdf_exact,cdf,0.4285,0.0,0.5715
single,5,1,0.95,0.050000000000000044,0.025000000000000022,13846,11.554770867068997,exc_eb,exceedance,1.0,0.0,0.0
single,5,1,0.95,0.050000000000000044,0.025000000000000022,13846,11.554770867068997,exc_bet,exceedance,1.0,0.0,0.0
single,5,1,0.95,0.050000000000000044,0.025000000000000022,13846,11.554770867068997,counts_exact,counts,1.0,0.0,0.0
single,5,1,0.95,0.050000000000000044,0.025000000000000022,13846,11.554770867068997,norm_bet,counts,1.0,0.0,0.0
single,5,1,0.95,0.050000000000000044,0.025000000000000022,18487,15.427780515636615,cdf_eb,cdf,0.1255,0.0,0.8745
single,5,1,0.95,0.050000000000000044,0.025000000000000022,18487,15.427780515636615,cdf_bet,cdf,0.081,0.0,0.919
single,5,1,0.95,0.050000000000000044,0.025000000000000022,18487,15.427780515636615,cdf_exact,cdf,0.5425,0.0,0.4575
single,5,1,0.95,0.050000000000000044,0.025000000000000022,18487,15.427780515636615,exc_eb,exceedance,1.0,0.0,0.0
single,5,1,0.95,0.050000000000000044,0.025000000000000022,18487,15.427780515636615,exc_bet,exceedance,1.0,0.0,0.0
single,5,1,0.95,0.050000000000000044,0.025000000000000022,18487,15.427780515636615,counts_exact,counts,1.0,0.0,0.0
single,5,1,0.95,0.050000000000000044,0.025000000000000022,18487,15.427780515636615,norm_bet,counts,1.0,0.0,0.0
single,5,1,0.95,0.050000000000000044,0.025000000000000022,24683,20.598469544407344,cdf_eb,cdf,0.1885,0.0,0.8115
single,5,1,0.95,0.050000000000000044,0.025000000000000022,24683,20.598469544407344,cdf_bet,cdf,0.1195,0.0,0.8805
single,5,1,0.95,0.050000000000000044,0.025000000000000022,24683,20.598469544407344,cdf_exact,cdf,0.6415,0.0,0.3585
single,5,1,0.95,0.050000000000000044,0.025000000000000022,24683,20.598469544407344,exc_eb,exceedance,1.0,0.0,0.0
single,5,1,0.95,0.050000000000000044,0.025000000000000022,24683,20.598469544407344,exc_bet,exceedance,1.0,0.0,0.0
single,5,1,0.95,0.050000000000000044,0.025000000000000022,24683,20.598469544407344,counts_exact,counts,1.0,0.0,0.0
single,5,1,0.95,0.050000000000000044,0.025000000000000022,24683,20.598469544407344,norm_bet,counts,1.0,0.0,0.0
single,5,1,0.95,0.050000000000000044,0.025000000000000022,32956,27.502457655288595,cdf_eb,cdf,0.29,0.0,0.71
single,5,1,0.95,0.050000000000000044,0.025000000000000022,32956,27.502457655288595,cdf_bet,cdf,0.2035,0.0,0.7965
single,5,1,0.95,0.050000000000000044,0.025000000000000022,32956,27.502457655288595,cdf_exact,cdf,0.7515,0.0,0.2485
single,5,1,0.95,0.050000000000000044,0.025000000000000022,32956,27.502457655288595,exc_eb,exceedance,1.0,0.0,0.0
single,5,1,0.95,0.050000000000000044,0.025000000000000022,32956,27.502457655288595,exc_bet,exceedance,1.0,0.0,0.0
single,5,1,0.95,0.050000000000000044,0.025000000000000022,32956,27.502457655288595,counts_exact,counts,1.0,0.0,0.0
single,5,1,0.95,0.050000000000000044,0.025000000000000022,32956,27.502457655288595,norm_bet,counts,1.0,0.0,0.0
single,5,1,0.95,0.050000000000000044,0.025000000000000022,44001,36.71973659698852,cdf_eb,cdf,0.4355,0.0,0.5645
single,5,1,0.95,0.050000000000000044,0.025000000000000022,44001,36.71973659698852,cdf_bet,cdf,0.317,0.0,0.683
single,5,1,0.95,0.050000000000000044,0.025000000000000022,44001,36.71973659698852,cdf_exact,cdf,0.8385,0.0,0.1615
single,5,1,0.95,0.050000000000000044,0.025000000000000022,44001,36.71973659698852,exc_eb,exceedance,1.0,0.0,0.0
single,5,1,0.95,0.050000000000000044,0.025000000000000022,44001,36.71973659698852,exc_bet,exceedance,1.0,0.0,0.0
single,5,1,0.95,0.050000000000000044,0.025000000000000022,44001,36.71973659698852,counts_exact,counts,1.0,0.0,0.0
single,5,1,0.95,0.050000000000000044,0.025000000000000022,44001,36.71973659698852,norm_bet,counts,1.0,0.0,0.0
single,5,1,0.95,0.050000000000000044,0.025000000000000022,58749,49.027244956625495,cdf_eb,cdf,0.5895,0.0,0.4105
single,5,1,0.95,0.050000000000000044,0.025000000000000022,58749,49.027244956625495,cdf_bet,cdf,0.4725,0.0,0.5275
single,5,1,0.95,0.050000000000000044,0.025000000000000022,58749,49.027244956625495,cdf_exact,cdf,0.9175,0.0,0.0825
single,5,1,0.95,0.050000000000000044,0.025000000000000022,58749,49.027244956625495,exc_eb,exceedance,1.0,0.0,0.0
single,5,1,0.95,0.050000000000000044,0.025000000000000022,58749,49.027244956625495,exc_bet,exceedance,1.0,0.0,0.0
single,5,1,0.95,0.050000000000000044,0.025000000000000022,58749,49.027244956625495,counts_exact,counts,1.0,0.0,0.0
single,5,1,0.95,0.050000000000000044,0.025000000000000022,58749,49.027244956625495,norm_bet,counts,1.0,0.0,0.0
single,5,1,0.95,0.050000000000000044,0.025000000000000022,78439,65.45895363585332,cdf_eb,cdf,0.7825,0.0,0.2175
single,5,1,0.95,0.050000000000000044,0.025000000000000022,78439,65.45895363585332,cdf_bet,cdf,0.658,0.0,0.342
single,5,1,0.95,0.050000000000000044,0.025000000000000022,78439,65.45895363585332,cdf_exact,cdf,0.9755,0.0,0.0245
single,5,1,0.95,0.050000000000000044,0.025000000000000022,78439,65.45895363585332,exc_eb,exceedance,1.0,0.0,0.0
single,5,1,0.95,0.050000000000000044,0.025000000000000022,78439,65.45895363585332,exc_bet,exceedance,1.0,0.0,0.0
single,5,1,0.95,0.050000000000000044,0.025000000000000022,78439,65.45895363585332,counts_exact,counts,1.0,0.0,0.0
single,5,1,0.95,0.050000000000000044,0.025000000000000022,78439,65.45895363585332,norm_bet,counts,1.0,0.0,0.0
single,5,1,0.95,0.050000000000000044,0.025000000000000022,104728,87.39766310605243,cdf_eb,cdf,0.905,0.0,0.095
single,5,1,0.95,0.050000000000000044,0.025000000000000022,104728,87.39766310605243,cdf_bet,cdf,0.839,0.0,0.161
single,5,1,0.95,0.050000000000000044,0.025000000000000022,104728,87.39766310605243,cdf_exact,cdf,0.991,0.0,0.009
single,5,1,0.95,0.050000000000000044,0.025000000000000022,104728,87.39766310605243,exc_eb,exceedance,1.0,0.0,0.0
single,5,1,0.95,0.050000000000000044,0.025000000000000022,104728,87.39766310605243,exc_bet,exceedance,1.0,0.0,0.0
single,5,1,0.95,0.050000000000000044,0.025000000000000022,104728,87.39766310605243,counts_exact,counts,1.0,0.0,0.0
single,5,1,0.95,0.050000000000000044,0.025000000000000022,104728,87.39766310605243,norm_bet,counts,1.0,0.0,0.0
single,5,1,0.95,0.050000000000000044,0.025000000000000022,139829,116.69016723756977,cdf_eb,cdf,0.9745,0.0,0.0255
single,5,1,0.95,0.050000000000000044,0.025000000000000022,139829,116.69016723756977,cdf_bet,cdf,0.946,0.0,0.054
single,5,1,0.95,0.050000000000000044,0.025000000000000022,139829,116.69016723756977,cdf_exact,cdf,0.999,0.0,0.001
single,5,1,0.95,0.050000000000000044,0.025000000000000022,139829,116.69016723756977,exc_eb,exceedance,1.0,0.0,0.0
single,5,1,0.95,0.050000000000000044,0.025000000000000022,139829,116.69016723756977,exc_bet,exceedance,1.0,0.0,0.0
single,5,1,0.95,0.050000000000000044,0.025000000000000022,139829,116.69016723756977,counts_exact,counts,1.0,0.0,0.0
single,5,1,0.95,0.050000000000000044,0.025000000000000022,139829,116.69016723756977,norm_bet,counts,1.0,0.0,0.0
single,5,1,0.95,0.050000000000000044,0.025000000000000022,186694,155.79997055153686,cdf_eb,cdf,0.9975,0.0,0.0025
single,5,1,0.95,0.050000000000000044,0.025000000000000022,186694,155.79997055153686,cdf_bet,cdf,0.99,0.0,0.01
single,5,1,0.95,0.050000000000000044,0.025000000000000022,186694,155.79997055153686,cdf_exact,cdf,1.0,0.0,0.0
single,5,1,0.95,0.050000000000000044,0.025000000000000022,186694,155.79997055153686,exc_eb,exceedance,1.0,0.0,0.0
single,5,1,0.95,0.050000000000000044,0.025000000000000022,186694,155.79997055153686,exc_bet,exceedance,1.0,0.0,0.0
single,5,1,0.95,0.050000000000000044,0.025000000000000022,186694,155.79997055153686,counts_exact,counts,1.0,0.0,0.0
single,5,1,0.95,0.050000000000000044,0.025000000000000022,186694,155.79997055153686,norm_bet,counts,1.0,0.0,0.0
single,5,1,0.95,0.050000000000000044,0.025000000000000022,249267,208.01842190680975,cdf_eb,cdf,1.0,0.0,0.0
single,5,1,0.95,0.050000000000000044,0.025000000000000022,249267,208.01842190680975,cdf_bet,cdf,0.9995,0.0,0.0005
single,5,1,0.95,0.050000000000000044,0.025000000000000022,249267,208.01842190680975,cdf_exact,cdf,1.0,0.0,0.0
single,5,1,0.95,0.050000000000000044,0.025000000000000022,249267,208.01842190680975,exc_eb,exceedance,1.0,0.0,0.0
single,5,1,0.95,0.050000000000000044,0.025000000000000022,249267,208.01842190680975,exc_bet,exceedance,1.0,0.0,0.0
single,5,1,0.95,0.050000000000000044,0.025000000000000022,249267,208.01842190680975,counts_exact,counts,1.0,0.0,0.0
single,5,1,0.95,0.050000000000000044,0.025000000000000022,249267,208.01842190680975,norm_bet,counts,1.0,0.0,0.0
single,5,1,0.95,0.050000000000000044,0.025000000000000022,332811,277.7376027040373,cdf_eb,cdf,1.0,0.0,0.0
single,5,1,0.95,0.050000000000000044,0.025000000000000022,332811,277.7376027040373,cdf_bet,cdf,1.0,0.0,0.0
single,5,1,0.95,0.050000000000000044,0.025000000000000022,332811,277.7376027040373,cdf_exact,cdf,1.0,0.0,0.0
single,5,1,0.95,0.050000000000000044,0.025000000000000022,332811,277.7376027040373,exc_eb,exceedance,1.0,0.0,0.0
single,5,1,0.95,0.050000000000000044,0.025000000000000022,332811,277.7376027040373,exc_bet,exceedance,1.0,0.0,0.0
single,5,1,0.95,0.050000000000000044,0.025000000000000022,332811,277.7376027040373,counts_exact,counts,1.0,0.0,0.0
single,5,1,0.95,0.050000000000000044,0.025000000000000022,332811,277.7376027040373,norm_bet,counts,1.0,0.0,0.0
single,5,1,0.95,0.050000000000000044,0.025000000000000022,444357,370.8250265909417,cdf_eb,cdf,1.0,0.0,0.0
single,5,1,0.95,0.050000000000000044,0.025000000000000022,444357,370.8250265909417,cdf_bet,cdf,1.0,0.0,0.0
single,5,1,0.95,0.050000000000000044,0.025000000000000022,444357,370.8250265909417,cdf_exact,cdf,1.0,0.0,0.0
single,5,1,0.95,0.050000000000000044,0.025000000000000022,444357,370.8250265909417,exc_eb,exceedance,1.0,0.0,0.0
single,5,1,0.95,0.050000000000000044,0.025000000000000022,444357,370.8250265909417,exc_bet,exceedance,1.0,0.0,0.0
single,5,1,0.95,0.050000000000000044,0.025000000000000022,444357,370.8250265909417,counts_exact,counts,1.0,0.0,0.0
single,5,1,0.95,0.050000000000000044,0.025000000000000022,444357,370.8250265909417,norm_bet,counts,1.0,0.0,0.0
single,5,1,0.95,0.050000000000000044,0.025000000000000022,593287,495.11016491483207,cdf_eb,cdf,1.0,0.0,0.0
single,5,1,0.95,0.050000000000000044,0.025000000000000022,593287,495.11016491483207,cdf_bet,cdf,1.0,0.0,0.0
single,5,1,0.95,0.050000000000000044,0.025000000000000022,593287,495.11016491483207,cdf_exact,cdf,1.0,0.0,0.0
single,5,1,0.95,0.050000000000000044,0.025000000000000022,593287,495.11016491483207,exc_eb,exceedance,1.0,0.0,0.0
single,5,1,0.95,0.050000000000000044,0.025000000000000022,593287,495.11016491483207,exc_bet,exceedance,1.0,0.0,0.0
single,5,1,0.95,0.050000000000000044,0.025000000000000022,593287,495.11016491483207,counts_exact,counts,1.0,0.0,0.0
single,5,1,0.95,0.050000000000000044,0.025000000000000022,593287,495.11016491483207,norm_bet,counts,1.0,0.0,0.0
single,5,1,0.95,0.050000000000000044,0.025000000000000022,792134,661.0520631239949,cdf_eb,cdf,1.0,0.0,0.0
single,5,1,0.95,0.050000000000000044,0.025000000000000022,792134,661.0520631239949,cdf_bet,cdf,1.0,0.0,0.0
single,5,1,0.95,0.050000000000000044,0.025000000000000022,792134,661.0520631239949,cdf_exact,cdf,1.0,0.0,0.0
single,5,1,0.95,0.050000000000000044,0.025000000000000022,792134,661.0520631239949,exc_eb,exceedance,1.0,0.0,0.0
single,5,1,0.95,0.050000000000000044,0.025000000000000022,792134,661.0520631239949,exc_bet,exceedance,1.0,0.0,0.0
single,5,1,0.95,0.050000000000000044,0.025000000000000022,792134,661.0520631239949,counts_exact,counts,1.0,0.0,0.0
single,5,1,0.95,0.050000000000000044,0.025000000000000022,792134,661.0520631239949,norm_bet,counts,1.0,0.0,0.0
single,5,1,0.95,0.050000000000000044,0.025000000000000022,1057626,882.6105801715092,cdf_eb,cdf,1.0,0.0,0.0
single,5,1,0.95,0.050000000000000044,0.025000000000000022,1057626,882.6105801715092,cdf_bet,cdf,1.0,0.0,0.0
single,5,1,0.95,0.050000000000000044,0.025000000000000022,1057626,882.6105801715092,cdf_exact,cdf,1.0,0.0,0.0
single,5,1,0.95,0.050000000000000044,0.025000000000000022,1057626,882.6105801715092,exc_eb,exceedance,1.0,0.0,0.0
single,5,1,0.95,0.050000000000000044,0.025000000000000022,1057626,882.6105801715092,exc_bet,exceedance,1.0,0.0,0.0
single,5,1,0.95,0.050000000000000044,0.025000000000000022,1057626,882.6105801715092,counts_exact,counts,1.0,0.0,0.0
single,5,1,0.95,0.050000000000000044,0.025000000000000022,1057626,882.6105801715092,norm_bet,counts,1.0,0.0,0.0
single,5,1,0.95,0.050000000000000044,0.025000000000000022,1412100,1178.4264005047041,cdf_eb,cdf,1.0,0.0,0.0
single,5,1,0.95,0.050000000000000044,0.025000000000000022,1412100,1178.4264005047041,cdf_bet,cdf,1.0,0.0,0.0
single,5,1,0.95,0.050000000000000044,0.025000000000000022,1412100,1178.4264005047041,cdf_exact,cdf,1.0,0.0,0.0
single,5,1,0.95,0.050000000000000044,0.025000000000000022,1412100,1178.4264005047041,exc_eb,exceedance,1.0,0.0,0.0
single,5,1,0.95,0.050000000000000044,0.025000000000000022,1412100,1178.4264005047041,exc_bet,exceedance,1.0,0.0,0.0
single,5,1,0.95,0.050000000000000044,0.025000000000000022,1412100,1178.4264005047041,counts_exact,counts,1.0,0.0,0.0
single,5,1,0.95,0.050000000000000044,0.025000000000000022,1412100,1178.4264005047041,norm_bet,counts,1.0,0.0,0.0
single,5,1,0.95,0.050000000000000044,0.025000000000000022,1885381,1573.3890980879253,cdf_eb,cdf,1.0,0.0,0.0
single,5,1,0.95,0.050000000000000044,0.025000000000000022,1885381,1573.3890980879253,cdf_bet,cdf,1.0,0.0,0.0
single,5,1,0.95,0.050000000000000044,0.025000000000000022,1885381,1573.3890980879253,cdf_exact,cdf,1.0,0.0,0.0
single,5,1,0.95,0.050000000000000044,0.025000000000000022,1885381,1573.3890980879253,exc_eb,exceedance,1.0,0.0,0.0
single,5,1,0.95,0.050000000000000044,0.025000000000000022,1885381,1573.3890980879253,exc_bet,exceedance,1.0,0.0,0.0
single,5,1,0.95,0.050000000000000044,0.025000000000000022,1885381,1573.3890980879253,counts_exact,counts,1.0,0.0,0.0
single,5,1,0.95,0.050000000000000044,0.025000000000000022,1885381,1573.3890980879253,norm_bet,counts,1.0,0.0,0.0
single,5,1,0.95,0.050000000000000044,0.025000000000000022,2517286,2100.7267757388886,cdf_eb,cdf,1.0,0.0,0.0
single,5,1,0.95,0.050000000000000044,0.025000000000000022,2517286,2100.7267757388886,cdf_bet,cdf,1.0,0.0,0.0
single,5,1,0.95,0.050000000000000044,0.025000000000000022,2517286,2100.7267757388886,cdf_exact,cdf,1.0,0.0,0.0
single,5,1,0.95,0.050000000000000044,0.025000000000000022,2517286,2100.7267757388886,exc_eb,exceedance,1.0,0.0,0.0
single,5,1,0.95,0.050000000000000044,0.025000000000000022,2517286,2100.7267757388886,exc_bet,exceedance,1.0,0.0,0.0
single,5,1,0.95,0.050000000000000044,0.025000000000000022,2517286,2100.7267757388886,counts_exact,counts,1.0,0.0,0.0
single,5,1,0.95,0.050000000000000044,0.025000000000000022,2517286,2100.7267757388886,norm_bet,counts,1.0,0.0,0.0
single,5,1,0.95,0.050000000000000044,0.025000000000000022,3360981,2804.807550453014,cdf_eb,cdf,1.0,0.0,0.0
single,5,1,0.95,0.050000000000000044,0.025000000000000022,3360981,2804.807550453014,cdf_bet,cdf,1.0,0.0,0.0
single,5,1,0.95,0.050000000000000044,0.025000000000000022,3360981,2804.807550453014,cdf_exact,cdf,1.0,0.0,0.0
single,5,1,0.95,0.050000000000000044,0.025000000000000022,3360981,2804.807550453014,exc_eb,exceedance,1.0,0.0,0.0
single,5,1,0.95,0.050000000000000044,0.025000000000000022,3360981,2804.807550453014,exc_bet,exceedance,1.0,0.0,0.0
single,5,1,0.95,0.050000000000000044,0.025000000000000022,3360981,2804.807550453014,counts_exact,counts,1.0,0.0,0.0
single,5,1,0.95,0.050000000000000044,0.025000000000000022,3360981,2804.807550453014,norm_bet,counts,1.0,0.0,0.0
single,5,1,0.95,0.050000000000000044,0.025000000000000022,4487449,3744.8681910051937,cdf_eb,cdf,1.0,0.0,0.0
single,5,1,0.95,0.050000000000000044,0.025000000000000022,4487449,3744.8681910051937,cdf_bet,cdf,1.0,0.0,0.0
single,5,1,0.95,0.050000000000000044,0.025000000000000022,4487449,3744.8681910051937,cdf_exact,cdf,1.0,0.0,0.0
single,5,1,0.95,0.050000000000000044,0.025000000000000022,4487449,3744.8681910051937,exc_eb,exceedance,1.0,0.0,0.0
single,5,1,0.95,0.050000000000000044,0.025000000000000022,4487449,3744.8681910051937,exc_bet,exceedance,1.0,0.0,0.0
single,5,1,0.95,0.050000000000000044,0.025000000000000022,4487449,3744.8681910051937,counts_exact,counts,1.0,0.0,0.0
single,5,1,0.95,0.050000000000000044,0.025000000000000022,4487449,3744.8681910051937,norm_bet,counts,1.0,0.0,0.0
single,5,1,0.95,0.050000000000000044,0.025000000000000022,5991465,5000.000377947678,cdf_eb,cdf,1.0,0.0,0.0
single,5,1,0.95,0.050000000000000044,0.025000000000000022,5991465,5000.000377947678,cdf_bet,cdf,1.0,0.0,0.0
single,5,1,0.95,0.050000000000000044,0.025000000000000022,5991465,5000.000377947678,cdf_exact,cdf,1.0,0.0,0.0
single,5,1,0.95,0.050000000000000044,0.025000000000000022,5991465,5000.000377947678,exc_eb,exceedance,1.0,0.0,0.0
single,5,1,0.95,0.050000000000000044,0.025000000000000022,5991465,5000.000377947678,exc_bet,exceedance,1.0,0.0,0.0
single,5,1,0.95,0.050000000000000044,0.025000000000000022,5991465,5000.000377947678,counts_exact,counts,1.0,0.0,0.0
single,5,1,0.95,0.050000000000000044,0.025000000000000022,5991465,5000.000377947678,norm_bet,counts,1.0,0.0,0.0
single,10,1,0.95,0.050000000000000044,0.025000000000000022,48,0.02002849204172006,cdf_eb,cdf,0.0,0.0,1.0
single,10,1,0.95,0.050000000000000044,0.025000000000000022,48,0.02002849204172006,cdf_bet,cdf,0.0,0.0,1.0
single,10,1,0.95,0.050000000000000044,0.025000000000000022,48,0.02002849204172006,cdf_exact,cdf,0.0445,0.0,0.9555
single,10,1,0.95,0.050000000000000044,0.025000000000000022,48,0.02002849204172006,exc_eb,exceedance,0.0,0.0,1.0
single,10,1,0.95,0.050000000000000044,0.025000000000000022,48,0.02002849204172006,exc_bet,exceedance,0.0,0.0,1.0
single,10,1,0.95,0.050000000000000044,0.025000000000000022,48,0.02002849204172006,counts_exact,counts,0.0,0.0,1.0
single,10,1,0.95,0.050000000000000044,0.025000000000000022,48,0.02002849204172006,norm_bet,counts,0.0,0.0,1.0
single,10,1,0.95,0.050000000000000044,0.025000000000000022,64,0.026704656055626746,cdf_eb,cdf,0.0,0.0,1.0
single,10,1,0.95,0.050000000000000044,0.025000000000000022,64,0.026704656055626746,cdf_bet,cdf,0.0,0.0,1.0
single,10,1,0.95,0.050000000000000044,0.025000000000000022,64,0.026704656055626746,cdf_exact,cdf,0.0355,0.0,0.9645
single,10,1,0.95,0.050000000000000044,0.025000000000000022,64,0.026704656055626746,exc_eb,exceedance,0.0,0.0,1.0
single,10,1,0.95,0.050000000000000044,0.025000000000000022,64,0.026704656055626746,exc_bet,exceedance,0.0,0.0,1.0
single,10,1,0.95,0.050000000000000044,0.025000000000000022,64,0.026704656055626746,counts_exact,counts,0.0,0.0,1.0
single,10,1,0.95,0.050000000000000044,0.025000000000000022,64,0.026704656055626746,norm_bet,counts,0.0,0.0,1.0
single,10,1,0.95,0.050000000000000044,0.025000000000000022,85,0.035467121323879275,cdf_eb,cdf,0.0,0.0,1.0
single,10,1,0.95,0.050000000000000044,0.025000000000000022,85,0.035467121323879275,cdf_bet,cdf,0.0,0.0,1.0
single,10,1,0.95,0.050000000000000044,0.025000000000000022,85,0.035467121323879275,cdf_exact,cdf,0.034,0.0,0.966
single,10,1,0.95,0.050000000000000044,0.025000000000000022,85,0.035467121323879275,exc_eb,exceedance,0.0,0.0,1.0
single,10,1,0.95,0.050000000000000044,0.025000000000000022,85,0.035467121323879275,exc_bet,exceedance,0.0,0.0,1.0
single,10,1,0.95,0.050000000000000044,0.025000000000000022,85,0.035467121323879275,counts_exact,counts,0.0,0.0,1.0
single,10,1,0.95,0.050000000000000044,0.025000000000000022,85,0.035467121323879275,norm_bet,counts,0.0,0.0,1.0
single,10,1,0.95,0.050000000000000044,0.025000000000000022,114,0.04756766859908514,cdf_eb,cdf,0.0,0.0,1.0
single,10,1,0.95,0.050000000000000044,0.025000000000000022,114,0.04756766859908514,cdf_bet,cdf,0.0005,0.0,0.9995
single,10,1,0.95,0.050000000000000044,0.025000000000000022,114,0.04756766859908514,cdf_exact,cdf,0.051,0.0,0.949
single,10,1,0.95,0.050000000000000044,0.025000000000000022,114,0.04756766859908514,exc_eb,exceedance,0.0,0.0,1.0
single,10,1,0.95,0.050000000000000044,0.025000000000000022,114,0.04756766859908514,exc_bet,exceedance,0.0,0.0,1.0
single,10,1,0.95,0.050000000000000044,0.025000000000000022,114,0.04756766859908514,counts_exact,counts,0.0,0.0,1.0
single,10,1,0.95,0.050000000000000044,0.025000000000000022,114,0.04756766859908514,norm_bet,counts,0.0,0.0,1.0
single,10,1,0.95,0.050000000000000044,0.025000000000000022,152,0.06342355813211352,cdf_eb,cdf,0.0,0.0,1.0
single,10,1,0.95,0.050000000000000044,0.025000000000000022,152,0.06342355813211352,cdf_bet,cdf,0.0,0.0,1.0
single,10,1,0.95,0.050000000000000044,0.025000000000000022,152,0.06342355813211352,cdf_exact,cdf,0.045,0.0,0.955
single,10,1,0.95,0.050000000000000044,0.025000000000000022,152,0.06342355813211352,exc_eb,exceedance,0.0,0.0,1.0
single,10,1,0.95,0.050000000000000044,0.025000000000000022,152,0.06342355813211352,exc_bet,exceedance,0.0,0.0,1.0
single,10,1,0.95,0.050000000000000044,0.025000000000000022,152,0.06342355813211352,counts_exact,counts,0.0,0.0,1.0
single,10,1,0.95,0.050000000000000044,0.025000000000000022,152,0.06342355813211352,norm_bet,counts,0.0,0.0,1.0
single,10,1,0.95,0.050000000000000044,0.025000000000000022,203,0.08470383092644108,cdf_eb,cdf,0.0,0.0,1.0
single,10,1,0.95,0.050000000000000044,0.025000000000000022,203,0.08470383092644108,cdf_bet,cdf,0.0,0.0,1.0
single,10,1,0.95,0.050000000000000044,0.025000000000000022,203,0.08470383092644108,cdf_exact,cdf,0.057,0.0,0.943
single,10,1,0.95,0.050000000000000044,0.025000000000000022,203,0.08470383092644108,exc_eb,exceedance,0.0,0.0,1.0
single,10,1,0.95,0.050000000000000044,0.025000000000000022,203,0.08470383092644108,exc_bet,exceedance,0.0,0.0,1.0
single,10,1,0.95,0.050000000000000044,0.025000000000000022,203,0.08470383092644108,counts_exact,counts,0.0,0.0,1.0
single,10,1,0.95,0.050000000000000044,0.025000000000000022,203,0.08470383092644108,norm_bet,counts,0.0,0.0,1.0
single,10,1,0.95,0.050000000000000044,0.025000000000000022,272,0.11349478823641368,cdf_eb,cdf,0.0,0.0,1.0
single,10,1,0.95,0.050000000000000044,0.025000000000000022,272,0.11349478823641368,cdf_bet,cdf,0.0,0.0,1.0
single,10,1,0.95,0.050000000000000044,0.025000000000000022,272,0.11349478823641368,cdf_exact,cdf,0.0575,0.0,0.9425
single,10,1,0.95,0.050000000000000044,0.025000000000000022,272,0.11349478823641368,exc_eb,exceedance,0.0,0.0,1.0
single,10,1,0.95,0.050000000000000044,0.025000000000000022,272,0.11349478823641368,exc_bet,exceedance,0.0,0.0,1.0
single,10,1,0.95,0.050000000000000044,0.025000000000000022,272,0.11349478823641368,counts_exact,counts,0.0,0.0,1.0
single,10,1,0.95,0.050000000000000044,0.025000000000000022,272,0.11349478823641368,norm_bet,counts,0.0,0.0,1.0
single,10,1,0.95,0.050000000000000044,0.025000000000000022,363,0.15146547106550795,cdf_eb,cdf,0.0,0.0,1.0
single,10,1,0.95,0.050000000000000044,0.025000000000000022,363,0.15146547106550795,cdf_bet,cdf,0.0,0.0,1.0
single,10,1,0.95,0.050000000000000044,0.025000000000000022,363,0.15146547106550795,cdf_exact,cdf,0.061,0.0,0.939
single,10,1,0.95,0.050000000000000044,0.025000000000000022,363,0.15146547106550795,exc_eb,exceedance,0.0,0.0,1.0
single,10,1,0.95,0.050000000000000044,0.025000000000000022,363,0.15146547106550795,exc_bet,exceedance,0.0,0.0,1.0
single,10,1,0.95,0.050000000000000044,0.025000000000000022,363,0.15146547106550795,counts_exact,counts,0.0,0.0,1.0
single,10,1,0.95,0.050000000000000044,0.025000000000000022,363,0.15146547106550795,norm_bet,counts,0.0,0.0,1.0
single,10,1,0.95,0.050000000000000044,0.025000000000000022,484,0.20195396142067729,cdf_eb,cdf,0.0,0.0,1.0
single,10,1,0.95,0.050000000000000044,0.025000000000000022,484,0.20195396142067729,cdf_bet,cdf,0.0,0.0,1.0
single,10,1,0.95,0.050000000000000044,0.025000000000000022,484,0.20195396142067729,cdf_exact,cdf,0.0565,0.0,0.9435
single,10,1,0.95,0.050000000000000044,0.025000000000000022,484,0.20195396142067729,exc_eb,exceedance,0.0,0.0,1.0
single,10,1,0.95,0.050000000000000044,0.025000000000000022,484,0.20195396142067729,exc_bet,exceedance,0.0,0.0,1.0
single,10,1,0.95,0.050000000000000044,0.025000000000000022,484,0.20195396142067729,counts_exact,counts,0.008,0.0,0.992
single,10,1,0.95,0.050000000000000044,0.025000000000000022,484,0.20195396142067729,norm_bet,counts,0.0,0.0,1.0
single,10,1,0.95,0.050000000000000044,0.025000000000000022,646,0.2695501220614825,cdf_eb,cdf,0.0005,0.0,0.9995
single,10,1,0.95,0.050000000000000044,0.025000000000000022,646,0.2695501220614825,cdf_bet,cdf,0.0005,0.0,0.9995
single,10,1,0.95,0.050000000000000044,0.025000000000000022,646,0.2695501220614825,cdf_exact,cdf,0.07,0.0,0.93
single,10,1,0.95,0.050000000000000044,0.025000000000000022,646,0.2695501220614825,exc_eb,exceedance,0.0,0.0,1.0
single,10,1,0.95,0.050000000000000044,0.025000000000000022,646,0.2695501220614825,exc_bet,exceedance,0.0,0.0,1.0
single,10,1,0.95,0.050000000000000044,0.025000000000000022,646,0.2695501220614825,counts_exact,counts,0.151,0.0,0.849
single,10,1,0.95,0.050000000000000044,0.025000000000000022,646,0.2695501220614825,norm_bet,counts,0.0,0.0,1.0
single,10,1,0.95,0.050000000000000044,0.025000000000000022,863,0.36009559650009193,cdf_eb,cdf,0.0,0.0,1.0
single,10,1,0.95,0.050000000000000044,0.025000000000000022,863,0.36009559650009193,cdf_bet,cdf,0.0005,0.0,0.9995
single,10,1,0.95,0.050000000000000044,0.025000000000000022,863,0.36009559650009193,cdf_exact,cdf,0.085,0.0,0.915
single,10,1,0.95,0.050000000000000044,0.025000000000000022,863,0.36009559650009193,exc_eb,exceedance,0.0,0.0,1.0
single,10,1,0.95,0.050000000000000044,0.025000000000000022,863,0.36009559650009193,exc_bet,exceedance,0.0,0.0,1.0
single,10,1,0.95,0.050000000000000044,0.025000000000000022,863,0.36009559650009193,counts_exact,counts,0.174,0.0,0.826
single,10,1,0.95,0.050000000000000044,0.025000000000000022,863,0.36009559650009193,norm_bet,counts,0.0,0.0,1.0
single,10,1,0.95,0.050000000000000044,0.025000000000000022,1152,0.48068380900128144,cdf_eb,cdf,0.0,0.0,1.0
single,10,1,0.95,0.050000000000000044,0.025000000000000022,1152,0.48068380900128144,cdf_bet,cdf,0.0005,0.0,0.9995
single,10,1,0.95,0.050000000000000044,0.025000000000000022,1152,0.48068380900128144,cdf_exact,cdf,0.0715,0.0,0.9285
single,10,1,0.95,0.050000000000000044,0.025000000000000022,1152,0.48068380900128144,exc_eb,exceedance,0.0,0.0,1.0
single,10,1,0.95,0.050000000000000044,0.025000000000000022,1152,0.48068380900128144,exc_bet,exceedance,0.0,0.0,1.0
single,10,1,0.95,0.050000000000000044,0.025000000000000022,1152,0.48068380900128144,counts_exact,counts,0.262,0.0,0.738
single,10,1,0.95,0.050000000000000044,0.025000000000000022,1152,0.48068380900128144,norm_bet,counts,0.004,0.0,0.996
single,10,1,0.95,0.050000000000000044,0.025000000000000022,1538,0.6417462658367803,cdf_eb,cdf,0.0005,0.0,0.9995
single,10,1,0.95,0.050000000000000044,0.025000000000000022,1538,0.6417462658367803,cdf_bet,cdf,0.0005,0.0,0.9995
single,10,1,0.95,0.050000000000000044,0.025000000000000022,1538,0.6417462658367803,cdf_exact,cdf,0.1055,0.0,0.8945
single,10,1,0.95,0.050000000000000044,0.025000000000000022,1538,0.6417462658367803,exc_eb,exceedance,0.0,0.0,1.0
single,10,1,0.95,0.050000000000000044,0.025000000000000022,1538,0.6417462658367803,exc_bet,exceedance,0.102,0.0,0.898
single,10,1,0.95,0.050000000000000044,0.025000000000000022,1538,0.6417462658367803,counts_exact,counts,0.3635,0.0,0.6365
single,10,1,0.95,0.050000000000000044,0.025000000000000022,1538,0.6417462658367803,norm_bet,counts,0.062,0.0,0.938
single,10,1,0.95,0.050000000000000044,0.025000000000000022,2054,0.8570525552852709,cdf_eb,cdf,0.0015,0.0,0.9985
single,10,1,0.95,0.050000000000000044,0.025000000000000022,2054,0.8570525552852709,cdf_bet,cdf,0.002,0.0,0.998
single,10,1,0.95,0.050000000000000044,0.025000000000000022,2054,0.8570525552852709,cdf_exact,cdf,0.1025,0.0,0.8975
single,10,1,0.95,0.050000000000000044,0.025000000000000022,2054,0.8570525552852709,exc_eb,exceedance,0.007,0.0,0.993
single,10,1,0.95,0.050000000000000044,0.025000000000000022,2054,0.8570525552852709,exc_bet,exceedance,0.1345,0.0,0.8655
single,10,1,0.95,0.050000000000000044,0.025000000000000022,2054,0.8570525552852709,counts_exact,counts,0.4925,0.0,0.5075
single,10,1,0.95,0.050000000000000044,0.025000000000000022,2054,0.8570525552852709,norm_bet,counts,0.1705,0.0,0.8295
single,10,1,0.95,0.050000000000000044,0.025000000000000022,2742,1.1441276078832585,cdf_eb,cdf,0.002,0.0,0.998
single,10,1,0.95,0.050000000000000044,0.025000000000000022,2742,1.1441276078832585,cdf_bet,cdf,0.0025,0.0,0.9975
single,10,1,0.95,0.050000000000000044,0.025000000000000022,2742,1.1441276078832585,cdf_exact,cdf,0.098,0.0,0.902
single,10,1,0.95,0.050000000000000044,0.025000000000000022,2742,1.1441276078832585,exc_eb,exceedance,0.0095,0.0,0.9905
single,10,1,0.95,0.050000000000000044,0.025000000000000022,2742,1.1441276078832585,exc_bet,exceedance,0.3405,0.0,0.6595
single,10,1,0.95,0.050000000000000044,0.025000000000000022,2742,1.1441276078832585,counts_exact,counts,0.613,0.0,0.387
single,10,1,0.95,0.050000000000000044,0.025000000000000022,2742,1.1441276078832585,norm_bet,counts,0.3095,0.0,0.6905
single,10,1,0.95,0.050000000000000044,0.025000000000000022,3661,1.5275897784320238,cdf_eb,cdf,0.002,0.0,0.998
single,10,1,0.95,0.050000000000000044,0.025000000000000022,3661,1.5275897784320238,cdf_bet,cdf,0.004,0.0,0.996
single,10,1,0.95,0.050000000000000044,0.025000000000000022,3661,1.5275897784320238,cdf_exact,cdf,0.131,0.0,0.869
single,10,1,0.95,0.050000000000000044,0.025000000000000022,3661,1.5275897784320238,exc_eb,exceedance,0.0595,0.0,0.9405
single,10,1,0.95,0.050000000000000044,0.025000000000000022,3661,1.5275897784320238,exc_bet,exceedance,0.4715,0.0,0.5285
single,10,1,0.95,0.050000000000000044,0.025000000000000022,3661,1.5275897784320238,counts_exact,counts,0.7735,0.0,0.2265
single,10,1,0.95,0.050000000000000044,0.025000000000000022,3661,1.5275897784320238,norm_bet,counts,0.489,0.0,0.511
single,10,1,0.95,0.050000000000000044,0.025000000000000022,4888,2.0395681062484927,cdf_eb,cdf,0.0065,0.0,0.9935
single,10,1,0.95,0.050000000000000044,0.025000000000000022,4888,2.0395681062484927,cdf_bet,cdf,0.0065,0.0,0.9935
single,10,1,0.95,0.050000000000000044,0.025000000000000022,4888,2.0395681062484927,cdf_exact,cdf,0.1545,0.0,0.8455
single,10,1,0.95,0.050000000000000044,0.025000000000000022,4888,2.0395681062484927,exc_eb,exceedance,0.142,0.0,0.858
single,10,1,0.95,0.050000000000000044,0.025000000000000022,4888,2.0395681062484927,exc_bet,exceedance,0.6625,0.0,0.3375
single,10,1,0.95,0.050000000000000044,0.025000000000000022,4888,2.0395681062484927,counts_exact,counts,0.8735,0.0,0.1265
single,10,1,0.95,0.050000000000000044,0.025000000000000022,4888,2.0395681062484927,norm_bet,counts,0.6445,0.0,0.3555
single,10,1,0.95,0.050000000000000044,0.025000000000000022,6527,2.723457657423059,cdf_eb,cdf,0.0065,0.0,0.9935
single,10,1,0.95,0.050000000000000044,0.025000000000000022,6527,2.723457657423059,cdf_bet,cdf,0.005,0.0,0.995
single,10,1,0.95,0.050000000000000044,0.025000000000000022,6527,2.723457657423059,cdf_exact,cdf,0.1495,0.0,0.8505
single,10,1,0.95,0.050000000000000044,0.025000000000000022,6527,2.723457657423059,exc_eb,exceedance,0.2495,0.0,0.7505
single,10,1,0.95,0.050000000000000044,0.025000000000000022,6527,2.723457657423059,exc_bet,exceedance,0.7955,0.0,0.2045
single,10,1,0.95,0.050000000000000044,0.025000000000000022,6527,2.723457657423059,counts_exact,counts,0.958,0.0,0.042
single,10,1,0.95,0.050000000000000044,0.025000000000000022,6527,2.723457657423059,norm_bet,counts,0.7875,0.0,0.2125
single,10,1,0.95,0.050000000000000044,0.025000000000000022,8714,3.636005826073929,cdf_eb,cdf,0.0115,0.0,0.9885
single,10,1,0.95,0.050000000000000044,0.025000000000000022,8714,3.636005826073929,cdf_bet,cdf,0.01,0.0,0.99
single,10,1,0.95,0.050000000000000044,0.025000000000000022,8714,3.636005826073929,cdf_exact,cdf,0.195,0.0,0.805
single,10,1,0.95,0.050000000000000044,0.025000000000000022,8714,3.636005826073929,exc_eb,exceedance,0.5955,0.0,0.4045
single,10,1,0.95,0.050000000000000044,0.025000000000000022,8714,3.636005826073929,exc_bet,exceedance,0.8695,0.0,0.1305
single,10,1,0.95,0.050000000000000044,0.025000000000000022,8714,3.636005826073929,counts_exact,counts,0.987,0.0,0.013
single,10,1,0.95,0.050000000000000044,0.025000000000000022,8714,3.636005826073929,norm_bet,counts,0.8855,0.0,0.1145
single,10,1,0.95,0.050000000000000044,0.025000000000000022,11635,4.854823018862769,cdf_eb,cdf,0.0165,0.0,0.9835
single,10,1,0.95,0.050000000000000044,0.025000000000000022,11635,4.854823018862769,cdf_bet,cdf,0.011,0.0,0.989
single,10,1,0.95,0.050000000000000044,0.025000000000000022,11635,4.854823018862769,cdf_exact,cdf,0.2195,0.0,0.7805
single,10,1,0.95,0.050000000000000044,0.025000000000000022,11635,4.854823018862769,exc_eb,exceedance,0.799,0.0,0.201
single,10,1,0.95,0.050000000000000044,0.025000000000000022,11635,4.854823018862769,exc_bet,exceedance,0.9435,0.0,0.0565
single,10,1,0.95,0.050000000000000044,0.025000000000000022,11635,4.854823018862769,counts_exact,counts,0.9995,0.0,0.0005
single,10,1,0.95,0.050000000000000044,0.025000000000000022,11635,4.854823018862769,norm_bet,counts,0.9485,0.0,0.0515
single,10,1,0.95,0.050000000000000044,0.025000000000000022,15534,6.4817207370016545,cdf_eb,cdf,0.024,0.0,0.976
single,10,1,0.95,0.050000000000000044,0.025000000000000022,15534,6.4817207370016545,cdf_bet,cdf,0.0155,0.0,0.9845
single,10,1,0.95,0.050000000000000044,0.025000000000000022,15534,6.4817207370016545,cdf_exact,cdf,0.2715,0.0,0.7285
single,10,1,0.95,0.050000000000000044,0.025000000000000022,15534,6.4817207370016545,exc_eb,exceedance,0.9495,0.0,0.0505
single,10,1,0.95,0.050000000000000044,0.025000000000000022,15534,6.4817207370016545,exc_bet,exceedance,0.9865,0.0,0.0135
single,10,1,0.95,0.050000000000000044,0.025000000000000022,15534,6.4817207370016545,counts_exact,counts,1.0,0.0,0.0
single,10,1,0.95,0.050000000000000044,0.025000000000000022,15534,6.4817207370016545,norm_bet,counts,0.9875,0.0,0.0125
single,10,1,0.95,0.050000000000000044,0.025000000000000022,20741,8.654394863277412,cdf_eb,cdf,0.0385,0.0,0.9615
single,10,1,0.95,0.050000000000000044,0.025000000000000022,20741,8.654394863277412,cdf_bet,cdf,0.0245,0.0,0.9755
single,10,1,0.95,0.050000000000000044,0.025000000000000022,20741,8.654394863277412,cdf_exact,cdf,0.335,0.0,0.665
single,10,1,0.95,0.050000000000000044,0.025000000000000022,20741,8.654394863277412,exc_eb,exceedance,0.9975,0.0,0.0025
single,10,1,0.95,0.050000000000000044,0.025000000000000022,20741,8.654394863277412,exc_bet,exceedance,0.9985,0.0,0.0015
single,10,1,0.95,0.050000000000000044,0.025000000000000022,20741,8.654394863277412,counts_exact,counts,1.0,0.0,0.0
single,10,1,0.95,0.050000000000000044,0.025000000000000022,20741,8.654394863277412,norm_bet,counts,0.998,0.0,0.002
single,10,1,0.95,0.050000000000000044,0.025000000000000022,27692,11.554770867068997,cdf_eb,cdf,0.056,0.0,0.944
single,10,1,0.95,0.050000000000000044,0.025000000000000022,27692,11.554770867068997,cdf_bet,cdf,0.037,0.0,0.963
single,10,1,0.95,0.050000000000000044,0.025000000000000022,27692,11.554770867068997,cdf_exact,cdf,0.402,0.0,0.598
single,10,1,0.95,0.050000000000000044,0.025000000000000022,27692,11.554770867068997,exc_eb,exceedance,1.0,0.0,0.0
single,10,1,0.95,0.050000000000000044,0.025000000000000022,27692,11.554770867068997,exc_bet,exceedance,1.0,0.0,0.0
single,10,1,0.95,0.050000000000000044,0.025000000000000022,27692,11.554770867068997,counts_exact,counts,1.0,0.0,0.0
single,10,1,0.95,0.050000000000000044,0.025000000000000022,27692,11.554770867068997,norm_bet,counts,1.0,0.0,0.0
single,10,1,0.95,0.050000000000000044,0.025000000000000022,36974,15.427780515636615,cdf_eb,cdf,0.102,0.0,0.898
single,10,1,0.95,0.050000000000000044,0.025000000000000022,36974,15.427780515636615,cdf_bet,cdf,0.0615,0.0,0.9385
single,10,1,0.95,0.050000000000000044,0.025000000000000022,36974,15.427780515636615,cdf_exact,cdf,0.4965,0.0,0.5035
single,10,1,0.95,0.050000000000000044,0.025000000000000022,36974,15.427780515636615,exc_eb,exceedance,1.0,0.0,0.0
single,10,1,0.95,0.050000000000000044,0.025000000000000022,36974,15.427780515636615,exc_bet,exceedance,1.0,0.0,0.0
single,10,1,0.95,0.050000000000000044,0.025000000000000022,36974,15.427780515636615,counts_exact,counts,1.0,0.0,0.0
single,10,1,0.95,0.050000000000000044,0.025000000000000022,36974,15.427780515636615,norm_bet,counts,1.0,0.0,0.0
single,10,1,0.95,0.050000000000000044,0.025000000000000022,49366,20.598469544407344,cdf_eb,cdf,0.158,0.0,0.842
single,10,1,0.95,0.050000000000000044,0.025000000000000022,49366,20.598469544407344,cdf_bet,cdf,0.096,0.0,0.904
single,10,1,0.95,0.050000000000000044,0.025000000000000022,49366,20.598469544407344,cdf_exact,cdf,0.6045,0.0,0.3955
single,10,1,0.95,0.050000000000000044,0.025000000000000022,49366,20.598469544407344,exc_eb,exceedance,1.0,0.0,0.0
single,10,1,0.95,0.050000000000000044,0.025000000000000022,49366,20.598469544407344,exc_bet,exceedance,1.0,0.0,0.0
single,10,1,0.95,0.050000000000000044,0.025000000000000022,49366,20.598469544407344,counts_exact,counts,1.0,0.0,0.0
single,10,1,0.95,0.050000000000000044,0.025000000000000022,49366,20.598469544407344,norm_bet,counts,1.0,0.0,0.0
single,10,1,0.95,0.050000000000000044,0.025000000000000022,65911,27.502040395037728,cdf_eb,cdf,0.244,0.0,0.756
single,10,1,0.95,0.050000000000000044,0.025000000000000022,65911,27.502040395037728,cdf_bet,cdf,0.158,0.0,0.842
single,10,1,0.95,0.050000000000000044,0.025000000000000022,65911,27.502040395037728,cdf_exact,cdf,0.687,0.0,0.313
single,10,1,0.95,0.050000000000000044,0.025000000000000022,65911,27.502040395037728,exc_eb,exceedance,1.0,0.0,0.0
single,10,1,0.95,0.050000000000000044,0.025000000000000022,65911,27.502040395037728,exc_bet,exceedance,1.0,0.0,0.0
single,10,1,0.95,0.050000000000000044,0.025000000000000022,65911,27.502040395037728,counts_exact,counts,1.0,0.0,0.0
single,10,1,0.95,0.050000000000000044,0.025000000000000022,65911,27.502040395037728,norm_bet,counts,1.0,0.0,0.0
single,10,1,0.95,0.050000000000000044,0.025000000000000022,88002,36.71973659698852,cdf_eb,cdf,0.379,0.0,0.621
single,10,1,0.95,0.050000000000000044,0.025000000000000022,88002,36.71973659698852,cdf_bet,cdf,0.2695,0.0,0.7305
single,10,1,0.95,0.050000000000000044,0.025000000000000022,88002,36.71973659698852,cdf_exact,cdf,0.817,0.0,0.183
single,10,1,0.95,0.050000000000000044,0.025000000000000022,88002,36.71973659698852,exc_eb,exceedance,1.0,0.0,0.0
single,10,1,0.95,0.050000000000000044,0.025000000000000022,88002,36.71973659698852,exc_bet,exceedance,1.0,0.0,0.0
single,10,1,0.95,0.050000000000000044,0.025000000000000022,88002,36.71973659698852,counts_exact,counts,1.0,0.0,0.0
single,10,1,0.95,0.050000000000000044,0.025000000000000022,88002,36.71973659698852,norm_bet,counts,1.0,0.0,0.0
single,10,1,0.95,0.050000000000000044,0.025000000000000022,117497,49.026827696374625,cdf_eb,cdf,0.5275,0.0,0.4725
single,10,1,0.95,0.050000000000000044,0.025000000000000022,117497,49.026827696374625,cdf_bet,cdf,0.402,0.0,0.598
single,10,1,0.95,0.050000000000000044,0.025000000000000022,117497,49.026827696374625,cdf_exact,cdf,0.9055,0.0,0.0945
single,10,1,0.95,0.050000000000000044,0.025000000000000022,117497,49.026827696374625,exc_eb,exceedance,1.0,0.0,0.0
single,10,1,0.95,0.050000000000000044,0.025000000000000022,117497,49.026827696374625,exc_bet,exceedance,1.0,0.0,0.0
single,10,1,0.95,0.050000000000000044,0.025000000000000022,117497,49.026827696374625,counts_exact,counts,1.0,0.0,0.0
single,10,1,0.95,0.050000000000000044,0.025000000000000022,117497,49.026827696374625,norm_bet,counts,1.0,0.0,0.0
single,10,1,0.95,0.050000000000000044,0.025000000000000022,156878,65.45895363585332,cdf_eb,cdf,0.708,0.0,0.292
single,10,1,0.95,0.050000000000000044,0.025000000000000022,156878,65.45895363585332,cdf_bet,cdf,0.5895,0.0,0.4105
single,10,1,0.95,0.050000000000000044,0.025000000000000022,156878,65.45895363585332,cdf_exact,cdf,0.959,0.0,0.041
single,10,1,0.95,0.050000000000000044,0.025000000000000022,156878,65.45895363585332,exc_eb,exceedance,1.0,0.0,0.0
single,10,1,0.95,0.050000000000000044,0.025000000000000022,156878,65.45895363585332,exc_bet,exceedance,1.0,0.0,0.0
single,10,1,0.95,0.050000000000000044,0.025000000000000022,156878,65.45895363585332,counts_exact,counts,1.0,0.0,0.0
single,10,1,0.95,0.050000000000000044,0.025000000000000022,156878,65.45895363585332,norm_bet,counts,1.0,0.0,0.0
single,10,1,0.95,0.050000000000000044,0.025000000000000022,209457,87.3980803663033,cdf_eb,cdf,0.8635,0.0,0.1365
single,10,1,0.95,0.050000000000000044,0.025000000000000022,209457,87.3980803663033,cdf_bet,cdf,0.7715,0.0,0.2285
single,10,1,0.95,0.050000000000000044,0.025000000000000022,209457,87.3980803663033,cdf_exact,cdf,0.986,0.0,0.014
single,10,1,0.95,0.050000000000000044,0.025000000000000022,209457,87.3980803663033,exc_eb,exceedance,1.0,0.0,0.0
single,10,1,0.95,0.050000000000000044,0.025000000000000022,209457,87.3980803663033,exc_bet,exceedance,1.0,0.0,0.0
single,10,1,0.95,0.050000000000000044,0.025000000000000022,209457,87.3980803663033,counts_exact,counts,1.0,0.0,0.0
single,10,1,0.95,0.050000000000000044,0.025000000000000022,209457,87.3980803663033,norm_bet,counts,1.0,0.0,0.0
single,10,1,0.95,0.050000000000000044,0.025000000000000022,279658,116.69016723756977,cdf_eb,cdf,0.9575,0.0,0.0425
single,10,1,0.95,0.050000000000000044,0.025000000000000022,279658,116.69016723756977,cdf_bet,cdf,0.912,0.0,0.088
single,10,1,0.95,0.050000000000000044,0.025000000000000022,279658,116.69016723756977,cdf_exact,cdf,0.9955,0.0,0.0045
single,10,1,0.95,0.050000000000000044,0.025000000000000022,279658,116.69016723756977,exc_eb,exceedance,1.0,0.0,0.0
single,10,1,0.95,0.050000000000000044,0.025000000000000022,279658,116.69016723756977,exc_bet,exceedance,1.0,0.0,0.0
single,10,1,0.95,0.050000000000000044,0.025000000000000022,279658,116.69016723756977,counts_exact,counts,1.0,0.0,0.0
single,10,1,0.95,0.050000000000000044,0.025000000000000022,279658,116.69016723756977,norm_bet,counts,1.0,0.0,0.0
single,10,1,0.95,0.050000000000000044,0.025000000000000022,373389,155.80038781178774,cdf_eb,cdf,0.991,0.0,0.009
single,10,1,0.95,0.050000000000000044,0.025000000000000022,373389,155.80038781178774,cdf_bet,cdf,0.98,0.0,0.02
single,10,1,0.95,0.050000000000000044,0.025000000000000022,373389,155.80038781178774,cdf_exact,cdf,1.0,0.0,0.0
single,10,1,0.95,0.050000000000000044,0.025000000000000022,373389,155.80038781178774,exc_eb,exceedance,1.0,0.0,0.0
single,10,1,0.95,0.050000000000000044,0.025000000000000022,373389,155.80038781178774,exc_bet,exceedance,1.0,0.0,0.0
single,10,1,0.95,0.050000000000000044,0.025000000000000022,373389,155.80038781178774,counts_exact,counts,1.0,0.0,0.0
single,10,1,0.95,0.050000000000000044,0.025000000000000022,373389,155.80038781178774,norm_bet,counts,1.0,0.0,0.0
single,10,1,0.95,0.050000000000000044,0.025000000000000022,498534,208.01842190680975,cdf_eb,cdf,0.9995,0.0,0.0005
single,10,1,0.95,0.050000000000000044,0.025000000000000022,498534,208.01842190680975,cdf_bet,cdf,0.9985,0.0,0.0015
single,10,1,0.95,0.050000000000000044,0.025000000000000022,498534,208.01842190680975,cdf_exact,cdf,1.0,0.0,0.0
single,10,1,0.95,0.050000000000000044,0.025000000000000022,498534,208.01842190680975,exc_eb,exceedance,1.0,0.0,0.0
single,10,1,0.95,0.050000000000000044,0.025000000000000022,498534,208.01842190680975,exc_bet,exceedance,1.0,0.0,0.0
single,10,1,0.95,0.050000000000000044,0.025000000000000022,498534,208.01842190680975,counts_exact,counts,1.0,0.0,0.0
single,10,1,0.95,0.050000000000000044,0.025000000000000022,498534,208.01842190680975,norm_bet,counts,1.0,0.0,0.0
single,10,1,0.95,0.050000000000000044,0.025000000000000022,665623,277.7380199642882,cdf_eb,cdf,1.0,0.0,0.0
single,10,1,0.95,0.050000000000000044,0.025000000000000022,665623,277.7380199642882,cdf_bet,cdf,1.0,0.0,0.0
single,10,1,0.95,0.050000000000000044,0.025000000000000022,665623,277.7380199642882,cdf_exact,cdf,1.0,0.0,0.0
single,10,1,0.95,0.050000000000000044,0.025000000000000022,665623,277.7380199642882,exc_eb,exceedance,1.0,0.0,0.0
single,10,1,0.95,0.050000000000000044,0.025000000000000022,665623,277.7380199642882,exc_bet,exceedance,1.0,0.0,0.0
single,10,1,0.95,0.050000000000000044,0.025000000000000022,665623,277.7380199642882,counts_exact,counts,1.0,0.0,0.0
single,10,1,0.95,0.050000000000000044,0.025000000000000022,665623,277.7380199642882,norm_bet,counts,1.0,0.0,0.0
single,10,1,0.95,0.050000000000000044,0.025000000000000022,888713,370.82460933069086,cdf_eb,cdf,1.0,0.0,0.0
single,10,1,0.95,0.050000000000000044,0.025000000000000022,888713,370.82460933069086,cdf_bet,cdf,1.0,0.0,0.0
single,10,1,0.95,0.050000000000000044,0.025000000000000022,888713,370.82460933069086,cdf_exact,cdf,1.0,0.0,0.0
single,10,1,0.95,0.050000000000000044,0.025000000000000022,888713,370.82460933069086,exc_eb,exceedance,1.0,0.0,0.0
single,10,1,0.95,0.050000000000000044,0.025000000000000022,888713,370.82460933069086,exc_bet,exceedance,1.0,0.0,0.0
single,10,1,0.95,0.050000000000000044,0.025000000000000022,888713,370.82460933069086,counts_exact,counts,1.0,0.0,0.0
single,10,1,0.95,0.050000000000000044,0.025000000000000022,888713,370.82460933069086,norm_bet,counts,1.0,0.0,0.0
single,10,1,0.95,0.050000000000000044,0.025000000000000022,1186575,495.1105821750829,cdf_eb,cdf,1.0,0.0,0.0
single,10,1,0.95,0.050000000000000044,0.025000000000000022,1186575,495.1105821750829,cdf_bet,cdf,1.0,0.0,0.0
single,10,1,0.95,0.050000000000000044,0.025000000000000022,1186575,495.1105821750829,cdf_exact,cdf,1.0,0.0,0.0
single,10,1,0.95,0.050000000000000044,0.025000000000000022,1186575,495.1105821750829,exc_eb,exceedance,1.0,0.0,0.0
single,10,1,0.95,0.050000000000000044,0.025000000000000022,1186575,495.1105821750829,exc_bet,exceedance,1.0,0.0,0.0
single,10,1,0.95,0.050000000000000044,0.025000000000000022,1186575,495.1105821750829,counts_exact,counts,1.0,0.0,0.0
single,10,1,0.95,0.050000000000000044,0.025000000000000022,1186575,495.1105821750829,norm_bet,counts,1.0,0.0,0.0
single,10,1,0.95,0.050000000000000044,0.025000000000000022,1584268,661.0520631239949,cdf_eb,cdf,1.0,0.0,0.0
single,10,1,0.95,0.050000000000000044,0.025000000000000022,1584268,661.0520631239949,cdf_bet,cdf,1.0,0.0,0.0
single,10,1,0.95,0.050000000000000044,0.025000000000000022,1584268,661.0520631239949,cdf_exact,cdf,1.0,0.0,0.0
single,10,1,0.95,0.050000000000000044,0.025000000000000022,1584268,661.0520631239949,exc_eb,exceedance,1.0,0.0,0.0
single,10,1,0.95,0.050000000000000044,0.025000000000000022,1584268,661.0520631239949,exc_bet,exceedance,1.0,0.0,0.0
single,10,1,0.95,0.050000000000000044,0.025000000000000022,1584268,661.0520631239949,counts_exact,counts,1.0,0.0,0.0
single,10,1,0.95,0.050000000000000044,0.025000000000000022,1584268,661.0520631239949,norm_bet,counts,1.0,0.0,0.0
single,10,1,0.95,0.050000000000000044,0.025000000000000022,2115252,882.6105801715092,cdf_eb,cdf,1.0,0.0,0.0
single,10,1,0.95,0.050000000000000044,0.025000000000000022,2115252,882.6105801715092,cdf_bet,cdf,1.0,0.0,0.0
single,10,1,0.95,0.050000000000000044,0.025000000000000022,2115252,882.6105801715092,cdf_exact,cdf,1.0,0.0,0.0
single,10,1,0.95,0.050000000000000044,0.025000000000000022,2115252,882.6105801715092,exc_eb,exceedance,1.0,0.0,0.0
single,10,1,0.95,0.050000000000000044,0.025000000000000022,2115252,882.6105801715092,exc_bet,exceedance,1.0,0.0,0.0
single,10,1,0.95,0.050000000000000044,0.025000000000000022,2115252,882.6105801715092,counts_exact,counts,1.0,0.0,0.0
single,10,1,0.95,0.050000000000000044,0.025000000000000022,2115252,882.6105801715092,norm_bet,counts,1.0,0.0,0.0
single,10,1,0.95,0.050000000000000044,0.025000000000000022,2824201,1178.4268177649549,cdf_eb,cdf,1.0,0.0,0.0
single,10,1,0.95,0.050000000000000044,0.025000000000000022,2824201,1178.4268177649549,cdf_bet,cdf,1.0,0.0,0.0
single,10,1,0.95,0.050000000000000044,0.025000000000000022,2824201,1178.4268177649549,cdf_exact,cdf,1.0,0.0,0.0
single,10,1,0.95,0.050000000000000044,0.025000000000000022,2824201,1178.4268177649549,exc_eb,exceedance,1.0,0.0,0.0
single,10,1,0.95,0.050000000000000044,0.025000000000000022,2824201,1178.4268177649549,exc_bet,exceedance,1.0,0.0,0.0
single,10,1,0.95,0.050000000000000044,0.025000000000000022,2824201,1178.4268177649549,counts_exact,counts,1.0,0.0,0.0
single,10,1,0.95,0.050000000000000044,0.025000000000000022,2824201,1178.4268177649549,norm_bet,counts,1.0,0.0,0.0
single,10,1,0.95,0.050000000000000044,0.025000000000000022,3770761,1573.3886808276745,cdf_eb,cdf,1.0,0.0,0.0
single,10,1,0.95,0.050000000000000044,0.025000000000000022,3770761,1573.3886808276745,cdf_bet,cdf,1.0,0.0,0.0
single,10,1,0.95,0.050000000000000044,0.025000000000000022,3770761,1573.3886808276745,cdf_exact,cdf,1.0,0.0,0.0
single,10,1,0.95,0.050000000000000044,0.025000000000000022,3770761,1573.3886808276745,exc_eb,exceedance,1.0,0.0,0.0
single,10,1,0.95,0.050000000000000044,0.025000000000000022,3770761,1573.3886808276745,exc_bet,exceedance,1.0,0.0,0.0
single,10,1,0.95,0.050000000000000044,0.025000000000000022,3770761,1573.3886808276745,counts_exact,counts,1.0,0.0,0.0
single,10,1,0.95,0.050000000000000044,0.025000000000000022,3770761,1573.3886808276745,norm_bet,counts,1.0,0.0,0.0
single,10,1,0.95,0.050000000000000044,0.025000000000000022,5034572,2100.7267757388886,cdf_eb,cdf,1.0,0.0,0.0
single,10,1,0.95,0.050000000000000044,0.025000000000000022,5034572,2100.7267757388886,cdf_bet,cdf,1.0,0.0,0.0
single,10,1,0.95,0.050000000000000044,0.025000000000000022,5034572,2100.7267757388886,cdf_exact,cdf,1.0,0.0,0.0
single,10,1,0.95,0.050000000000000044,0.025000000000000022,5034572,2100.7267757388886,exc_eb,exceedance,1.0,0.0,0.0
single,10,1,0.95,0.050000000000000044,0.025000000000000022,5034572,2100.7267757388886,exc_bet,exceedance,1.0,0.0,0.0
single,10,1,0.95,0.050000000000000044,0.025000000000000022,5034572,2100.7267757388886,counts_exact,counts,1.0,0.0,0.0
single,10,1,0.95,0.050000000000000044,0.025000000000000022,5034572,2100.7267757388886,norm_bet,counts,1.0,0.0,0.0
single,10,1,0.95,0.050000000000000044,0.025000000000000022,6721961,2804.807133192763,cdf_eb,cdf,1.0,0.0,0.0
single,10,1,0.95,0.050000000000000044,0.025000000000000022,6721961,2804.807133192763,cdf_bet,cdf,1.0,0.0,0.0
single,10,1,0.95,0.050000000000000044,0.025000000000000022,6721961,2804.807133192763,cdf_exact,cdf,1.0,0.0,0.0
single,10,1,0.95,0.050000000000000044,0.025000000000000022,6721961,2804.807133192763,exc_eb,exceedance,1.0,0.0,0.0
single,10,1,0.95,0.050000000000000044,0.025000000000000022,6721961,2804.807133192763,exc_bet,exceedance,1.0,0.0,0.0
single,10,1,0.95,0.050000000000000044,0.025000000000000022,6721961,2804.807133192763,counts_exact,counts,1.0,0.0,0.0
single,10,1,0.95,0.050000000000000044,0.025000000000000022,6721961,2804.807133192763,norm_bet,counts,1.0,0.0,0.0
single,10,1,0.95,0.050000000000000044,0.025000000000000022,8974898,3744.8681910051937,cdf_eb,cdf,1.0,0.0,0.0
single,10,1,0.95,0.050000000000000044,0.025000000000000022,8974898,3744.8681910051937,cdf_bet,cdf,1.0,0.0,0.0
single,10,1,0.95,0.050000000000000044,0.025000000000000022,8974898,3744.8681910051937,cdf_exact,cdf,1.0,0.0,0.0
single,10,1,0.95,0.050000000000000044,0.025000000000000022,8974898,3744.8681910051937,exc_eb,exceedance,1.0,0.0,0.0
single,10,1,0.95,0.050000000000000044,0.025000000000000022,8974898,3744.8681910051937,exc_bet,exceedance,1.0,0.0,0.0
single,10,1,0.95,0.050000000000000044,0.025000000000000022,8974898,3744.8681910051937,counts_exact,counts,1.0,0.0,0.0
single,10,1,0.95,0.050000000000000044,0.025000000000000022,8974898,3744.8681910051937,norm_bet,counts,1.0,0.0,0.0
single,10,1,0.95,0.050000000000000044,0.025000000000000022,11982929,4999.999960687427,cdf_eb,cdf,1.0,0.0,0.0
single,10,1,0.95,0.050000000000000044,0.025000000000000022,11982929,4999.999960687427,cdf_bet,cdf,1.0,0.0,0.0
single,10,1,0.95,0.050000000000000044,0.025000000000000022,11982929,4999.999960687427,cdf_exact,cdf,1.0,0.0,0.0
single,10,1,0.95,0.050000000000000044,0.025000000000000022,11982929,4999.999960687427,exc_eb,exceedance,1.0,0.0,0.0
single,10,1,0.95,0.050000000000000044,0.025000000000000022,11982929,4999.999960687427,exc_bet,exceedance,1.0,0.0,0.0
single,10,1,0.95,0.050000000000000044,0.025000000000000022,11982929,4999.999960687427,counts_exact,counts,1.0,0.0,0.0
single,10,1,0.95,0.050000000000000044,0.025000000000000022,11982929,4999.999960687427,norm_bet,counts,1.0,0.0,0.0
single,20,1,0.95,0.050000000000000044,0.025000000000000022,96,0.02002849204172006,cdf_eb,cdf,0.0,0.0,1.0
single,20,1,0.95,0.050000000000000044,0.025000000000000022,96,0.02002849204172006,cdf_bet,cdf,0.0,0.0,1.0
single,20,1,0.95,0.050000000000000044,0.025000000000000022,96,0.02002849204172006,cdf_exact,cdf,0.0465,0.0,0.9535
single,20,1,0.95,0.050000000000000044,0.025000000000000022,96,0.02002849204172006,exc_eb,exceedance,0.0,0.0,1.0
single,20,1,0.95,0.050000000000000044,0.025000000000000022,96,0.02002849204172006,exc_bet,exceedance,0.0,0.0,1.0
single,20,1,0.95,0.050000000000000044,0.025000000000000022,96,0.02002849204172006,counts_exact,counts,0.0,0.0,1.0
single,20,1,0.95,0.050000000000000044,0.025000000000000022,96,0.02002849204172006,norm_bet,counts,0.0,0.0,1.0
single,20,1,0.95,0.050000000000000044,0.025000000000000022,128,0.026704656055626746,cdf_eb,cdf,0.0,0.0,1.0
single,20,1,0.95,0.050000000000000044,0.025000000000000022,128,0.026704656055626746,cdf_bet,cdf,0.0,0.0,1.0
single,20,1,0.95,0.050000000000000044,0.025000000000000022,128,0.026704656055626746,cdf_exact,cdf,0.0535,0.0,0.9465
single,20,1,0.95,0.050000000000000044,0.025000000000000022,128,0.026704656055626746,exc_eb,exceedance,0.0,0.0,1.0
single,20,1,0.95,0.050000000000000044,0.025000000000000022,128,0.026704656055626746,exc_bet,exceedance,0.0,0.0,1.0
single,20,1,0.95,0.050000000000000044,0.025000000000000022,128,0.026704656055626746,counts_exact,counts,0.0,0.0,1.0
single,20,1,0.95,0.050000000000000044,0.025000000000000022,128,0.026704656055626746,norm_bet,counts,0.0,0.0,1.0
single,20,1,0.95,0.050000000000000044,0.025000000000000022,171,0.035675751449313856,cdf_eb,cdf,0.0,0.0,1.0
single,20,1,0.95,0.050000000000000044,0.025000000000000022,171,0.035675751449313856,cdf_bet,cdf,0.0,0.0,1.0
single,20,1,0.95,0.050000000000000044,0.025000000000000022,171,0.035675751449313856,cdf_exact,cdf,0.042,0.0,0.958
single,20,1,0.95,0.050000000000000044,0.025000000000000022,171,0.035675751449313856,exc_eb,exceedance,0.0,0.0,1.0
single,20,1,0.95,0.050000000000000044,0.025000000000000022,171,0.035675751449313856,exc_bet,exceedance,0.0,0.0,1.0
single,20,1,0.95,0.050000000000000044,0.025000000000000022,171,0.035675751449313856,counts_exact,counts,0.0,0.0,1.0
single,20,1,0.95,0.050000000000000044,0.025000000000000022,171,0.035675751449313856,norm_bet,counts,0.0,0.0,1.0
single,20,1,0.95,0.050000000000000044,0.025000000000000022,228,0.04756766859908514,cdf_eb,cdf,0.0,0.0,1.0
single,20,1,0.95,0.050000000000000044,0.025000000000000022,228,0.04756766859908514,cdf_bet,cdf,0.0,0.0,1.0
single,20,1,0.95,0.050000000000000044,0.025000000000000022,228,0.04756766859908514,cdf_exact,cdf,0.056,0.0,0.944
single,20,1,0.95,0.050000000000000044,0.025000000000000022,228,0.04756766859908514,exc_eb,exceedance,0.0,0.0,1.0
single,20,1,0.95,0.050000000000000044,0.025000000000000022,228,0.04756766859908514,exc_bet,exceedance,0.0,0.0,1.0
single,20,1,0.95,0.050000000000000044,0.025000000000000022,228,0.04756766859908514,counts_exact,counts,0.0,0.0,1.0
single,20,1,0.95,0.050000000000000044,0.025000000000000022,228,0.04756766859908514,norm_bet,counts,0.0,0.0,1.0
single,20,1,0.95,0.050000000000000044,0.025000000000000022,305,0.06363218825754811,cdf_eb,cdf,0.0,0.0,1.0
single,20,1,0.95,0.050000000000000044,0.025000000000000022,305,0.06363218825754811,cdf_bet,cdf,0.001,0.0,0.999
single,20,1,0.95,0.050000000000000044,0.025000000000000022,305,0.06363218825754811,cdf_exact,cdf,0.051,0.0,0.949
single,20,1,0.95,0.050000000000000044,0.025000000000000022,305,0.06363218825754811,exc_eb,exceedance,0.0,0.0,1.0
single,20,1,0.95,0.050000000000000044,0.025000000000000022,305,0.06363218825754811,exc_bet,exceedance,0.0,0.0,1.0
single,20,1,0.95,0.050000000000000044,0.025000000000000022,305,0.06363218825754811,counts_exact,counts,0.0,0.0,1.0
single,20,1,0.95,0.050000000000000044,0.025000000000000022,305,0.06363218825754811,norm_bet,counts,0.0,0.0,1.0
single,20,1,0.95,0.050000000000000044,0.025000000000000022,407,0.08491246105187568,cdf_eb,cdf,0.0,0.0,1.0
single,20,1,0.95,0.050000000000000044,0.025000000000000022,407,0.08491246105187568,cdf_bet,cdf,0.0005,0.0,0.9995
single,20,1,0.95,0.050000000000000044,0.025000000000000022,407,0.08491246105187568,cdf_exact,cdf,0.0485,0.0,0.9515
single,20,1,0.95,0.050000000000000044,0.025000000000000022,407,0.08491246105187568,exc_eb,exceedance,0.0,0.0,1.0
single,20,1,0.95,0.050000000000000044,0.025000000000000022,407,0.08491246105187568,exc_bet,exceedance,0.0,0.0,1.0
single,20,1,0.95,0.050000000000000044,0.025000000000000022,407,0.08491246105187568,counts_exact,counts,0.0,0.0,1.0
single,20,1,0.95,0.050000000000000044,0.025000000000000022,407,0.08491246105187568,norm_bet,counts,0.0,0.0,1.0
single,20,1,0.95,0.050000000000000044,0.025000000000000022,543,0.11328615811097908,cdf_eb,cdf,0.0,0.0,1.0
single,20,1,0.95,0.050000000000000044,0.025000000000000022,543,0.11328615811097908,cdf_bet,cdf,0.0005,0.0,0.9995
single,20,1,0.95,0.050000000000000044,0.025000000000000022,543,0.11328615811097908,cdf_exact,cdf,0.0665,0.0,0.9335
single,20,1,0.95,0.050000000000000044,0.025000000000000022,543,0.11328615811097908,exc_eb,exceedance,0.0,0.0,1.0
single,20,1,0.95,0.050000000000000044,0.025000000000000022,543,0.11328615811097908,exc_bet,exceedance,0.0,0.0,1.0
single,20,1,0.95,0.050000000000000044,0.025000000000000022,543,0.11328615811097908,counts_exact,counts,0.0,0.0,1.0
single,20,1,0.95,0.050000000000000044,0.025000000000000022,543,0.11328615811097908,norm_bet,counts,0.0,0.0,1.0
single,20,1,0.95,0.050000000000000044,0.025000000000000022,725,0.15125684094007338,cdf_eb,cdf,0.0,0.0,1.0
single,20,1,0.95,0.050000000000000044,0.025000000000000022,725,0.15125684094007338,cdf_bet,cdf,0.0,0.0,1.0
single,20,1,0.95,0.050000000000000044,0.025000000000000022,725,0.15125684094007338,cdf_exact,cdf,0.0645,0.0,0.9355
single,20,1,0.95,0.050000000000000044,0.025000000000000022,725,0.15125684094007338,exc_eb,exceedance,0.0,0.0,1.0
single,20,1,0.95,0.050000000000000044,0.025000000000000022,725,0.15125684094007338,exc_bet,exceedance,0.0,0.0,1.0
single,20,1,0.95,0.050000000000000044,0.025000000000000022,725,0.15125684094007338,counts_exact,counts,0.0,0.0,1.0
single,20,1,0.95,0.050000000000000044,0.025000000000000022,725,0.15125684094007338,norm_bet,counts,0.0,0.0,1.0
single,20,1,0.95,0.050000000000000044,0.025000000000000022,968,0.20195396142067729,cdf_eb,cdf,0.0,0.0,1.0
single,20,1,0.95,0.050000000000000044,0.025000000000000022,968,0.20195396142067729,cdf_bet,cdf,0.0,0.0,1.0
single,20,1,0.95,0.050000000000000044,0.025000000000000022,968,0.20195396142067729,cdf_exact,cdf,0.065,0.0,0.935
single,20,1,0.95,0.050000000000000044,0.025000000000000022,968,0.20195396142067729,exc_eb,exceedance,0.0,0.0,1.0
single,20,1,0.95,0.050000000000000044,0.025000000000000022,968,0.20195396142067729,exc_bet,exceedance,0.0,0.0,1.0
single,20,1,0.95,0.050000000000000044,0.025000000000000022,968,0.20195396142067729,counts_exact,counts,0.0175,0.0,0.9825
single,20,1,0.95,0.050000000000000044,0.025000000000000022,968,0.20195396142067729,norm_bet,counts,0.0,0.0,1.0
single,20,1,0.95,0.050000000000000044,0.025000000000000022,1293,0.2697587521869171,cdf_eb,cdf,0.0,0.0,1.0
single,20,1,0.95,0.050000000000000044,0.025000000000000022,1293,0.2697587521869171,cdf_bet,cdf,0.0,0.0,1.0
single,20,1,0.95,0.050000000000000044,0.025000000000000022,1293,0.2697587521869171,cdf_exact,cdf,0.066,0.0,0.934
single,20,1,0.95,0.050000000000000044,0.025000000000000022,1293,0.2697587521869171,exc_eb,exceedance,0.0,0.0,1.0
single,20,1,0.95,0.050000000000000044,0.025000000000000022,1293,0.2697587521869171,exc_bet,exceedance,0.0,0.0,1.0
single,20,1,0.95,0.050000000000000044,0.025000000000000022,1293,0.2697587521869171,counts_exact,counts,0.142,0.0,0.858
single,20,1,0.95,0.050000000000000044,0.025000000000000022,1293,0.2697587521869171,norm_bet,counts,0.0,0.0,1.0
single,20,1,0.95,0.050000000000000044,0.025000000000000022,1726,0.36009559650009193,cdf_eb,cdf,0.0,0.0,1.0
single,20,1,0.95,0.050000000000000044,0.025000000000000022,1726,0.36009559650009193,cdf_bet,cdf,0.0005,0.0,0.9995
single,20,1,0.95,0.050000000000000044,0.025000000000000022,1726,0.36009559650009193,cdf_exact,cdf,0.068,0.0,0.932
single,20,1,0.95,0.050000000000000044,0.025000000000000022,1726,0.36009559650009193,exc_eb,exceedance,0.0,0.0,1.0
single,20,1,0.95,0.050000000000000044,0.025000000000000022,1726,0.36009559650009193,exc_bet,exceedance,0.0,0.0,1.0
single,20,1,0.95,0.050000000000000044,0.025000000000000022,1726,0.36009559650009193,counts_exact,counts,0.196,0.0,0.804
single,20,1,0.95,0.050000000000000044,0.025000000000000022,1726,0.36009559650009193,norm_bet,counts,0.0,0.0,1.0
single,20,1,0.95,0.050000000000000044,0.025000000000000022,2304,0.48068380900128144,cdf_eb,cdf,0.0005,0.0,0.9995
single,20,1,0.95,0.050000000000000044,0.025000000000000022,2304,0.48068380900128144,cdf_bet,cdf,0.001,0.0,0.999
single,20,1,0.95,0.050000000000000044,0.025000000000000022,2304,0.48068380900128144,cdf_exact,cdf,0.095,0.0,0.905
single,20,1,0.95,0.050000000000000044,0.025000000000000022,2304,0.48068380900128144,exc_eb,exceedance,0.0,0.0,1.0
single,20,1,0.95,0.050000000000000044,0.025000000000000022,2304,0.48068380900128144,exc_bet,exceedance,0.0,0.0,1.0
single,20,1,0.95,0.050000000000000044,0.025000000000000022,2304,0.48068380900128144,counts_exact,counts,0.253,0.0,0.747
single,20,1,0.95,0.050000000000000044,0.025000000000000022,2304,0.48068380900128144,norm_bet,counts,0.005,0.0,0.995
single,20,1,0.95,0.050000000000000044,0.025000000000000022,3076,0.6417462658367803,cdf_eb,cdf,0.0005,0.0,0.9995
single,20,1,0.95,0.050000000000000044,0.025000000000000022,3076,0.6417462658367803,cdf_bet,cdf,0.001,0.0,0.999
single,20,1,0.95,0.050000000000000044,0.025000000000000022,3076,0.6417462658367803,cdf_exact,cdf,0.079,0.0,0.921
single,20,1,0.95,0.050000000000000044,0.025000000000000022,3076,0.6417462658367803,exc_eb,exceedance,0.0,0.0,1.0
single,20,1,0.95,0.050000000000000044,0.025000000000000022,3076,0.6417462658367803,exc_bet,exceedance,0.1135,0.0,0.8865
single,20,1,0.95,0.050000000000000044,0.025000000000000022,3076,0.6417462658367803,counts_exact,counts,0.354,0.0,0.646
single,20,1,0.95,0.050000000000000044,0.025000000000000022,3076,0.6417462658367803,norm_bet,counts,0.06,0.0,0.94
single,20,1,0.95,0.050000000000000044,0.025000000000000022,4108,0.8570525552852709,cdf_eb,cdf,0.0015,0.0,0.9985
single,20,1,0.95,0.050000000000000044,0.025000000000000022,4108,0.8570525552852709,cdf_bet,cdf,0.0015,0.0,0.9985
single,20,1,0.95,0.050000000000000044,0.025000000000000022,4108,0.8570525552852709,cdf_exact,cdf,0.098,0.0,0.902
single,20,1,0.95,0.050000000000000044,0.025000000000000022,4108,0.8570525552852709,exc_eb,exceedance,0.0045,0.0,0.9955
single,20,1,0.95,0.050000000000000044,0.025000000000000022,4108,0.8570525552852709,exc_bet,exceedance,0.1155,0.0,0.8845
single,20,1,0.95,0.050000000000000044,0.025000000000000022,4108,0.8570525552852709,counts_exact,counts,0.484,0.0,0.516
single,20,1,0.95,0.050000000000000044,0.025000000000000022,4108,0.8570525552852709,norm_bet,counts,0.163,0.0,0.837
single,20,1,0.95,0.050000000000000044,0.025000000000000022,5484,1.1441276078832585,cdf_eb,cdf,0.0015,0.0,0.9985
single,20,1,0.95,0.050000000000000044,0.025000000000000022,5484,1.1441276078832585,cdf_bet,cdf,0.0015,0.0,0.9985
single,20,1,0.95,0.050000000000000044,0.025000000000000022,5484,1.1441276078832585,cdf_exact,cdf,0.106,0.0,0.894
single,20,1,0.95,0.050000000000000044,0.025000000000000022,5484,1.1441276078832585,exc_eb,exceedance,0.0085,0.0,0.9915
single,20,1,0.95,0.050000000000000044,0.025000000000000022,5484,1.1441276078832585,exc_bet,exceedance,0.332,0.0,0.668
single,20,1,0.95,0.050000000000000044,0.025000000000000022,5484,1.1441276078832585,counts_exact,counts,0.6265,0.0,0.3735
single,20,1,0.95,0.050000000000000044,0.025000000000000022,5484,1.1441276078832585,norm_bet,counts,0.3145,0.0,0.6855
single,20,1,0.95,0.050000000000000044,0.025000000000000022,7322,1.5275897784320238,cdf_eb,cdf,0.0025,0.0,0.9975
single,20,1,0.95,0.050000000000000044,0.025000000000000022,7322,1.5275897784320238,cdf_bet,cdf,0.0025,0.0,0.9975
single,20,1,0.95,0.050000000000000044,0.025000000000000022,7322,1.5275897784320238,cdf_exact,cdf,0.12,0.0,0.88
single,20,1,0.95,0.050000000000000044,0.025000000000000022,7322,1.5275897784320238,exc_eb,exceedance,0.0575,0.0,0.9425
single,20,1,0.95,0.050000000000000044,0.025000000000000022,7322,1.5275897784320238,exc_bet,exceedance,0.4255,0.0,0.5745
single,20,1,0.95,0.050000000000000044,0.025000000000000022,7322,1.5275897784320238,counts_exact,counts,0.753,0.0,0.247
single,20,1,0.95,0.050000000000000044,0.025000000000000022,7322,1.5275897784320238,norm_bet,counts,0.4505,0.0,0.5495
single,20,1,0.95,0.050000000000000044,0.025000000000000022,9777,2.0397767363739274,cdf_eb,cdf,0.0045,0.0,0.9955
single,20,1,0.95,0.050000000000000044,0.025000000000000022,9777,2.0397767363739274,cdf_bet,cdf,0.0045,0.0,0.9955
single,20,1,0.95,0.050000000000000044,0.025000000000000022,9777,2.0397767363739274,cdf_exact,cdf,0.135,0.0,0.865
single,20,1,0.95,0.050000000000000044,0.025000000000000022,9777,2.0397767363739274,exc_eb,exceedance,0.139,0.0,0.861
single,20,1,0.95,0.050000000000000044,0.025000000000000022,9777,2.0397767363739274,exc_bet,exceedance,0.6695,0.0,0.3305
single,20,1,0.95,0.050000000000000044,0.025000000000000022,9777,2.0397767363739274,counts_exact,counts,0.882,0.0,0.118
single,20,1,0.95,0.050000000000000044,0.025000000000000022,9777,2.0397767363739274,norm_bet,counts,0.6425,0.0,0.3575
single,20,1,0.95,0.050000000000000044,0.025000000000000022,13053,2.7232490272976246,cdf_eb,cdf,0.005,0.0,0.995
single,20,1,0.95,0.050000000000000044,0.025000000000000022,13053,2.7232490272976246,cdf_bet,cdf,0.0055,0.0,0.9945
single,20,1,0.95,0.050000000000000044,0.025000000000000022,13053,2.7232490272976246,cdf_exact,cdf,0.1605,0.0,0.8395
single,20,1,0.95,0.050000000000000044,0.025000000000000022,13053,2.7232490272976246,exc_eb,exceedance,0.26,0.0,0.74
single,20,1,0.95,0.050000000000000044,0.025000000000000022,13053,2.7232490272976246,exc_bet,exceedance,0.7685,0.0,0.2315
single,20,1,0.95,0.050000000000000044,0.025000000000000022,13053,2.7232490272976246,counts_exact,counts,0.952,0.0,0.048
single,20,1,0.95,0.050000000000000044,0.025000000000000022,13053,2.7232490272976246,norm_bet,counts,0.775,0.0,0.225
single,20,1,0.95,0.050000000000000044,0.025000000000000022,17428,3.636005826073929,cdf_eb,cdf,0.01,0.0,0.99
single,20,1,0.95,0.050000000000000044,0.025000000000000022,17428,3.636005826073929,cdf_bet,cdf,0.0085,0.0,0.9915
single,20,1,0.95,0.050000000000000044,0.025000000000000022,17428,3.636005826073929,cdf_exact,cdf,0.185,0.0,0.815
single,20,1,0.95,0.050000000000000044,0.025000000000000022,17428,3.636005826073929,exc_eb,exceedance,0.58,0.0,0.42
single,20,1,0.95,0.050000000000000044,0.025000000000000022,17428,3.636005826073929,exc_bet,exceedance,0.8665,0.0,0.1335
single,20,1,0.95,0.050000000000000044,0.025000000000000022,17428,3.636005826073929,counts_exact,counts,0.987,0.0,0.013
single,20,1,0.95,0.050000000000000044,0.025000000000000022,17428,3.636005826073929,norm_bet,counts,0.8795,0.0,0.1205
single,20,1,0.95,0.050000000000000044,0.025000000000000022,23270,4.854823018862769,cdf_eb,cdf,0.019,0.0,0.981
single,20,1,0.95,0.050000000000000044,0.025000000000000022,23270,4.854823018862769,cdf_bet,cdf,0.0105,0.0,0.9895
single,20,1,0.95,0.050000000000000044,0.025000000000000022,23270,4.854823018862769,cdf_exact,cdf,0.2255,0.0,0.7745
single,20,1,0.95,0.050000000000000044,0.025000000000000022,23270,4.854823018862769,exc_eb,exceedance,0.7975,0.0,0.2025
single,20,1,0.95,0.050000000000000044,0.025000000000000022,23270,4.854823018862769,exc_bet,exceedance,0.937,0.0,0.063
single,20,1,0.95,0.050000000000000044,0.025000000000000022,23270,4.854823018862769,counts_exact,counts,0.9965,0.0,0.0035
single,20,1,0.95,0.050000000000000044,0.025000000000000022,23270,4.854823018862769,norm_bet,counts,0.946,0.0,0.054
single,20,1,0.95,0.050000000000000044,0.025000000000000022,31069,6.481929367127089,cdf_eb,cdf,0.026,0.0,0.974
single,20,1,0.95,0.050000000000000044,0.025000000000000022,31069,6.481929367127089,cdf_bet,cdf,0.0145,0.0,0.9855
single,20,1,0.95,0.050000000000000044,0.025000000000000022,31069,6.481929367127089,cdf_exact,cdf,0.254,0.0,0.746
single,20,1,0.95,0.050000000000000044,0.025000000000000022,31069,6.481929367127089,exc_eb,exceedance,0.944,0.0,0.056
single,20,1,0.95,0.050000000000000044,0.025000000000000022,31069,6.481929367127089,exc_bet,exceedance,0.9825,0.0,0.0175
single,20,1,0.95,0.050000000000000044,0.025000000000000022,31069,6.481929367127089,counts_exact,counts,1.0,0.0,0.0
single,20,1,0.95,0.050000000000000044,0.025000000000000022,31069,6.481929367127089,norm_bet,counts,0.9875,0.0,0.0125
single,20,1,0.95,0.050000000000000044,0.025000000000000022,41482,8.654394863277412,cdf_eb,cdf,0.0335,0.0,0.9665
single,20,1,0.95,0.050000000000000044,0.025000000000000022,41482,8.654394863277412,cdf_bet,cdf,0.0255,0.0,0.9745
single,20,1,0.95,0.050000000000000044,0.025000000000000022,41482,8.654394863277412,cdf_exact,cdf,0.308,0.0,0.692
single,20,1,0.95,0.050000000000000044,0.025000000000000022,41482,8.654394863277412,exc_eb,exceedance,0.9975,0.0,0.0025
single,20,1,0.95,0.050000000000000044,0.025000000000000022,41482,8.654394863277412,exc_bet,exceedance,0.999,0.0,0.001
single,20,1,0.95,0.050000000000000044,0.025000000000000022,41482,8.654394863277412,counts_exact,counts,1.0,0.0,0.0
single,20,1,0.95,0.050000000000000044,0.025000000000000022,41482,8.654394863277412,norm_bet,counts,0.999,0.0,0.001
single,20,1,0.95,0.050000000000000044,0.025000000000000022,55385,11.554979497194433,cdf_eb,cdf,0.0595,0.0,0.9405
single,20,1,0.95,0.050000000000000044,0.025000000000000022,55385,11.554979497194433,cdf_bet,cdf,0.039,0.0,0.961
single,20,1,0.95,0.050000000000000044,0.025000000000000022,55385,11.554979497194433,cdf_exact,cdf,0.399,0.0,0.601
single,20,1,0.95,0.050000000000000044,0.025000000000000022,55385,11.554979497194433,exc_eb,exceedance,1.0,0.0,0.0
single,20,1,0.95,0.050000000000000044,0.025000000000000022,55385,11.554979497194433,exc_bet,exceedance,1.0,0.0,0.0
single,20,1,0.95,0.050000000000000044,0.025000000000000022,55385,11.554979497194433,counts_exact,counts,1.0,0.0,0.0
single,20,1,0.95,0.050000000000000044,0.025000000000000022,55385,11.554979497194433,norm_bet,counts,1.0,0.0,0.0
single,20,1,0.95,0.050000000000000044,0.025000000000000022,73947,15.42757188551118,cdf_eb,cdf,0.087,0.0,0.913
single,20,1,0.95,0.050000000000000044,0.025000000000000022,73947,15.42757188551118,cdf_bet,cdf,0.052,0.0,0.948
single,20,1,0.95,0.050000000000000044,0.025000000000000022,73947,15.42757188551118,cdf_exact,cdf,0.466,0.0,0.534
single,20,1,0.95,0.050000000000000044,0.025000000000000022,73947,15.42757188551118,exc_eb,exceedance,1.0,0.0,0.0
single,20,1,0.95,0.050000000000000044,0.025000000000000022,73947,15.42757188551118,exc_bet,exceedance,1.0,0.0,0.0
single,20,1,0.95,0.050000000000000044,0.025000000000000022,73947,15.42757188551118,counts_exact,counts,1.0,0.0,0.0
single,20,1,0.95,0.050000000000000044,0.025000000000000022,73947,15.42757188551118,norm_bet,counts,1.0,0.0,0.0
single,20,1,0.95,0.050000000000000044,0.025000000000000022,98732,20.598469544407344,cdf_eb,cdf,0.1465,0.0,0.8535
single,20,1,0.95,0.050000000000000044,0.025000000000000022,98732,20.598469544407344,cdf_bet,cdf,0.095,0.0,0.905
single,20,1,0.95,0.050000000000000044,0.025000000000000022,98732,20.598469544407344,cdf_exact,cdf,0.5655,0.0,0.4345
single,20,1,0.95,0.050000000000000044,0.025000000000000022,98732,20.598469544407344,exc_eb,exceedance,1.0,0.0,0.0
single,20,1,0.95,0.050000000000000044,0.025000000000000022,98732,20.598469544407344,exc_bet,exceedance,1.0,0.0,0.0
single,20,1,0.95,0.050000000000000044,0.025000000000000022,98732,20.598469544407344,counts_exact,counts,1.0,0.0,0.0
single,20,1,0.95,0.050000000000000044,0.025000000000000022,98732,20.598469544407344,norm_bet,counts,1.0,0.0,0.0
single,20,1,0.95,0.050000000000000044,0.025000000000000022,131823,27.502249025163163,cdf_eb,cdf,0.234,0.0,0.766
single,20,1,0.95,0.050000000000000044,0.025000000000000022,131823,27.502249025163163,cdf_bet,cdf,0.1445,0.0,0.8555
single,20,1,0.95,0.050000000000000044,0.025000000000000022,131823,27.502249025163163,cdf_exact,cdf,0.6755,0.0,0.3245
single,20,1,0.95,0.050000000000000044,0.025000000000000022,131823,27.502249025163163,exc_eb,exceedance,1.0,0.0,0.0
single,20,1,0.95,0.050000000000000044,0.025000000000000022,131823,27.502249025163163,exc_bet,exceedance,1.0,0.0,0.0
single,20,1,0.95,0.050000000000000044,0.025000000000000022,131823,27.502249025163163,counts_exact,counts,1.0,0.0,0.0
single,20,1,0.95,0.050000000000000044,0.025000000000000022,131823,27.502249025163163,norm_bet,counts,1.0,0.0,0.0
single,20,1,0.95,0.050000000000000044,0.025000000000000022,176004,36.71973659698852,cdf_eb,cdf,0.34,0.0,0.66
single,20,1,0.95,0.050000000000000044,0.025000000000000022,176004,36.71973659698852,cdf_bet,cdf,0.234,0.0,0.766
single,20,1,0.95,0.050000000000000044,0.025000000000000022,176004,36.71973659698852,cdf_exact,cdf,0.771,0.0,0.229
single,20,1,0.95,0.050000000000000044,0.025000000000000022,176004,36.71973659698852,exc_eb,exceedance,1.0,0.0,0.0
single,20,1,0.95,0.050000000000000044,0.025000000000000022,176004,36.71973659698852,exc_bet,exceedance,1.0,0.0,0.0
single,20,1,0.95,0.050000000000000044,0.025000000000000022,176004,36.71973659698852,counts_exact,counts,1.0,0.0,0.0
single,20,1,0.95,0.050000000000000044,0.025000000000000022,176004,36.71973659698852,norm_bet,counts,1.0,0.0,0.0
single,20,1,0.95,0.050000000000000044,0.025000000000000022,234994,49.026827696374625,cdf_eb,cdf,0.495,0.0,0.505
single,20,1,0.95,0.050000000000000044,0.025000000000000022,234994,49.026827696374625,cdf_bet,cdf,0.3735,0.0,0.6265
single,20,1,0.95,0.050000000000000044,0.025000000000000022,234994,49.026827696374625,cdf_exact,cdf,0.878,0.0,0.122
single,20,1,0.95,0.050000000000000044,0.025000000000000022,234994,49.026827696374625,exc_eb,exceedance,1.0,0.0,0.0
single,20,1,0.95,0.050000000000000044,0.025000000000000022,234994,49.026827696374625,exc_bet,exceedance,1.0,0.0,0.0
single,20,1,0.95,0.050000000000000044,0.025000000000000022,234994,49.026827696374625,counts_exact,counts,1.0,0.0,0.0
single,20,1,0.95,0.050000000000000044,0.025000000000000022,234994,49.026827696374625,norm_bet,counts,1.0,0.0,0.0
single,20,1,0.95,0.050000000000000044,0.025000000000000022,313755,65.45874500572789,cdf_eb,cdf,0.6855,0.0,0.3145
single,20,1,0.95,0.050000000000000044,0.025000000000000022,313755,65.45874500572789,cdf_bet,cdf,0.5555,0.0,0.4445
single,20,1,0.95,0.050000000000000044,0.025000000000000022,313755,65.45874500572789,cdf_exact,cdf,0.944,0.0,0.056
single,20,1,0.95,0.050000000000000044,0.025000000000000022,313755,65.45874500572789,exc_eb,exceedance,1.0,0.0,0.0
single,20,1,0.95,0.050000000000000044,0.025000000000000022,313755,65.45874500572789,exc_bet,exceedance,1.0,0.0,0.0
single,20,1,0.95,0.050000000000000044,0.025000000000000022,313755,65.45874500572789,counts_exact,counts,1.0,0.0,0.0
single,20,1,0.95,0.050000000000000044,0.025000000000000022,313755,65.45874500572789,norm_bet,counts,1.0,0.0,0.0
single,20,1,0.95,0.050000000000000044,0.025000000000000022,418913,87.39787173617788,cdf_eb,cdf,0.841,0.0,0.159
single,20,1,0.95,0.050000000000000044,0.025000000000000022,418913,87.39787173617788,cdf_bet,cdf,0.7295,0.0,0.2705
single,20,1,0.95,0.050000000000000044,0.025000000000000022,418913,87.39787173617788,cdf_exact,cdf,0.986,0.0,0.014
single,20,1,0.95,0.050000000000000044,0.025000000000000022,418913,87.39787173617788,exc_eb,exceedance,1.0,0.0,0.0
single,20,1,0.95,0.050000000000000044,0.025000000000000022,418913,87.39787173617788,exc_bet,exceedance,1.0,0.0,0.0
single,20,1,0.95,0.050000000000000044,0.025000000000000022,418913,87.39787173617788,counts_exact,counts,1.0,0.0,0.0
single,20,1,0.95,0.050000000000000044,0.025000000000000022,418913,87.39787173617788,norm_bet,counts,1.0,0.0,0.0
single,20,1,0.95,0.050000000000000044,0.025000000000000022,559317,116.6903758676952,cdf_eb,cdf,0.946,0.0,0.054
single,20,1,0.95,0.050000000000000044,0.025000000000000022,559317,116.6903758676952,cdf_bet,cdf,0.898,0.0,0.102
single,20,1,0.95,0.050000000000000044,0.025000000000000022,559317,116.6903758676952,cdf_exact,cdf,0.995,0.0,0.005
single,20,1,0.95,0.050000000000000044,0.025000000000000022,559317,116.6903758676952,exc_eb,exceedance,1.0,0.0,0.0
single,20,1,0.95,0.050000000000000044,0.025000000000000022,559317,116.6903758676952,exc_bet,exceedance,1.0,0.0,0.0
single,20,1,0.95,0.050000000000000044,0.025000000000000022,559317,116.6903758676952,counts_exact,counts,1.0,0.0,0.0
single,20,1,0.95,0.050000000000000044,0.025000000000000022,559317,116.6903758676952,norm_bet,counts,1.0,0.0,0.0
single,20,1,0.95,0.050000000000000044,0.025000000000000022,746777,155.80017918166232,cdf_eb,cdf,0.9865,0.0,0.0135
single,20,1,0.95,0.050000000000000044,0.025000000000000022,746777,155.80017918166232,cdf_bet,cdf,0.9735,0.0,0.0265
single,20,1,0.95,0.050000000000000044,0.025000000000000022,746777,155.80017918166232,cdf_exact,cdf,0.9995,0.0,0.0005
single,20,1,0.95,0.050000000000000044,0.025000000000000022,746777,155.80017918166232,exc_eb,exceedance,1.0,0.0,0.0
single,20,1,0.95,0.050000000000000044,0.025000000000000022,746777,155.80017918166232,exc_bet,exceedance,1.0,0.0,0.0
single,20,1,0.95,0.050000000000000044,0.025000000000000022,746777,155.80017918166232,counts_exact,counts,1.0,0.0,0.0
single,20,1,0.95,0.050000000000000044,0.025000000000000022,746777,155.80017918166232,norm_bet,counts,1.0,0.0,0.0
single,20,1,0.95,0.050000000000000044,0.025000000000000022,997068,208.01842190680975,cdf_eb,cdf,0.999,0.0,0.001
single,20,1,0.95,0.050000000000000044,0.025000000000000022,997068,208.01842190680975,cdf_bet,cdf,0.9955,0.0,0.0045
single,20,1,0.95,0.050000000000000044,0.025000000000000022,997068,208.01842190680975,cdf_exact,cdf,1.0,0.0,0.0
single,20,1,0.95,0.050000000000000044,0.025000000000000022,997068,208.01842190680975,exc_eb,exceedance,1.0,0.0,0.0
single,20,1,0.95,0.050000000000000044,0.025000000000000022,997068,208.01842190680975,exc_bet,exceedance,1.0,0.0,0.0
single,20,1,0.95,0.050000000000000044,0.025000000000000022,997068,208.01842190680975,counts_exact,counts,1.0,0.0,0.0
single,20,1,0.95,0.050000000000000044,0.025000000000000022,997068,208.01842190680975,norm_bet,counts,1.0,0.0,0.0
single,20,1,0.95,0.050000000000000044,0.025000000000000022,1331245,277.7378113341627,cdf_eb,cdf,1.0,0.0,0.0
single,20,1,0.95,0.050000000000000044,0.025000000000000022,1331245,277.7378113341627,cdf_bet,cdf,1.0,0.0,0.0
single,20,1,0.95,0.050000000000000044,0.025000000000000022,1331245,277.7378113341627,cdf_exact,cdf,1.0,0.0,0.0
single,20,1,0.95,0.050000000000000044,0.025000000000000022,1331245,277.7378113341627,exc_eb,exceedance,1.0,0.0,0.0
single,20,1,0.95,0.050000000000000044,0.025000000000000022,1331245,277.7378113341627,exc_bet,exceedance,1.0,0.0,0.0
single,20,1,0.95,0.050000000000000044,0.025000000000000022,1331245,277.7378113341627,counts_exact,counts,1.0,0.0,0.0
single,20,1,0.95,0.050000000000000044,0.025000000000000022,1331245,277.7378113341627,norm_bet,counts,1.0,0.0,0.0
single,20,1,0.95,0.050000000000000044,0.025000000000000022,1777426,370.82460933069086,cdf_eb,cdf,1.0,0.0,0.0
single,20,1,0.95,0.050000000000000044,0.025000000000000022,1777426,370.82460933069086,cdf_bet,cdf,1.0,0.0,0.0
single,20,1,0.95,0.050000000000000044,0.025000000000000022,1777426,370.82460933069086,cdf_exact,cdf,1.0,0.0,0.0
single,20,1,0.95,0.050000000000000044,0.025000000000000022,1777426,370.82460933069086,exc_eb,exceedance,1.0,0.0,0.0
single,20,1,0.95,0.050000000000000044,0.025000000000000022,1777426,370.82460933069086,exc_bet,exceedance,1.0,0.0,0.0
single,20,1,0.95,0.050000000000000044,0.025000000000000022,1777426,370.82460933069086,counts_exact,counts,1.0,0.0,0.0
single,20,1,0.95,0.050000000000000044,0.025000000000000022,1777426,370.82460933069086,norm_bet,counts,1.0,0.0,0.0
single,20,1,0.95,0.050000000000000044,0.025000000000000022,2373149,495.1103735449575,cdf_eb,cdf,1.0,0.0,0.0
single,20,1,0.95,0.050000000000000044,0.025000000000000022,2373149,495.1103735449575,cdf_bet,cdf,1.0,0.0,0.0
single,20,1,0.95,0.050000000000000044,0.025000000000000022,2373149,495.1103735449575,cdf_exact,cdf,1.0,0.0,0.0
single,20,1,0.95,0.050000000000000044,0.025000000000000022,2373149,495.1103735449575,exc_eb,exceedance,1.0,0.0,0.0
single,20,1,0.95,0.050000000000000044,0.025000000000000022,2373149,495.1103735449575,exc_bet,exceedance,1.0,0.0,0.0
single,20,1,0.95,0.050000000000000044,0.025000000000000022,2373149,495.1103735449575,counts_exact,counts,1.0,0.0,0.0
single,20,1,0.95,0.050000000000000044,0.025000000000000022,2373149,495.1103735449575,norm_bet,counts,1.0,0.0,0.0
single,20,1,0.95,0.050000000000000044,0.025000000000000022,3168535,661.0518544938695,cdf_eb,cdf,1.0,0.0,0.0
single,20,1,0.95,0.050000000000000044,0.025000000000000022,3168535,661.0518544938695,cdf_bet,cdf,1.0,0.0,0.0
single,20,1,0.95,0.050000000000000044,0.025000000000000022,3168535,661.0518544938695,cdf_exact,cdf,1.0,0.0,0.0
single,20,1,0.95,0.050000000000000044,0.025000000000000022,3168535,661.0518544938695,exc_eb,exceedance,1.0,0.0,0.0
single,20,1,0.95,0.050000000000000044,0.025000000000000022,3168535,661.0518544938695,exc_bet,exceedance,1.0,0.0,0.0
single,20,1,0.95,0.050000000000000044,0.025000000000000022,3168535,661.0518544938695,counts_exact,counts,1.0,0.0,0.0
single,20,1,0.95,0.050000000000000044,0.025000000000000022,3168535,661.0518544938695,norm_bet,counts,1.0,0.0,0.0
single,20,1,0.95,0.050000000000000044,0.025000000000000022,4230503,882.6103715413838,cdf_eb,cdf,1.0,0.0,0.0
single,20,1,0.95,0.050000000000000044,0.025000000000000022,4230503,882.6103715413838,cdf_bet,cdf,1.0,0.0,0.0
single,20,1,0.95,0.050000000000000044,0.025000000000000022,4230503,882.6103715413838,cdf_exact,cdf,1.0,0.0,0.0
single,20,1,0.95,0.050000000000000044,0.025000000000000022,4230503,882.6103715413838,exc_eb,exceedance,1.0,0.0,0.0
single,20,1,0.95,0.050000000000000044,0.025000000000000022,4230503,882.6103715413838,exc_bet,exceedance,1.0,0.0,0.0
single,20,1,0.95,0.050000000000000044,0.025000000000000022,4230503,882.6103715413838,counts_exact,counts,1.0,0.0,0.0
single,20,1,0.95,0.050000000000000044,0.025000000000000022,4230503,882.6103715413838,norm_bet,counts,1.0,0.0,0.0
single,20,1,0.95,0.050000000000000044,0.025000000000000022,5648401,1178.4266091348295,cdf_eb,cdf,1.0,0.0,0.0
single,20,1,0.95,0.050000000000000044,0.025000000000000022,5648401,1178.4266091348295,cdf_bet,cdf,1.0,0.0,0.0
single,20,1,0.95,0.050000000000000044,0.025000000000000022,5648401,1178.4266091348295,cdf_exact,cdf,1.0,0.0,0.0
single,20,1,0.95,0.050000000000000044,0.025000000000000022,5648401,1178.4266091348295,exc_eb,exceedance,1.0,0.0,0.0
single,20,1,0.95,0.050000000000000044,0.025000000000000022,5648401,1178.4266091348295,exc_bet,exceedance,1.0,0.0,0.0
single,20,1,0.95,0.050000000000000044,0.025000000000000022,5648401,1178.4266091348295,counts_exact,counts,1.0,0.0,0.0
single,20,1,0.95,0.050000000000000044,0.025000000000000022,5648401,1178.4266091348295,norm_bet,counts,1.0,0.0,0.0
single,20,1,0.95,0.050000000000000044,0.025000000000000022,7541522,1573.3886808276745,cdf_eb,cdf,1.0,0.0,0.0
single,20,1,0.95,0.050000000000000044,0.025000000000000022,7541522,1573.3886808276745,cdf_bet,cdf,1.0,0.0,0.0
single,20,1,0.95,0.050000000000000044,0.025000000000000022,7541522,1573.3886808276745,cdf_exact,cdf,1.0,0.0,0.0
single,20,1,0.95,0.050000000000000044,0.025000000000000022,7541522,1573.3886808276745,exc_eb,exceedance,1.0,0.0,0.0
single,20,1,0.95,0.050000000000000044,0.025000000000000022,7541522,1573.3886808276745,exc_bet,exceedance,1.0,0.0,0.0
single,20,1,0.95,0.050000000000000044,0.025000000000000022,7541522,1573.3886808276745,counts_exact,counts,1.0,0.0,0.0
single,20,1,0.95,0.050000000000000044,0.025000000000000022,7541522,1573.3886808276745,norm_bet,counts,1.0,0.0,0.0
single,20,1,0.95,0.050000000000000044,0.025000000000000022,10069143,2100.726567108763,cdf_eb,cdf,1.0,0.0,0.0
single,20,1,0.95,0.050000000000000044,0.025000000000000022,10069143,2100.726567108763,cdf_bet,cdf,1.0,0.0,0.0
single,20,1,0.95,0.050000000000000044,0.025000000000000022,10069143,2100.726567108763,cdf_exact,cdf,1.0,0.0,0.0
single,20,1,0.95,0.050000000000000044,0.025000000000000022,10069143,2100.726567108763,exc_eb,exceedance,1.0,0.0,0.0
single,20,1,0.95,0.050000000000000044,0.025000000000000022,10069143,2100.726567108763,exc_bet,exceedance,1.0,0.0,0.0
single,20,1,0.95,0.050000000000000044,0.025000000000000022,10069143,2100.726567108763,counts_exact,counts,1.0,0.0,0.0
single,20,1,0.95,0.050000000000000044,0.025000000000000022,10069143,2100.726567108763,norm_bet,counts,1.0,0.0,0.0
single,20,1,0.95,0.050000000000000044,0.025000000000000022,13443923,2804.8073418228882,cdf_eb,cdf,1.0,0.0,0.0
single,20,1,0.95,0.050000000000000044,0.025000000000000022,13443923,2804.8073418228882,cdf_bet,cdf,1.0,0.0,0.0
single,20,1,0.95,0.050000000000000044,0.025000000000000022,13443923,2804.8073418228882,cdf_exact,cdf,1.0,0.0,0.0
single,20,1,0.95,0.050000000000000044,0.025000000000000022,13443923,2804.8073418228882,exc_eb,exceedance,1.0,0.0,0.0
single,20,1,0.95,0.050000000000000044,0.025000000000000022,13443923,2804.8073418228882,exc_bet,exceedance,1.0,0.0,0.0
single,20,1,0.95,0.050000000000000044,0.025000000000000022,13443923,2804.8073418228882,counts_exact,counts,1.0,0.0,0.0
single,20,1,0.95,0.050000000000000044,0.025000000000000022,13443923,2804.8073418228882,norm_bet,counts,1.0,0.0,0.0
single,20,1,0.95,0.050000000000000044,0.025000000000000022,17949795,3744.867982375068,cdf_eb,cdf,1.0,0.0,0.0
single,20,1,0.95,0.050000000000000044,0.025000000000000022,17949795,3744.867982375068,cdf_bet,cdf,1.0,0.0,0.0
single,20,1,0.95,0.050000000000000044,0.025000000000000022,17949795,3744.867982375068,cdf_exact,cdf,1.0,0.0,0.0
single,20,1,0.95,0.050000000000000044,0.025000000000000022,17949795,3744.867982375068,exc_eb,exceedance,1.0,0.0,0.0
single,20,1,0.95,0.050000000000000044,0.025000000000000022,17949795,3744.867982375068,exc_bet,exceedance,1.0,0.0,0.0
single,20,1,0.95,0.050000000000000044,0.025000000000000022,17949795,3744.867982375068,counts_exact,counts,1.0,0.0,0.0
single,20,1,0.95,0.050000000000000044,0.025000000000000022,17949795,3744.867982375068,norm_bet,counts,1.0,0.0,0.0
single,20,1,0.95,0.050000000000000044,0.025000000000000022,23965858,4999.999960687427,cdf_eb,cdf,1.0,0.0,0.0
single,20,1,0.95,0.050000000000000044,0.025000000000000022,23965858,4999.999960687427,cdf_bet,cdf,1.0,0.0,0.0
single,20,1,0.95,0.050000000000000044,0.025000000000000022,23965858,4999.999960687427,cdf_exact,cdf,1.0,0.0,0.0
single,20,1,0.95,0.050000000000000044,0.025000000000000022,23965858,4999.999960687427,exc_eb,exceedance,1.0,0.0,0.0
single,20,1,0.95,0.050000000000000044,0.025000000000000022,23965858,4999.999960687427,exc_bet,exceedance,1.0,0.0,0.0
single,20,1,0.95,0.050000000000000044,0.025000000000000022,23965858,4999.999960687427,counts_exact,counts,1.0,0.0,0.0
single,20,1,0.95,0.050000000000000044,0.025000000000000022,23965858,4999.999960687427,norm_bet,counts,1.0,0.0,0.0
single,32,1,0.95,0.050000000000000044,0.025000000000000022,153,0.01995025574468209,cdf_eb,cdf,0.0,0.0,1.0
single,32,1,0.95,0.050000000000000044,0.025000000000000022,153,0.01995025574468209,cdf_bet,cdf,0.0,0.0,1.0
single,32,1,0.95,0.050000000000000044,0.025000000000000022,153,0.01995025574468209,cdf_exact,cdf,0.0515,0.0,0.9485
single,32,1,0.95,0.050000000000000044,0.025000000000000022,153,0.01995025574468209,exc_eb,exceedance,0.0,0.0,1.0
single,32,1,0.95,0.050000000000000044,0.025000000000000022,153,0.01995025574468209,exc_bet,exceedance,0.0,0.0,1.0
single,32,1,0.95,0.050000000000000044,0.025000000000000022,153,0.01995025574468209,counts_exact,counts,0.0,0.0,1.0
single,32,1,0.95,0.050000000000000044,0.025000000000000022,153,0.01995025574468209,norm_bet,counts,0.0,0.0,1.0
single,32,1,0.95,0.050000000000000044,0.025000000000000022,205,0.026730734821306067,cdf_eb,cdf,0.0,0.0,1.0
single,32,1,0.95,0.050000000000000044,0.025000000000000022,205,0.026730734821306067,cdf_bet,cdf,0.0,0.0,1.0
single,32,1,0.95,0.050000000000000044,0.025000000000000022,205,0.026730734821306067,cdf_exact,cdf,0.051,0.0,0.949
single,32,1,0.95,0.050000000000000044,0.025000000000000022,205,0.026730734821306067,exc_eb,exceedance,0.0,0.0,1.0
single,32,1,0.95,0.050000000000000044,0.025000000000000022,205,0.026730734821306067,exc_bet,exceedance,0.0,0.0,1.0
single,32,1,0.95,0.050000000000000044,0.025000000000000022,205,0.026730734821306067,counts_exact,counts,0.0,0.0,1.0
single,32,1,0.95,0.050000000000000044,0.025000000000000022,205,0.026730734821306067,norm_bet,counts,0.0,0.0,1.0
single,32,1,0.95,0.050000000000000044,0.025000000000000022,273,0.03559751515227588,cdf_eb,cdf,0.0,0.0,1.0
single,32,1,0.95,0.050000000000000044,0.025000000000000022,273,0.03559751515227588,cdf_bet,cdf,0.0,0.0,1.0
single,32,1,0.95,0.050000000000000044,0.025000000000000022,273,0.03559751515227588,cdf_exact,cdf,0.0345,0.0,0.9655
single,32,1,0.95,0.050000000000000044,0.025000000000000022,273,0.03559751515227588,exc_eb,exceedance,0.0,0.0,1.0
single,32,1,0.95,0.050000000000000044,0.025000000000000022,273,0.03559751515227588,exc_bet,exceedance,0.0,0.0,1.0
single,32,1,0.95,0.050000000000000044,0.025000000000000022,273,0.03559751515227588,counts_exact,counts,0.0,0.0,1.0
single,32,1,0.95,0.050000000000000044,0.025000000000000022,273,0.03559751515227588,norm_bet,counts,0.0,0.0,1.0
single,32,1,0.95,0.050000000000000044,0.025000000000000022,365,0.04759374736476446,cdf_eb,cdf,0.0,0.0,1.0
single,32,1,0.95,0.050000000000000044,0.025000000000000022,365,0.04759374736476446,cdf_bet,cdf,0.0,0.0,1.0
single,32,1,0.95,0.050000000000000044,0.025000000000000022,365,0.04759374736476446,cdf_exact,cdf,0.065,0.0,0.935
single,32,1,0.95,0.050000000000000044,0.025000000000000022,365,0.04759374736476446,exc_eb,exceedance,0.0,0.0,1.0
single,32,1,0.95,0.050000000000000044,0.025000000000000022,365,0.04759374736476446,exc_bet,exceedance,0.0,0.0,1.0
single,32,1,0.95,0.050000000000000044,0.025000000000000022,365,0.04759374736476446,counts_exact,counts,0.0,0.0,1.0
single,32,1,0.95,0.050000000000000044,0.025000000000000022,365,0.04759374736476446,norm_bet,counts,0.0,0.0,1.0
single,32,1,0.95,0.050000000000000044,0.025000000000000022,487,0.06350179442915149,cdf_eb,cdf,0.0,0.0,1.0
single,32,1,0.95,0.050000000000000044,0.025000000000000022,487,0.06350179442915149,cdf_bet,cdf,0.0,0.0,1.0
single,32,1,0.95,0.050000000000000044,0.025000000000000022,487,0.06350179442915149,cdf_exact,cdf,0.043,0.0,0.957
single,32,1,0.95,0.050000000000000044,0.025000000000000022,487,0.06350179442915149,exc_eb,exceedance,0.0,0.0,1.0
single,32,1,0.95,0.050000000000000044,0.025000000000000022,487,0.06350179442915149,exc_bet,exceedance,0.0,0.0,1.0
single,32,1,0.95,0.050000000000000044,0.025000000000000022,487,0.06350179442915149,counts_exact,counts,0.0,0.0,1.0
single,32,1,0.95,0.050000000000000044,0.025000000000000022,487,0.06350179442915149,norm_bet,counts,0.0,0.0,1.0
single,32,1,0.95,0.050000000000000044,0.025000000000000022,651,0.08488638228619634,cdf_eb,cdf,0.0,0.0,1.0
single,32,1,0.95,0.050000000000000044,0.025000000000000022,651,0.08488638228619634,cdf_bet,cdf,0.0,0.0,1.0
single,32,1,0.95,0.050000000000000044,0.025000000000000022,651,0.08488638228619634,cdf_exact,cdf,0.0565,0.0,0.9435
single,32,1,0.95,0.050000000000000044,0.025000000000000022,651,0.08488638228619634,exc_eb,exceedance,0.0,0.0,1.0
single,32,1,0.95,0.050000000000000044,0.025000000000000022,651,0.08488638228619634,exc_bet,exceedance,0.0,0.0,1.0
single,32,1,0.95,0.050000000000000044,0.025000000000000022,651,0.08488638228619634,counts_exact,counts,0.0,0.0,1.0
single,32,1,0.95,0.050000000000000044,0.025000000000000022,651,0.08488638228619634,norm_bet,counts,0.0,0.0,1.0
single,32,1,0.95,0.050000000000000044,0.025000000000000022,869,0.11331223687665841,cdf_eb,cdf,0.0,0.0,1.0
single,32,1,0.95,0.050000000000000044,0.025000000000000022,869,0.11331223687665841,cdf_bet,cdf,0.0,0.0,1.0
single,32,1,0.95,0.050000000000000044,0.025000000000000022,869,0.11331223687665841,cdf_exact,cdf,0.0715,0.0,0.9285
single,32,1,0.95,0.050000000000000044,0.025000000000000022,869,0.11331223687665841,exc_eb,exceedance,0.0,0.0,1.0
single,32,1,0.95,0.050000000000000044,0.025000000000000022,869,0.11331223687665841,exc_bet,exceedance,0.0,0.0,1.0
single,32,1,0.95,0.050000000000000044,0.025000000000000022,869,0.11331223687665841,counts_exact,counts,0.0,0.0,1.0
single,32,1,0.95,0.050000000000000044,0.025000000000000022,869,0.11331223687665841,norm_bet,counts,0.0,0.0,1.0
single,32,1,0.95,0.050000000000000044,0.025000000000000022,1160,0.15125684094007336,cdf_eb,cdf,0.0,0.0,1.0
single,32,1,0.95,0.050000000000000044,0.025000000000000022,1160,0.15125684094007336,cdf_bet,cdf,0.0,0.0,1.0
single,32,1,0.95,0.050000000000000044,0.025000000000000022,1160,0.15125684094007336,cdf_exact,cdf,0.0595,0.0,0.9405
single,32,1,0.95,0.050000000000000044,0.025000000000000022,1160,0.15125684094007336,exc_eb,exceedance,0.0,0.0,1.0
single,32,1,0.95,0.050000000000000044,0.025000000000000022,1160,0.15125684094007336,exc_bet,exceedance,0.0,0.0,1.0
single,32,1,0.95,0.050000000000000044,0.025000000000000022,1160,0.15125684094007336,counts_exact,counts,0.0,0.0,1.0
single,32,1,0.95,0.050000000000000044,0.025000000000000022,1160,0.15125684094007336,norm_bet,counts,0.0,0.0,1.0
single,32,1,0.95,0.050000000000000044,0.025000000000000022,1549,0.2019800401863566,cdf_eb,cdf,0.0,0.0,1.0
single,32,1,0.95,0.050000000000000044,0.025000000000000022,1549,0.2019800401863566,cdf_bet,cdf,0.0,0.0,1.0
single,32,1,0.95,0.050000000000000044,0.025000000000000022,1549,0.2019800401863566,cdf_exact,cdf,0.069,0.0,0.931
single,32,1,0.95,0.050000000000000044,0.025000000000000022,1549,0.2019800401863566,exc_eb,exceedance,0.0,0.0,1.0
single,32,1,0.95,0.050000000000000044,0.025000000000000022,1549,0.2019800401863566,exc_bet,exceedance,0.0,0.0,1.0
single,32,1,0.95,0.050000000000000044,0.025000000000000022,1549,0.2019800401863566,counts_exact,counts,0.0185,0.0,0.9815
single,32,1,0.95,0.050000000000000044,0.025000000000000022,1549,0.2019800401863566,norm_bet,counts,0.0,0.0,1.0
single,32,1,0.95,0.050000000000000044,0.025000000000000022,2068,0.26965443712419973,cdf_eb,cdf,0.0,0.0,1.0
single,32,1,0.95,0.050000000000000044,0.025000000000000022,2068,0.26965443712419973,cdf_bet,cdf,0.0005,0.0,0.9995
single,32,1,0.95,0.050000000000000044,0.025000000000000022,2068,0.26965443712419973,cdf_exact,cdf,0.079,0.0,0.921
single,32,1,0.95,0.050000000000000044,0.025000000000000022,2068,0.26965443712419973,exc_eb,exceedance,0.0,0.0,1.0
single,32,1,0.95,0.050000000000000044,0.025000000000000022,2068,0.26965443712419973,exc_bet,exceedance,0.0,0.0,1.0
single,32,1,0.95,0.050000000000000044,0.025000000000000022,2068,0.26965443712419973,counts_exact,counts,0.144,0.0,0.856
single,32,1,0.95,0.050000000000000044,0.025000000000000022,2068,0.26965443712419973,norm_bet,counts,0.0,0.0,1.0
single,32,1,0.95,0.050000000000000044,0.025000000000000022,2761,0.3600173602030539,cdf_eb,cdf,0.0,0.0,1.0
single,32,1,0.95,0.050000000000000044,0.025000000000000022,2761,0.3600173602030539,cdf_bet,cdf,0.0015,0.0,0.9985
single,32,1,0.95,0.050000000000000044,0.025000000000000022,2761,0.3600173602030539,cdf_exact,cdf,0.0665,0.0,0.9335
single,32,1,0.95,0.050000000000000044,0.025000000000000022,2761,0.3600173602030539,exc_eb,exceedance,0.0,0.0,1.0
single,32,1,0.95,0.050000000000000044,0.025000000000000022,2761,0.3600173602030539,exc_bet,exceedance,0.0,0.0,1.0
single,32,1,0.95,0.050000000000000044,0.025000000000000022,2761,0.3600173602030539,counts_exact,counts,0.158,0.0,0.842
single,32,1,0.95,0.050000000000000044,0.025000000000000022,2761,0.3600173602030539,norm_bet,counts,0.0,0.0,1.0
single,32,1,0.95,0.050000000000000044,0.025000000000000022,3687,0.4807620452983194,cdf_eb,cdf,0.0,0.0,1.0
single,32,1,0.95,0.050000000000000044,0.025000000000000022,3687,0.4807620452983194,cdf_bet,cdf,0.001,0.0,0.999
single,32,1,0.95,0.050000000000000044,0.025000000000000022,3687,0.4807620452983194,cdf_exact,cdf,0.076,0.0,0.924
single,32,1,0.95,0.050000000000000044,0.025000000000000022,3687,0.4807620452983194,exc_eb,exceedance,0.0,0.0,1.0
single,32,1,0.95,0.050000000000000044,0.025000000000000022,3687,0.4807620452983194,exc_bet,exceedance,0.0,0.0,1.0
single,32,1,0.95,0.050000000000000044,0.025000000000000022,3687,0.4807620452983194,counts_exact,counts,0.264,0.0,0.736
single,32,1,0.95,0.050000000000000044,0.025000000000000022,3687,0.4807620452983194,norm_bet,counts,0.011,0.0,0.989
single,32,1,0.95,0.050000000000000044,0.025000000000000022,4922,0.6417984233681389,cdf_eb,cdf,0.0,0.0,1.0
single,32,1,0.95,0.050000000000000044,0.025000000000000022,4922,0.6417984233681389,cdf_bet,cdf,0.0015,0.0,0.9985
single,32,1,0.95,0.050000000000000044,0.025000000000000022,4922,0.6417984233681389,cdf_exact,cdf,0.086,0.0,0.914
single,32,1,0.95,0.050000000000000044,0.025000000000000022,4922,0.6417984233681389,exc_eb,exceedance,0.0,0.0,1.0
single,32,1,0.95,0.050000000000000044,0.025000000000000022,4922,0.6417984233681389,exc_bet,exceedance,0.097,0.0,0.903
single,32,1,0.95,0.050000000000000044,0.025000000000000022,4922,0.6417984233681389,counts_exact,counts,0.371,0.0,0.629
single,32,1,0.95,0.050000000000000044,0.025000000000000022,4922,0.6417984233681389,norm_bet,counts,0.0615,0.0,0.9385
single,32,1,0.95,0.050000000000000044,0.025000000000000022,6572,0.8569482402225536,cdf_eb,cdf,0.0005,0.0,0.9995
single,32,1,0.95,0.050000000000000044,0.025000000000000022,6572,0.8569482402225536,cdf_bet,cdf,0.0015,0.0,0.9985
single,32,1,0.95,0.050000000000000044,0.025000000000000022,6572,0.8569482402225536,cdf_exact,cdf,0.0965,0.0,0.9035
single,32,1,0.95,0.050000000000000044,0.025000000000000022,6572,0.8569482402225536,exc_eb,exceedance,0.006,0.0,0.994
single,32,1,0.95,0.050000000000000044,0.025000000000000022,6572,0.8569482402225536,exc_bet,exceedance,0.233,0.0,0.767
single,32,1,0.95,0.050000000000000044,0.025000000000000022,6572,0.8569482402225536,counts_exact,counts,0.492,0.0,0.508
single,32,1,0.95,0.050000000000000044,0.025000000000000022,6572,0.8569482402225536,norm_bet,counts,0.1565,0.0,0.8435
single,32,1,0.95,0.050000000000000044,0.025000000000000022,8775,1.1442058441802962,cdf_eb,cdf,0.0,0.0,1.0
single,32,1,0.95,0.050000000000000044,0.025000000000000022,8775,1.1442058441802962,cdf_bet,cdf,0.0,0.0,1.0
single,32,1,0.95,0.050000000000000044,0.025000000000000022,8775,1.1442058441802962,cdf_exact,cdf,0.108,0.0,0.892
single,32,1,0.95,0.050000000000000044,0.025000000000000022,8775,1.1442058441802962,exc_eb,exceedance,0.009,0.0,0.991
single,32,1,0.95,0.050000000000000044,0.025000000000000022,8775,1.1442058441802962,exc_bet,exceedance,0.334,0.0,0.666
single,32,1,0.95,0.050000000000000044,0.025000000000000022,8775,1.1442058441802962,counts_exact,counts,0.6375,0.0,0.3625
single,32,1,0.95,0.050000000000000044,0.025000000000000022,8775,1.1442058441802962,norm_bet,counts,0.324,0.0,0.676
single,32,1,0.95,0.050000000000000044,0.025000000000000022,11716,1.527694093494741,cdf_eb,cdf,0.004,0.0,0.996
single,32,1,0.95,0.050000000000000044,0.025000000000000022,11716,1.527694093494741,cdf_bet,cdf,0.004,0.0,0.996
single,32,1,0.95,0.050000000000000044,0.025000000000000022,11716,1.527694093494741,cdf_exact,cdf,0.132,0.0,0.868
single,32,1,0.95,0.050000000000000044,0.025000000000000022,11716,1.527694093494741,exc_eb,exceedance,0.058,0.0,0.942
single,32,1,0.95,0.050000000000000044,0.025000000000000022,11716,1.527694093494741,exc_bet,exceedance,0.4365,0.0,0.5635
single,32,1,0.95,0.050000000000000044,0.025000000000000022,11716,1.527694093494741,counts_exact,counts,0.761,0.0,0.239
single,32,1,0.95,0.050000000000000044,0.025000000000000022,11716,1.527694093494741,norm_bet,counts,0.4665,0.0,0.5335
single,32,1,0.95,0.050000000000000044,0.025000000000000022,15643,2.039750657608248,cdf_eb,cdf,0.004,0.0,0.996
single,32,1,0.95,0.050000000000000044,0.025000000000000022,15643,2.039750657608248,cdf_bet,cdf,0.004,0.0,0.996
single,32,1,0.95,0.050000000000000044,0.025000000000000022,15643,2.039750657608248,cdf_exact,cdf,0.129,0.0,0.871
single,32,1,0.95,0.050000000000000044,0.025000000000000022,15643,2.039750657608248,exc_eb,exceedance,0.149,0.0,0.851
single,32,1,0.95,0.050000000000000044,0.025000000000000022,15643,2.039750657608248,exc_bet,exceedance,0.666,0.0,0.334
single,32,1,0.95,0.050000000000000044,0.025000000000000022,15643,2.039750657608248,counts_exact,counts,0.868,0.0,0.132
single,32,1,0.95,0.050000000000000044,0.025000000000000022,15643,2.039750657608248,norm_bet,counts,0.6445,0.0,0.3555
single,32,1,0.95,0.050000000000000044,0.025000000000000022,20885,2.7232751060633036,cdf_eb,cdf,0.005,0.0,0.995
single,32,1,0.95,0.050000000000000044,0.025000000000000022,20885,2.7232751060633036,cdf_bet,cdf,0.005,0.0,0.995
single,32,1,0.95,0.050000000000000044,0.025000000000000022,20885,2.7232751060633036,cdf_exact,cdf,0.1455,0.0,0.8545
single,32,1,0.95,0.050000000000000044,0.025000000000000022,20885,2.7232751060633036,exc_eb,exceedance,0.2495,0.0,0.7505
single,32,1,0.95,0.050000000000000044,0.025000000000000022,20885,2.7232751060633036,exc_bet,exceedance,0.7765,0.0,0.2235
single,32,1,0.95,0.050000000000000044,0.025000000000000022,20885,2.7232751060633036,counts_exact,counts,0.952,0.0,0.048
single,32,1,0.95,0.050000000000000044,0.025000000000000022,20885,2.7232751060633036,norm_bet,counts,0.7715,0.0,0.2285
single,32,1,0.95,0.050000000000000044,0.025000000000000022,27885,3.636031904839608,cdf_eb,cdf,0.0095,0.0,0.9905
single,32,1,0.95,0.050000000000000044,0.025000000000000022,27885,3.636031904839608,cdf_bet,cdf,0.007,0.0,0.993
single,32,1,0.95,0.050000000000000044,0.025000000000000022,27885,3.636031904839608,cdf_exact,cdf,0.189,0.0,0.811
single,32,1,0.95,0.050000000000000044,0.025000000000000022,27885,3.636031904839608,exc_eb,exceedance,0.557,0.0,0.443
single,32,1,0.95,0.050000000000000044,0.025000000000000022,27885,3.636031904839608,exc_bet,exceedance,0.847,0.0,0.153
single,32,1,0.95,0.050000000000000044,0.025000000000000022,27885,3.636031904839608,counts_exact,counts,0.9885,0.0,0.0115
single,32,1,0.95,0.050000000000000044,0.025000000000000022,27885,3.636031904839608,norm_bet,counts,0.8605,0.0,0.1395
single,32,1,0.95,0.050000000000000044,0.025000000000000022,37231,4.854692625034372,cdf_eb,cdf,0.0145,0.0,0.9855
single,32,1,0.95,0.050000000000000044,0.025000000000000022,37231,4.854692625034372,cdf_bet,cdf,0.01,0.0,0.99
single,32,1,0.95,0.050000000000000044,0.025000000000000022,37231,4.854692625034372,cdf_exact,cdf,0.221,0.0,0.779
single,32,1,0.95,0.050000000000000044,0.025000000000000022,37231,4.854692625034372,exc_eb,exceedance,0.795,0.0,0.205
single,32,1,0.95,0.050000000000000044,0.025000000000000022,37231,4.854692625034372,exc_bet,exceedance,0.9525,0.0,0.0475
single,32,1,0.95,0.050000000000000044,0.025000000000000022,37231,4.854692625034372,counts_exact,counts,0.998,0.0,0.002
single,32,1,0.95,0.050000000000000044,0.025000000000000022,37231,4.854692625034372,norm_bet,counts,0.955,0.0,0.045
single,32,1,0.95,0.050000000000000044,0.025000000000000022,49710,6.48187720959573,cdf_eb,cdf,0.0255,0.0,0.9745
single,32,1,0.95,0.050000000000000044,0.025000000000000022,49710,6.48187720959573,cdf_bet,cdf,0.0165,0.0,0.9835
single,32,1,0.95,0.050000000000000044,0.025000000000000022,49710,6.48187720959573,cdf_exact,cdf,0.2555,0.0,0.7445
single,32,1,0.95,0.050000000000000044,0.025000000000000022,49710,6.48187720959573,exc_eb,exceedance,0.956,0.0,0.044
single,32,1,0.95,0.050000000000000044,0.025000000000000022,49710,6.48187720959573,exc_bet,exceedance,0.991,0.0,0.009
single,32,1,0.95,0.050000000000000044,0.025000000000000022,49710,6.48187720959573,counts_exact,counts,1.0,0.0,0.0
single,32,1,0.95,0.050000000000000044,0.025000000000000022,49710,6.48187720959573,norm_bet,counts,0.991,0.0,0.009
single,32,1,0.95,0.050000000000000044,0.025000000000000022,66371,8.654368784511732,cdf_eb,cdf,0.0405,0.0,0.9595
single,32,1,0.95,0.050000000000000044,0.025000000000000022,66371,8.654368784511732,cdf_bet,cdf,0.025,0.0,0.975
single,32,1,0.95,0.050000000000000044,0.025000000000000022,66371,8.654368784511732,cdf_exact,cdf,0.3285,0.0,0.6715
single,32,1,0.95,0.050000000000000044,0.025000000000000022,66371,8.654368784511732,exc_eb,exceedance,0.996,0.0,0.004
single,32,1,0.95,0.050000000000000044,0.025000000000000022,66371,8.654368784511732,exc_bet,exceedance,1.0,0.0,0.0
single,32,1,0.95,0.050000000000000044,0.025000000000000022,66371,8.654368784511732,counts_exact,counts,1.0,0.0,0.0
single,32,1,0.95,0.050000000000000044,0.025000000000000022,66371,8.654368784511732,norm_bet,counts,1.0,0.0,0.0
single,32,1,0.95,0.050000000000000044,0.025000000000000022,88616,11.554979497194433,cdf_eb,cdf,0.0605,0.0,0.9395
single,32,1,0.95,0.050000000000000044,0.025000000000000022,88616,11.554979497194433,cdf_bet,cdf,0.037,0.0,0.963
single,32,1,0.95,0.050000000000000044,0.025000000000000022,88616,11.554979497194433,cdf_exact,cdf,0.39,0.0,0.61
single,32,1,0.95,0.050000000000000044,0.025000000000000022,88616,11.554979497194433,exc_eb,exceedance,1.0,0.0,0.0
single,32,1,0.95,0.050000000000000044,0.025000000000000022,88616,11.554979497194433,exc_bet,exceedance,1.0,0.0,0.0
single,32,1,0.95,0.050000000000000044,0.025000000000000022,88616,11.554979497194433,counts_exact,counts,1.0,0.0,0.0
single,32,1,0.95,0.050000000000000044,0.025000000000000022,88616,11.554979497194433,norm_bet,counts,1.0,0.0,0.0
single,32,1,0.95,0.050000000000000044,0.025000000000000022,118316,15.427676200573897,cdf_eb,cdf,0.09,0.0,0.91
single,32,1,0.95,0.050000000000000044,0.025000000000000022,118316,15.427676200573897,cdf_bet,cdf,0.0515,0.0,0.9485
single,32,1,0.95,0.050000000000000044,0.025000000000000022,118316,15.427676200573897,cdf_exact,cdf,0.4685,0.0,0.5315
single,32,1,0.95,0.050000000000000044,0.025000000000000022,118316,15.427676200573897,exc_eb,exceedance,1.0,0.0,0.0
single,32,1,0.95,0.050000000000000044,0.025000000000000022,118316,15.427676200573897,exc_bet,exceedance,1.0,0.0,0.0
single,32,1,0.95,0.050000000000000044,0.025000000000000022,118316,15.427676200573897,counts_exact,counts,1.0,0.0,0.0
single,32,1,0.95,0.050000000000000044,0.025000000000000022,118316,15.427676200573897,norm_bet,counts,1.0,0.0,0.0
single,32,1,0.95,0.050000000000000044,0.025000000000000022,157971,20.59844346564166,cdf_eb,cdf,0.141,0.0,0.859
single,32,1,0.95,0.050000000000000044,0.025000000000000022,157971,20.59844346564166,cdf_bet,cdf,0.0855,0.0,0.9145
single,32,1,0.95,0.050000000000000044,0.025000000000000022,157971,20.59844346564166,cdf_exact,cdf,0.5595,0.0,0.4405
single,32,1,0.95,0.050000000000000044,0.025000000000000022,157971,20.59844346564166,exc_eb,exceedance,1.0,0.0,0.0
single,32,1,0.95,0.050000000000000044,0.025000000000000022,157971,20.59844346564166,exc_bet,exceedance,1.0,0.0,0.0
single,32,1,0.95,0.050000000000000044,0.025000000000000022,157971,20.59844346564166,counts_exact,counts,1.0,0.0,0.0
single,32,1,0.95,0.050000000000000044,0.025000000000000022,157971,20.59844346564166,norm_bet,counts,1.0,0.0,0.0
single,32,1,0.95,0.050000000000000044,0.025000000000000022,210916,27.502144710100442,cdf_eb,cdf,0.2305,0.0,0.7695
single,32,1,0.95,0.050000000000000044,0.025000000000000022,210916,27.502144710100442,cdf_bet,cdf,0.153,0.0,0.847
single,32,1,0.95,0.050000000000000044,0.025000000000000022,210916,27.502144710100442,cdf_exact,cdf,0.665,0.0,0.335
single,32,1,0.95,0.050000000000000044,0.025000000000000022,210916,27.502144710100442,exc_eb,exceedance,1.0,0.0,0.0
single,32,1,0.95,0.050000000000000044,0.025000000000000022,210916,27.502144710100442,exc_bet,exceedance,1.0,0.0,0.0
single,32,1,0.95,0.050000000000000044,0.025000000000000022,210916,27.502144710100442,counts_exact,counts,1.0,0.0,0.0
single,32,1,0.95,0.050000000000000044,0.025000000000000022,210916,27.502144710100442,norm_bet,counts,1.0,0.0,0.0
single,32,1,0.95,0.050000000000000044,0.025000000000000022,281607,36.719814833285554,cdf_eb,cdf,0.335,0.0,0.665
single,32,1,0.95,0.050000000000000044,0.025000000000000022,281607,36.719814833285554,cdf_bet,cdf,0.226,0.0,0.774
single,32,1,0.95,0.050000000000000044,0.025000000000000022,281607,36.719814833285554,cdf_exact,cdf,0.779,0.0,0.221
single,32,1,0.95,0.050000000000000044,0.025000000000000022,281607,36.719814833285554,exc_eb,exceedance,1.0,0.0,0.0
single,32,1,0.95,0.050000000000000044,0.025000000000000022,281607,36.719814833285554,exc_bet,exceedance,1.0,0.0,0.0
single,32,1,0.95,0.050000000000000044,0.025000000000000022,281607,36.719814833285554,counts_exact,counts,1.0,0.0,0.0
single,32,1,0.95,0.050000000000000044,0.025000000000000022,281607,36.719814833285554,norm_bet,counts,1.0,0.0,0.0
single,32,1,0.95,0.050000000000000044,0.025000000000000022,375991,49.02690593267166,cdf_eb,cdf,0.499,0.0,0.501
single,32,1,0.95,0.050000000000000044,0.025000000000000022,375991,49.02690593267166,cdf_bet,cdf,0.374,0.0,0.626
single,32,1,0.95,0.050000000000000044,0.025000000000000022,375991,49.02690593267166,cdf_exact,cdf,0.8865,0.0,0.1135
single,32,1,0.95,0.050000000000000044,0.025000000000000022,375991,49.02690593267166,exc_eb,exceedance,1.0,0.0,0.0
single,32,1,0.95,0.050000000000000044,0.025000000000000022,375991,49.02690593267166,exc_bet,exceedance,1.0,0.0,0.0
single,32,1,0.95,0.050000000000000044,0.025000000000000022,375991,49.02690593267166,counts_exact,counts,1.0,0.0,0.0
single,32,1,0.95,0.050000000000000044,0.025000000000000022,375991,49.02690593267166,norm_bet,counts,1.0,0.0,0.0
single,32,1,0.95,0.050000000000000044,0.025000000000000022,502008,65.45874500572789,cdf_eb,cdf,0.664,0.0,0.336
single,32,1,0.95,0.050000000000000044,0.025000000000000022,502008,65.45874500572789,cdf_bet,cdf,0.548,0.0,0.452
single,32,1,0.95,0.050000000000000044,0.025000000000000022,502008,65.45874500572789,cdf_exact,cdf,0.945,0.0,0.055
single,32,1,0.95,0.050000000000000044,0.025000000000000022,502008,65.45874500572789,exc_eb,exceedance,1.0,0.0,0.0
single,32,1,0.95,0.050000000000000044,0.025000000000000022,502008,65.45874500572789,exc_bet,exceedance,1.0,0.0,0.0
single,32,1,0.95,0.050000000000000044,0.025000000000000022,502008,65.45874500572789,counts_exact,counts,1.0,0.0,0.0
single,32,1,0.95,0.050000000000000044,0.025000000000000022,502008,65.45874500572789,norm_bet,counts,1.0,0.0,0.0
single,32,1,0.95,0.050000000000000044,0.025000000000000022,670261,87.39789781494355,cdf_eb,cdf,0.828,0.0,0.172
single,32,1,0.95,0.050000000000000044,0.025000000000000022,670261,87.39789781494355,cdf_bet,cdf,0.7205,0.0,0.2795
single,32,1,0.95,0.050000000000000044,0.025000000000000022,670261,87.39789781494355,cdf_exact,cdf,0.9795,0.0,0.0205
single,32,1,0.95,0.050000000000000044,0.025000000000000022,670261,87.39789781494355,exc_eb,exceedance,1.0,0.0,0.0
single,32,1,0.95,0.050000000000000044,0.025000000000000022,670261,87.39789781494355,exc_bet,exceedance,1.0,0.0,0.0
single,32,1,0.95,0.050000000000000044,0.025000000000000022,670261,87.39789781494355,counts_exact,counts,1.0,0.0,0.0
single,32,1,0.95,0.050000000000000044,0.025000000000000022,670261,87.39789781494355,norm_bet,counts,1.0,0.0,0.0
single,32,1,0.95,0.050000000000000044,0.025000000000000022,894906,116.69021939510111,cdf_eb,cdf,0.941,0.0,0.059
single,32,1,0.95,0.050000000000000044,0.025000000000000022,894906,116.69021939510111,cdf_bet,cdf,0.889,0.0,0.111
single,32,1,0.95,0.050000000000000044,0.025000000000000022,894906,116.69021939510111,cdf_exact,cdf,0.998,0.0,0.002
single,32,1,0.95,0.050000000000000044,0.025000000000000022,894906,116.69021939510111,exc_eb,exceedance,1.0,0.0,0.0
single,32,1,0.95,0.050000000000000044,0.025000000000000022,894906,116.69021939510111,exc_bet,exceedance,1.0,0.0,0.0
single,32,1,0.95,0.050000000000000044,0.025000000000000022,894906,116.69021939510111,counts_exact,counts,1.0,0.0,0.0
single,32,1,0.95,0.050000000000000044,0.025000000000000022,894906,116.69021939510111,norm_bet,counts,1.0,0.0,0.0
single,32,1,0.95,0.050000000000000044,0.025000000000000022,1194844,155.800283496725,cdf_eb,cdf,0.9865,0.0,0.0135
single,32,1,0.95,0.050000000000000044,0.025000000000000022,1194844,155.800283496725,cdf_bet,cdf,0.9665,0.0,0.0335
single,32,1,0.95,0.050000000000000044,0.025000000000000022,1194844,155.800283496725,cdf_exact,cdf,0.9985,0.0,0.0015
single,32,1,0.95,0.050000000000000044,0.025000000000000022,1194844,155.800283496725,exc_eb,exceedance,1.0,0.0,0.0
single,32,1,0.95,0.050000000000000044,0.025000000000000022,1194844,155.800283496725,exc_bet,exceedance,1.0,0.0,0.0
single,32,1,0.95,0.050000000000000044,0.025000000000000022,1194844,155.800283496725,counts_exact,counts,1.0,0.0,0.0
single,32,1,0.95,0.050000000000000044,0.025000000000000022,1194844,155.800283496725,norm_bet,counts,1.0,0.0,0.0
single,32,1,0.95,0.050000000000000044,0.025000000000000022,1595308,208.01831759174704,cdf_eb,cdf,0.999,0.0,0.001
single,32,1,0.95,0.050000000000000044,0.025000000000000022,1595308,208.01831759174704,cdf_bet,cdf,0.997,0.0,0.003
single,32,1,0.95,0.050000000000000044,0.025000000000000022,1595308,208.01831759174704,cdf_exact,cdf,1.0,0.0,0.0
single,32,1,0.95,0.050000000000000044,0.025000000000000022,1595308,208.01831759174704,exc_eb,exceedance,1.0,0.0,0.0
single,32,1,0.95,0.050000000000000044,0.025000000000000022,1595308,208.01831759174704,exc_bet,exceedance,1.0,0.0,0.0
single,32,1,0.95,0.050000000000000044,0.025000000000000022,1595308,208.01831759174704,counts_exact,counts,1.0,0.0,0.0
single,32,1,0.95,0.050000000000000044,0.025000000000000022,1595308,208.01831759174704,norm_bet,counts,1.0,0.0,0.0
single,32,1,0.95,0.050000000000000044,0.025000000000000022,2129993,277.7379417279911,cdf_eb,cdf,1.0,0.0,0.0
single,32,1,0.95,0.050000000000000044,0.025000000000000022,2129993,277.7379417279911,cdf_bet,cdf,1.0,0.0,0.0
single,32,1,0.95,0.050000000000000044,0.025000000000000022,2129993,277.7379417279911,cdf_exact,cdf,1.0,0.0,0.0
single,32,1,0.95,0.050000000000000044,0.025000000000000022,2129993,277.7379417279911,exc_eb,exceedance,1.0,0.0,0.0
single,32,1,0.95,0.050000000000000044,0.025000000000000022,2129993,277.7379417279911,exc_bet,exceedance,1.0,0.0,0.0
single,32,1,0.95,0.050000000000000044,0.025000000000000022,2129993,277.7379417279911,counts_exact,counts,1.0,0.0,0.0
single,32,1,0.95,0.050000000000000044,0.025000000000000022,2129993,277.7379417279911,norm_bet,counts,1.0,0.0,0.0
single,32,1,0.95,0.050000000000000044,0.025000000000000022,2843882,370.82466148822215,cdf_eb,cdf,1.0,0.0,0.0
single,32,1,0.95,0.050000000000000044,0.025000000000000022,2843882,370.82466148822215,cdf_bet,cdf,1.0,0.0,0.0
single,32,1,0.95,0.050000000000000044,0.025000000000000022,2843882,370.82466148822215,cdf_exact,cdf,1.0,0.0,0.0
single,32,1,0.95,0.050000000000000044,0.025000000000000022,2843882,370.82466148822215,exc_eb,exceedance,1.0,0.0,0.0
single,32,1,0.95,0.050000000000000044,0.025000000000000022,2843882,370.82466148822215,exc_bet,exceedance,1.0,0.0,0.0
single,32,1,0.95,0.050000000000000044,0.025000000000000022,2843882,370.82466148822215,counts_exact,counts,1.0,0.0,0.0
single,32,1,0.95,0.050000000000000044,0.025000000000000022,2843882,370.82466148822215,norm_bet,counts,1.0,0.0,0.0
single,32,1,0.95,0.050000000000000044,0.025000000000000022,3797039,495.1104517812545,cdf_eb,cdf,1.0,0.0,0.0
single,32,1,0.95,0.050000000000000044,0.025000000000000022,3797039,495.1104517812545,cdf_bet,cdf,1.0,0.0,0.0
single,32,1,0.95,0.050000000000000044,0.025000000000000022,3797039,495.1104517812545,cdf_exact,cdf,1.0,0.0,0.0
single,32,1,0.95,0.050000000000000044,0.025000000000000022,3797039,495.1104517812545,exc_eb,exceedance,1.0,0.0,0.0
single,32,1,0.95,0.050000000000000044,0.025000000000000022,3797039,495.1104517812545,exc_bet,exceedance,1.0,0.0,0.0
single,32,1,0.95,0.050000000000000044,0.025000000000000022,3797039,495.1104517812545,counts_exact,counts,1.0,0.0,0.0
single,32,1,0.95,0.050000000000000044,0.025000000000000022,3797039,495.1104517812545,norm_bet,counts,1.0,0.0,0.0
single,32,1,0.95,0.050000000000000044,0.025000000000000022,5069657,661.0519848876978,cdf_eb,cdf,1.0,0.0,0.0
single,32,1,0.95,0.050000000000000044,0.025000000000000022,5069657,661.0519848876978,cdf_bet,cdf,1.0,0.0,0.0
single,32,1,0.95,0.050000000000000044,0.025000000000000022,5069657,661.0519848876978,cdf_exact,cdf,1.0,0.0,0.0
single,32,1,0.95,0.050000000000000044,0.025000000000000022,5069657,661.0519848876978,exc_eb,exceedance,1.0,0.0,0.0
single,32,1,0.95,0.050000000000000044,0.025000000000000022,5069657,661.0519848876978,exc_bet,exceedance,1.0,0.0,0.0
single,32,1,0.95,0.050000000000000044,0.025000000000000022,5069657,661.0519848876978,counts_exact,counts,1.0,0.0,0.0
single,32,1,0.95,0.050000000000000044,0.025000000000000022,5069657,661.0519848876978,norm_bet,counts,1.0,0.0,0.0
single,32,1,0.95,0.050000000000000044,0.025000000000000022,6768806,882.6105280139777,cdf_eb,cdf,1.0,0.0,0.0
single,32,1,0.95,0.050000000000000044,0.025000000000000022,6768806,882.6105280139777,cdf_bet,cdf,1.0,0.0,0.0
single,32,1,0.95,0.050000000000000044,0.025000000000000022,6768806,882.6105280139777,cdf_exact,cdf,1.0,0.0,0.0
single,32,1,0.95,0.050000000000000044,0.025000000000000022,6768806,882.6105280139777,exc_eb,exceedance,1.0,0.0,0.0
single,32,1,0.95,0.050000000000000044,0.025000000000000022,6768806,882.6105280139777,exc_bet,exceedance,1.0,0.0,0.0
single,32,1,0.95,0.050000000000000044,0.025000000000000022,6768806,882.6105280139777,counts_exact,counts,1.0,0.0,0.0
single,32,1,0.95,0.050000000000000044,0.025000000000000022,6768806,882.6105280139777,norm_bet,counts,1.0,0.0,0.0
single,32,1,0.95,0.050000000000000044,0.025000000000000022,9037442,1178.4266612923607,cdf_eb,cdf,1.0,0.0,0.0
single,32,1,0.95,0.050000000000000044,0.025000000000000022,9037442,1178.4266612923607,cdf_bet,cdf,1.0,0.0,0.0
single,32,1,0.95,0.050000000000000044,0.025000000000000022,9037442,1178.4266612923607,cdf_exact,cdf,1.0,0.0,0.0
single,32,1,0.95,0.050000000000000044,0.025000000000000022,9037442,1178.4266612923607,exc_eb,exceedance,1.0,0.0,0.0
single,32,1,0.95,0.050000000000000044,0.025000000000000022,9037442,1178.4266612923607,exc_bet,exceedance,1.0,0.0,0.0
single,32,1,0.95,0.050000000000000044,0.025000000000000022,9037442,1178.4266612923607,counts_exact,counts,1.0,0.0,0.0
single,32,1,0.95,0.050000000000000044,0.025000000000000022,9037442,1178.4266612923607,norm_bet,counts,1.0,0.0,0.0
single,32,1,0.95,0.050000000000000044,0.025000000000000022,12066436,1573.388785142737,cdf_eb,cdf,1.0,0.0,0.0
single,32,1,0.95,0.050000000000000044,0.025000000000000022,12066436,1573.388785142737,cdf_bet,cdf,1.0,0.0,0.0
single,32,1,0.95,0.050000000000000044,0.025000000000000022,12066436,1573.388785142737,cdf_exact,cdf,1.0,0.0,0.0
single,32,1,0.95,0.050000000000000044,0.025000000000000022,12066436,1573.388785142737,exc_eb,exceedance,1.0,0.0,0.0
single,32,1,0.95,0.050000000000000044,0.025000000000000022,12066436,1573.388785142737,exc_bet,exceedance,1.0,0.0,0.0
single,32,1,0.95,0.050000000000000044,0.025000000000000022,12066436,1573.388785142737,counts_exact,counts,1.0,0.0,0.0
single,32,1,0.95,0.050000000000000044,0.025000000000000022,12066436,1573.388785142737,norm_bet,counts,1.0,0.0,0.0
single,32,1,0.95,0.050000000000000044,0.025000000000000022,16110629,2100.7265931875286,cdf_eb,cdf,1.0,0.0,0.0
single,32,1,0.95,0.050000000000000044,0.025000000000000022,16110629,2100.7265931875286,cdf_bet,cdf,1.0,0.0,0.0
single,32,1,0.95,0.050000000000000044,0.025000000000000022,16110629,2100.7265931875286,cdf_exact,cdf,1.0,0.0,0.0
single,32,1,0.95,0.050000000000000044,0.025000000000000022,16110629,2100.7265931875286,exc_eb,exceedance,1.0,0.0,0.0
single,32,1,0.95,0.050000000000000044,0.025000000000000022,16110629,2100.7265931875286,exc_bet,exceedance,1.0,0.0,0.0
single,32,1,0.95,0.050000000000000044,0.025000000000000022,16110629,2100.7265931875286,counts_exact,counts,1.0,0.0,0.0
single,32,1,0.95,0.050000000000000044,0.025000000000000022,16110629,2100.7265931875286,norm_bet,counts,1.0,0.0,0.0
single,32,1,0.95,0.050000000000000044,0.025000000000000022,21510276,2804.8072375078254,cdf_eb,cdf,1.0,0.0,0.0
single,32,1,0.95,0.050000000000000044,0.025000000000000022,21510276,2804.8072375078254,cdf_bet,cdf,1.0,0.0,0.0
single,32,1,0.95,0.050000000000000044,0.025000000000000022,21510276,2804.8072375078254,cdf_exact,cdf,1.0,0.0,0.0
single,32,1,0.95,0.050000000000000044,0.025000000000000022,21510276,2804.8072375078254,exc_eb,exceedance,1.0,0.0,0.0
single,32,1,0.95,0.050000000000000044,0.025000000000000022,21510276,2804.8072375078254,exc_bet,exceedance,1.0,0.0,0.0
single,32,1,0.95,0.050000000000000044,0.025000000000000022,21510276,2804.8072375078254,counts_exact,counts,1.0,0.0,0.0
single,32,1,0.95,0.050000000000000044,0.025000000000000022,21510276,2804.8072375078254,norm_bet,counts,1.0,0.0,0.0
single,32,1,0.95,0.050000000000000044,0.025000000000000022,28719672,3744.8679823750676,cdf_eb,cdf,1.0,0.0,0.0
single,32,1,0.95,0.050000000000000044,0.025000000000000022,28719672,3744.8679823750676,cdf_bet,cdf,1.0,0.0,0.0
single,32,1,0.95,0.050000000000000044,0.025000000000000022,28719672,3744.8679823750676,cdf_exact,cdf,1.0,0.0,0.0
single,32,1,0.95,0.050000000000000044,0.025000000000000022,28719672,3744.8679823750676,exc_eb,exceedance,1.0,0.0,0.0
single,32,1,0.95,0.050000000000000044,0.025000000000000022,28719672,3744.8679823750676,exc_bet,exceedance,1.0,0.0,0.0
single,32,1,0.95,0.050000000000000044,0.025000000000000022,28719672,3744.8679823750676,counts_exact,counts,1.0,0.0,0.0
single,32,1,0.95,0.050000000000000044,0.025000000000000022,28719672,3744.8679823750676,norm_bet,counts,1.0,0.0,0.0
single,32,1,0.95,0.050000000000000044,0.025000000000000022,38345373,4999.999986766193,cdf_eb,cdf,1.0,0.0,0.0
single,32,1,0.95,0.050000000000000044,0.025000000000000022,38345373,4999.999986766193,cdf_bet,cdf,1.0,0.0,0.0
single,32,1,0.95,0.050000000000000044,0.025000000000000022,38345373,4999.999986766193,cdf_exact,cdf,1.0,0.0,0.0
single,32,1,0.95,0.050000000000000044,0.025000000000000022,38345373,4999.999986766193,exc_eb,exceedance,1.0,0.0,0.0
single,32,1,0.95,0.050000000000000044,0.025000000000000022,38345373,4999.999986766193,exc_bet,exceedance,1.0,0.0,0.0
single,32,1,0.95,0.050000000000000044,0.025000000000000022,38345373,4999.999986766193,counts_exact,counts,1.0,0.0,0.0
single,32,1,0.95,0.050000000000000044,0.025000000000000022,38345373,4999.999986766193,norm_bet,counts,1.0,0.0,0.0
two_action,2,2,0.9,0.09999999999999998,0.04999999999999999,6,0.020331377301136256,cdf_eb,cdf,0.0,0.0,1.0
two_action,2,2,0.9,0.09999999999999998,0.04999999999999999,6,0.020331377301136256,cdf_bet,cdf,0.0,0.0,1.0
two_action,2,2,0.9,0.09999999999999998,0.04999999999999999,6,0.020331377301136256,cdf_exact,cdf,0.0165,0.0035,0.98
two_action,2,2,0.9,0.09999999999999998,0.04999999999999999,6,0.020331377301136256,exc_eb,exceedance,0.0,0.0,1.0
two_action,2,2,0.9,0.09999999999999998,0.04999999999999999,6,0.020331377301136256,exc_bet,exceedance,0.0,0.0,1.0
two_action,2,2,0.9,0.09999999999999998,0.04999999999999999,6,0.020331377301136256,counts_exact,counts,0.0,0.0,1.0
two_action,2,2,0.9,0.09999999999999998,0.04999999999999999,6,0.020331377301136256,norm_bet,counts,0.0,0.0,1.0
two_action,2,2,0.9,0.09999999999999998,0.04999999999999999,8,0.027108503068181675,cdf_eb,cdf,0.0,0.0,1.0
two_action,2,2,0.9,0.09999999999999998,0.04999999999999999,8,0.027108503068181675,cdf_bet,cdf,0.0,0.0,1.0
two_action,2,2,0.9,0.09999999999999998,0.04999999999999999,8,0.027108503068181675,cdf_exact,cdf,0.0285,0.011,0.9605
two_action,2,2,0.9,0.09999999999999998,0.04999999999999999,8,0.027108503068181675,exc_eb,exceedance,0.0,0.0,1.0
two_action,2,2,0.9,0.09999999999999998,0.04999999999999999,8,0.027108503068181675,exc_bet,exceedance,0.0,0.0,1.0
two_action,2,2,0.9,0.09999999999999998,0.04999999999999999,8,0.027108503068181675,counts_exact,counts,0.0,0.0,1.0
two_action,2,2,0.9,0.09999999999999998,0.04999999999999999,8,0.027108503068181675,norm_bet,counts,0.0,0.0,1.0
two_action,2,2,0.9,0.09999999999999998,0.04999999999999999,11,0.0372741917187498,cdf_eb,cdf,0.0,0.0,1.0
two_action,2,2,0.9,0.09999999999999998,0.04999999999999999,11,0.0372741917187498,cdf_bet,cdf,0.0,0.0,1.0
two_action,2,2,0.9,0.09999999999999998,0.04999999999999999,11,0.0372741917187498,cdf_exact,cdf,0.017,0.008,0.975
two_action,2,2,0.9,0.09999999999999998,0.04999999999999999,11,0.0372741917187498,exc_eb,exceedance,0.0,0.0,1.0
two_action,2,2,0.9,0.09999999999999998,0.04999999999999999,11,0.0372741917187498,exc_bet,exceedance,0.0,0.0,1.0
two_action,2,2,0.9,0.09999999999999998,0.04999999999999999,11,0.0372741917187498,counts_exact,counts,0.0,0.0,1.0
two_action,2,2,0.9,0.09999999999999998,0.04999999999999999,11,0.0372741917187498,norm_bet,counts,0.0,0.0,1.0
two_action,2,2,0.9,0.09999999999999998,0.04999999999999999,14,0.047439880369317934,cdf_eb,cdf,0.0,0.0,1.0
two_action,2,2,0.9,0.09999999999999998,0.04999999999999999,14,0.047439880369317934,cdf_bet,cdf,0.0,0.0,1.0
two_action,2,2,0.9,0.09999999999999998,0.04999999999999999,14,0.047439880369317934,cdf_exact,cdf,0.019,0.0055,0.9755
two_action,2,2,0.9,0.09999999999999998,0.04999999999999999,14,0.047439880369317934,exc_eb,exceedance,0.0,0.0,1.0
two_action,2,2,0.9,0.09999999999999998,0.04999999999999999,14,0.047439880369317934,exc_bet,exceedance,0.0,0.0,1.0
two_action,2,2,0.9,0.09999999999999998,0.04999999999999999,14,0.047439880369317934,counts_exact,counts,0.0,0.0,1.0
two_action,2,2,0.9,0.09999999999999998,0.04999999999999999,14,0.047439880369317934,norm_bet,counts,0.0,0.0,1.0
two_action,2,2,0.9,0.09999999999999998,0.04999999999999999,19,0.06438269478693148,cdf_eb,cdf,0.0,0.0,1.0
two_action,2,2,0.9,0.09999999999999998,0.04999999999999999,19,0.06438269478693148,cdf_bet,cdf,0.0,0.0,1.0
two_action,2,2,0.9,0.09999999999999998,0.04999999999999999,19,0.06438269478693148,cdf_exact,cdf,0.012,0.0065,0.9815
two_action,2,2,0.9,0.09999999999999998,0.04999999999999999,19,0.06438269478693148,exc_eb,exceedance,0.0,0.0,1.0
two_action,2,2,0.9,0.09999999999999998,0.04999999999999999,19,0.06438269478693148,exc_bet,exceedance,0.0,0.0,1.0
two_action,2,2,0.9,0.09999999999999998,0.04999999999999999,19,0.06438269478693148,counts_exact,counts,0.0,0.0,1.0
two_action,2,2,0.9,0.09999999999999998,0.04999999999999999,19,0.06438269478693148,norm_bet,counts,0.0,0.0,1.0
two_action,2,2,0.9,0.09999999999999998,0.04999999999999999,25,0.08471407208806774,cdf_eb,cdf,0.0,0.0,1.0
two_action,2,2,0.9,0.09999999999999998,0.04999999999999999,25,0.08471407208806774,cdf_bet,cdf,0.0,0.0,1.0
two_action,2,2,0.9,0.09999999999999998,0.04999999999999999,25,0.08471407208806774,cdf_exact,cdf,0.0255,0.012,0.9625
two_action,2,2,0.9,0.09999999999999998,0.04999999999999999,25,0.08471407208806774,exc_eb,exceedance,0.0,0.0,1.0
two_action,2,2,0.9,0.09999999999999998,0.04999999999999999,25,0.08471407208806774,exc_bet,exceedance,0.0,0.0,1.0
two_action,2,2,0.9,0.09999999999999998,0.04999999999999999,25,0.08471407208806774,counts_exact,counts,0.0,0.0,1.0
two_action,2,2,0.9,0.09999999999999998,0.04999999999999999,25,0.08471407208806774,norm_bet,counts,0.0,0.0,1.0
two_action,2,2,0.9,0.09999999999999998,0.04999999999999999,33,0.11182257515624941,cdf_eb,cdf,0.0,0.0,1.0
two_action,2,2,0.9,0.09999999999999998,0.04999999999999999,33,0.11182257515624941,cdf_bet,cdf,0.0,0.0,1.0
two_action,2,2,0.9,0.09999999999999998,0.04999999999999999,33,0.11182257515624941,cdf_exact,cdf,0.046,0.0145,0.9395
two_action,2,2,0.9,0.09999999999999998,0.04999999999999999,33,0.11182257515624941,exc_eb,exceedance,0.0,0.0,1.0
two_action,2,2,0.9,0.09999999999999998,0.04999999999999999,33,0.11182257515624941,exc_bet,exceedance,0.0,0.0,1.0
two_action,2,2,0.9,0.09999999999999998,0.04999999999999999,33,0.11182257515624941,counts_exact,counts,0.0,0.0,1.0
two_action,2,2,0.9,0.09999999999999998,0.04999999999999999,33,0.11182257515624941,norm_bet,counts,0.0,0.0,1.0
two_action,2,2,0.9,0.09999999999999998,0.04999999999999999,45,0.15248532975852191,cdf_eb,cdf,0.0,0.0,1.0
two_action,2,2,0.9,0.09999999999999998,0.04999999999999999,45,0.15248532975852191,cdf_bet,cdf,0.0,0.0,1.0
two_action,2,2,0.9,0.09999999999999998,0.04999999999999999,45,0.15248532975852191,cdf_exact,cdf,0.0335,0.006,0.9605
two_action,2,2,0.9,0.09999999999999998,0.04999999999999999,45,0.15248532975852191,exc_eb,exceedance,0.0,0.0,1.0
two_action,2,2,0.9,0.09999999999999998,0.04999999999999999,45,0.15248532975852191,exc_bet,exceedance,0.0,0.0,1.0
two_action,2,2,0.9,0.09999999999999998,0.04999999999999999,45,0.15248532975852191,counts_exact,counts,0.0,0.0,1.0
two_action,2,2,0.9,0.09999999999999998,0.04999999999999999,45,0.15248532975852191,norm_bet,counts,0.0,0.0,1.0
two_action,2,2,0.9,0.09999999999999998,0.04999999999999999,60,0.20331377301136255,cdf_eb,cdf,0.0,0.0,1.0
two_action,2,2,0.9,0.09999999999999998,0.04999999999999999,60,0.20331377301136255,cdf_bet,cdf,0.0015,0.0005,0.998
two_action,2,2,0.9,0.09999999999999998,0.04999999999999999,60,0.20331377301136255,cdf_exact,cdf,0.037,0.0035,0.9595
two_action,2,2,0.9,0.09999999999999998,0.04999999999999999,60,0.20331377301136255,exc_eb,exceedance,0.0,0.0,1.0
two_action,2,2,0.9,0.09999999999999998,0.04999999999999999,60,0.20331377301136255,exc_bet,exceedance,0.0,0.0,1.0
two_action,2,2,0.9,0.09999999999999998,0.04999999999999999,60,0.20331377301136255,counts_exact,counts,0.015,0.0,0.985
two_action,2,2,0.9,0.09999999999999998,0.04999999999999999,60,0.20331377301136255,norm_bet,counts,0.0,0.0,1.0
two_action,2,2,0.9,0.09999999999999998,0.04999999999999999,80,0.2710850306818168,cdf_eb,cdf,0.0,0.0,1.0
two_action,2,2,0.9,0.09999999999999998,0.04999999999999999,80,0.2710850306818168,cdf_bet,cdf,0.001,0.0,0.999
two_action,2,2,0.9,0.09999999999999998,0.04999999999999999,80,0.2710850306818168,cdf_exact,cdf,0.0455,0.0025,0.952
two_action,2,2,0.9,0.09999999999999998,0.04999999999999999,80,0.2710850306818168,exc_eb,exceedance,0.0,0.0,1.0
two_action,2,2,0.9,0.09999999999999998,0.04999999999999999,80,0.2710850306818168,exc_bet,exceedance,0.0,0.0,1.0
two_action,2,2,0.9,0.09999999999999998,0.04999999999999999,80,0.2710850306818168,counts_exact,counts,0.1105,0.0025,0.887
two_action,2,2,0.9,0.09999999999999998,0.04999999999999999,80,0.2710850306818168,norm_bet,counts,0.0,0.0,1.0
two_action,2,2,0.9,0.09999999999999998,0.04999999999999999,106,0.3591876656534072,cdf_eb,cdf,0.0,0.0,1.0
two_action,2,2,0.9,0.09999999999999998,0.04999999999999999,106,0.3591876656534072,cdf_bet,cdf,0.0025,0.0,0.9975
two_action,2,2,0.9,0.09999999999999998,0.04999999999999999,106,0.3591876656534072,cdf_exact,cdf,0.0585,0.0025,0.939
two_action,2,2,0.9,0.09999999999999998,0.04999999999999999,106,0.3591876656534072,exc_eb,exceedance,0.0,0.0,1.0
two_action,2,2,0.9,0.09999999999999998,0.04999999999999999,106,0.3591876656534072,exc_bet,exceedance,0.0,0.0,1.0
two_action,2,2,0.9,0.09999999999999998,0.04999999999999999,106,0.3591876656534072,counts_exact,counts,0.14,0.0,0.86
two_action,2,2,0.9,0.09999999999999998,0.04999999999999999,106,0.3591876656534072,norm_bet,counts,0.0,0.0,1.0
two_action,2,2,0.9,0.09999999999999998,0.04999999999999999,142,0.48117592946022475,cdf_eb,cdf,0.0,0.0,1.0
two_action,2,2,0.9,0.09999999999999998,0.04999999999999999,142,0.48117592946022475,cdf_bet,cdf,0.0015,0.0,0.9985
two_action,2,2,0.9,0.09999999999999998,0.04999999999999999,142,0.48117592946022475,cdf_exact,cdf,0.066,0.003,0.931
two_action,2,2,0.9,0.09999999999999998,0.04999999999999999,142,0.48117592946022475,exc_eb,exceedance,0.0,0.0,1.0
two_action,2,2,0.9,0.09999999999999998,0.04999999999999999,142,0.48117592946022475,exc_bet,exceedance,0.0,0.0,1.0
two_action,2,2,0.9,0.09999999999999998,0.04999999999999999,142,0.48117592946022475,counts_exact,counts,0.233,0.0015,0.7655
two_action,2,2,0.9,0.09999999999999998,0.04999999999999999,142,0.48117592946022475,norm_bet,counts,0.0015,0.0,0.9985
two_action,2,2,0.9,0.09999999999999998,0.04999999999999999,189,0.6404383849857921,cdf_eb,cdf,0.0,0.0,1.0
two_action,2,2,0.9,0.09999999999999998,0.04999999999999999,189,0.6404383849857921,cdf_bet,cdf,0.001,0.0,0.999
two_action,2,2,0.9,0.09999999999999998,0.04999999999999999,189,0.6404383849857921,cdf_exact,cdf,0.095,0.003,0.902
two_action,2,2,0.9,0.09999999999999998,0.04999999999999999,189,0.6404383849857921,exc_eb,exceedance,0.0,0.0,1.0
two_action,2,2,0.9,0.09999999999999998,0.04999999999999999,189,0.6404383849857921,exc_bet,exceedance,0.023,0.0,0.977
two_action,2,2,0.9,0.09999999999999998,0.04999999999999999,189,0.6404383849857921,counts_exact,counts,0.3065,0.0,0.6935
two_action,2,2,0.9,0.09999999999999998,0.04999999999999999,189,0.6404383849857921,norm_bet,counts,0.025,0.0,0.975
two_action,2,2,0.9,0.09999999999999998,0.04999999999999999,253,0.8573064095312455,cdf_eb,cdf,0.0005,0.0,0.9995
two_action,2,2,0.9,0.09999999999999998,0.04999999999999999,253,0.8573064095312455,cdf_bet,cdf,0.0025,0.0,0.9975
two_action,2,2,0.9,0.09999999999999998,0.04999999999999999,253,0.8573064095312455,cdf_exact,cdf,0.1235,0.0035,0.873
two_action,2,2,0.9,0.09999999999999998,0.04999999999999999,253,0.8573064095312455,exc_eb,exceedance,0.001,0.0,0.999
two_action,2,2,0.9,0.09999999999999998,0.04999999999999999,253,0.8573064095312455,exc_bet,exceedance,0.122,0.0,0.878
two_action,2,2,0.9,0.09999999999999998,0.04999999999999999,253,0.8573064095312455,counts_exact,counts,0.466,0.0,0.534
two_action,2,2,0.9,0.09999999999999998,0.04999999999999999,253,0.8573064095312455,norm_bet,counts,0.0985,0.0,0.9015
two_action,2,2,0.9,0.09999999999999998,0.04999999999999999,338,1.1453342546306757,cdf_eb,cdf,0.0005,0.0,0.9995
two_action,2,2,0.9,0.09999999999999998,0.04999999999999999,338,1.1453342546306757,cdf_bet,cdf,0.0025,0.0,0.9975
two_action,2,2,0.9,0.09999999999999998,0.04999999999999999,338,1.1453342546306757,cdf_exact,cdf,0.1445,0.001,0.8545
two_action,2,2,0.9,0.09999999999999998,0.04999999999999999,338,1.1453342546306757,exc_eb,exceedance,0.0095,0.0,0.9905
two_action,2,2,0.9,0.09999999999999998,0.04999999999999999,338,1.1453342546306757,exc_bet,exceedance,0.261,0.0,0.739
two_action,2,2,0.9,0.09999999999999998,0.04999999999999999,338,1.1453342546306757,counts_exact,counts,0.6245,0.0,0.3755
two_action,2,2,0.9,0.09999999999999998,0.04999999999999999,338,1.1453342546306757,norm_bet,counts,0.2615,0.0,0.7385
two_action,2,2,0.9,0.09999999999999998,0.04999999999999999,451,1.528241860468742,cdf_eb,cdf,0.001,0.0,0.999
two_action,2,2,0.9,0.09999999999999998,0.04999999999999999,451,1.528241860468742,cdf_bet,cdf,0.007,0.0,0.993
two_action,2,2,0.9,0.09999999999999998,0.04999999999999999,451,1.528241860468742,cdf_exact,cdf,0.171,0.0005,0.8285
two_action,2,2,0.9,0.09999999999999998,0.04999999999999999,451,1.528241860468742,exc_eb,exceedance,0.036,0.0,0.964
two_action,2,2,0.9,0.09999999999999998,0.04999999999999999,451,1.528241860468742,exc_bet,exceedance,0.4155,0.0,0.5845
two_action,2,2,0.9,0.09999999999999998,0.04999999999999999,451,1.528241860468742,counts_exact,counts,0.7575,0.0,0.2425
two_action,2,2,0.9,0.09999999999999998,0.04999999999999999,451,1.528241860468742,norm_bet,counts,0.42,0.0,0.58
two_action,2,2,0.9,0.09999999999999998,0.04999999999999999,602,2.0399148558806712,cdf_eb,cdf,0.004,0.0,0.996
two_action,2,2,0.9,0.09999999999999998,0.04999999999999999,602,2.0399148558806712,cdf_bet,cdf,0.012,0.0,0.988
two_action,2,2,0.9,0.09999999999999998,0.04999999999999999,602,2.0399148558806712,cdf_exact,cdf,0.206,0.0,0.794
two_action,2,2,0.9,0.09999999999999998,0.04999999999999999,602,2.0399148558806712,exc_eb,exceedance,0.112,0.0,0.888
two_action,2,2,0.9,0.09999999999999998,0.04999999999999999,602,2.0399148558806712,exc_bet,exceedance,0.6535,0.0,0.3465
two_action,2,2,0.9,0.09999999999999998,0.04999999999999999,602,2.0399148558806712,counts_exact,counts,0.897,0.0,0.103
two_action,2,2,0.9,0.09999999999999998,0.04999999999999999,602,2.0399148558806712,norm_bet,counts,0.6455,0.0,0.3545
two_action,2,2,0.9,0.09999999999999998,0.04999999999999999,804,2.7244045583522585,cdf_eb,cdf,0.0135,0.0,0.9865
two_action,2,2,0.9,0.09999999999999998,0.04999999999999999,804,2.7244045583522585,cdf_bet,cdf,0.0215,0.0,0.9785
two_action,2,2,0.9,0.09999999999999998,0.04999999999999999,804,2.7244045583522585,cdf_exact,cdf,0.3005,0.0005,0.699
two_action,2,2,0.9,0.09999999999999998,0.04999999999999999,804,2.7244045583522585,exc_eb,exceedance,0.296,0.0,0.704
two_action,2,2,0.9,0.09999999999999998,0.04999999999999999,804,2.7244045583522585,exc_bet,exceedance,0.7845,0.0,0.2155
two_action,2,2,0.9,0.09999999999999998,0.04999999999999999,804,2.7244045583522585,counts_exact,counts,0.963,0.0,0.037
two_action,2,2,0.9,0.09999999999999998,0.04999999999999999,804,2.7244045583522585,norm_bet,counts,0.777,0.0,0.223
two_action,2,2,0.9,0.09999999999999998,0.04999999999999999,1073,3.635927974019867,cdf_eb,cdf,0.0195,0.0,0.9805
two_action,2,2,0.9,0.09999999999999998,0.04999999999999999,1073,3.635927974019867,cdf_bet,cdf,0.0315,0.0,0.9685
two_action,2,2,0.9,0.09999999999999998,0.04999999999999999,1073,3.635927974019867,cdf_exact,cdf,0.3635,0.0,0.6365
two_action,2,2,0.9,0.09999999999999998,0.04999999999999999,1073,3.635927974019867,exc_eb,exceedance,0.5635,0.0,0.4365
two_action,2,2,0.9,0.09999999999999998,0.04999999999999999,1073,3.635927974019867,exc_bet,exceedance,0.894,0.0,0.106
two_action,2,2,0.9,0.09999999999999998,0.04999999999999999,1073,3.635927974019867,counts_exact,counts,0.994,0.0,0.006
two_action,2,2,0.9,0.09999999999999998,0.04999999999999999,1073,3.635927974019867,norm_bet,counts,0.9065,0.0,0.0935
two_action,2,2,0.9,0.09999999999999998,0.04999999999999999,1433,4.855810612088042,cdf_eb,cdf,0.0695,0.0,0.9305
two_action,2,2,0.9,0.09999999999999998,0.04999999999999999,1433,4.855810612088042,cdf_bet,cdf,0.077,0.0,0.923
two_action,2,2,0.9,0.09999999999999998,0.04999999999999999,1433,4.855810612088042,cdf_exact,cdf,0.4765,0.0,0.5235
two_action,2,2,0.9,0.09999999999999998,0.04999999999999999,1433,4.855810612088042,exc_eb,exceedance,0.8645,0.0,0.1355
two_action,2,2,0.9,0.09999999999999998,0.04999999999999999,1433,4.855810612088042,exc_bet,exceedance,0.964,0.0,0.036
two_action,2,2,0.9,0.09999999999999998,0.04999999999999999,1433,4.855810612088042,counts_exact,counts,0.9995,0.0,0.0005
two_action,2,2,0.9,0.09999999999999998,0.04999999999999999,1433,4.855810612088042,norm_bet,counts,0.97,0.0,0.03
two_action,2,2,0.9,0.09999999999999998,0.04999999999999999,1913,6.482320796178943,cdf_eb,cdf,0.105,0.0,0.895
two_action,2,2,0.9,0.09999999999999998,0.04999999999999999,1913,6.482320796178943,cdf_bet,cdf,0.0975,0.0,0.9025
two_action,2,2,0.9,0.09999999999999998,0.04999999999999999,1913,6.482320796178943,cdf_exact,cdf,0.566,0.0,0.434
two_action,2,2,0.9,0.09999999999999998,0.04999999999999999,1913,6.482320796178943,exc_eb,exceedance,0.9805,0.0,0.0195
two_action,2,2,0.9,0.09999999999999998,0.04999999999999999,1913,6.482320796178943,exc_bet,exceedance,0.9945,0.0,0.0055
two_action,2,2,0.9,0.09999999999999998,0.04999999999999999,1913,6.482320796178943,counts_exact,counts,1.0,0.0,0.0
two_action,2,2,0.9,0.09999999999999998,0.04999999999999999,1913,6.482320796178943,norm_bet,counts,0.9955,0.0,0.0045
two_action,2,2,0.9,0.09999999999999998,0.04999999999999999,2554,8.654389604517,cdf_eb,cdf,0.195,0.0,0.805
two_action,2,2,0.9,0.09999999999999998,0.04999999999999999,2554,8.654389604517,cdf_bet,cdf,0.1745,0.0,0.8255
two_action,2,2,0.9,0.09999999999999998,0.04999999999999999,2554,8.654389604517,cdf_exact,cdf,0.6995,0.0,0.3005
two_action,2,2,0.9,0.09999999999999998,0.04999999999999999,2554,8.654389604517,exc_eb,exceedance,0.9995,0.0,0.0005
two_action,2,2,0.9,0.09999999999999998,0.04999999999999999,2554,8.654389604517,exc_bet,exceedance,0.9995,0.0,0.0005
two_action,2,2,0.9,0.09999999999999998,0.04999999999999999,2554,8.654389604517,counts_exact,counts,1.0,0.0,0.0
two_action,2,2,0.9,0.09999999999999998,0.04999999999999999,2554,8.654389604517,norm_bet,counts,0.9995,0.0,0.0005
two_action,2,2,0.9,0.09999999999999998,0.04999999999999999,3410,11.554999432812439,cdf_eb,cdf,0.3485,0.0,0.6515
two_action,2,2,0.9,0.09999999999999998,0.04999999999999999,3410,11.554999432812439,cdf_bet,cdf,0.301,0.0,0.699
two_action,2,2,0.9,0.09999999999999998,0.04999999999999999,3410,11.554999432812439,cdf_exact,cdf,0.8355,0.0,0.1645
two_action,2,2,0.9,0.09999999999999998,0.04999999999999999,3410,11.554999432812439,exc_eb,exceedance,1.0,0.0,0.0
two_action,2,2,0.9,0.09999999999999998,0.04999999999999999,3410,11.554999432812439,exc_bet,exceedance,1.0,0.0,0.0
two_action,2,2,0.9,0.09999999999999998,0.04999999999999999,3410,11.554999432812439,counts_exact,counts,1.0,0.0,0.0
two_action,2,2,0.9,0.09999999999999998,0.04999999999999999,3410,11.554999432812439,norm_bet,counts,1.0,0.0,0.0
two_action,2,2,0.9,0.09999999999999998,0.04999999999999999,4553,15.428126808678895,cdf_eb,cdf,0.555,0.0,0.445
two_action,2,2,0.9,0.09999999999999998,0.04999999999999999,4553,15.428126808678895,cdf_bet,cdf,0.476,0.0,0.524
two_action,2,2,0.9,0.09999999999999998,0.04999999999999999,4553,15.428126808678895,cdf_exact,cdf,0.9265,0.0,0.0735
two_action,2,2,0.9,0.09999999999999998,0.04999999999999999,4553,15.428126808678895,exc_eb,exceedance,1.0,0.0,0.0
two_action,2,2,0.9,0.09999999999999998,0.04999999999999999,4553,15.428126808678895,exc_bet,exceedance,1.0,0.0,0.0
two_action,2,2,0.9,0.09999999999999998,0.04999999999999999,4553,15.428126808678895,counts_exact,counts,1.0,0.0,0.0
two_action,2,2,0.9,0.09999999999999998,0.04999999999999999,4553,15.428126808678895,norm_bet,counts,1.0,0.0,0.0
two_action,2,2,0.9,0.09999999999999998,0.04999999999999999,6079,20.59907376893455,cdf_eb,cdf,0.771,0.0,0.229
two_action,2,2,0.9,0.09999999999999998,0.04999999999999999,6079,20.59907376893455,cdf_bet,cdf,0.674,0.0,0.326
two_action,2,2,0.9,0.09999999999999998,0.04999999999999999,6079,20.59907376893455,cdf_exact,cdf,0.97,0.0,0.03
two_action,2,2,0.9,0.09999999999999998,0.04999999999999999,6079,20.59907376893455,exc_eb,exceedance,1.0,0.0,0.0
two_action,2,2,0.9,0.09999999999999998,0.04999999999999999,6079,20.59907376893455,exc_bet,exceedance,1.0,0.0,0.0
two_action,2,2,0.9,0.09999999999999998,0.04999999999999999,6079,20.59907376893455,counts_exact,counts,1.0,0.0,0.0
two_action,2,2,0.9,0.09999999999999998,0.04999999999999999,6079,20.59907376893455,norm_bet,counts,1.0,0.0,0.0
two_action,2,2,0.9,0.09999999999999998,0.04999999999999999,8116,27.50157636267031,cdf_eb,cdf,0.907,0.0,0.093
two_action,2,2,0.9,0.09999999999999998,0.04999999999999999,8116,27.50157636267031,cdf_bet,cdf,0.861,0.0,0.139
two_action,2,2,0.9,0.09999999999999998,0.04999999999999999,8116,27.50157636267031,cdf_exact,cdf,0.992,0.0,0.008
two_action,2,2,0.9,0.09999999999999998,0.04999999999999999,8116,27.50157636267031,exc_eb,exceedance,1.0,0.0,0.0
two_action,2,2,0.9,0.09999999999999998,0.04999999999999999,8116,27.50157636267031,exc_bet,exceedance,1.0,0.0,0.0
two_action,2,2,0.9,0.09999999999999998,0.04999999999999999,8116,27.50157636267031,counts_exact,counts,1.0,0.0,0.0
two_action,2,2,0.9,0.09999999999999998,0.04999999999999999,8116,27.50157636267031,norm_bet,counts,1.0,0.0,0.0
two_action,2,2,0.9,0.09999999999999998,0.04999999999999999,10836,36.71846740585208,cdf_eb,cdf,0.9775,0.0,0.0225
two_action,2,2,0.9,0.09999999999999998,0.04999999999999999,10836,36.71846740585208,cdf_bet,cdf,0.957,0.0,0.043
two_action,2,2,0.9,0.09999999999999998,0.04999999999999999,10836,36.71846740585208,cdf_exact,cdf,0.9985,0.0,0.0015
two_action,2,2,0.9,0.09999999999999998,0.04999999999999999,10836,36.71846740585208,exc_eb,exceedance,1.0,0.0,0.0
two_action,2,2,0.9,0.09999999999999998,0.04999999999999999,10836,36.71846740585208,exc_bet,exceedance,1.0,0.0,0.0
two_action,2,2,0.9,0.09999999999999998,0.04999999999999999,10836,36.71846740585208,counts_exact,counts,1.0,0.0,0.0
two_action,2,2,0.9,0.09999999999999998,0.04999999999999999,10836,36.71846740585208,norm_bet,counts,1.0,0.0,0.0
two_action,2,2,0.9,0.09999999999999998,0.04999999999999999,14468,49.02572779880656,cdf_eb,cdf,0.9975,0.0,0.0025
two_action,2,2,0.9,0.09999999999999998,0.04999999999999999,14468,49.02572779880656,cdf_bet,cdf,0.995,0.0,0.005
two_action,2,2,0.9,0.09999999999999998,0.04999999999999999,14468,49.02572779880656,cdf_exact,cdf,1.0,0.0,0.0
two_action,2,2,0.9,0.09999999999999998,0.04999999999999999,14468,49.02572779880656,exc_eb,exceedance,1.0,0.0,0.0
two_action,2,2,0.9,0.09999999999999998,0.04999999999999999,14468,49.02572779880656,exc_bet,exceedance,1.0,0.0,0.0
two_action,2,2,0.9,0.09999999999999998,0.04999999999999999,14468,49.02572779880656,counts_exact,counts,1.0,0.0,0.0
two_action,2,2,0.9,0.09999999999999998,0.04999999999999999,14468,49.02572779880656,norm_bet,counts,1.0,0.0,0.0
two_action,2,2,0.9,0.09999999999999998,0.04999999999999999,19318,65.4602577838917,cdf_eb,cdf,0.9995,0.0,0.0005
two_action,2,2,0.9,0.09999999999999998,0.04999999999999999,19318,65.4602577838917,cdf_bet,cdf,0.9995,0.0,0.0005
two_action,2,2,0.9,0.09999999999999998,0.04999999999999999,19318,65.4602577838917,cdf_exact,cdf,1.0,0.0,0.0
two_action,2,2,0.9,0.09999999999999998,0.04999999999999999,19318,65.4602577838917,exc_eb,exceedance,1.0,0.0,0.0
two_action,2,2,0.9,0.09999999999999998,0.04999999999999999,19318,65.4602577838917,exc_bet,exceedance,1.0,0.0,0.0
two_action,2,2,0.9,0.09999999999999998,0.04999999999999999,19318,65.4602577838917,counts_exact,counts,1.0,0.0,0.0
two_action,2,2,0.9,0.09999999999999998,0.04999999999999999,19318,65.4602577838917,norm_bet,counts,1.0,0.0,0.0
two_action,2,2,0.9,0.09999999999999998,0.04999999999999999,25792,87.39781389181772,cdf_eb,cdf,1.0,0.0,0.0
two_action,2,2,0.9,0.09999999999999998,0.04999999999999999,25792,87.39781389181772,cdf_bet,cdf,1.0,0.0,0.0
two_action,2,2,0.9,0.09999999999999998,0.04999999999999999,25792,87.39781389181772,cdf_exact,cdf,1.0,0.0,0.0
two_action,2,2,0.9,0.09999999999999998,0.04999999999999999,25792,87.39781389181772,exc_eb,exceedance,1.0,0.0,0.0
two_action,2,2,0.9,0.09999999999999998,0.04999999999999999,25792,87.39781389181772,exc_bet,exceedance,1.0,0.0,0.0
two_action,2,2,0.9,0.09999999999999998,0.04999999999999999,25792,87.39781389181772,counts_exact,counts,1.0,0.0,0.0
two_action,2,2,0.9,0.09999999999999998,0.04999999999999999,25792,87.39781389181772,norm_bet,counts,1.0,0.0,0.0
two_action,2,2,0.9,0.09999999999999998,0.04999999999999999,34437,116.69194001987154,cdf_eb,cdf,1.0,0.0,0.0
two_action,2,2,0.9,0.09999999999999998,0.04999999999999999,34437,116.69194001987154,cdf_bet,cdf,1.0,0.0,0.0
two_action,2,2,0.9,0.09999999999999998,0.04999999999999999,34437,116.69194001987154,cdf_exact,cdf,1.0,0.0,0.0
two_action,2,2,0.9,0.09999999999999998,0.04999999999999999,34437,116.69194001987154,exc_eb,exceedance,1.0,0.0,0.0
two_action,2,2,0.9,0.09999999999999998,0.04999999999999999,34437,116.69194001987154,exc_bet,exceedance,1.0,0.0,0.0
two_action,2,2,0.9,0.09999999999999998,0.04999999999999999,34437,116.69194001987154,counts_exact,counts,1.0,0.0,0.0
two_action,2,2,0.9,0.09999999999999998,0.04999999999999999,34437,116.69194001987154,norm_bet,counts,1.0,0.0,0.0
two_action,2,2,0.9,0.09999999999999998,0.04999999999999999,45978,155.79934425860714,cdf_eb,cdf,1.0,0.0,0.0
two_action,2,2,0.9,0.09999999999999998,0.04999999999999999,45978,155.79934425860714,cdf_bet,cdf,1.0,0.0,0.0
two_action,2,2,0.9,0.09999999999999998,0.04999999999999999,45978,155.79934425860714,cdf_exact,cdf,1.0,0.0,0.0
two_action,2,2,0.9,0.09999999999999998,0.04999999999999999,45978,155.79934425860714,exc_eb,exceedance,1.0,0.0,0.0
two_action,2,2,0.9,0.09999999999999998,0.04999999999999999,45978,155.79934425860714,exc_bet,exceedance,1.0,0.0,0.0
two_action,2,2,0.9,0.09999999999999998,0.04999999999999999,45978,155.79934425860714,counts_exact,counts,1.0,0.0,0.0
two_action,2,2,0.9,0.09999999999999998,0.04999999999999999,45978,155.79934425860714,norm_bet,counts,1.0,0.0,0.0
two_action,2,2,0.9,0.09999999999999998,0.04999999999999999,61388,208.01709829369207,cdf_eb,cdf,1.0,0.0,0.0
two_action,2,2,0.9,0.09999999999999998,0.04999999999999999,61388,208.01709829369207,cdf_bet,cdf,1.0,0.0,0.0
two_action,2,2,0.9,0.09999999999999998,0.04999999999999999,61388,208.01709829369207,cdf_exact,cdf,1.0,0.0,0.0
two_action,2,2,0.9,0.09999999999999998,0.04999999999999999,61388,208.01709829369207,exc_eb,exceedance,1.0,0.0,0.0
two_action,2,2,0.9,0.09999999999999998,0.04999999999999999,61388,208.01709829369207,exc_bet,exceedance,1.0,0.0,0.0
two_action,2,2,0.9,0.09999999999999998,0.04999999999999999,61388,208.01709829369207,counts_exact,counts,1.0,0.0,0.0
two_action,2,2,0.9,0.09999999999999998,0.04999999999999999,61388,208.01709829369207,norm_bet,counts,1.0,0.0,0.0
two_action,2,2,0.9,0.09999999999999998,0.04999999999999999,81963,277.7367796221718,cdf_eb,cdf,1.0,0.0,0.0
two_action,2,2,0.9,0.09999999999999998,0.04999999999999999,81963,277.7367796221718,cdf_bet,cdf,1.0,0.0,0.0
two_action,2,2,0.9,0.09999999999999998,0.04999999999999999,81963,277.7367796221718,cdf_exact,cdf,1.0,0.0,0.0
two_action,2,2,0.9,0.09999999999999998,0.04999999999999999,81963,277.7367796221718,exc_eb,exceedance,1.0,0.0,0.0
two_action,2,2,0.9,0.09999999999999998,0.04999999999999999,81963,277.7367796221718,exc_bet,exceedance,1.0,0.0,0.0
two_action,2,2,0.9,0.09999999999999998,0.04999999999999999,81963,277.7367796221718,counts_exact,counts,1.0,0.0,0.0
two_action,2,2,0.9,0.09999999999999998,0.04999999999999999,81963,277.7367796221718,norm_bet,counts,1.0,0.0,0.0
two_action,2,2,0.9,0.09999999999999998,0.04999999999999999,109434,370.82399059542416,cdf_eb,cdf,1.0,0.0,0.0
two_action,2,2,0.9,0.09999999999999998,0.04999999999999999,109434,370.82399059542416,cdf_bet,cdf,1.0,0.0,0.0
two_action,2,2,0.9,0.09999999999999998,0.04999999999999999,109434,370.82399059542416,cdf_exact,cdf,1.0,0.0,0.0
two_action,2,2,0.9,0.09999999999999998,0.04999999999999999,109434,370.82399059542416,exc_eb,exceedance,1.0,0.0,0.0
two_action,2,2,0.9,0.09999999999999998,0.04999999999999999,109434,370.82399059542416,exc_bet,exceedance,1.0,0.0,0.0
two_action,2,2,0.9,0.09999999999999998,0.04999999999999999,109434,370.82399059542416,counts_exact,counts,1.0,0.0,0.0
two_action,2,2,0.9,0.09999999999999998,0.04999999999999999,109434,370.82399059542416,norm_bet,counts,1.0,0.0,0.0
two_action,2,2,0.9,0.09999999999999998,0.04999999999999999,146112,495.1097000372701,cdf_eb,cdf,1.0,0.0,0.0
two_action,2,2,0.9,0.09999999999999998,0.04999999999999999,146112,495.1097000372701,cdf_bet,cdf,1.0,0.0,0.0
two_action,2,2,0.9,0.09999999999999998,0.04999999999999999,146112,495.1097000372701,cdf_exact,cdf,1.0,0.0,0.0
two_action,2,2,0.9,0.09999999999999998,0.04999999999999999,146112,495.1097000372701,exc_eb,exceedance,1.0,0.0,0.0
two_action,2,2,0.9,0.09999999999999998,0.04999999999999999,146112,495.1097000372701,exc_bet,exceedance,1.0,0.0,0.0
two_action,2,2,0.9,0.09999999999999998,0.04999999999999999,146112,495.1097000372701,counts_exact,counts,1.0,0.0,0.0
two_action,2,2,0.9,0.09999999999999998,0.04999999999999999,146112,495.1097000372701,norm_bet,counts,1.0,0.0,0.0
two_action,2,2,0.9,0.09999999999999998,0.04999999999999999,195083,661.0510130062607,cdf_eb,cdf,1.0,0.0,0.0
two_action,2,2,0.9,0.09999999999999998,0.04999999999999999,195083,661.0510130062607,cdf_bet,cdf,1.0,0.0,0.0
two_action,2,2,0.9,0.09999999999999998,0.04999999999999999,195083,661.0510130062607,cdf_exact,cdf,1.0,0.0,0.0
two_action,2,2,0.9,0.09999999999999998,0.04999999999999999,195083,661.0510130062607,exc_eb,exceedance,1.0,0.0,0.0
two_action,2,2,0.9,0.09999999999999998,0.04999999999999999,195083,661.0510130062607,exc_bet,exceedance,1.0,0.0,0.0
two_action,2,2,0.9,0.09999999999999998,0.04999999999999999,195083,661.0510130062607,counts_exact,counts,1.0,0.0,0.0
two_action,2,2,0.9,0.09999999999999998,0.04999999999999999,195083,661.0510130062607,norm_bet,counts,1.0,0.0,0.0
two_action,2,2,0.9,0.09999999999999998,0.04999999999999999,260467,882.6088085825096,cdf_eb,cdf,1.0,0.0,0.0
two_action,2,2,0.9,0.09999999999999998,0.04999999999999999,260467,882.6088085825096,cdf_bet,cdf,1.0,0.0,0.0
two_action,2,2,0.9,0.09999999999999998,0.04999999999999999,260467,882.6088085825096,cdf_exact,cdf,1.0,0.0,0.0
two_action,2,2,0.9,0.09999999999999998,0.04999999999999999,260467,882.6088085825096,exc_eb,exceedance,1.0,0.0,0.0
two_action,2,2,0.9,0.09999999999999998,0.04999999999999999,260467,882.6088085825096,exc_bet,exceedance,1.0,0.0,0.0
two_action,2,2,0.9,0.09999999999999998,0.04999999999999999,260467,882.6088085825096,counts_exact,counts,1.0,0.0,0.0
two_action,2,2,0.9,0.09999999999999998,0.04999999999999999,260467,882.6088085825096,norm_bet,counts,1.0,0.0,0.0
two_action,2,2,0.9,0.09999999999999998,0.04999999999999999,347766,1178.4269597511586,cdf_eb,cdf,1.0,0.0,0.0
two_action,2,2,0.9,0.09999999999999998,0.04999999999999999,347766,1178.4269597511586,cdf_bet,cdf,1.0,0.0,0.0
two_action,2,2,0.9,0.09999999999999998,0.04999999999999999,347766,1178.4269597511586,cdf_exact,cdf,1.0,0.0,0.0
two_action,2,2,0.9,0.09999999999999998,0.04999999999999999,347766,1178.4269597511586,exc_eb,exceedance,1.0,0.0,0.0
two_action,2,2,0.9,0.09999999999999998,0.04999999999999999,347766,1178.4269597511586,exc_bet,exceedance,1.0,0.0,0.0
two_action,2,2,0.9,0.09999999999999998,0.04999999999999999,347766,1178.4269597511586,counts_exact,counts,1.0,0.0,0.0
two_action,2,2,0.9,0.09999999999999998,0.04999999999999999,347766,1178.4269597511586,norm_bet,counts,1.0,0.0,0.0
two_action,2,2,0.9,0.09999999999999998,0.04999999999999999,464323,1573.387683765915,cdf_eb,cdf,1.0,0.0,0.0
two_action,2,2,0.9,0.09999999999999998,0.04999999999999999,464323,1573.387683765915,cdf_bet,cdf,1.0,0.0,0.0
two_action,2,2,0.9,0.09999999999999998,0.04999999999999999,464323,1573.387683765915,cdf_exact,cdf,1.0,0.0,0.0
two_action,2,2,0.9,0.09999999999999998,0.04999999999999999,464323,1573.387683765915,exc_eb,exceedance,1.0,0.0,0.0
two_action,2,2,0.9,0.09999999999999998,0.04999999999999999,464323,1573.387683765915,exc_bet,exceedance,1.0,0.0,0.0
two_action,2,2,0.9,0.09999999999999998,0.04999999999999999,464323,1573.387683765915,counts_exact,counts,1.0,0.0,0.0
two_action,2,2,0.9,0.09999999999999998,0.04999999999999999,464323,1573.387683765915,norm_bet,counts,1.0,0.0,0.0
two_action,2,2,0.9,0.09999999999999998,0.04999999999999999,619946,2100.7260053883697,cdf_eb,cdf,1.0,0.0,0.0
two_action,2,2,0.9,0.09999999999999998,0.04999999999999999,619946,2100.7260053883697,cdf_bet,cdf,1.0,0.0,0.0
two_action,2,2,0.9,0.09999999999999998,0.04999999999999999,619946,2100.7260053883697,cdf_exact,cdf,1.0,0.0,0.0
two_action,2,2,0.9,0.09999999999999998,0.04999999999999999,619946,2100.7260053883697,exc_eb,exceedance,1.0,0.0,0.0
two_action,2,2,0.9,0.09999999999999998,0.04999999999999999,619946,2100.7260053883697,exc_bet,exceedance,1.0,0.0,0.0
two_action,2,2,0.9,0.09999999999999998,0.04999999999999999,619946,2100.7260053883697,counts_exact,counts,1.0,0.0,0.0
two_action,2,2,0.9,0.09999999999999998,0.04999999999999999,619946,2100.7260053883697,norm_bet,counts,1.0,0.0,0.0
two_action,2,2,0.9,0.09999999999999998,0.04999999999999999,827728,2804.808378452485,cdf_eb,cdf,1.0,0.0,0.0
two_action,2,2,0.9,0.09999999999999998,0.04999999999999999,827728,2804.808378452485,cdf_bet,cdf,1.0,0.0,0.0
two_action,2,2,0.9,0.09999999999999998,0.04999999999999999,827728,2804.808378452485,cdf_exact,cdf,1.0,0.0,0.0
two_action,2,2,0.9,0.09999999999999998,0.04999999999999999,827728,2804.808378452485,exc_eb,exceedance,1.0,0.0,0.0
two_action,2,2,0.9,0.09999999999999998,0.04999999999999999,827728,2804.808378452485,exc_bet,exceedance,1.0,0.0,0.0
two_action,2,2,0.9,0.09999999999999998,0.04999999999999999,827728,2804.808378452485,counts_exact,counts,1.0,0.0,0.0
two_action,2,2,0.9,0.09999999999999998,0.04999999999999999,827728,2804.808378452485,norm_bet,counts,1.0,0.0,0.0
two_action,2,2,0.9,0.09999999999999998,0.04999999999999999,1105149,3744.8668821622387,cdf_eb,cdf,1.0,0.0,0.0
two_action,2,2,0.9,0.09999999999999998,0.04999999999999999,1105149,3744.8668821622387,cdf_bet,cdf,1.0,0.0,0.0
two_action,2,2,0.9,0.09999999999999998,0.04999999999999999,1105149,3744.8668821622387,cdf_exact,cdf,1.0,0.0,0.0
two_action,2,2,0.9,0.09999999999999998,0.04999999999999999,1105149,3744.8668821622387,exc_eb,exceedance,1.0,0.0,0.0
two_action,2,2,0.9,0.09999999999999998,0.04999999999999999,1105149,3744.8668821622387,exc_bet,exceedance,1.0,0.0,0.0
two_action,2,2,0.9,0.09999999999999998,0.04999999999999999,1105149,3744.8668821622387,counts_exact,counts,1.0,0.0,0.0
two_action,2,2,0.9,0.09999999999999998,0.04999999999999999,1105149,3744.8668821622387,norm_bet,counts,1.0,0.0,0.0
two_action,2,2,0.9,0.09999999999999998,0.04999999999999999,1475552,5000.000739907701,cdf_eb,cdf,1.0,0.0,0.0
two_action,2,2,0.9,0.09999999999999998,0.04999999999999999,1475552,5000.000739907701,cdf_bet,cdf,1.0,0.0,0.0
two_action,2,2,0.9,0.09999999999999998,0.04999999999999999,1475552,5000.000739907701,cdf_exact,cdf,1.0,0.0,0.0
two_action,2,2,0.9,0.09999999999999998,0.04999999999999999,1475552,5000.000739907701,exc_eb,exceedance,1.0,0.0,0.0
two_action,2,2,0.9,0.09999999999999998,0.04999999999999999,1475552,5000.000739907701,exc_bet,exceedance,1.0,0.0,0.0
two_action,2,2,0.9,0.09999999999999998,0.04999999999999999,1475552,5000.000739907701,counts_exact,counts,1.0,0.0,0.0
two_action,2,2,0.9,0.09999999999999998,0.04999999999999999,1475552,5000.000739907701,norm_bet,counts,1.0,0.0,0.0
vary_K,32,2,0.9,0.09999999999999998,0.04999999999999999,94,0.019907806940695917,cdf_eb,cdf,0.0,0.0,1.0
vary_K,32,2,0.9,0.09999999999999998,0.04999999999999999,94,0.019907806940695917,cdf_bet,cdf,0.0,0.0,1.0
vary_K,32,2,0.9,0.09999999999999998,0.04999999999999999,94,0.019907806940695917,cdf_exact,cdf,0.023,0.013,0.964
vary_K,32,2,0.9,0.09999999999999998,0.04999999999999999,94,0.019907806940695917,exc_eb,exceedance,0.0,0.0,1.0
vary_K,32,2,0.9,0.09999999999999998,0.04999999999999999,94,0.019907806940695917,exc_bet,exceedance,0.0,0.0,1.0
vary_K,32,2,0.9,0.09999999999999998,0.04999999999999999,94,0.019907806940695917,counts_exact,counts,0.0,0.0,1.0
vary_K,32,2,0.9,0.09999999999999998,0.04999999999999999,94,0.019907806940695917,norm_bet,counts,0.0,0.0,1.0
vary_K,32,2,0.9,0.09999999999999998,0.04999999999999999,126,0.026684932707741336,cdf_eb,cdf,0.0,0.0,1.0
vary_K,32,2,0.9,0.09999999999999998,0.04999999999999999,126,0.026684932707741336,cdf_bet,cdf,0.0,0.0,1.0
vary_K,32,2,0.9,0.09999999999999998,0.04999999999999999,126,0.026684932707741336,cdf_exact,cdf,0.012,0.0035,0.9845
vary_K,32,2,0.9,0.09999999999999998,0.04999999999999999,126,0.026684932707741336,exc_eb,exceedance,0.0,0.0,1.0
vary_K,32,2,0.9,0.09999999999999998,0.04999999999999999,126,0.026684932707741336,exc_bet,exceedance,0.0,0.0,1.0
vary_K,32,2,0.9,0.09999999999999998,0.04999999999999999,126,0.026684932707741336,counts_exact,counts,0.0,0.0,1.0
vary_K,32,2,0.9,0.09999999999999998,0.04999999999999999,126,0.026684932707741336,norm_bet,counts,0.0,0.0,1.0
vary_K,32,2,0.9,0.09999999999999998,0.04999999999999999,168,0.035579910276988445,cdf_eb,cdf,0.0,0.0,1.0
vary_K,32,2,0.9,0.09999999999999998,0.04999999999999999,168,0.035579910276988445,cdf_bet,cdf,0.0,0.0,1.0
vary_K,32,2,0.9,0.09999999999999998,0.04999999999999999,168,0.035579910276988445,cdf_exact,cdf,0.0265,0.016,0.9575
vary_K,32,2,0.9,0.09999999999999998,0.04999999999999999,168,0.035579910276988445,exc_eb,exceedance,0.0,0.0,1.0
vary_K,32,2,0.9,0.09999999999999998,0.04999999999999999,168,0.035579910276988445,exc_bet,exceedance,0.0,0.0,1.0
vary_K,32,2,0.9,0.09999999999999998,0.04999999999999999,168,0.035579910276988445,counts_exact,counts,0.0,0.0,1.0
vary_K,32,2,0.9,0.09999999999999998,0.04999999999999999,168,0.035579910276988445,norm_bet,counts,0.0,0.0,1.0
vary_K,32,2,0.9,0.09999999999999998,0.04999999999999999,225,0.0476516655495381,cdf_eb,cdf,0.0,0.0,1.0
vary_K,32,2,0.9,0.09999999999999998,0.04999999999999999,225,0.0476516655495381,cdf_bet,cdf,0.0,0.0,1.0
vary_K,32,2,0.9,0.09999999999999998,0.04999999999999999,225,0.0476516655495381,cdf_exact,cdf,0.0205,0.007,0.9725
vary_K,32,2,0.9,0.09999999999999998,0.04999999999999999,225,0.0476516655495381,exc_eb,exceedance,0.0,0.0,1.0
vary_K,32,2,0.9,0.09999999999999998,0.04999999999999999,225,0.0476516655495381,exc_bet,exceedance,0.0,0.0,1.0
vary_K,32,2,0.9,0.09999999999999998,0.04999999999999999,225,0.0476516655495381,counts_exact,counts,0.0,0.0,1.0
vary_K,32,2,0.9,0.09999999999999998,0.04999999999999999,225,0.0476516655495381,norm_bet,counts,0.0,0.0,1.0
vary_K,32,2,0.9,0.09999999999999998,0.04999999999999999,300,0.0635355540660508,cdf_eb,cdf,0.0,0.0,1.0
vary_K,32,2,0.9,0.09999999999999998,0.04999999999999999,300,0.0635355540660508,cdf_bet,cdf,0.0,0.0,1.0
vary_K,32,2,0.9,0.09999999999999998,0.04999999999999999,300,0.0635355540660508,cdf_exact,cdf,0.035,0.017,0.948
vary_K,32,2,0.9,0.09999999999999998,0.04999999999999999,300,0.0635355540660508,exc_eb,exceedance,0.0,0.0,1.0
vary_K,32,2,0.9,0.09999999999999998,0.04999999999999999,300,0.0635355540660508,exc_bet,exceedance,0.0,0.0,1.0
vary_K,32,2,0.9,0.09999999999999998,0.04999999999999999,300,0.0635355540660508,counts_exact,counts,0.0,0.0,1.0
vary_K,32,2,0.9,0.09999999999999998,0.04999999999999999,300,0.0635355540660508,norm_bet,counts,0.0,0.0,1.0
vary_K,32,2,0.9,0.09999999999999998,0.04999999999999999,401,0.0849258572682879,cdf_eb,cdf,0.0,0.0,1.0
vary_K,32,2,0.9,0.09999999999999998,0.04999999999999999,401,0.0849258572682879,cdf_bet,cdf,0.0,0.0,1.0
vary_K,32,2,0.9,0.09999999999999998,0.04999999999999999,401,0.0849258572682879,cdf_exact,cdf,0.0345,0.012,0.9535
vary_K,32,2,0.9,0.09999999999999998,0.04999999999999999,401,0.0849258572682879,exc_eb,exceedance,0.0,0.0,1.0
vary_K,32,2,0.9,0.09999999999999998,0.04999999999999999,401,0.0849258572682879,exc_bet,exceedance,0.0,0.0,1.0
vary_K,32,2,0.9,0.09999999999999998,0.04999999999999999,401,0.0849258572682879,counts_exact,counts,0.0,0.0,1.0
vary_K,32,2,0.9,0.09999999999999998,0.04999999999999999,401,0.0849258572682879,norm_bet,counts,0.0,0.0,1.0
vary_K,32,2,0.9,0.09999999999999998,0.04999999999999999,535,0.1133050714177906,cdf_eb,cdf,0.0,0.0,1.0
vary_K,32,2,0.9,0.09999999999999998,0.04999999999999999,535,0.1133050714177906,cdf_bet,cdf,0.0,0.0,1.0
vary_K,32,2,0.9,0.09999999999999998,0.04999999999999999,535,0.1133050714177906,cdf_exact,cdf,0.031,0.012,0.957
vary_K,32,2,0.9,0.09999999999999998,0.04999999999999999,535,0.1133050714177906,exc_eb,exceedance,0.0,0.0,1.0
vary_K,32,2,0.9,0.09999999999999998,0.04999999999999999,535,0.1133050714177906,exc_bet,exceedance,0.0,0.0,1.0
vary_K,32,2,0.9,0.09999999999999998,0.04999999999999999,535,0.1133050714177906,counts_exact,counts,0.0,0.0,1.0
vary_K,32,2,0.9,0.09999999999999998,0.04999999999999999,535,0.1133050714177906,norm_bet,counts,0.0,0.0,1.0
vary_K,32,2,0.9,0.09999999999999998,0.04999999999999999,714,0.1512146186772009,cdf_eb,cdf,0.0,0.0,1.0
vary_K,32,2,0.9,0.09999999999999998,0.04999999999999999,714,0.1512146186772009,cdf_bet,cdf,0.0,0.0,1.0
vary_K,32,2,0.9,0.09999999999999998,0.04999999999999999,714,0.1512146186772009,cdf_exact,cdf,0.0325,0.007,0.9605
vary_K,32,2,0.9,0.09999999999999998,0.04999999999999999,714,0.1512146186772009,exc_eb,exceedance,0.0,0.0,1.0
vary_K,32,2,0.9,0.09999999999999998,0.04999999999999999,714,0.1512146186772009,exc_bet,exceedance,0.0,0.0,1.0
vary_K,32,2,0.9,0.09999999999999998,0.04999999999999999,714,0.1512146186772009,counts_exact,counts,0.0005,0.0,0.9995
vary_K,32,2,0.9,0.09999999999999998,0.04999999999999999,714,0.1512146186772009,norm_bet,counts,0.0,0.0,1.0
vary_K,32,2,0.9,0.09999999999999998,0.04999999999999999,954,0.20204306193004154,cdf_eb,cdf,0.0,0.0,1.0
vary_K,32,2,0.9,0.09999999999999998,0.04999999999999999,954,0.20204306193004154,cdf_bet,cdf,0.0005,0.0,0.9995
vary_K,32,2,0.9,0.09999999999999998,0.04999999999999999,954,0.20204306193004154,cdf_exact,cdf,0.0485,0.007,0.9445
vary_K,32,2,0.9,0.09999999999999998,0.04999999999999999,954,0.20204306193004154,exc_eb,exceedance,0.0,0.0,1.0
vary_K,32,2,0.9,0.09999999999999998,0.04999999999999999,954,0.20204306193004154,exc_bet,exceedance,0.0,0.0,1.0
vary_K,32,2,0.9,0.09999999999999998,0.04999999999999999,954,0.20204306193004154,counts_exact,counts,0.0215,0.0005,0.978
vary_K,32,2,0.9,0.09999999999999998,0.04999999999999999,954,0.20204306193004154,norm_bet,counts,0.0,0.0,1.0
vary_K,32,2,0.9,0.09999999999999998,0.04999999999999999,1273,0.26960253442027554,cdf_eb,cdf,0.0,0.0,1.0
vary_K,32,2,0.9,0.09999999999999998,0.04999999999999999,1273,0.26960253442027554,cdf_bet,cdf,0.0,0.0,1.0
vary_K,32,2,0.9,0.09999999999999998,0.04999999999999999,1273,0.26960253442027554,cdf_exact,cdf,0.05,0.003,0.947
vary_K,32,2,0.9,0.09999999999999998,0.04999999999999999,1273,0.26960253442027554,exc_eb,exceedance,0.0,0.0,1.0
vary_K,32,2,0.9,0.09999999999999998,0.04999999999999999,1273,0.26960253442027554,exc_bet,exceedance,0.0,0.0,1.0
vary_K,32,2,0.9,0.09999999999999998,0.04999999999999999,1273,0.26960253442027554,counts_exact,counts,0.096,0.0025,0.9015
vary_K,32,2,0.9,0.09999999999999998,0.04999999999999999,1273,0.26960253442027554,norm_bet,counts,0.0,0.0,1.0
vary_K,32,2,0.9,0.09999999999999998,0.04999999999999999,1700,0.36003480637428786,cdf_eb,cdf,0.0,0.0,1.0
vary_K,32,2,0.9,0.09999999999999998,0.04999999999999999,1700,0.36003480637428786,cdf_bet,cdf,0.0005,0.0,0.9995
vary_K,32,2,0.9,0.09999999999999998,0.04999999999999999,1700,0.36003480637428786,cdf_exact,cdf,0.0505,0.01,0.9395
vary_K,32,2,0.9,0.09999999999999998,0.04999999999999999,1700,0.36003480637428786,exc_eb,exceedance,0.0,0.0,1.0
vary_K,32,2,0.9,0.09999999999999998,0.04999999999999999,1700,0.36003480637428786,exc_bet,exceedance,0.0,0.0,1.0
vary_K,32,2,0.9,0.09999999999999998,0.04999999999999999,1700,0.36003480637428786,counts_exact,counts,0.14,0.0015,0.8585
vary_K,32,2,0.9,0.09999999999999998,0.04999999999999999,1700,0.36003480637428786,norm_bet,counts,0.0,0.0,1.0
vary_K,32,2,0.9,0.09999999999999998,0.04999999999999999,2270,0.48075235909978437,cdf_eb,cdf,0.0,0.0,1.0
vary_K,32,2,0.9,0.09999999999999998,0.04999999999999999,2270,0.48075235909978437,cdf_bet,cdf,0.0,0.0,1.0
vary_K,32,2,0.9,0.09999999999999998,0.04999999999999999,2270,0.48075235909978437,cdf_exact,cdf,0.046,0.0055,0.9485
vary_K,32,2,0.9,0.09999999999999998,0.04999999999999999,2270,0.48075235909978437,exc_eb,exceedance,0.0,0.0,1.0
vary_K,32,2,0.9,0.09999999999999998,0.04999999999999999,2270,0.48075235909978437,exc_bet,exceedance,0.0,0.0,1.0
vary_K,32,2,0.9,0.09999999999999998,0.04999999999999999,2270,0.48075235909978437,counts_exact,counts,0.2215,0.0015,0.777
vary_K,32,2,0.9,0.09999999999999998,0.04999999999999999,2270,0.48075235909978437,norm_bet,counts,0.004,0.0,0.996
vary_K,32,2,0.9,0.09999999999999998,0.04999999999999999,3031,0.6419208812473333,cdf_eb,cdf,0.0,0.0,1.0
vary_K,32,2,0.9,0.09999999999999998,0.04999999999999999,3031,0.6419208812473333,cdf_bet,cdf,0.001,0.0,0.999
vary_K,32,2,0.9,0.09999999999999998,0.04999999999999999,3031,0.6419208812473333,cdf_exact,cdf,0.0635,0.005,0.9315
vary_K,32,2,0.9,0.09999999999999998,0.04999999999999999,3031,0.6419208812473333,exc_eb,exceedance,0.0,0.0,1.0
vary_K,32,2,0.9,0.09999999999999998,0.04999999999999999,3031,0.6419208812473333,exc_bet,exceedance,0.0535,0.0,0.9465
vary_K,32,2,0.9,0.09999999999999998,0.04999999999999999,3031,0.6419208812473333,counts_exact,counts,0.3275,0.0,0.6725
vary_K,32,2,0.9,0.09999999999999998,0.04999999999999999,3031,0.6419208812473333,norm_bet,counts,0.0335,0.0,0.9665
vary_K,32,2,0.9,0.09999999999999998,0.04999999999999999,4046,0.8568828391708051,cdf_eb,cdf,0.0005,0.0,0.9995
vary_K,32,2,0.9,0.09999999999999998,0.04999999999999999,4046,0.8568828391708051,cdf_bet,cdf,0.001,0.0,0.999
vary_K,32,2,0.9,0.09999999999999998,0.04999999999999999,4046,0.8568828391708051,cdf_exact,cdf,0.0815,0.0035,0.915
vary_K,32,2,0.9,0.09999999999999998,0.04999999999999999,4046,0.8568828391708051,exc_eb,exceedance,0.001,0.0,0.999
vary_K,32,2,0.9,0.09999999999999998,0.04999999999999999,4046,0.8568828391708051,exc_bet,exceedance,0.1325,0.0,0.8675
vary_K,32,2,0.9,0.09999999999999998,0.04999999999999999,4046,0.8568828391708051,counts_exact,counts,0.4555,0.0,0.5445
vary_K,32,2,0.9,0.09999999999999998,0.04999999999999999,4046,0.8568828391708051,norm_bet,counts,0.1365,0.0,0.8635
vary_K,32,2,0.9,0.09999999999999998,0.04999999999999999,5403,1.1442753287295748,cdf_eb,cdf,0.0005,0.0,0.9995
vary_K,32,2,0.9,0.09999999999999998,0.04999999999999999,5403,1.1442753287295748,cdf_bet,cdf,0.001,0.0,0.999
vary_K,32,2,0.9,0.09999999999999998,0.04999999999999999,5403,1.1442753287295748,cdf_exact,cdf,0.1,0.002,0.898
vary_K,32,2,0.9,0.09999999999999998,0.04999999999999999,5403,1.1442753287295748,exc_eb,exceedance,0.009,0.0,0.991
vary_K,32,2,0.9,0.09999999999999998,0.04999999999999999,5403,1.1442753287295748,exc_bet,exceedance,0.2735,0.0,0.7265
vary_K,32,2,0.9,0.09999999999999998,0.04999999999999999,5403,1.1442753287295748,counts_exact,counts,0.6335,0.0,0.3665
vary_K,32,2,0.9,0.09999999999999998,0.04999999999999999,5403,1.1442753287295748,norm_bet,counts,0.283,0.0,0.717
vary_K,32,2,0.9,0.09999999999999998,0.04999999999999999,7213,1.5276065049280814,cdf_eb,cdf,0.001,0.0,0.999
vary_K,32,2,0.9,0.09999999999999998,0.04999999999999999,7213,1.5276065049280814,cdf_bet,cdf,0.001,0.0,0.999
vary_K,32,2,0.9,0.09999999999999998,0.04999999999999999,7213,1.5276065049280814,cdf_exact,cdf,0.1125,0.001,0.8865
vary_K,32,2,0.9,0.09999999999999998,0.04999999999999999,7213,1.5276065049280814,exc_eb,exceedance,0.036,0.0,0.964
vary_K,32,2,0.9,0.09999999999999998,0.04999999999999999,7213,1.5276065049280814,exc_bet,exceedance,0.4455,0.0,0.5545
vary_K,32,2,0.9,0.09999999999999998,0.04999999999999999,7213,1.5276065049280814,counts_exact,counts,0.769,0.0,0.231
vary_K,32,2,0.9,0.09999999999999998,0.04999999999999999,7213,1.5276065049280814,norm_bet,counts,0.47,0.0,0.53
vary_K,32,2,0.9,0.09999999999999998,0.04999999999999999,9631,2.039703070700451,cdf_eb,cdf,0.0035,0.0,0.9965
vary_K,32,2,0.9,0.09999999999999998,0.04999999999999999,9631,2.039703070700451,cdf_bet,cdf,0.004,0.0,0.996
vary_K,32,2,0.9,0.09999999999999998,0.04999999999999999,9631,2.039703070700451,cdf_exact,cdf,0.147,0.0005,0.8525
vary_K,32,2,0.9,0.09999999999999998,0.04999999999999999,9631,2.039703070700451,exc_eb,exceedance,0.1105,0.0,0.8895
vary_K,32,2,0.9,0.09999999999999998,0.04999999999999999,9631,2.039703070700451,exc_bet,exceedance,0.666,0.0,0.334
vary_K,32,2,0.9,0.09999999999999998,0.04999999999999999,9631,2.039703070700451,counts_exact,counts,0.895,0.0,0.105
vary_K,32,2,0.9,0.09999999999999998,0.04999999999999999,9631,2.039703070700451,norm_bet,counts,0.659,0.0,0.341
vary_K,32,2,0.9,0.09999999999999998,0.04999999999999999,12859,2.7233456324511573,cdf_eb,cdf,0.0045,0.0,0.9955
vary_K,32,2,0.9,0.09999999999999998,0.04999999999999999,12859,2.7233456324511573,cdf_bet,cdf,0.0055,0.0,0.9945
vary_K,32,2,0.9,0.09999999999999998,0.04999999999999999,12859,2.7233456324511573,cdf_exact,cdf,0.1705,0.0015,0.828
vary_K,32,2,0.9,0.09999999999999998,0.04999999999999999,12859,2.7233456324511573,exc_eb,exceedance,0.2875,0.0,0.7125
vary_K,32,2,0.9,0.09999999999999998,0.04999999999999999,12859,2.7233456324511573,exc_bet,exceedance,0.7735,0.0,0.2265
vary_K,32,2,0.9,0.09999999999999998,0.04999999999999999,12859,2.7233456324511573,counts_exact,counts,0.9595,0.0,0.0405
vary_K,32,2,0.9,0.09999999999999998,0.04999999999999999,12859,2.7233456324511573,norm_bet,counts,0.792,0.0,0.208
vary_K,32,2,0.9,0.09999999999999998,0.04999999999999999,17169,3.6361397592000873,cdf_eb,cdf,0.0085,0.0,0.9915
vary_K,32,2,0.9,0.09999999999999998,0.04999999999999999,17169,3.6361397592000873,cdf_bet,cdf,0.0085,0.0,0.9915
vary_K,32,2,0.9,0.09999999999999998,0.04999999999999999,17169,3.6361397592000873,cdf_exact,cdf,0.233,0.0,0.767
vary_K,32,2,0.9,0.09999999999999998,0.04999999999999999,17169,3.6361397592000873,exc_eb,exceedance,0.5585,0.0,0.4415
vary_K,32,2,0.9,0.09999999999999998,0.04999999999999999,17169,3.6361397592000873,exc_bet,exceedance,0.8785,0.0,0.1215
vary_K,32,2,0.9,0.09999999999999998,0.04999999999999999,17169,3.6361397592000873,counts_exact,counts,0.9915,0.0,0.0085
vary_K,32,2,0.9,0.09999999999999998,0.04999999999999999,17169,3.6361397592000873,norm_bet,counts,0.9065,0.0,0.0935
vary_K,32,2,0.9,0.09999999999999998,0.04999999999999999,22923,4.854751686186941,cdf_eb,cdf,0.019,0.0,0.981
vary_K,32,2,0.9,0.09999999999999998,0.04999999999999999,22923,4.854751686186941,cdf_bet,cdf,0.015,0.0,0.985
vary_K,32,2,0.9,0.09999999999999998,0.04999999999999999,22923,4.854751686186941,cdf_exact,cdf,0.289,0.0,0.711
vary_K,32,2,0.9,0.09999999999999998,0.04999999999999999,22923,4.854751686186941,exc_eb,exceedance,0.868,0.0,0.132
vary_K,32,2,0.9,0.09999999999999998,0.04999999999999999,22923,4.854751686186941,exc_bet,exceedance,0.9565,0.0,0.0435
vary_K,32,2,0.9,0.09999999999999998,0.04999999999999999,22923,4.854751686186941,counts_exact,counts,0.9985,0.0,0.0015
vary_K,32,2,0.9,0.09999999999999998,0.04999999999999999,22923,4.854751686186941,norm_bet,counts,0.963,0.0,0.037
vary_K,32,2,0.9,0.09999999999999998,0.04999999999999999,30606,6.481897225818503,cdf_eb,cdf,0.04,0.0,0.96
vary_K,32,2,0.9,0.09999999999999998,0.04999999999999999,30606,6.481897225818503,cdf_bet,cdf,0.027,0.0,0.973
vary_K,32,2,0.9,0.09999999999999998,0.04999999999999999,30606,6.481897225818503,cdf_exact,cdf,0.375,0.0,0.625
vary_K,32,2,0.9,0.09999999999999998,0.04999999999999999,30606,6.481897225818503,exc_eb,exceedance,0.98,0.0,0.02
vary_K,32,2,0.9,0.09999999999999998,0.04999999999999999,30606,6.481897225818503,exc_bet,exceedance,0.994,0.0,0.006
vary_K,32,2,0.9,0.09999999999999998,0.04999999999999999,30606,6.481897225818503,counts_exact,counts,1.0,0.0,0.0
vary_K,32,2,0.9,0.09999999999999998,0.04999999999999999,30606,6.481897225818503,norm_bet,counts,0.9955,0.0,0.0045
vary_K,32,2,0.9,0.09999999999999998,0.04999999999999999,40864,8.654389604517,cdf_eb,cdf,0.064,0.0,0.936
vary_K,32,2,0.9,0.09999999999999998,0.04999999999999999,40864,8.654389604517,cdf_bet,cdf,0.048,0.0,0.952
vary_K,32,2,0.9,0.09999999999999998,0.04999999999999999,40864,8.654389604517,cdf_exact,cdf,0.452,0.0,0.548
vary_K,32,2,0.9,0.09999999999999998,0.04999999999999999,40864,8.654389604517,exc_eb,exceedance,0.9995,0.0,0.0005
vary_K,32,2,0.9,0.09999999999999998,0.04999999999999999,40864,8.654389604517,exc_bet,exceedance,1.0,0.0,0.0
vary_K,32,2,0.9,0.09999999999999998,0.04999999999999999,40864,8.654389604517,counts_exact,counts,1.0,0.0,0.0
vary_K,32,2,0.9,0.09999999999999998,0.04999999999999999,40864,8.654389604517,norm_bet,counts,1.0,0.0,0.0
vary_K,32,2,0.9,0.09999999999999998,0.04999999999999999,54560,11.554999432812439,cdf_eb,cdf,0.136,0.0,0.864
vary_K,32,2,0.9,0.09999999999999998,0.04999999999999999,54560,11.554999432812439,cdf_bet,cdf,0.0885,0.0,0.9115
vary_K,32,2,0.9,0.09999999999999998,0.04999999999999999,54560,11.554999432812439,cdf_exact,cdf,0.5965,0.0,0.4035
vary_K,32,2,0.9,0.09999999999999998,0.04999999999999999,54560,11.554999432812439,exc_eb,exceedance,1.0,0.0,0.0
vary_K,32,2,0.9,0.09999999999999998,0.04999999999999999,54560,11.554999432812439,exc_bet,exceedance,1.0,0.0,0.0
vary_K,32,2,0.9,0.09999999999999998,0.04999999999999999,54560,11.554999432812439,counts_exact,counts,1.0,0.0,0.0
vary_K,32,2,0.9,0.09999999999999998,0.04999999999999999,54560,11.554999432812439,norm_bet,counts,1.0,0.0,0.0
vary_K,32,2,0.9,0.09999999999999998,0.04999999999999999,72846,15.427703238318456,cdf_eb,cdf,0.2305,0.0,0.7695
vary_K,32,2,0.9,0.09999999999999998,0.04999999999999999,72846,15.427703238318456,cdf_bet,cdf,0.149,0.0,0.851
vary_K,32,2,0.9,0.09999999999999998,0.04999999999999999,72846,15.427703238318456,cdf_exact,cdf,0.696,0.0,0.304
vary_K,32,2,0.9,0.09999999999999998,0.04999999999999999,72846,15.427703238318456,exc_eb,exceedance,1.0,0.0,0.0
vary_K,32,2,0.9,0.09999999999999998,0.04999999999999999,72846,15.427703238318456,exc_bet,exceedance,1.0,0.0,0.0
vary_K,32,2,0.9,0.09999999999999998,0.04999999999999999,72846,15.427703238318456,counts_exact,counts,1.0,0.0,0.0
vary_K,32,2,0.9,0.09999999999999998,0.04999999999999999,72846,15.427703238318456,norm_bet,counts,1.0,0.0,0.0
vary_K,32,2,0.9,0.09999999999999998,0.04999999999999999,97261,20.59843841339389,cdf_eb,cdf,0.382,0.0,0.618
vary_K,32,2,0.9,0.09999999999999998,0.04999999999999999,97261,20.59843841339389,cdf_bet,cdf,0.266,0.0,0.734
vary_K,32,2,0.9,0.09999999999999998,0.04999999999999999,97261,20.59843841339389,cdf_exact,cdf,0.824,0.0,0.176
vary_K,32,2,0.9,0.09999999999999998,0.04999999999999999,97261,20.59843841339389,exc_eb,exceedance,1.0,0.0,0.0
vary_K,32,2,0.9,0.09999999999999998,0.04999999999999999,97261,20.59843841339389,exc_bet,exceedance,1.0,0.0,0.0
vary_K,32,2,0.9,0.09999999999999998,0.04999999999999999,97261,20.59843841339389,counts_exact,counts,1.0,0.0,0.0
vary_K,32,2,0.9,0.09999999999999998,0.04999999999999999,97261,20.59843841339389,norm_bet,counts,1.0,0.0,0.0
vary_K,32,2,0.9,0.09999999999999998,0.04999999999999999,129859,27.50221171821097,cdf_eb,cdf,0.578,0.0,0.422
vary_K,32,2,0.9,0.09999999999999998,0.04999999999999999,129859,27.50221171821097,cdf_bet,cdf,0.4495,0.0,0.5505
vary_K,32,2,0.9,0.09999999999999998,0.04999999999999999,129859,27.50221171821097,cdf_exact,cdf,0.9225,0.0,0.0775
vary_K,32,2,0.9,0.09999999999999998,0.04999999999999999,129859,27.50221171821097,exc_eb,exceedance,1.0,0.0,0.0
vary_K,32,2,0.9,0.09999999999999998,0.04999999999999999,129859,27.50221171821097,exc_bet,exceedance,1.0,0.0,0.0
vary_K,32,2,0.9,0.09999999999999998,0.04999999999999999,129859,27.50221171821097,counts_exact,counts,1.0,0.0,0.0
vary_K,32,2,0.9,0.09999999999999998,0.04999999999999999,129859,27.50221171821097,norm_bet,counts,1.0,0.0,0.0
vary_K,32,2,0.9,0.09999999999999998,0.04999999999999999,173382,36.7197381169334,cdf_eb,cdf,0.762,0.0,0.238
vary_K,32,2,0.9,0.09999999999999998,0.04999999999999999,173382,36.7197381169334,cdf_bet,cdf,0.6395,0.0,0.3605
vary_K,32,2,0.9,0.09999999999999998,0.04999999999999999,173382,36.7197381169334,cdf_exact,cdf,0.971,0.0,0.029
vary_K,32,2,0.9,0.09999999999999998,0.04999999999999999,173382,36.7197381169334,exc_eb,exceedance,1.0,0.0,0.0
vary_K,32,2,0.9,0.09999999999999998,0.04999999999999999,173382,36.7197381169334,exc_bet,exceedance,1.0,0.0,0.0
vary_K,32,2,0.9,0.09999999999999998,0.04999999999999999,173382,36.7197381169334,counts_exact,counts,1.0,0.0,0.0
vary_K,32,2,0.9,0.09999999999999998,0.04999999999999999,173382,36.7197381169334,norm_bet,counts,1.0,0.0,0.0
vary_K,32,2,0.9,0.09999999999999998,0.04999999999999999,231493,49.02678672470766,cdf_eb,cdf,0.923,0.0,0.077
vary_K,32,2,0.9,0.09999999999999998,0.04999999999999999,231493,49.02678672470766,cdf_bet,cdf,0.847,0.0,0.153
vary_K,32,2,0.9,0.09999999999999998,0.04999999999999999,231493,49.02678672470766,cdf_exact,cdf,0.9945,0.0,0.0055
vary_K,32,2,0.9,0.09999999999999998,0.04999999999999999,231493,49.02678672470766,exc_eb,exceedance,1.0,0.0,0.0
vary_K,32,2,0.9,0.09999999999999998,0.04999999999999999,231493,49.02678672470766,exc_bet,exceedance,1.0,0.0,0.0
vary_K,32,2,0.9,0.09999999999999998,0.04999999999999999,231493,49.02678672470766,counts_exact,counts,1.0,0.0,0.0
vary_K,32,2,0.9,0.09999999999999998,0.04999999999999999,231493,49.02678672470766,norm_bet,counts,1.0,0.0,0.0
vary_K,32,2,0.9,0.09999999999999998,0.04999999999999999,309081,65.45877528763016,cdf_eb,cdf,0.9775,0.0,0.0225
vary_K,32,2,0.9,0.09999999999999998,0.04999999999999999,309081,65.45877528763016,cdf_bet,cdf,0.9475,0.0,0.0525
vary_K,32,2,0.9,0.09999999999999998,0.04999999999999999,309081,65.45877528763016,cdf_exact,cdf,0.999,0.0,0.001
vary_K,32,2,0.9,0.09999999999999998,0.04999999999999999,309081,65.45877528763016,exc_eb,exceedance,1.0,0.0,0.0
vary_K,32,2,0.9,0.09999999999999998,0.04999999999999999,309081,65.45877528763016,exc_bet,exceedance,1.0,0.0,0.0
vary_K,32,2,0.9,0.09999999999999998,0.04999999999999999,309081,65.45877528763016,counts_exact,counts,1.0,0.0,0.0
vary_K,32,2,0.9,0.09999999999999998,0.04999999999999999,309081,65.45877528763016,norm_bet,counts,1.0,0.0,0.0
vary_K,32,2,0.9,0.09999999999999998,0.04999999999999999,412673,87.39802567699795,cdf_eb,cdf,0.999,0.0,0.001
vary_K,32,2,0.9,0.09999999999999998,0.04999999999999999,412673,87.39802567699795,cdf_bet,cdf,0.9925,0.0,0.0075
vary_K,32,2,0.9,0.09999999999999998,0.04999999999999999,412673,87.39802567699795,cdf_exact,cdf,0.9995,0.0,0.0005
vary_K,32,2,0.9,0.09999999999999998,0.04999999999999999,412673,87.39802567699795,exc_eb,exceedance,1.0,0.0,0.0
vary_K,32,2,0.9,0.09999999999999998,0.04999999999999999,412673,87.39802567699795,exc_bet,exceedance,1.0,0.0,0.0
vary_K,32,2,0.9,0.09999999999999998,0.04999999999999999,412673,87.39802567699795,counts_exact,counts,1.0,0.0,0.0
vary_K,32,2,0.9,0.09999999999999998,0.04999999999999999,412673,87.39802567699795,norm_bet,counts,1.0,0.0,0.0
vary_K,32,2,0.9,0.09999999999999998,0.04999999999999999,550984,116.69024573842978,cdf_eb,cdf,1.0,0.0,0.0
vary_K,32,2,0.9,0.09999999999999998,0.04999999999999999,550984,116.69024573842978,cdf_bet,cdf,1.0,0.0,0.0
vary_K,32,2,0.9,0.09999999999999998,0.04999999999999999,550984,116.69024573842978,cdf_exact,cdf,1.0,0.0,0.0
vary_K,32,2,0.9,0.09999999999999998,0.04999999999999999,550984,116.69024573842978,exc_eb,exceedance,1.0,0.0,0.0
vary_K,32,2,0.9,0.09999999999999998,0.04999999999999999,550984,116.69024573842978,exc_bet,exceedance,1.0,0.0,0.0
vary_K,32,2,0.9,0.09999999999999998,0.04999999999999999,550984,116.69024573842978,counts_exact,counts,1.0,0.0,0.0
vary_K,32,2,0.9,0.09999999999999998,0.04999999999999999,550984,116.69024573842978,norm_bet,counts,1.0,0.0,0.0
vary_K,32,2,0.9,0.09999999999999998,0.04999999999999999,735652,155.800191399328,cdf_eb,cdf,1.0,0.0,0.0
vary_K,32,2,0.9,0.09999999999999998,0.04999999999999999,735652,155.800191399328,cdf_bet,cdf,1.0,0.0,0.0
vary_K,32,2,0.9,0.09999999999999998,0.04999999999999999,735652,155.800191399328,cdf_exact,cdf,1.0,0.0,0.0
vary_K,32,2,0.9,0.09999999999999998,0.04999999999999999,735652,155.800191399328,exc_eb,exceedance,1.0,0.0,0.0
vary_K,32,2,0.9,0.09999999999999998,0.04999999999999999,735652,155.800191399328,exc_bet,exceedance,1.0,0.0,0.0
vary_K,32,2,0.9,0.09999999999999998,0.04999999999999999,735652,155.800191399328,counts_exact,counts,1.0,0.0,0.0
vary_K,32,2,0.9,0.09999999999999998,0.04999999999999999,735652,155.800191399328,norm_bet,counts,1.0,0.0,0.0
vary_K,32,2,0.9,0.09999999999999998,0.04999999999999999,982214,208.0183690047734,cdf_eb,cdf,1.0,0.0,0.0
vary_K,32,2,0.9,0.09999999999999998,0.04999999999999999,982214,208.0183690047734,cdf_bet,cdf,1.0,0.0,0.0
vary_K,32,2,0.9,0.09999999999999998,0.04999999999999999,982214,208.0183690047734,cdf_exact,cdf,1.0,0.0,0.0
vary_K,32,2,0.9,0.09999999999999998,0.04999999999999999,982214,208.0183690047734,exc_eb,exceedance,1.0,0.0,0.0
vary_K,32,2,0.9,0.09999999999999998,0.04999999999999999,982214,208.0183690047734,exc_bet,exceedance,1.0,0.0,0.0
vary_K,32,2,0.9,0.09999999999999998,0.04999999999999999,982214,208.0183690047734,counts_exact,counts,1.0,0.0,0.0
vary_K,32,2,0.9,0.09999999999999998,0.04999999999999999,982214,208.0183690047734,norm_bet,counts,1.0,0.0,0.0
vary_K,32,2,0.9,0.09999999999999998,0.04999999999999999,1311413,277.73783854807294,cdf_eb,cdf,1.0,0.0,0.0
vary_K,32,2,0.9,0.09999999999999998,0.04999999999999999,1311413,277.73783854807294,cdf_bet,cdf,1.0,0.0,0.0
vary_K,32,2,0.9,0.09999999999999998,0.04999999999999999,1311413,277.73783854807294,cdf_exact,cdf,1.0,0.0,0.0
vary_K,32,2,0.9,0.09999999999999998,0.04999999999999999,1311413,277.73783854807294,exc_eb,exceedance,1.0,0.0,0.0
vary_K,32,2,0.9,0.09999999999999998,0.04999999999999999,1311413,277.73783854807294,exc_bet,exceedance,1.0,0.0,0.0
vary_K,32,2,0.9,0.09999999999999998,0.04999999999999999,1311413,277.73783854807294,counts_exact,counts,1.0,0.0,0.0
vary_K,32,2,0.9,0.09999999999999998,0.04999999999999999,1311413,277.73783854807294,norm_bet,counts,1.0,0.0,0.0
vary_K,32,2,0.9,0.09999999999999998,0.04999999999999999,1750947,370.82462595096484,cdf_eb,cdf,1.0,0.0,0.0
vary_K,32,2,0.9,0.09999999999999998,0.04999999999999999,1750947,370.82462595096484,cdf_bet,cdf,1.0,0.0,0.0
vary_K,32,2,0.9,0.09999999999999998,0.04999999999999999,1750947,370.82462595096484,cdf_exact,cdf,1.0,0.0,0.0
vary_K,32,2,0.9,0.09999999999999998,0.04999999999999999,1750947,370.82462595096484,exc_eb,exceedance,1.0,0.0,0.0
vary_K,32,2,0.9,0.09999999999999998,0.04999999999999999,1750947,370.82462595096484,exc_bet,exceedance,1.0,0.0,0.0
vary_K,32,2,0.9,0.09999999999999998,0.04999999999999999,1750947,370.82462595096484,counts_exact,counts,1.0,0.0,0.0
vary_K,32,2,0.9,0.09999999999999998,0.04999999999999999,1750947,370.82462595096484,norm_bet,counts,1.0,0.0,0.0
vary_K,32,2,0.9,0.09999999999999998,0.04999999999999999,2337796,495.110547177991,cdf_eb,cdf,1.0,0.0,0.0
vary_K,32,2,0.9,0.09999999999999998,0.04999999999999999,2337796,495.110547177991,cdf_bet,cdf,1.0,0.0,0.0
vary_K,32,2,0.9,0.09999999999999998,0.04999999999999999,2337796,495.110547177991,cdf_exact,cdf,1.0,0.0,0.0
vary_K,32,2,0.9,0.09999999999999998,0.04999999999999999,2337796,495.110547177991,exc_eb,exceedance,1.0,0.0,0.0
vary_K,32,2,0.9,0.09999999999999998,0.04999999999999999,2337796,495.110547177991,exc_bet,exceedance,1.0,0.0,0.0
vary_K,32,2,0.9,0.09999999999999998,0.04999999999999999,2337796,495.110547177991,counts_exact,counts,1.0,0.0,0.0
vary_K,32,2,0.9,0.09999999999999998,0.04999999999999999,2337796,495.110547177991,norm_bet,counts,1.0,0.0,0.0
vary_K,32,2,0.9,0.09999999999999998,0.04999999999999999,3121332,661.0518601469815,cdf_eb,cdf,1.0,0.0,0.0
vary_K,32,2,0.9,0.09999999999999998,0.04999999999999999,3121332,661.0518601469815,cdf_bet,cdf,1.0,0.0,0.0
vary_K,32,2,0.9,0.09999999999999998,0.04999999999999999,3121332,661.0518601469815,cdf_exact,cdf,1.0,0.0,0.0
vary_K,32,2,0.9,0.09999999999999998,0.04999999999999999,3121332,661.0518601469815,exc_eb,exceedance,1.0,0.0,0.0
vary_K,32,2,0.9,0.09999999999999998,0.04999999999999999,3121332,661.0518601469815,exc_bet,exceedance,1.0,0.0,0.0
vary_K,32,2,0.9,0.09999999999999998,0.04999999999999999,3121332,661.0518601469815,counts_exact,counts,1.0,0.0,0.0
vary_K,32,2,0.9,0.09999999999999998,0.04999999999999999,3121332,661.0518601469815,norm_bet,counts,1.0,0.0,0.0
vary_K,32,2,0.9,0.09999999999999998,0.04999999999999999,4167480,882.6105028639513,cdf_eb,cdf,1.0,0.0,0.0
vary_K,32,2,0.9,0.09999999999999998,0.04999999999999999,4167480,882.6105028639513,cdf_bet,cdf,1.0,0.0,0.0
vary_K,32,2,0.9,0.09999999999999998,0.04999999999999999,4167480,882.6105028639513,cdf_exact,cdf,1.0,0.0,0.0
vary_K,32,2,0.9,0.09999999999999998,0.04999999999999999,4167480,882.6105028639513,exc_eb,exceedance,1.0,0.0,0.0
vary_K,32,2,0.9,0.09999999999999998,0.04999999999999999,4167480,882.6105028639513,exc_bet,exceedance,1.0,0.0,0.0
vary_K,32,2,0.9,0.09999999999999998,0.04999999999999999,4167480,882.6105028639513,counts_exact,counts,1.0,0.0,0.0
vary_K,32,2,0.9,0.09999999999999998,0.04999999999999999,4167480,882.6105028639513,norm_bet,counts,1.0,0.0,0.0
vary_K,32,2,0.9,0.09999999999999998,0.04999999999999999,5564255,1178.4267479659784,cdf_eb,cdf,1.0,0.0,0.0
vary_K,32,2,0.9,0.09999999999999998,0.04999999999999999,5564255,1178.4267479659784,cdf_bet,cdf,1.0,0.0,0.0
vary_K,32,2,0.9,0.09999999999999998,0.04999999999999999,5564255,1178.4267479659784,cdf_exact,cdf,1.0,0.0,0.0
vary_K,32,2,0.9,0.09999999999999998,0.04999999999999999,5564255,1178.4267479659784,exc_eb,exceedance,1.0,0.0,0.0
vary_K,32,2,0.9,0.09999999999999998,0.04999999999999999,5564255,1178.4267479659784,exc_bet,exceedance,1.0,0.0,0.0
vary_K,32,2,0.9,0.09999999999999998,0.04999999999999999,5564255,1178.4267479659784,counts_exact,counts,1.0,0.0,0.0
vary_K,32,2,0.9,0.09999999999999998,0.04999999999999999,5564255,1178.4267479659784,norm_bet,counts,1.0,0.0,0.0
vary_K,32,2,0.9,0.09999999999999998,0.04999999999999999,7429173,1573.388742691816,cdf_eb,cdf,1.0,0.0,0.0
vary_K,32,2,0.9,0.09999999999999998,0.04999999999999999,7429173,1573.388742691816,cdf_bet,cdf,1.0,0.0,0.0
vary_K,32,2,0.9,0.09999999999999998,0.04999999999999999,7429173,1573.388742691816,cdf_exact,cdf,1.0,0.0,0.0
vary_K,32,2,0.9,0.09999999999999998,0.04999999999999999,7429173,1573.388742691816,exc_eb,exceedance,1.0,0.0,0.0
vary_K,32,2,0.9,0.09999999999999998,0.04999999999999999,7429173,1573.388742691816,exc_bet,exceedance,1.0,0.0,0.0
vary_K,32,2,0.9,0.09999999999999998,0.04999999999999999,7429173,1573.388742691816,counts_exact,counts,1.0,0.0,0.0
vary_K,32,2,0.9,0.09999999999999998,0.04999999999999999,7429173,1573.388742691816,norm_bet,counts,1.0,0.0,0.0
vary_K,32,2,0.9,0.09999999999999998,0.04999999999999999,9919139,2100.72664074391,cdf_eb,cdf,1.0,0.0,0.0
vary_K,32,2,0.9,0.09999999999999998,0.04999999999999999,9919139,2100.72664074391,cdf_bet,cdf,1.0,0.0,0.0
vary_K,32,2,0.9,0.09999999999999998,0.04999999999999999,9919139,2100.72664074391,cdf_exact,cdf,1.0,0.0,0.0
vary_K,32,2,0.9,0.09999999999999998,0.04999999999999999,9919139,2100.72664074391,exc_eb,exceedance,1.0,0.0,0.0
vary_K,32,2,0.9,0.09999999999999998,0.04999999999999999,9919139,2100.72664074391,exc_bet,exceedance,1.0,0.0,0.0
vary_K,32,2,0.9,0.09999999999999998,0.04999999999999999,9919139,2100.72664074391,counts_exact,counts,1.0,0.0,0.0
vary_K,32,2,0.9,0.09999999999999998,0.04999999999999999,9919139,2100.72664074391,norm_bet,counts,1.0,0.0,0.0
vary_K,32,2,0.9,0.09999999999999998,0.04999999999999999,13243643,2804.8073195265843,cdf_eb,cdf,1.0,0.0,0.0
vary_K,32,2,0.9,0.09999999999999998,0.04999999999999999,13243643,2804.8073195265843,cdf_bet,cdf,1.0,0.0,0.0
vary_K,32,2,0.9,0.09999999999999998,0.04999999999999999,13243643,2804.8073195265843,cdf_exact,cdf,1.0,0.0,0.0
vary_K,32,2,0.9,0.09999999999999998,0.04999999999999999,13243643,2804.8073195265843,exc_eb,exceedance,1.0,0.0,0.0
vary_K,32,2,0.9,0.09999999999999998,0.04999999999999999,13243643,2804.8073195265843,exc_bet,exceedance,1.0,0.0,0.0
vary_K,32,2,0.9,0.09999999999999998,0.04999999999999999,13243643,2804.8073195265843,counts_exact,counts,1.0,0.0,0.0
vary_K,32,2,0.9,0.09999999999999998,0.04999999999999999,13243643,2804.8073195265843,norm_bet,counts,1.0,0.0,0.0
vary_K,32,2,0.9,0.09999999999999998,0.04999999999999999,17682389,3744.86794108814,cdf_eb,cdf,1.0,0.0,0.0
vary_K,32,2,0.9,0.09999999999999998,0.04999999999999999,17682389,3744.86794108814,cdf_bet,cdf,1.0,0.0,0.0
vary_K,32,2,0.9,0.09999999999999998,0.04999999999999999,17682389,3744.86794108814,cdf_exact,cdf,1.0,0.0,0.0
vary_K,32,2,0.9,0.09999999999999998,0.04999999999999999,17682389,3744.86794108814,exc_eb,exceedance,1.0,0.0,0.0
vary_K,32,2,0.9,0.09999999999999998,0.04999999999999999,17682389,3744.86794108814,exc_bet,exceedance,1.0,0.0,0.0
vary_K,32,2,0.9,0.09999999999999998,0.04999999999999999,17682389,3744.86794108814,counts_exact,counts,1.0,0.0,0.0
vary_K,32,2,0.9,0.09999999999999998,0.04999999999999999,17682389,3744.86794108814,norm_bet,counts,1.0,0.0,0.0
vary_K,32,2,0.9,0.09999999999999998,0.04999999999999999,23608829,5000.00010455216,cdf_eb,cdf,1.0,0.0,0.0
vary_K,32,2,0.9,0.09999999999999998,0.04999999999999999,23608829,5000.00010455216,cdf_bet,cdf,1.0,0.0,0.0
vary_K,32,2,0.9,0.09999999999999998,0.04999999999999999,23608829,5000.00010455216,cdf_exact,cdf,1.0,0.0,0.0
vary_K,32,2,0.9,0.09999999999999998,0.04999999999999999,23608829,5000.00010455216,exc_eb,exceedance,1.0,0.0,0.0
vary_K,32,2,0.9,0.09999999999999998,0.04999999999999999,23608829,5000.00010455216,exc_bet,exceedance,1.0,0.0,0.0
vary_K,32,2,0.9,0.09999999999999998,0.04999999999999999,23608829,5000.00010455216,counts_exact,counts,1.0,0.0,0.0
vary_K,32,2,0.9,0.09999999999999998,0.04999999999999999,23608829,5000.00010455216,norm_bet,counts,1.0,0.0,0.0
vary_K,32,4,0.9,0.09999999999999998,0.04999999999999999,112,0.019967929749133504,cdf_eb,cdf,0.0,0.0,1.0
vary_K,32,4,0.9,0.09999999999999998,0.04999999999999999,112,0.019967929749133504,cdf_bet,cdf,0.0,0.0,1.0
vary_K,32,4,0.9,0.09999999999999998,0.04999999999999999,112,0.019967929749133504,cdf_exact,cdf,0.007,0.0105,0.9825
vary_K,32,4,0.9,0.09999999999999998,0.04999999999999999,112,0.019967929749133504,exc_eb,exceedance,0.0,0.0,1.0
vary_K,32,4,0.9,0.09999999999999998,0.04999999999999999,112,0.019967929749133504,exc_bet,exceedance,0.0,0.0,1.0
vary_K,32,4,0.9,0.09999999999999998,0.04999999999999999,112,0.019967929749133504,counts_exact,counts,0.0,0.0,1.0
vary_K,32,4,0.9,0.09999999999999998,0.04999999999999999,112,0.019967929749133504,norm_bet,counts,0.0,0.0,1.0
vary_K,32,4,0.9,0.09999999999999998,0.04999999999999999,150,0.02674276305687523,cdf_eb,cdf,0.0,0.0,1.0
vary_K,32,4,0.9,0.09999999999999998,0.04999999999999999,150,0.02674276305687523,cdf_bet,cdf,0.0,0.0,1.0
vary_K,32,4,0.9,0.09999999999999998,0.04999999999999999,150,0.02674276305687523,cdf_exact,cdf,0.014,0.026,0.96
vary_K,32,4,0.9,0.09999999999999998,0.04999999999999999,150,0.02674276305687523,exc_eb,exceedance,0.0,0.0,1.0
vary_K,32,4,0.9,0.09999999999999998,0.04999999999999999,150,0.02674276305687523,exc_bet,exceedance,0.0,0.0,1.0
vary_K,32,4,0.9,0.09999999999999998,0.04999999999999999,150,0.02674276305687523,counts_exact,counts,0.0,0.0,1.0
vary_K,32,4,0.9,0.09999999999999998,0.04999999999999999,150,0.02674276305687523,norm_bet,counts,0.0,0.0,1.0
vary_K,32,4,0.9,0.09999999999999998,0.04999999999999999,200,0.03565701740916698,cdf_eb,cdf,0.0,0.0,1.0
vary_K,32,4,0.9,0.09999999999999998,0.04999999999999999,200,0.03565701740916698,cdf_bet,cdf,0.0,0.0,1.0
vary_K,32,4,0.9,0.09999999999999998,0.04999999999999999,200,0.03565701740916698,cdf_exact,cdf,0.0185,0.0185,0.963
vary_K,32,4,0.9,0.09999999999999998,0.04999999999999999,200,0.03565701740916698,exc_eb,exceedance,0.0,0.0,1.0
vary_K,32,4,0.9,0.09999999999999998,0.04999999999999999,200,0.03565701740916698,exc_bet,exceedance,0.0,0.0,1.0
vary_K,32,4,0.9,0.09999999999999998,0.04999999999999999,200,0.03565701740916698,counts_exact,counts,0.0,0.0,1.0
vary_K,32,4,0.9,0.09999999999999998,0.04999999999999999,200,0.03565701740916698,norm_bet,counts,0.0,0.0,1.0
vary_K,32,4,0.9,0.09999999999999998,0.04999999999999999,267,0.04760211824123791,cdf_eb,cdf,0.0,0.0,1.0
vary_K,32,4,0.9,0.09999999999999998,0.04999999999999999,267,0.04760211824123791,cdf_bet,cdf,0.0,0.0,1.0
vary_K,32,4,0.9,0.09999999999999998,0.04999999999999999,267,0.04760211824123791,cdf_exact,cdf,0.0175,0.015,0.9675
vary_K,32,4,0.9,0.09999999999999998,0.04999999999999999,267,0.04760211824123791,exc_eb,exceedance,0.0,0.0,1.0
vary_K,32,4,0.9,0.09999999999999998,0.04999999999999999,267,0.04760211824123791,exc_bet,exceedance,0.0,0.0,1.0
vary_K,32,4,0.9,0.09999999999999998,0.04999999999999999,267,0.04760211824123791,counts_exact,counts,0.0,0.0,1.0
vary_K,32,4,0.9,0.09999999999999998,0.04999999999999999,267,0.04760211824123791,norm_bet,counts,0.0,0.0,1.0
vary_K,32,4,0.9,0.09999999999999998,0.04999999999999999,356,0.06346949098831721,cdf_eb,cdf,0.0,0.0,1.0
vary_K,32,4,0.9,0.09999999999999998,0.04999999999999999,356,0.06346949098831721,cdf_bet,cdf,0.0,0.0,1.0
vary_K,32,4,0.9,0.09999999999999998,0.04999999999999999,356,0.06346949098831721,cdf_exact,cdf,0.014,0.0135,0.9725
vary_K,32,4,0.9,0.09999999999999998,0.04999999999999999,356,0.06346949098831721,exc_eb,exceedance,0.0,0.0,1.0
vary_K,32,4,0.9,0.09999999999999998,0.04999999999999999,356,0.06346949098831721,exc_bet,exceedance,0.0,0.0,1.0
vary_K,32,4,0.9,0.09999999999999998,0.04999999999999999,356,0.06346949098831721,counts_exact,counts,0.0,0.0,1.0
vary_K,32,4,0.9,0.09999999999999998,0.04999999999999999,356,0.06346949098831721,norm_bet,counts,0.0,0.0,1.0
vary_K,32,4,0.9,0.09999999999999998,0.04999999999999999,476,0.0848637014338174,cdf_eb,cdf,0.0,0.0,1.0
vary_K,32,4,0.9,0.09999999999999998,0.04999999999999999,476,0.0848637014338174,cdf_bet,cdf,0.0,0.0,1.0
vary_K,32,4,0.9,0.09999999999999998,0.04999999999999999,476,0.0848637014338174,cdf_exact,cdf,0.0185,0.0145,0.967
vary_K,32,4,0.9,0.09999999999999998,0.04999999999999999,476,0.0848637014338174,exc_eb,exceedance,0.0,0.0,1.0
vary_K,32,4,0.9,0.09999999999999998,0.04999999999999999,476,0.0848637014338174,exc_bet,exceedance,0.0,0.0,1.0
vary_K,32,4,0.9,0.09999999999999998,0.04999999999999999,476,0.0848637014338174,counts_exact,counts,0.0,0.0,1.0
vary_K,32,4,0.9,0.09999999999999998,0.04999999999999999,476,0.0848637014338174,norm_bet,counts,0.0,0.0,1.0
vary_K,32,4,0.9,0.09999999999999998,0.04999999999999999,636,0.11338931536115097,cdf_eb,cdf,0.0,0.0,1.0
vary_K,32,4,0.9,0.09999999999999998,0.04999999999999999,636,0.11338931536115097,cdf_bet,cdf,0.0,0.0,1.0
vary_K,32,4,0.9,0.09999999999999998,0.04999999999999999,636,0.11338931536115097,cdf_exact,cdf,0.019,0.013,0.968
vary_K,32,4,0.9,0.09999999999999998,0.04999999999999999,636,0.11338931536115097,exc_eb,exceedance,0.0,0.0,1.0
vary_K,32,4,0.9,0.09999999999999998,0.04999999999999999,636,0.11338931536115097,exc_bet,exceedance,0.0,0.0,1.0
vary_K,32,4,0.9,0.09999999999999998,0.04999999999999999,636,0.11338931536115097,counts_exact,counts,0.0,0.0,1.0
vary_K,32,4,0.9,0.09999999999999998,0.04999999999999999,636,0.11338931536115097,norm_bet,counts,0.0,0.0,1.0
vary_K,32,4,0.9,0.09999999999999998,0.04999999999999999,848,0.15118575381486796,cdf_eb,cdf,0.0,0.0,1.0
vary_K,32,4,0.9,0.09999999999999998,0.04999999999999999,848,0.15118575381486796,cdf_bet,cdf,0.0,0.0,1.0
vary_K,32,4,0.9,0.09999999999999998,0.04999999999999999,848,0.15118575381486796,cdf_exact,cdf,0.0215,0.0145,0.964
vary_K,32,4,0.9,0.09999999999999998,0.04999999999999999,848,0.15118575381486796,exc_eb,exceedance,0.0,0.0,1.0
vary_K,32,4,0.9,0.09999999999999998,0.04999999999999999,848,0.15118575381486796,exc_bet,exceedance,0.0,0.0,1.0
vary_K,32,4,0.9,0.09999999999999998,0.04999999999999999,848,0.15118575381486796,counts_exact,counts,0.0,0.0,1.0
vary_K,32,4,0.9,0.09999999999999998,0.04999999999999999,848,0.15118575381486796,norm_bet,counts,0.0,0.0,1.0
vary_K,32,4,0.9,0.09999999999999998,0.04999999999999999,1133,0.2019970036229309,cdf_eb,cdf,0.0,0.0,1.0
vary_K,32,4,0.9,0.09999999999999998,0.04999999999999999,1133,0.2019970036229309,cdf_bet,cdf,0.0,0.0,1.0
vary_K,32,4,0.9,0.09999999999999998,0.04999999999999999,1133,0.2019970036229309,cdf_exact,cdf,0.0155,0.0115,0.973
vary_K,32,4,0.9,0.09999999999999998,0.04999999999999999,1133,0.2019970036229309,exc_eb,exceedance,0.0,0.0,1.0
vary_K,32,4,0.9,0.09999999999999998,0.04999999999999999,1133,0.2019970036229309,exc_bet,exceedance,0.0,0.0,1.0
vary_K,32,4,0.9,0.09999999999999998,0.04999999999999999,1133,0.2019970036229309,counts_exact,counts,0.0135,0.0,0.9865
vary_K,32,4,0.9,0.09999999999999998,0.04999999999999999,1133,0.2019970036229309,norm_bet,counts,0.0,0.0,1.0
vary_K,32,4,0.9,0.09999999999999998,0.04999999999999999,1513,0.26974533670034817,cdf_eb,cdf,0.0,0.0,1.0
vary_K,32,4,0.9,0.09999999999999998,0.04999999999999999,1513,0.26974533670034817,cdf_bet,cdf,0.0,0.0,1.0
vary_K,32,4,0.9,0.09999999999999998,0.04999999999999999,1513,0.26974533670034817,cdf_exact,cdf,0.0185,0.0095,0.972
vary_K,32,4,0.9,0.09999999999999998,0.04999999999999999,1513,0.26974533670034817,exc_eb,exceedance,0.0,0.0,1.0
vary_K,32,4,0.9,0.09999999999999998,0.04999999999999999,1513,0.26974533670034817,exc_bet,exceedance,0.0,0.0,1.0
vary_K,32,4,0.9,0.09999999999999998,0.04999999999999999,1513,0.26974533670034817,counts_exact,counts,0.0645,0.001,0.9345
vary_K,32,4,0.9,0.09999999999999998,0.04999999999999999,1513,0.26974533670034817,norm_bet,counts,0.0,0.0,1.0
vary_K,32,4,0.9,0.09999999999999998,0.04999999999999999,2020,0.36013587583258644,cdf_eb,cdf,0.0,0.0,1.0
vary_K,32,4,0.9,0.09999999999999998,0.04999999999999999,2020,0.36013587583258644,cdf_bet,cdf,0.0,0.0,1.0
vary_K,32,4,0.9,0.09999999999999998,0.04999999999999999,2020,0.36013587583258644,cdf_exact,cdf,0.031,0.008,0.961
vary_K,32,4,0.9,0.09999999999999998,0.04999999999999999,2020,0.36013587583258644,exc_eb,exceedance,0.0,0.0,1.0
vary_K,32,4,0.9,0.09999999999999998,0.04999999999999999,2020,0.36013587583258644,exc_bet,exceedance,0.0,0.0,1.0
vary_K,32,4,0.9,0.09999999999999998,0.04999999999999999,2020,0.36013587583258644,counts_exact,counts,0.1115,0.0005,0.888
vary_K,32,4,0.9,0.09999999999999998,0.04999999999999999,2020,0.36013587583258644,norm_bet,counts,0.0,0.0,1.0
vary_K,32,4,0.9,0.09999999999999998,0.04999999999999999,2696,0.4806565946755708,cdf_eb,cdf,0.0,0.0,1.0
vary_K,32,4,0.9,0.09999999999999998,0.04999999999999999,2696,0.4806565946755708,cdf_bet,cdf,0.0,0.0,1.0
vary_K,32,4,0.9,0.09999999999999998,0.04999999999999999,2696,0.4806565946755708,cdf_exact,cdf,0.037,0.0035,0.9595
vary_K,32,4,0.9,0.09999999999999998,0.04999999999999999,2696,0.4806565946755708,exc_eb,exceedance,0.0,0.0,1.0
vary_K,32,4,0.9,0.09999999999999998,0.04999999999999999,2696,0.4806565946755708,exc_bet,exceedance,0.0,0.0,1.0
vary_K,32,4,0.9,0.09999999999999998,0.04999999999999999,2696,0.4806565946755708,counts_exact,counts,0.188,0.0,0.812
vary_K,32,4,0.9,0.09999999999999998,0.04999999999999999,2696,0.4806565946755708,norm_bet,counts,0.002,0.0,0.998
vary_K,32,4,0.9,0.09999999999999998,0.04999999999999999,3600,0.6418263133650055,cdf_eb,cdf,0.0,0.0,1.0
vary_K,32,4,0.9,0.09999999999999998,0.04999999999999999,3600,0.6418263133650055,cdf_bet,cdf,0.0,0.0,1.0
vary_K,32,4,0.9,0.09999999999999998,0.04999999999999999,3600,0.6418263133650055,cdf_exact,cdf,0.0415,0.0025,0.956
vary_K,32,4,0.9,0.09999999999999998,0.04999999999999999,3600,0.6418263133650055,exc_eb,exceedance,0.0,0.0,1.0
vary_K,32,4,0.9,0.09999999999999998,0.04999999999999999,3600,0.6418263133650055,exc_bet,exceedance,0.0295,0.0,0.9705
vary_K,32,4,0.9,0.09999999999999998,0.04999999999999999,3600,0.6418263133650055,counts_exact,counts,0.2995,0.0,0.7005
vary_K,32,4,0.9,0.09999999999999998,0.04999999999999999,3600,0.6418263133650055,norm_bet,counts,0.0285,0.0,0.9715
vary_K,32,4,0.9,0.09999999999999998,0.04999999999999999,4807,0.8570164134293282,cdf_eb,cdf,0.0,0.0,1.0
vary_K,32,4,0.9,0.09999999999999998,0.04999999999999999,4807,0.8570164134293282,cdf_bet,cdf,0.0005,0.0,0.9995
vary_K,32,4,0.9,0.09999999999999998,0.04999999999999999,4807,0.8570164134293282,cdf_exact,cdf,0.051,0.0025,0.9465
vary_K,32,4,0.9,0.09999999999999998,0.04999999999999999,4807,0.8570164134293282,exc_eb,exceedance,0.001,0.0,0.999
vary_K,32,4,0.9,0.09999999999999998,0.04999999999999999,4807,0.8570164134293282,exc_bet,exceedance,0.127,0.0,0.873
vary_K,32,4,0.9,0.09999999999999998,0.04999999999999999,4807,0.8570164134293282,counts_exact,counts,0.431,0.0,0.569
vary_K,32,4,0.9,0.09999999999999998,0.04999999999999999,4807,0.8570164134293282,norm_bet,counts,0.108,0.0,0.892
vary_K,32,4,0.9,0.09999999999999998,0.04999999999999999,6418,1.1442336886601683,cdf_eb,cdf,0.0,0.0,1.0
vary_K,32,4,0.9,0.09999999999999998,0.04999999999999999,6418,1.1442336886601683,cdf_bet,cdf,0.0005,0.0,0.9995
vary_K,32,4,0.9,0.09999999999999998,0.04999999999999999,6418,1.1442336886601683,cdf_exact,cdf,0.0565,0.003,0.9405
vary_K,32,4,0.9,0.09999999999999998,0.04999999999999999,6418,1.1442336886601683,exc_eb,exceedance,0.0035,0.0,0.9965
vary_K,32,4,0.9,0.09999999999999998,0.04999999999999999,6418,1.1442336886601683,exc_bet,exceedance,0.3265,0.0,0.6735
vary_K,32,4,0.9,0.09999999999999998,0.04999999999999999,6418,1.1442336886601683,counts_exact,counts,0.607,0.0,0.393
vary_K,32,4,0.9,0.09999999999999998,0.04999999999999999,6418,1.1442336886601683,norm_bet,counts,0.2575,0.0,0.7425
vary_K,32,4,0.9,0.09999999999999998,0.04999999999999999,8569,1.527724910895759,cdf_eb,cdf,0.0015,0.0,0.9985
vary_K,32,4,0.9,0.09999999999999998,0.04999999999999999,8569,1.527724910895759,cdf_bet,cdf,0.0015,0.0,0.9985
vary_K,32,4,0.9,0.09999999999999998,0.04999999999999999,8569,1.527724910895759,cdf_exact,cdf,0.0735,0.002,0.9245
vary_K,32,4,0.9,0.09999999999999998,0.04999999999999999,8569,1.527724910895759,exc_eb,exceedance,0.021,0.0,0.979
vary_K,32,4,0.9,0.09999999999999998,0.04999999999999999,8569,1.527724910895759,exc_bet,exceedance,0.4375,0.0,0.5625
vary_K,32,4,0.9,0.09999999999999998,0.04999999999999999,8569,1.527724910895759,counts_exact,counts,0.749,0.0,0.251
vary_K,32,4,0.9,0.09999999999999998,0.04999999999999999,8569,1.527724910895759,norm_bet,counts,0.4615,0.0,0.5385
vary_K,32,4,0.9,0.09999999999999998,0.04999999999999999,11441,2.0397596808913967,cdf_eb,cdf,0.0005,0.0,0.9995
vary_K,32,4,0.9,0.09999999999999998,0.04999999999999999,11441,2.0397596808913967,cdf_bet,cdf,0.0005,0.0,0.9995
vary_K,32,4,0.9,0.09999999999999998,0.04999999999999999,11441,2.0397596808913967,cdf_exact,cdf,0.107,0.0025,0.8905
vary_K,32,4,0.9,0.09999999999999998,0.04999999999999999,11441,2.0397596808913967,exc_eb,exceedance,0.0975,0.0,0.9025
vary_K,32,4,0.9,0.09999999999999998,0.04999999999999999,11441,2.0397596808913967,exc_bet,exceedance,0.6505,0.0,0.3495
vary_K,32,4,0.9,0.09999999999999998,0.04999999999999999,11441,2.0397596808913967,counts_exact,counts,0.893,0.0,0.107
vary_K,32,4,0.9,0.09999999999999998,0.04999999999999999,11441,2.0397596808913967,norm_bet,counts,0.6565,0.0,0.3435
vary_K,32,4,0.9,0.09999999999999998,0.04999999999999999,15275,2.7233047046251277,cdf_eb,cdf,0.0015,0.0,0.9985
vary_K,32,4,0.9,0.09999999999999998,0.04999999999999999,15275,2.7233047046251277,cdf_bet,cdf,0.0015,0.0,0.9985
vary_K,32,4,0.9,0.09999999999999998,0.04999999999999999,15275,2.7233047046251277,cdf_exact,cdf,0.138,0.0005,0.8615
vary_K,32,4,0.9,0.09999999999999998,0.04999999999999999,15275,2.7233047046251277,exc_eb,exceedance,0.3325,0.0,0.6675
vary_K,32,4,0.9,0.09999999999999998,0.04999999999999999,15275,2.7233047046251277,exc_bet,exceedance,0.7915,0.0,0.2085
vary_K,32,4,0.9,0.09999999999999998,0.04999999999999999,15275,2.7233047046251277,counts_exact,counts,0.9685,0.0,0.0315
vary_K,32,4,0.9,0.09999999999999998,0.04999999999999999,15275,2.7233047046251277,norm_bet,counts,0.8155,0.0,0.1845
vary_K,32,4,0.9,0.09999999999999998,0.04999999999999999,20395,3.636124350299802,cdf_eb,cdf,0.0045,0.0,0.9955
vary_K,32,4,0.9,0.09999999999999998,0.04999999999999999,20395,3.636124350299802,cdf_bet,cdf,0.0035,0.0,0.9965
vary_K,32,4,0.9,0.09999999999999998,0.04999999999999999,20395,3.636124350299802,cdf_exact,cdf,0.181,0.0005,0.8185
vary_K,32,4,0.9,0.09999999999999998,0.04999999999999999,20395,3.636124350299802,exc_eb,exceedance,0.6355,0.0,0.3645
vary_K,32,4,0.9,0.09999999999999998,0.04999999999999999,20395,3.636124350299802,exc_bet,exceedance,0.911,0.0,0.089
vary_K,32,4,0.9,0.09999999999999998,0.04999999999999999,20395,3.636124350299802,counts_exact,counts,0.9935,0.0,0.0065
vary_K,32,4,0.9,0.09999999999999998,0.04999999999999999,20395,3.636124350299802,norm_bet,counts,0.923,0.0,0.077
vary_K,32,4,0.9,0.09999999999999998,0.04999999999999999,27230,4.854702920258084,cdf_eb,cdf,0.0125,0.0,0.9875
vary_K,32,4,0.9,0.09999999999999998,0.04999999999999999,27230,4.854702920258084,cdf_bet,cdf,0.0095,0.0,0.9905
vary_K,32,4,0.9,0.09999999999999998,0.04999999999999999,27230,4.854702920258084,cdf_exact,cdf,0.239,0.0005,0.7605
vary_K,32,4,0.9,0.09999999999999998,0.04999999999999999,27230,4.854702920258084,exc_eb,exceedance,0.8875,0.0,0.1125
vary_K,32,4,0.9,0.09999999999999998,0.04999999999999999,27230,4.854702920258084,exc_bet,exceedance,0.976,0.0,0.024
vary_K,32,4,0.9,0.09999999999999998,0.04999999999999999,27230,4.854702920258084,counts_exact,counts,1.0,0.0,0.0
vary_K,32,4,0.9,0.09999999999999998,0.04999999999999999,27230,4.854702920258084,norm_bet,counts,0.981,0.0,0.019
vary_K,32,4,0.9,0.09999999999999998,0.04999999999999999,36357,6.481910909725419,cdf_eb,cdf,0.029,0.0,0.971
vary_K,32,4,0.9,0.09999999999999998,0.04999999999999999,36357,6.481910909725419,cdf_bet,cdf,0.017,0.0,0.983
vary_K,32,4,0.9,0.09999999999999998,0.04999999999999999,36357,6.481910909725419,cdf_exact,cdf,0.316,0.0,0.684
vary_K,32,4,0.9,0.09999999999999998,0.04999999999999999,36357,6.481910909725419,exc_eb,exceedance,0.9885,0.0,0.0115
vary_K,32,4,0.9,0.09999999999999998,0.04999999999999999,36357,6.481910909725419,exc_bet,exceedance,0.9985,0.0,0.0015
vary_K,32,4,0.9,0.09999999999999998,0.04999999999999999,36357,6.481910909725419,counts_exact,counts,1.0,0.0,0.0
vary_K,32,4,0.9,0.09999999999999998,0.04999999999999999,36357,6.481910909725419,norm_bet,counts,0.9995,0.0,0.0005
vary_K,32,4,0.9,0.09999999999999998,0.04999999999999999,48542,8.654314695378917,cdf_eb,cdf,0.06,0.0,0.94
vary_K,32,4,0.9,0.09999999999999998,0.04999999999999999,48542,8.654314695378917,cdf_bet,cdf,0.031,0.0,0.969
vary_K,32,4,0.9,0.09999999999999998,0.04999999999999999,48542,8.654314695378917,cdf_exact,cdf,0.4125,0.0,0.5875
vary_K,32,4,0.9,0.09999999999999998,0.04999999999999999,48542,8.654314695378917,exc_eb,exceedance,0.9995,0.0,0.0005
vary_K,32,4,0.9,0.09999999999999998,0.04999999999999999,48542,8.654314695378917,exc_bet,exceedance,1.0,0.0,0.0
vary_K,32,4,0.9,0.09999999999999998,0.04999999999999999,48542,8.654314695378917,counts_exact,counts,1.0,0.0,0.0
vary_K,32,4,0.9,0.09999999999999998,0.04999999999999999,48542,8.654314695378917,norm_bet,counts,1.0,0.0,0.0
vary_K,32,4,0.9,0.09999999999999998,0.04999999999999999,64811,11.554834776527604,cdf_eb,cdf,0.1195,0.0,0.8805
vary_K,32,4,0.9,0.09999999999999998,0.04999999999999999,64811,11.554834776527604,cdf_bet,cdf,0.064,0.0,0.936
vary_K,32,4,0.9,0.09999999999999998,0.04999999999999999,64811,11.554834776527604,cdf_exact,cdf,0.5475,0.0,0.4525
vary_K,32,4,0.9,0.09999999999999998,0.04999999999999999,64811,11.554834776527604,exc_eb,exceedance,1.0,0.0,0.0
vary_K,32,4,0.9,0.09999999999999998,0.04999999999999999,64811,11.554834776527604,exc_bet,exceedance,1.0,0.0,0.0
vary_K,32,4,0.9,0.09999999999999998,0.04999999999999999,64811,11.554834776527604,counts_exact,counts,1.0,0.0,0.0
vary_K,32,4,0.9,0.09999999999999998,0.04999999999999999,64811,11.554834776527604,norm_bet,counts,1.0,0.0,0.0
vary_K,32,4,0.9,0.09999999999999998,0.04999999999999999,86534,15.427721722424275,cdf_eb,cdf,0.2425,0.0,0.7575
vary_K,32,4,0.9,0.09999999999999998,0.04999999999999999,86534,15.427721722424275,cdf_bet,cdf,0.146,0.0,0.854
vary_K,32,4,0.9,0.09999999999999998,0.04999999999999999,86534,15.427721722424275,cdf_exact,cdf,0.7175,0.0,0.2825
vary_K,32,4,0.9,0.09999999999999998,0.04999999999999999,86534,15.427721722424275,exc_eb,exceedance,1.0,0.0,0.0
vary_K,32,4,0.9,0.09999999999999998,0.04999999999999999,86534,15.427721722424275,exc_bet,exceedance,1.0,0.0,0.0
vary_K,32,4,0.9,0.09999999999999998,0.04999999999999999,86534,15.427721722424275,counts_exact,counts,1.0,0.0,0.0
vary_K,32,4,0.9,0.09999999999999998,0.04999999999999999,86534,15.427721722424275,norm_bet,counts,1.0,0.0,0.0
vary_K,32,4,0.9,0.09999999999999998,0.04999999999999999,115536,20.598345816927576,cdf_eb,cdf,0.4055,0.0,0.5945
vary_K,32,4,0.9,0.09999999999999998,0.04999999999999999,115536,20.598345816927576,cdf_bet,cdf,0.2685,0.0,0.7315
vary_K,32,4,0.9,0.09999999999999998,0.04999999999999999,115536,20.598345816927576,cdf_exact,cdf,0.8175,0.0,0.1825
vary_K,32,4,0.9,0.09999999999999998,0.04999999999999999,115536,20.598345816927576,exc_eb,exceedance,1.0,0.0,0.0
vary_K,32,4,0.9,0.09999999999999998,0.04999999999999999,115536,20.598345816927576,exc_bet,exceedance,1.0,0.0,0.0
vary_K,32,4,0.9,0.09999999999999998,0.04999999999999999,115536,20.598345816927576,counts_exact,counts,1.0,0.0,0.0
vary_K,32,4,0.9,0.09999999999999998,0.04999999999999999,115536,20.598345816927576,norm_bet,counts,1.0,0.0,0.0
vary_K,32,4,0.9,0.09999999999999998,0.04999999999999999,154260,27.502257527690485,cdf_eb,cdf,0.601,0.0,0.399
vary_K,32,4,0.9,0.09999999999999998,0.04999999999999999,154260,27.502257527690485,cdf_bet,cdf,0.4475,0.0,0.5525
vary_K,32,4,0.9,0.09999999999999998,0.04999999999999999,154260,27.502257527690485,cdf_exact,cdf,0.91,0.0,0.09
vary_K,32,4,0.9,0.09999999999999998,0.04999999999999999,154260,27.502257527690485,exc_eb,exceedance,1.0,0.0,0.0
vary_K,32,4,0.9,0.09999999999999998,0.04999999999999999,154260,27.502257527690485,exc_bet,exceedance,1.0,0.0,0.0
vary_K,32,4,0.9,0.09999999999999998,0.04999999999999999,154260,27.502257527690485,counts_exact,counts,1.0,0.0,0.0
vary_K,32,4,0.9,0.09999999999999998,0.04999999999999999,154260,27.502257527690485,norm_bet,counts,1.0,0.0,0.0
vary_K,32,4,0.9,0.09999999999999998,0.04999999999999999,205961,36.719774813047195,cdf_eb,cdf,0.793,0.0,0.207
vary_K,32,4,0.9,0.09999999999999998,0.04999999999999999,205961,36.719774813047195,cdf_bet,cdf,0.6515,0.0,0.3485
vary_K,32,4,0.9,0.09999999999999998,0.04999999999999999,205961,36.719774813047195,cdf_exact,cdf,0.981,0.0,0.019
vary_K,32,4,0.9,0.09999999999999998,0.04999999999999999,205961,36.719774813047195,exc_eb,exceedance,1.0,0.0,0.0
vary_K,32,4,0.9,0.09999999999999998,0.04999999999999999,205961,36.719774813047195,exc_bet,exceedance,1.0,0.0,0.0
vary_K,32,4,0.9,0.09999999999999998,0.04999999999999999,205961,36.719774813047195,counts_exact,counts,1.0,0.0,0.0
vary_K,32,4,0.9,0.09999999999999998,0.04999999999999999,205961,36.719774813047195,norm_bet,counts,1.0,0.0,0.0
vary_K,32,4,0.9,0.09999999999999998,0.04999999999999999,274991,49.026794371821175,cdf_eb,cdf,0.933,0.0,0.067
vary_K,32,4,0.9,0.09999999999999998,0.04999999999999999,274991,49.026794371821175,cdf_bet,cdf,0.864,0.0,0.136
vary_K,32,4,0.9,0.09999999999999998,0.04999999999999999,274991,49.026794371821175,cdf_exact,cdf,0.996,0.0,0.004
vary_K,32,4,0.9,0.09999999999999998,0.04999999999999999,274991,49.026794371821175,exc_eb,exceedance,1.0,0.0,0.0
vary_K,32,4,0.9,0.09999999999999998,0.04999999999999999,274991,49.026794371821175,exc_bet,exceedance,1.0,0.0,0.0
vary_K,32,4,0.9,0.09999999999999998,0.04999999999999999,274991,49.026794371821175,counts_exact,counts,1.0,0.0,0.0
vary_K,32,4,0.9,0.09999999999999998,0.04999999999999999,274991,49.026794371821175,norm_bet,counts,1.0,0.0,0.0
vary_K,32,4,0.9,0.09999999999999998,0.04999999999999999,367158,65.45879598957464,cdf_eb,cdf,0.989,0.0,0.011
vary_K,32,4,0.9,0.09999999999999998,0.04999999999999999,367158,65.45879598957464,cdf_bet,cdf,0.9645,0.0,0.0355
vary_K,32,4,0.9,0.09999999999999998,0.04999999999999999,367158,65.45879598957464,cdf_exact,cdf,1.0,0.0,0.0
vary_K,32,4,0.9,0.09999999999999998,0.04999999999999999,367158,65.45879598957464,exc_eb,exceedance,1.0,0.0,0.0
vary_K,32,4,0.9,0.09999999999999998,0.04999999999999999,367158,65.45879598957464,exc_bet,exceedance,1.0,0.0,0.0
vary_K,32,4,0.9,0.09999999999999998,0.04999999999999999,367158,65.45879598957464,counts_exact,counts,1.0,0.0,0.0
vary_K,32,4,0.9,0.09999999999999998,0.04999999999999999,367158,65.45879598957464,norm_bet,counts,1.0,0.0,0.0
vary_K,32,4,0.9,0.09999999999999998,0.04999999999999999,490214,87.39784566108689,cdf_eb,cdf,0.9995,0.0,0.0005
vary_K,32,4,0.9,0.09999999999999998,0.04999999999999999,490214,87.39784566108689,cdf_bet,cdf,0.9975,0.0,0.0025
vary_K,32,4,0.9,0.09999999999999998,0.04999999999999999,490214,87.39784566108689,cdf_exact,cdf,1.0,0.0,0.0
vary_K,32,4,0.9,0.09999999999999998,0.04999999999999999,490214,87.39784566108689,exc_eb,exceedance,1.0,0.0,0.0
vary_K,32,4,0.9,0.09999999999999998,0.04999999999999999,490214,87.39784566108689,exc_bet,exceedance,1.0,0.0,0.0
vary_K,32,4,0.9,0.09999999999999998,0.04999999999999999,490214,87.39784566108689,counts_exact,counts,1.0,0.0,0.0
vary_K,32,4,0.9,0.09999999999999998,0.04999999999999999,490214,87.39784566108689,norm_bet,counts,1.0,0.0,0.0
vary_K,32,4,0.9,0.09999999999999998,0.04999999999999999,654515,116.69026374780461,cdf_eb,cdf,1.0,0.0,0.0
vary_K,32,4,0.9,0.09999999999999998,0.04999999999999999,654515,116.69026374780461,cdf_bet,cdf,1.0,0.0,0.0
vary_K,32,4,0.9,0.09999999999999998,0.04999999999999999,654515,116.69026374780461,cdf_exact,cdf,1.0,0.0,0.0
vary_K,32,4,0.9,0.09999999999999998,0.04999999999999999,654515,116.69026374780461,exc_eb,exceedance,1.0,0.0,0.0
vary_K,32,4,0.9,0.09999999999999998,0.04999999999999999,654515,116.69026374780461,exc_bet,exceedance,1.0,0.0,0.0
vary_K,32,4,0.9,0.09999999999999998,0.04999999999999999,654515,116.69026374780461,counts_exact,counts,1.0,0.0,0.0
vary_K,32,4,0.9,0.09999999999999998,0.04999999999999999,654515,116.69026374780461,norm_bet,counts,1.0,0.0,0.0
vary_K,32,4,0.9,0.09999999999999998,0.04999999999999999,873883,155.80030672287532,cdf_eb,cdf,1.0,0.0,0.0
vary_K,32,4,0.9,0.09999999999999998,0.04999999999999999,873883,155.80030672287532,cdf_bet,cdf,1.0,0.0,0.0
vary_K,32,4,0.9,0.09999999999999998,0.04999999999999999,873883,155.80030672287532,cdf_exact,cdf,1.0,0.0,0.0
vary_K,32,4,0.9,0.09999999999999998,0.04999999999999999,873883,155.80030672287532,exc_eb,exceedance,1.0,0.0,0.0
vary_K,32,4,0.9,0.09999999999999998,0.04999999999999999,873883,155.80030672287532,exc_bet,exceedance,1.0,0.0,0.0
vary_K,32,4,0.9,0.09999999999999998,0.04999999999999999,873883,155.80030672287532,counts_exact,counts,1.0,0.0,0.0
vary_K,32,4,0.9,0.09999999999999998,0.04999999999999999,873883,155.80030672287532,norm_bet,counts,1.0,0.0,0.0
vary_K,32,4,0.9,0.09999999999999998,0.04999999999999999,1166774,208.01840415281694,cdf_eb,cdf,1.0,0.0,0.0
vary_K,32,4,0.9,0.09999999999999998,0.04999999999999999,1166774,208.01840415281694,cdf_bet,cdf,1.0,0.0,0.0
vary_K,32,4,0.9,0.09999999999999998,0.04999999999999999,1166774,208.01840415281694,cdf_exact,cdf,1.0,0.0,0.0
vary_K,32,4,0.9,0.09999999999999998,0.04999999999999999,1166774,208.01840415281694,exc_eb,exceedance,1.0,0.0,0.0
vary_K,32,4,0.9,0.09999999999999998,0.04999999999999999,1166774,208.01840415281694,exc_bet,exceedance,1.0,0.0,0.0
vary_K,32,4,0.9,0.09999999999999998,0.04999999999999999,1166774,208.01840415281694,counts_exact,counts,1.0,0.0,0.0
vary_K,32,4,0.9,0.09999999999999998,0.04999999999999999,1166774,208.01840415281694,norm_bet,counts,1.0,0.0,0.0
vary_K,32,4,0.9,0.09999999999999998,0.04999999999999999,1557830,277.73785715261295,cdf_eb,cdf,1.0,0.0,0.0
vary_K,32,4,0.9,0.09999999999999998,0.04999999999999999,1557830,277.73785715261295,cdf_bet,cdf,1.0,0.0,0.0
vary_K,32,4,0.9,0.09999999999999998,0.04999999999999999,1557830,277.73785715261295,cdf_exact,cdf,1.0,0.0,0.0
vary_K,32,4,0.9,0.09999999999999998,0.04999999999999999,1557830,277.73785715261295,exc_eb,exceedance,1.0,0.0,0.0
vary_K,32,4,0.9,0.09999999999999998,0.04999999999999999,1557830,277.73785715261295,exc_bet,exceedance,1.0,0.0,0.0
vary_K,32,4,0.9,0.09999999999999998,0.04999999999999999,1557830,277.73785715261295,counts_exact,counts,1.0,0.0,0.0
vary_K,32,4,0.9,0.09999999999999998,0.04999999999999999,1557830,277.73785715261295,norm_bet,counts,1.0,0.0,0.0
vary_K,32,4,0.9,0.09999999999999998,0.04999999999999999,2079953,370.82460165624536,cdf_eb,cdf,1.0,0.0,0.0
vary_K,32,4,0.9,0.09999999999999998,0.04999999999999999,2079953,370.82460165624536,cdf_bet,cdf,1.0,0.0,0.0
vary_K,32,4,0.9,0.09999999999999998,0.04999999999999999,2079953,370.82460165624536,cdf_exact,cdf,1.0,0.0,0.0
vary_K,32,4,0.9,0.09999999999999998,0.04999999999999999,2079953,370.82460165624536,exc_eb,exceedance,1.0,0.0,0.0
vary_K,32,4,0.9,0.09999999999999998,0.04999999999999999,2079953,370.82460165624536,exc_bet,exceedance,1.0,0.0,0.0
vary_K,32,4,0.9,0.09999999999999998,0.04999999999999999,2079953,370.82460165624536,counts_exact,counts,1.0,0.0,0.0
vary_K,32,4,0.9,0.09999999999999998,0.04999999999999999,2079953,370.82460165624536,norm_bet,counts,1.0,0.0,0.0
vary_K,32,4,0.9,0.09999999999999998,0.04999999999999999,2777072,495.1105232525507,cdf_eb,cdf,1.0,0.0,0.0
vary_K,32,4,0.9,0.09999999999999998,0.04999999999999999,2777072,495.1105232525507,cdf_bet,cdf,1.0,0.0,0.0
vary_K,32,4,0.9,0.09999999999999998,0.04999999999999999,2777072,495.1105232525507,cdf_exact,cdf,1.0,0.0,0.0
vary_K,32,4,0.9,0.09999999999999998,0.04999999999999999,2777072,495.1105232525507,exc_eb,exceedance,1.0,0.0,0.0
vary_K,32,4,0.9,0.09999999999999998,0.04999999999999999,2777072,495.1105232525507,exc_bet,exceedance,1.0,0.0,0.0
vary_K,32,4,0.9,0.09999999999999998,0.04999999999999999,2777072,495.1105232525507,counts_exact,counts,1.0,0.0,0.0
vary_K,32,4,0.9,0.09999999999999998,0.04999999999999999,2777072,495.1105232525507,norm_bet,counts,1.0,0.0,0.0
vary_K,32,4,0.9,0.09999999999999998,0.04999999999999999,3707836,661.0518640116802,cdf_eb,cdf,1.0,0.0,0.0
vary_K,32,4,0.9,0.09999999999999998,0.04999999999999999,3707836,661.0518640116802,cdf_bet,cdf,1.0,0.0,0.0
vary_K,32,4,0.9,0.09999999999999998,0.04999999999999999,3707836,661.0518640116802,cdf_exact,cdf,1.0,0.0,0.0
vary_K,32,4,0.9,0.09999999999999998,0.04999999999999999,3707836,661.0518640116802,exc_eb,exceedance,1.0,0.0,0.0
vary_K,32,4,0.9,0.09999999999999998,0.04999999999999999,3707836,661.0518640116802,exc_bet,exceedance,1.0,0.0,0.0
vary_K,32,4,0.9,0.09999999999999998,0.04999999999999999,3707836,661.0518640116802,counts_exact,counts,1.0,0.0,0.0
vary_K,32,4,0.9,0.09999999999999998,0.04999999999999999,3707836,661.0518640116802,norm_bet,counts,1.0,0.0,0.0
vary_K,32,4,0.9,0.09999999999999998,0.04999999999999999,4950557,882.6104856703671,cdf_eb,cdf,1.0,0.0,0.0
vary_K,32,4,0.9,0.09999999999999998,0.04999999999999999,4950557,882.6104856703671,cdf_bet,cdf,1.0,0.0,0.0
vary_K,32,4,0.9,0.09999999999999998,0.04999999999999999,4950557,882.6104856703671,cdf_exact,cdf,1.0,0.0,0.0
vary_K,32,4,0.9,0.09999999999999998,0.04999999999999999,4950557,882.6104856703671,exc_eb,exceedance,1.0,0.0,0.0
vary_K,32,4,0.9,0.09999999999999998,0.04999999999999999,4950557,882.6104856703671,exc_bet,exceedance,1.0,0.0,0.0
vary_K,32,4,0.9,0.09999999999999998,0.04999999999999999,4950557,882.6104856703671,counts_exact,counts,1.0,0.0,0.0
vary_K,32,4,0.9,0.09999999999999998,0.04999999999999999,4950557,882.6104856703671,norm_bet,counts,1.0,0.0,0.0
vary_K,32,4,0.9,0.09999999999999998,0.04999999999999999,6609788,1178.4266289345148,cdf_eb,cdf,1.0,0.0,0.0
vary_K,32,4,0.9,0.09999999999999998,0.04999999999999999,6609788,1178.4266289345148,cdf_bet,cdf,1.0,0.0,0.0
vary_K,32,4,0.9,0.09999999999999998,0.04999999999999999,6609788,1178.4266289345148,cdf_exact,cdf,1.0,0.0,0.0
vary_K,32,4,0.9,0.09999999999999998,0.04999999999999999,6609788,1178.4266289345148,exc_eb,exceedance,1.0,0.0,0.0
vary_K,32,4,0.9,0.09999999999999998,0.04999999999999999,6609788,1178.4266289345148,exc_bet,exceedance,1.0,0.0,0.0
vary_K,32,4,0.9,0.09999999999999998,0.04999999999999999,6609788,1178.4266289345148,counts_exact,counts,1.0,0.0,0.0
vary_K,32,4,0.9,0.09999999999999998,0.04999999999999999,6609788,1178.4266289345148,norm_bet,counts,1.0,0.0,0.0
vary_K,32,4,0.9,0.09999999999999998,0.04999999999999999,8825128,1573.3887136706346,cdf_eb,cdf,1.0,0.0,0.0
vary_K,32,4,0.9,0.09999999999999998,0.04999999999999999,8825128,1573.3887136706346,cdf_bet,cdf,1.0,0.0,0.0
vary_K,32,4,0.9,0.09999999999999998,0.04999999999999999,8825128,1573.3887136706346,cdf_exact,cdf,1.0,0.0,0.0
vary_K,32,4,0.9,0.09999999999999998,0.04999999999999999,8825128,1573.3887136706346,exc_eb,exceedance,1.0,0.0,0.0
vary_K,32,4,0.9,0.09999999999999998,0.04999999999999999,8825128,1573.3887136706346,exc_bet,exceedance,1.0,0.0,0.0
vary_K,32,4,0.9,0.09999999999999998,0.04999999999999999,8825128,1573.3887136706346,counts_exact,counts,1.0,0.0,0.0
vary_K,32,4,0.9,0.09999999999999998,0.04999999999999999,8825128,1573.3887136706346,norm_bet,counts,1.0,0.0,0.0
vary_K,32,4,0.9,0.09999999999999998,0.04999999999999999,11782963,2100.7265841128515,cdf_eb,cdf,1.0,0.0,0.0
vary_K,32,4,0.9,0.09999999999999998,0.04999999999999999,11782963,2100.7265841128515,cdf_bet,cdf,1.0,0.0,0.0
vary_K,32,4,0.9,0.09999999999999998,0.04999999999999999,11782963,2100.7265841128515,cdf_exact,cdf,1.0,0.0,0.0
vary_K,32,4,0.9,0.09999999999999998,0.04999999999999999,11782963,2100.7265841128515,exc_eb,exceedance,1.0,0.0,0.0
vary_K,32,4,0.9,0.09999999999999998,0.04999999999999999,11782963,2100.7265841128515,exc_bet,exceedance,1.0,0.0,0.0
vary_K,32,4,0.9,0.09999999999999998,0.04999999999999999,11782963,2100.7265841128515,counts_exact,counts,1.0,0.0,0.0
vary_K,32,4,0.9,0.09999999999999998,0.04999999999999999,11782963,2100.7265841128515,norm_bet,counts,1.0,0.0,0.0
vary_K,32,4,0.9,0.09999999999999998,0.04999999999999999,15732148,2804.807375597957,cdf_eb,cdf,1.0,0.0,0.0
vary_K,32,4,0.9,0.09999999999999998,0.04999999999999999,15732148,2804.807375597957,cdf_bet,cdf,1.0,0.0,0.0
vary_K,32,4,0.9,0.09999999999999998,0.04999999999999999,15732148,2804.807375597957,cdf_exact,cdf,1.0,0.0,0.0
vary_K,32,4,0.9,0.09999999999999998,0.04999999999999999,15732148,2804.807375597957,exc_eb,exceedance,1.0,0.0,0.0
vary_K,32,4,0.9,0.09999999999999998,0.04999999999999999,15732148,2804.807375597957,exc_bet,exceedance,1.0,0.0,0.0
vary_K,32,4,0.9,0.09999999999999998,0.04999999999999999,15732148,2804.807375597957,counts_exact,counts,1.0,0.0,0.0
vary_K,32,4,0.9,0.09999999999999998,0.04999999999999999,15732148,2804.807375597957,norm_bet,counts,1.0,0.0,0.0
vary_K,32,4,0.9,0.09999999999999998,0.04999999999999999,21004943,3744.8680911478,cdf_eb,cdf,1.0,0.0,0.0
vary_K,32,4,0.9,0.09999999999999998,0.04999999999999999,21004943,3744.8680911478,cdf_bet,cdf,1.0,0.0,0.0
vary_K,32,4,0.9,0.09999999999999998,0.04999999999999999,21004943,3744.8680911478,cdf_exact,cdf,1.0,0.0,0.0
vary_K,32,4,0.9,0.09999999999999998,0.04999999999999999,21004943,3744.8680911478,exc_eb,exceedance,1.0,0.0,0.0
vary_K,32,4,0.9,0.09999999999999998,0.04999999999999999,21004943,3744.8680911478,exc_bet,exceedance,1.0,0.0,0.0
vary_K,32,4,0.9,0.09999999999999998,0.04999999999999999,21004943,3744.8680911478,counts_exact,counts,1.0,0.0,0.0
vary_K,32,4,0.9,0.09999999999999998,0.04999999999999999,21004943,3744.8680911478,norm_bet,counts,1.0,0.0,0.0
vary_K,32,4,0.9,0.09999999999999998,0.04999999999999999,28044970,4999.999917647828,cdf_eb,cdf,1.0,0.0,0.0
vary_K,32,4,0.9,0.09999999999999998,0.04999999999999999,28044970,4999.999917647828,cdf_bet,cdf,1.0,0.0,0.0
vary_K,32,4,0.9,0.09999999999999998,0.04999999999999999,28044970,4999.999917647828,cdf_exact,cdf,1.0,0.0,0.0
vary_K,32,4,0.9,0.09999999999999998,0.04999999999999999,28044970,4999.999917647828,exc_eb,exceedance,1.0,0.0,0.0
vary_K,32,4,0.9,0.09999999999999998,0.04999999999999999,28044970,4999.999917647828,exc_bet,exceedance,1.0,0.0,0.0
vary_K,32,4,0.9,0.09999999999999998,0.04999999999999999,28044970,4999.999917647828,counts_exact,counts,1.0,0.0,0.0
vary_K,32,4,0.9,0.09999999999999998,0.04999999999999999,28044970,4999.999917647828,norm_bet,counts,1.0,0.0,0.0
vary_K,32,8,0.9,0.09999999999999998,0.04999999999999999,130,0.020011629886477242,cdf_eb,cdf,0.0,0.0,1.0
vary_K,32,8,0.9,0.09999999999999998,0.04999999999999999,130,0.020011629886477242,cdf_bet,cdf,0.0,0.0,1.0
vary_K,32,8,0.9,0.09999999999999998,0.04999999999999999,130,0.020011629886477242,cdf_exact,cdf,0.0045,0.015,0.9805
vary_K,32,8,0.9,0.09999999999999998,0.04999999999999999,130,0.020011629886477242,exc_eb,exceedance,0.0,0.0,1.0
vary_K,32,8,0.9,0.09999999999999998,0.04999999999999999,130,0.020011629886477242,exc_bet,exceedance,0.0,0.0,1.0
vary_K,32,8,0.9,0.09999999999999998,0.04999999999999999,130,0.020011629886477242,counts_exact,counts,0.0,0.0,1.0
vary_K,32,8,0.9,0.09999999999999998,0.04999999999999999,130,0.020011629886477242,norm_bet,counts,0.0,0.0,1.0
vary_K,32,8,0.9,0.09999999999999998,0.04999999999999999,173,0.026630861310465867,cdf_eb,cdf,0.0,0.0,1.0
vary_K,32,8,0.9,0.09999999999999998,0.04999999999999999,173,0.026630861310465867,cdf_bet,cdf,0.0,0.0,1.0
vary_K,32,8,0.9,0.09999999999999998,0.04999999999999999,173,0.026630861310465867,cdf_exact,cdf,0.0035,0.022,0.9745
vary_K,32,8,0.9,0.09999999999999998,0.04999999999999999,173,0.026630861310465867,exc_eb,exceedance,0.0,0.0,1.0
vary_K,32,8,0.9,0.09999999999999998,0.04999999999999999,173,0.026630861310465867,exc_bet,exceedance,0.0,0.0,1.0
vary_K,32,8,0.9,0.09999999999999998,0.04999999999999999,173,0.026630861310465867,counts_exact,counts,0.0,0.0,1.0
vary_K,32,8,0.9,0.09999999999999998,0.04999999999999999,173,0.026630861310465867,norm_bet,counts,0.0,0.0,1.0
vary_K,32,8,0.9,0.09999999999999998,0.04999999999999999,232,0.035713062566636304,cdf_eb,cdf,0.0,0.0,1.0
vary_K,32,8,0.9,0.09999999999999998,0.04999999999999999,232,0.035713062566636304,cdf_bet,cdf,0.0,0.0,1.0
vary_K,32,8,0.9,0.09999999999999998,0.04999999999999999,232,0.035713062566636304,cdf_exact,cdf,0.0065,0.0115,0.982
vary_K,32,8,0.9,0.09999999999999998,0.04999999999999999,232,0.035713062566636304,exc_eb,exceedance,0.0,0.0,1.0
vary_K,32,8,0.9,0.09999999999999998,0.04999999999999999,232,0.035713062566636304,exc_bet,exceedance,0.0,0.0,1.0
vary_K,32,8,0.9,0.09999999999999998,0.04999999999999999,232,0.035713062566636304,counts_exact,counts,0.0,0.0,1.0
vary_K,32,8,0.9,0.09999999999999998,0.04999999999999999,232,0.035713062566636304,norm_bet,counts,0.0,0.0,1.0
vary_K,32,8,0.9,0.09999999999999998,0.04999999999999999,309,0.047566104884011286,cdf_eb,cdf,0.0,0.0,1.0
vary_K,32,8,0.9,0.09999999999999998,0.04999999999999999,309,0.047566104884011286,cdf_bet,cdf,0.0,0.0,1.0
vary_K,32,8,0.9,0.09999999999999998,0.04999999999999999,309,0.047566104884011286,cdf_exact,cdf,0.0055,0.012,0.9825
vary_K,32,8,0.9,0.09999999999999998,0.04999999999999999,309,0.047566104884011286,exc_eb,exceedance,0.0,0.0,1.0
vary_K,32,8,0.9,0.09999999999999998,0.04999999999999999,309,0.047566104884011286,exc_bet,exceedance,0.0,0.0,1.0
vary_K,32,8,0.9,0.09999999999999998,0.04999999999999999,309,0.047566104884011286,counts_exact,counts,0.0,0.0,1.0
vary_K,32,8,0.9,0.09999999999999998,0.04999999999999999,309,0.047566104884011286,norm_bet,counts,0.0,0.0,1.0
vary_K,32,8,0.9,0.09999999999999998,0.04999999999999999,413,0.06357540879319308,cdf_eb,cdf,0.0,0.0,1.0
vary_K,32,8,0.9,0.09999999999999998,0.04999999999999999,413,0.06357540879319308,cdf_bet,cdf,0.0,0.0,1.0
vary_K,32,8,0.9,0.09999999999999998,0.04999999999999999,413,0.06357540879319308,cdf_exact,cdf,0.0055,0.011,0.9835
vary_K,32,8,0.9,0.09999999999999998,0.04999999999999999,413,0.06357540879319308,exc_eb,exceedance,0.0,0.0,1.0
vary_K,32,8,0.9,0.09999999999999998,0.04999999999999999,413,0.06357540879319308,exc_bet,exceedance,0.0,0.0,1.0
vary_K,32,8,0.9,0.09999999999999998,0.04999999999999999,413,0.06357540879319308,counts_exact,counts,0.0,0.0,1.0
vary_K,32,8,0.9,0.09999999999999998,0.04999999999999999,413,0.06357540879319308,norm_bet,counts,0.0,0.0,1.0
vary_K,32,8,0.9,0.09999999999999998,0.04999999999999999,551,0.08481852359576122,cdf_eb,cdf,0.0,0.0,1.0
vary_K,32,8,0.9,0.09999999999999998,0.04999999999999999,551,0.08481852359576122,cdf_bet,cdf,0.0,0.0,1.0
vary_K,32,8,0.9,0.09999999999999998,0.04999999999999999,551,0.08481852359576122,cdf_exact,cdf,0.0115,0.0125,0.976
vary_K,32,8,0.9,0.09999999999999998,0.04999999999999999,551,0.08481852359576122,exc_eb,exceedance,0.0,0.0,1.0
vary_K,32,8,0.9,0.09999999999999998,0.04999999999999999,551,0.08481852359576122,exc_bet,exceedance,0.0,0.0,1.0
vary_K,32,8,0.9,0.09999999999999998,0.04999999999999999,551,0.08481852359576122,counts_exact,counts,0.0,0.0,1.0
vary_K,32,8,0.9,0.09999999999999998,0.04999999999999999,551,0.08481852359576122,norm_bet,counts,0.0,0.0,1.0
vary_K,32,8,0.9,0.09999999999999998,0.04999999999999999,736,0.11329661228036346,cdf_eb,cdf,0.0,0.0,1.0
vary_K,32,8,0.9,0.09999999999999998,0.04999999999999999,736,0.11329661228036346,cdf_bet,cdf,0.0,0.0,1.0
vary_K,32,8,0.9,0.09999999999999998,0.04999999999999999,736,0.11329661228036346,cdf_exact,cdf,0.007,0.012,0.981
vary_K,32,8,0.9,0.09999999999999998,0.04999999999999999,736,0.11329661228036346,exc_eb,exceedance,0.0,0.0,1.0
vary_K,32,8,0.9,0.09999999999999998,0.04999999999999999,736,0.11329661228036346,exc_bet,exceedance,0.0,0.0,1.0
vary_K,32,8,0.9,0.09999999999999998,0.04999999999999999,736,0.11329661228036346,counts_exact,counts,0.0,0.0,1.0
vary_K,32,8,0.9,0.09999999999999998,0.04999999999999999,736,0.11329661228036346,norm_bet,counts,0.0,0.0,1.0
vary_K,32,8,0.9,0.09999999999999998,0.04999999999999999,983,0.1513187090646702,cdf_eb,cdf,0.0,0.0,1.0
vary_K,32,8,0.9,0.09999999999999998,0.04999999999999999,983,0.1513187090646702,cdf_bet,cdf,0.0,0.0,1.0
vary_K,32,8,0.9,0.09999999999999998,0.04999999999999999,983,0.1513187090646702,cdf_exact,cdf,0.01,0.0125,0.9775
vary_K,32,8,0.9,0.09999999999999998,0.04999999999999999,983,0.1513187090646702,exc_eb,exceedance,0.0,0.0,1.0
vary_K,32,8,0.9,0.09999999999999998,0.04999999999999999,983,0.1513187090646702,exc_bet,exceedance,0.0,0.0,1.0
vary_K,32,8,0.9,0.09999999999999998,0.04999999999999999,983,0.1513187090646702,counts_exact,counts,0.0,0.0,1.0
vary_K,32,8,0.9,0.09999999999999998,0.04999999999999999,983,0.1513187090646702,norm_bet,counts,0.0,0.0,1.0
vary_K,32,8,0.9,0.09999999999999998,0.04999999999999999,1312,0.20196352623890876,cdf_eb,cdf,0.0,0.0,1.0
vary_K,32,8,0.9,0.09999999999999998,0.04999999999999999,1312,0.20196352623890876,cdf_bet,cdf,0.0,0.0,1.0
vary_K,32,8,0.9,0.09999999999999998,0.04999999999999999,1312,0.20196352623890876,cdf_exact,cdf,0.0085,0.009,0.9825
vary_K,32,8,0.9,0.09999999999999998,0.04999999999999999,1312,0.20196352623890876,exc_eb,exceedance,0.0,0.0,1.0
vary_K,32,8,0.9,0.09999999999999998,0.04999999999999999,1312,0.20196352623890876,exc_bet,exceedance,0.0,0.0,1.0
vary_K,32,8,0.9,0.09999999999999998,0.04999999999999999,1312,0.20196352623890876,counts_exact,counts,0.0065,0.0,0.9935
vary_K,32,8,0.9,0.09999999999999998,0.04999999999999999,1312,0.20196352623890876,norm_bet,counts,0.0,0.0,1.0
vary_K,32,8,0.9,0.09999999999999998,0.04999999999999999,1752,0.2696951966239087,cdf_eb,cdf,0.0,0.0,1.0
vary_K,32,8,0.9,0.09999999999999998,0.04999999999999999,1752,0.2696951966239087,cdf_bet,cdf,0.0,0.0,1.0
vary_K,32,8,0.9,0.09999999999999998,0.04999999999999999,1752,0.2696951966239087,cdf_exact,cdf,0.019,0.012,0.969
vary_K,32,8,0.9,0.09999999999999998,0.04999999999999999,1752,0.2696951966239087,exc_eb,exceedance,0.0,0.0,1.0
vary_K,32,8,0.9,0.09999999999999998,0.04999999999999999,1752,0.2696951966239087,exc_bet,exceedance,0.0,0.0,1.0
vary_K,32,8,0.9,0.09999999999999998,0.04999999999999999,1752,0.2696951966239087,counts_exact,counts,0.0435,0.0005,0.956
vary_K,32,8,0.9,0.09999999999999998,0.04999999999999999,1752,0.2696951966239087,norm_bet,counts,0.0,0.0,1.0
vary_K,32,8,0.9,0.09999999999999998,0.04999999999999999,2339,0.36005540234207895,cdf_eb,cdf,0.0,0.0,1.0
vary_K,32,8,0.9,0.09999999999999998,0.04999999999999999,2339,0.36005540234207895,cdf_bet,cdf,0.0,0.0,1.0
vary_K,32,8,0.9,0.09999999999999998,0.04999999999999999,2339,0.36005540234207895,cdf_exact,cdf,0.014,0.005,0.981
vary_K,32,8,0.9,0.09999999999999998,0.04999999999999999,2339,0.36005540234207895,exc_eb,exceedance,0.0,0.0,1.0
vary_K,32,8,0.9,0.09999999999999998,0.04999999999999999,2339,0.36005540234207895,exc_bet,exceedance,0.0,0.0,1.0
vary_K,32,8,0.9,0.09999999999999998,0.04999999999999999,2339,0.36005540234207895,counts_exact,counts,0.104,0.0,0.896
vary_K,32,8,0.9,0.09999999999999998,0.04999999999999999,2339,0.36005540234207895,norm_bet,counts,0.0,0.0,1.0
vary_K,32,8,0.9,0.09999999999999998,0.04999999999999999,3123,0.48074092411898783,cdf_eb,cdf,0.0,0.0,1.0
vary_K,32,8,0.9,0.09999999999999998,0.04999999999999999,3123,0.48074092411898783,cdf_bet,cdf,0.0,0.0,1.0
vary_K,32,8,0.9,0.09999999999999998,0.04999999999999999,3123,0.48074092411898783,cdf_exact,cdf,0.025,0.0035,0.9715
vary_K,32,8,0.9,0.09999999999999998,0.04999999999999999,3123,0.48074092411898783,exc_eb,exceedance,0.0,0.0,1.0
vary_K,32,8,0.9,0.09999999999999998,0.04999999999999999,3123,0.48074092411898783,exc_bet,exceedance,0.0,0.0,1.0
vary_K,32,8,0.9,0.09999999999999998,0.04999999999999999,3123,0.48074092411898783,counts_exact,counts,0.1635,0.0,0.8365
vary_K,32,8,0.9,0.09999999999999998,0.04999999999999999,3123,0.48074092411898783,norm_bet,counts,0.001,0.0,0.999
vary_K,32,8,0.9,0.09999999999999998,0.04999999999999999,4170,0.6419115125123853,cdf_eb,cdf,0.0,0.0,1.0
vary_K,32,8,0.9,0.09999999999999998,0.04999999999999999,4170,0.6419115125123853,cdf_bet,cdf,0.0,0.0,1.0
vary_K,32,8,0.9,0.09999999999999998,0.04999999999999999,4170,0.6419115125123853,cdf_exact,cdf,0.023,0.0025,0.9745
vary_K,32,8,0.9,0.09999999999999998,0.04999999999999999,4170,0.6419115125123853,exc_eb,exceedance,0.0,0.0,1.0
vary_K,32,8,0.9,0.09999999999999998,0.04999999999999999,4170,0.6419115125123853,exc_bet,exceedance,0.0115,0.0,0.9885
vary_K,32,8,0.9,0.09999999999999998,0.04999999999999999,4170,0.6419115125123853,counts_exact,counts,0.2585,0.0005,0.741
vary_K,32,8,0.9,0.09999999999999998,0.04999999999999999,4170,0.6419115125123853,norm_bet,counts,0.0205,0.0,0.9795
vary_K,32,8,0.9,0.09999999999999998,0.04999999999999999,5567,0.85695956598476,cdf_eb,cdf,0.0,0.0,1.0
vary_K,32,8,0.9,0.09999999999999998,0.04999999999999999,5567,0.85695956598476,cdf_bet,cdf,0.0,0.0,1.0
vary_K,32,8,0.9,0.09999999999999998,0.04999999999999999,5567,0.85695956598476,cdf_exact,cdf,0.0315,0.008,0.9605
vary_K,32,8,0.9,0.09999999999999998,0.04999999999999999,5567,0.85695956598476,exc_eb,exceedance,0.0,0.0,1.0
vary_K,32,8,0.9,0.09999999999999998,0.04999999999999999,5567,0.85695956598476,exc_bet,exceedance,0.1365,0.0,0.8635
vary_K,32,8,0.9,0.09999999999999998,0.04999999999999999,5567,0.85695956598476,counts_exact,counts,0.4085,0.0,0.5915
vary_K,32,8,0.9,0.09999999999999998,0.04999999999999999,5567,0.85695956598476,norm_bet,counts,0.0915,0.0,0.9085
vary_K,32,8,0.9,0.09999999999999998,0.04999999999999999,7433,1.144203422662964,cdf_eb,cdf,0.0,0.0,1.0
vary_K,32,8,0.9,0.09999999999999998,0.04999999999999999,7433,1.144203422662964,cdf_bet,cdf,0.0,0.0,1.0
vary_K,32,8,0.9,0.09999999999999998,0.04999999999999999,7433,1.144203422662964,cdf_exact,cdf,0.048,0.0015,0.9505
vary_K,32,8,0.9,0.09999999999999998,0.04999999999999999,7433,1.144203422662964,exc_eb,exceedance,0.003,0.0,0.997
vary_K,32,8,0.9,0.09999999999999998,0.04999999999999999,7433,1.144203422662964,exc_bet,exceedance,0.286,0.0,0.714
vary_K,32,8,0.9,0.09999999999999998,0.04999999999999999,7433,1.144203422662964,counts_exact,counts,0.5725,0.0,0.4275
vary_K,32,8,0.9,0.09999999999999998,0.04999999999999999,7433,1.144203422662964,norm_bet,counts,0.248,0.0,0.752
vary_K,32,8,0.9,0.09999999999999998,0.04999999999999999,9924,1.5276570384107702,cdf_eb,cdf,0.0005,0.0,0.9995
vary_K,32,8,0.9,0.09999999999999998,0.04999999999999999,9924,1.5276570384107702,cdf_bet,cdf,0.0,0.0,1.0
vary_K,32,8,0.9,0.09999999999999998,0.04999999999999999,9924,1.5276570384107702,cdf_exact,cdf,0.0565,0.0015,0.942
vary_K,32,8,0.9,0.09999999999999998,0.04999999999999999,9924,1.5276570384107702,exc_eb,exceedance,0.0125,0.0,0.9875
vary_K,32,8,0.9,0.09999999999999998,0.04999999999999999,9924,1.5276570384107702,exc_bet,exceedance,0.4155,0.0,0.5845
vary_K,32,8,0.9,0.09999999999999998,0.04999999999999999,9924,1.5276570384107702,counts_exact,counts,0.738,0.0,0.262
vary_K,32,8,0.9,0.09999999999999998,0.04999999999999999,9924,1.5276570384107702,norm_bet,counts,0.4475,0.0,0.5525
vary_K,32,8,0.9,0.09999999999999998,0.04999999999999999,13250,2.039646892275565,cdf_eb,cdf,0.0005,0.0,0.9995
vary_K,32,8,0.9,0.09999999999999998,0.04999999999999999,13250,2.039646892275565,cdf_bet,cdf,0.0005,0.0,0.9995
vary_K,32,8,0.9,0.09999999999999998,0.04999999999999999,13250,2.039646892275565,cdf_exact,cdf,0.079,0.0015,0.9195
vary_K,32,8,0.9,0.09999999999999998,0.04999999999999999,13250,2.039646892275565,exc_eb,exceedance,0.0785,0.0,0.9215
vary_K,32,8,0.9,0.09999999999999998,0.04999999999999999,13250,2.039646892275565,exc_bet,exceedance,0.6655,0.0,0.3345
vary_K,32,8,0.9,0.09999999999999998,0.04999999999999999,13250,2.039646892275565,counts_exact,counts,0.8945,0.0,0.1055
vary_K,32,8,0.9,0.09999999999999998,0.04999999999999999,13250,2.039646892275565,norm_bet,counts,0.6775,0.0,0.3225
vary_K,32,8,0.9,0.09999999999999998,0.04999999999999999,17691,2.72327495632053,cdf_eb,cdf,0.0025,0.0,0.9975
vary_K,32,8,0.9,0.09999999999999998,0.04999999999999999,17691,2.72327495632053,cdf_bet,cdf,0.0005,0.0,0.9995
vary_K,32,8,0.9,0.09999999999999998,0.04999999999999999,17691,2.72327495632053,cdf_exact,cdf,0.102,0.001,0.897
vary_K,32,8,0.9,0.09999999999999998,0.04999999999999999,17691,2.72327495632053,exc_eb,exceedance,0.3005,0.0,0.6995
vary_K,32,8,0.9,0.09999999999999998,0.04999999999999999,17691,2.72327495632053,exc_bet,exceedance,0.835,0.0,0.165
vary_K,32,8,0.9,0.09999999999999998,0.04999999999999999,17691,2.72327495632053,counts_exact,counts,0.9735,0.0,0.0265
vary_K,32,8,0.9,0.09999999999999998,0.04999999999999999,17691,2.72327495632053,norm_bet,counts,0.8465,0.0,0.1535
vary_K,32,8,0.9,0.09999999999999998,0.04999999999999999,23621,3.6361131503729145,cdf_eb,cdf,0.004,0.0,0.996
vary_K,32,8,0.9,0.09999999999999998,0.04999999999999999,23621,3.6361131503729145,cdf_bet,cdf,0.0035,0.0,0.9965
vary_K,32,8,0.9,0.09999999999999998,0.04999999999999999,23621,3.6361131503729145,cdf_exact,cdf,0.141,0.0,0.859
vary_K,32,8,0.9,0.09999999999999998,0.04999999999999999,23621,3.6361131503729145,exc_eb,exceedance,0.677,0.0,0.323
vary_K,32,8,0.9,0.09999999999999998,0.04999999999999999,23621,3.6361131503729145,exc_bet,exceedance,0.928,0.0,0.072
vary_K,32,8,0.9,0.09999999999999998,0.04999999999999999,23621,3.6361131503729145,counts_exact,counts,0.997,0.0,0.003
vary_K,32,8,0.9,0.09999999999999998,0.04999999999999999,23621,3.6361131503729145,norm_bet,counts,0.9455,0.0,0.0545
vary_K,32,8,0.9,0.09999999999999998,0.04999999999999999,31537,4.8546674748448675,cdf_eb,cdf,0.007,0.0,0.993
vary_K,32,8,0.9,0.09999999999999998,0.04999999999999999,31537,4.8546674748448675,cdf_bet,cdf,0.004,0.0,0.996
vary_K,32,8,0.9,0.09999999999999998,0.04999999999999999,31537,4.8546674748448675,cdf_exact,cdf,0.199,0.0005,0.8005
vary_K,32,8,0.9,0.09999999999999998,0.04999999999999999,31537,4.8546674748448675,exc_eb,exceedance,0.9275,0.0,0.0725
vary_K,32,8,0.9,0.09999999999999998,0.04999999999999999,31537,4.8546674748448675,exc_bet,exceedance,0.9815,0.0,0.0185
vary_K,32,8,0.9,0.09999999999999998,0.04999999999999999,31537,4.8546674748448675,counts_exact,counts,1.0,0.0,0.0
vary_K,32,8,0.9,0.09999999999999998,0.04999999999999999,31537,4.8546674748448675,norm_bet,counts,0.99,0.0,0.01
vary_K,32,8,0.9,0.09999999999999998,0.04999999999999999,42108,6.481920855844489,cdf_eb,cdf,0.028,0.0,0.972
vary_K,32,8,0.9,0.09999999999999998,0.04999999999999999,42108,6.481920855844489,cdf_bet,cdf,0.011,0.0,0.989
vary_K,32,8,0.9,0.09999999999999998,0.04999999999999999,42108,6.481920855844489,cdf_exact,cdf,0.284,0.0,0.716
vary_K,32,8,0.9,0.09999999999999998,0.04999999999999999,42108,6.481920855844489,exc_eb,exceedance,0.9905,0.0,0.0095
vary_K,32,8,0.9,0.09999999999999998,0.04999999999999999,42108,6.481920855844489,exc_bet,exceedance,0.9985,0.0,0.0015
vary_K,32,8,0.9,0.09999999999999998,0.04999999999999999,42108,6.481920855844489,counts_exact,counts,1.0,0.0,0.0
vary_K,32,8,0.9,0.09999999999999998,0.04999999999999999,42108,6.481920855844489,norm_bet,counts,0.9995,0.0,0.0005
vary_K,32,8,0.9,0.09999999999999998,0.04999999999999999,56220,8.65426024782885,cdf_eb,cdf,0.06,0.0,0.94
vary_K,32,8,0.9,0.09999999999999998,0.04999999999999999,56220,8.65426024782885,cdf_bet,cdf,0.028,0.0,0.972
vary_K,32,8,0.9,0.09999999999999998,0.04999999999999999,56220,8.65426024782885,cdf_exact,cdf,0.3855,0.0,0.6145
vary_K,32,8,0.9,0.09999999999999998,0.04999999999999999,56220,8.65426024782885,exc_eb,exceedance,1.0,0.0,0.0
vary_K,32,8,0.9,0.09999999999999998,0.04999999999999999,56220,8.65426024782885,exc_bet,exceedance,1.0,0.0,0.0
vary_K,32,8,0.9,0.09999999999999998,0.04999999999999999,56220,8.65426024782885,counts_exact,counts,1.0,0.0,0.0
vary_K,32,8,0.9,0.09999999999999998,0.04999999999999999,56220,8.65426024782885,norm_bet,counts,1.0,0.0,0.0
vary_K,32,8,0.9,0.09999999999999998,0.04999999999999999,75063,11.55486903206647,cdf_eb,cdf,0.126,0.0,0.874
vary_K,32,8,0.9,0.09999999999999998,0.04999999999999999,75063,11.55486903206647,cdf_bet,cdf,0.061,0.0,0.939
vary_K,32,8,0.9,0.09999999999999998,0.04999999999999999,75063,11.55486903206647,cdf_exact,cdf,0.503,0.0,0.497
vary_K,32,8,0.9,0.09999999999999998,0.04999999999999999,75063,11.55486903206647,exc_eb,exceedance,1.0,0.0,0.0
vary_K,32,8,0.9,0.09999999999999998,0.04999999999999999,75063,11.55486903206647,exc_bet,exceedance,1.0,0.0,0.0
vary_K,32,8,0.9,0.09999999999999998,0.04999999999999999,75063,11.55486903206647,counts_exact,counts,1.0,0.0,0.0
vary_K,32,8,0.9,0.09999999999999998,0.04999999999999999,75063,11.55486903206647,norm_bet,counts,1.0,0.0,0.0
vary_K,32,8,0.9,0.09999999999999998,0.04999999999999999,100222,15.427735157557862,cdf_eb,cdf,0.2105,0.0,0.7895
vary_K,32,8,0.9,0.09999999999999998,0.04999999999999999,100222,15.427735157557862,cdf_bet,cdf,0.1115,0.0,0.8885
vary_K,32,8,0.9,0.09999999999999998,0.04999999999999999,100222,15.427735157557862,cdf_exact,cdf,0.673,0.0,0.327
vary_K,32,8,0.9,0.09999999999999998,0.04999999999999999,100222,15.427735157557862,exc_eb,exceedance,1.0,0.0,0.0
vary_K,32,8,0.9,0.09999999999999998,0.04999999999999999,100222,15.427735157557862,exc_bet,exceedance,1.0,0.0,0.0
vary_K,32,8,0.9,0.09999999999999998,0.04999999999999999,100222,15.427735157557862,counts_exact,counts,1.0,0.0,0.0
vary_K,32,8,0.9,0.09999999999999998,0.04999999999999999,100222,15.427735157557862,norm_bet,counts,1.0,0.0,0.0
vary_K,32,8,0.9,0.09999999999999998,0.04999999999999999,133812,20.598432448994558,cdf_eb,cdf,0.4025,0.0,0.5975
vary_K,32,8,0.9,0.09999999999999998,0.04999999999999999,133812,20.598432448994558,cdf_bet,cdf,0.238,0.0,0.762
vary_K,32,8,0.9,0.09999999999999998,0.04999999999999999,133812,20.598432448994558,cdf_exact,cdf,0.8175,0.0,0.1825
vary_K,32,8,0.9,0.09999999999999998,0.04999999999999999,133812,20.598432448994558,exc_eb,exceedance,1.0,0.0,0.0
vary_K,32,8,0.9,0.09999999999999998,0.04999999999999999,133812,20.598432448994558,exc_bet,exceedance,1.0,0.0,0.0
vary_K,32,8,0.9,0.09999999999999998,0.04999999999999999,133812,20.598432448994558,counts_exact,counts,1.0,0.0,0.0
vary_K,32,8,0.9,0.09999999999999998,0.04999999999999999,133812,20.598432448994558,norm_bet,counts,1.0,0.0,0.0
vary_K,32,8,0.9,0.09999999999999998,0.04999999999999999,178660,27.502136888600184,cdf_eb,cdf,0.6195,0.0,0.3805
vary_K,32,8,0.9,0.09999999999999998,0.04999999999999999,178660,27.502136888600184,cdf_bet,cdf,0.431,0.0,0.569
vary_K,32,8,0.9,0.09999999999999998,0.04999999999999999,178660,27.502136888600184,cdf_exact,cdf,0.9245,0.0,0.0755
vary_K,32,8,0.9,0.09999999999999998,0.04999999999999999,178660,27.502136888600184,exc_eb,exceedance,1.0,0.0,0.0
vary_K,32,8,0.9,0.09999999999999998,0.04999999999999999,178660,27.502136888600184,exc_bet,exceedance,1.0,0.0,0.0
vary_K,32,8,0.9,0.09999999999999998,0.04999999999999999,178660,27.502136888600184,counts_exact,counts,1.0,0.0,0.0
vary_K,32,8,0.9,0.09999999999999998,0.04999999999999999,178660,27.502136888600184,norm_bet,counts,1.0,0.0,0.0
vary_K,32,8,0.9,0.09999999999999998,0.04999999999999999,238540,36.71980148554062,cdf_eb,cdf,0.8235,0.0,0.1765
vary_K,32,8,0.9,0.09999999999999998,0.04999999999999999,238540,36.71980148554062,cdf_bet,cdf,0.68,0.0,0.32
vary_K,32,8,0.9,0.09999999999999998,0.04999999999999999,238540,36.71980148554062,cdf_exact,cdf,0.9735,0.0,0.0265
vary_K,32,8,0.9,0.09999999999999998,0.04999999999999999,238540,36.71980148554062,exc_eb,exceedance,1.0,0.0,0.0
vary_K,32,8,0.9,0.09999999999999998,0.04999999999999999,238540,36.71980148554062,exc_bet,exceedance,1.0,0.0,0.0
vary_K,32,8,0.9,0.09999999999999998,0.04999999999999999,238540,36.71980148554062,counts_exact,counts,1.0,0.0,0.0
vary_K,32,8,0.9,0.09999999999999998,0.04999999999999999,238540,36.71980148554062,norm_bet,counts,1.0,0.0,0.0
vary_K,32,8,0.9,0.09999999999999998,0.04999999999999999,318489,49.02679993010961,cdf_eb,cdf,0.945,0.0,0.055
vary_K,32,8,0.9,0.09999999999999998,0.04999999999999999,318489,49.02679993010961,cdf_bet,cdf,0.869,0.0,0.131
vary_K,32,8,0.9,0.09999999999999998,0.04999999999999999,318489,49.02679993010961,cdf_exact,cdf,0.9955,0.0,0.0045
vary_K,32,8,0.9,0.09999999999999998,0.04999999999999999,318489,49.02679993010961,exc_eb,exceedance,1.0,0.0,0.0
vary_K,32,8,0.9,0.09999999999999998,0.04999999999999999,318489,49.02679993010961,exc_bet,exceedance,1.0,0.0,0.0
vary_K,32,8,0.9,0.09999999999999998,0.04999999999999999,318489,49.02679993010961,counts_exact,counts,1.0,0.0,0.0
vary_K,32,8,0.9,0.09999999999999998,0.04999999999999999,318489,49.02679993010961,norm_bet,counts,1.0,0.0,0.0
vary_K,32,8,0.9,0.09999999999999998,0.04999999999999999,425235,65.4588110367396,cdf_eb,cdf,0.9925,0.0,0.0075
vary_K,32,8,0.9,0.09999999999999998,0.04999999999999999,425235,65.4588110367396,cdf_bet,cdf,0.977,0.0,0.023
vary_K,32,8,0.9,0.09999999999999998,0.04999999999999999,425235,65.4588110367396,cdf_exact,cdf,0.9995,0.0,0.0005
vary_K,32,8,0.9,0.09999999999999998,0.04999999999999999,425235,65.4588110367396,exc_eb,exceedance,1.0,0.0,0.0
vary_K,32,8,0.9,0.09999999999999998,0.04999999999999999,425235,65.4588110367396,exc_bet,exceedance,1.0,0.0,0.0
vary_K,32,8,0.9,0.09999999999999998,0.04999999999999999,425235,65.4588110367396,counts_exact,counts,1.0,0.0,0.0
vary_K,32,8,0.9,0.09999999999999998,0.04999999999999999,425235,65.4588110367396,norm_bet,counts,1.0,0.0,0.0
vary_K,32,8,0.9,0.09999999999999998,0.04999999999999999,567756,87.39786875251363,cdf_eb,cdf,1.0,0.0,0.0
vary_K,32,8,0.9,0.09999999999999998,0.04999999999999999,567756,87.39786875251363,cdf_bet,cdf,0.998,0.0,0.002
vary_K,32,8,0.9,0.09999999999999998,0.04999999999999999,567756,87.39786875251363,cdf_exact,cdf,1.0,0.0,0.0
vary_K,32,8,0.9,0.09999999999999998,0.04999999999999999,567756,87.39786875251363,exc_eb,exceedance,1.0,0.0,0.0
vary_K,32,8,0.9,0.09999999999999998,0.04999999999999999,567756,87.39786875251363,exc_bet,exceedance,1.0,0.0,0.0
vary_K,32,8,0.9,0.09999999999999998,0.04999999999999999,567756,87.39786875251363,counts_exact,counts,1.0,0.0,0.0
vary_K,32,8,0.9,0.09999999999999998,0.04999999999999999,567756,87.39786875251363,norm_bet,counts,1.0,0.0,0.0
vary_K,32,8,0.9,0.09999999999999998,0.04999999999999999,758046,116.69027683788097,cdf_eb,cdf,1.0,0.0,0.0
vary_K,32,8,0.9,0.09999999999999998,0.04999999999999999,758046,116.69027683788097,cdf_bet,cdf,1.0,0.0,0.0
vary_K,32,8,0.9,0.09999999999999998,0.04999999999999999,758046,116.69027683788097,cdf_exact,cdf,1.0,0.0,0.0
vary_K,32,8,0.9,0.09999999999999998,0.04999999999999999,758046,116.69027683788097,exc_eb,exceedance,1.0,0.0,0.0
vary_K,32,8,0.9,0.09999999999999998,0.04999999999999999,758046,116.69027683788097,exc_bet,exceedance,1.0,0.0,0.0
vary_K,32,8,0.9,0.09999999999999998,0.04999999999999999,758046,116.69027683788097,counts_exact,counts,1.0,0.0,0.0
vary_K,32,8,0.9,0.09999999999999998,0.04999999999999999,758046,116.69027683788097,norm_bet,counts,1.0,0.0,0.0
vary_K,32,8,0.9,0.09999999999999998,0.04999999999999999,1012113,155.80023660993953,cdf_eb,cdf,1.0,0.0,0.0
vary_K,32,8,0.9,0.09999999999999998,0.04999999999999999,1012113,155.80023660993953,cdf_bet,cdf,1.0,0.0,0.0
vary_K,32,8,0.9,0.09999999999999998,0.04999999999999999,1012113,155.80023660993953,cdf_exact,cdf,1.0,0.0,0.0
vary_K,32,8,0.9,0.09999999999999998,0.04999999999999999,1012113,155.80023660993953,exc_eb,exceedance,1.0,0.0,0.0
vary_K,32,8,0.9,0.09999999999999998,0.04999999999999999,1012113,155.80023660993953,exc_bet,exceedance,1.0,0.0,0.0
vary_K,32,8,0.9,0.09999999999999998,0.04999999999999999,1012113,155.80023660993953,counts_exact,counts,1.0,0.0,0.0
vary_K,32,8,0.9,0.09999999999999998,0.04999999999999999,1012113,155.80023660993953,norm_bet,counts,1.0,0.0,0.0
vary_K,32,8,0.9,0.09999999999999998,0.04999999999999999,1351333,208.01827576448423,cdf_eb,cdf,1.0,0.0,0.0
vary_K,32,8,0.9,0.09999999999999998,0.04999999999999999,1351333,208.01827576448423,cdf_bet,cdf,1.0,0.0,0.0
vary_K,32,8,0.9,0.09999999999999998,0.04999999999999999,1351333,208.01827576448423,cdf_exact,cdf,1.0,0.0,0.0
vary_K,32,8,0.9,0.09999999999999998,0.04999999999999999,1351333,208.01827576448423,exc_eb,exceedance,1.0,0.0,0.0
vary_K,32,8,0.9,0.09999999999999998,0.04999999999999999,1351333,208.01827576448423,exc_bet,exceedance,1.0,0.0,0.0
vary_K,32,8,0.9,0.09999999999999998,0.04999999999999999,1351333,208.01827576448423,counts_exact,counts,1.0,0.0,0.0
vary_K,32,8,0.9,0.09999999999999998,0.04999999999999999,1351333,208.01827576448423,norm_bet,counts,1.0,0.0,0.0
vary_K,32,8,0.9,0.09999999999999998,0.04999999999999999,1804247,277.73787067528383,cdf_eb,cdf,1.0,0.0,0.0
vary_K,32,8,0.9,0.09999999999999998,0.04999999999999999,1804247,277.73787067528383,cdf_bet,cdf,1.0,0.0,0.0
vary_K,32,8,0.9,0.09999999999999998,0.04999999999999999,1804247,277.73787067528383,cdf_exact,cdf,1.0,0.0,0.0
vary_K,32,8,0.9,0.09999999999999998,0.04999999999999999,1804247,277.73787067528383,exc_eb,exceedance,1.0,0.0,0.0
vary_K,32,8,0.9,0.09999999999999998,0.04999999999999999,1804247,277.73787067528383,exc_bet,exceedance,1.0,0.0,0.0
vary_K,32,8,0.9,0.09999999999999998,0.04999999999999999,1804247,277.73787067528383,counts_exact,counts,1.0,0.0,0.0
vary_K,32,8,0.9,0.09999999999999998,0.04999999999999999,1804247,277.73787067528383,norm_bet,counts,1.0,0.0,0.0
vary_K,32,8,0.9,0.09999999999999998,0.04999999999999999,2408959,370.82458399767944,cdf_eb,cdf,1.0,0.0,0.0
vary_K,32,8,0.9,0.09999999999999998,0.04999999999999999,2408959,370.82458399767944,cdf_bet,cdf,1.0,0.0,0.0
vary_K,32,8,0.9,0.09999999999999998,0.04999999999999999,2408959,370.82458399767944,cdf_exact,cdf,1.0,0.0,0.0
vary_K,32,8,0.9,0.09999999999999998,0.04999999999999999,2408959,370.82458399767944,exc_eb,exceedance,1.0,0.0,0.0
vary_K,32,8,0.9,0.09999999999999998,0.04999999999999999,2408959,370.82458399767944,exc_bet,exceedance,1.0,0.0,0.0
vary_K,32,8,0.9,0.09999999999999998,0.04999999999999999,2408959,370.82458399767944,counts_exact,counts,1.0,0.0,0.0
vary_K,32,8,0.9,0.09999999999999998,0.04999999999999999,2408959,370.82458399767944,norm_bet,counts,1.0,0.0,0.0
vary_K,32,8,0.9,0.09999999999999998,0.04999999999999999,3216348,495.11050586239463,cdf_eb,cdf,1.0,0.0,0.0
vary_K,32,8,0.9,0.09999999999999998,0.04999999999999999,3216348,495.11050586239463,cdf_bet,cdf,1.0,0.0,0.0
vary_K,32,8,0.9,0.09999999999999998,0.04999999999999999,3216348,495.11050586239463,cdf_exact,cdf,1.0,0.0,0.0
vary_K,32,8,0.9,0.09999999999999998,0.04999999999999999,3216348,495.11050586239463,exc_eb,exceedance,1.0,0.0,0.0
vary_K,32,8,0.9,0.09999999999999998,0.04999999999999999,3216348,495.11050586239463,exc_bet,exceedance,1.0,0.0,0.0
vary_K,32,8,0.9,0.09999999999999998,0.04999999999999999,3216348,495.11050586239463,counts_exact,counts,1.0,0.0,0.0
vary_K,32,8,0.9,0.09999999999999998,0.04999999999999999,3216348,495.11050586239463,norm_bet,counts,1.0,0.0,0.0
vary_K,32,8,0.9,0.09999999999999998,0.04999999999999999,4294340,661.0518668207283,cdf_eb,cdf,1.0,0.0,0.0
vary_K,32,8,0.9,0.09999999999999998,0.04999999999999999,4294340,661.0518668207283,cdf_bet,cdf,1.0,0.0,0.0
vary_K,32,8,0.9,0.09999999999999998,0.04999999999999999,4294340,661.0518668207283,cdf_exact,cdf,1.0,0.0,0.0
vary_K,32,8,0.9,0.09999999999999998,0.04999999999999999,4294340,661.0518668207283,exc_eb,exceedance,1.0,0.0,0.0
vary_K,32,8,0.9,0.09999999999999998,0.04999999999999999,4294340,661.0518668207283,exc_bet,exceedance,1.0,0.0,0.0
vary_K,32,8,0.9,0.09999999999999998,0.04999999999999999,4294340,661.0518668207283,counts_exact,counts,1.0,0.0,0.0
vary_K,32,8,0.9,0.09999999999999998,0.04999999999999999,4294340,661.0518668207283,norm_bet,counts,1.0,0.0,0.0
vary_K,32,8,0.9,0.09999999999999998,0.04999999999999999,5733634,882.6104731732465,cdf_eb,cdf,1.0,0.0,0.0
vary_K,32,8,0.9,0.09999999999999998,0.04999999999999999,5733634,882.6104731732465,cdf_bet,cdf,1.0,0.0,0.0
vary_K,32,8,0.9,0.09999999999999998,0.04999999999999999,5733634,882.6104731732465,cdf_exact,cdf,1.0,0.0,0.0
vary_K,32,8,0.9,0.09999999999999998,0.04999999999999999,5733634,882.6104731732465,exc_eb,exceedance,1.0,0.0,0.0
vary_K,32,8,0.9,0.09999999999999998,0.04999999999999999,5733634,882.6104731732465,exc_bet,exceedance,1.0,0.0,0.0
vary_K,32,8,0.9,0.09999999999999998,0.04999999999999999,5733634,882.6104731732465,counts_exact,counts,1.0,0.0,0.0
vary_K,32,8,0.9,0.09999999999999998,0.04999999999999999,5733634,882.6104731732465,norm_bet,counts,1.0,0.0,0.0
vary_K,32,8,0.9,0.09999999999999998,0.04999999999999999,7655322,1178.4266963523594,cdf_eb,cdf,1.0,0.0,0.0
vary_K,32,8,0.9,0.09999999999999998,0.04999999999999999,7655322,1178.4266963523594,cdf_bet,cdf,1.0,0.0,0.0
vary_K,32,8,0.9,0.09999999999999998,0.04999999999999999,7655322,1178.4266963523594,cdf_exact,cdf,1.0,0.0,0.0
vary_K,32,8,0.9,0.09999999999999998,0.04999999999999999,7655322,1178.4266963523594,exc_eb,exceedance,1.0,0.0,0.0
vary_K,32,8,0.9,0.09999999999999998,0.04999999999999999,7655322,1178.4266963523594,exc_bet,exceedance,1.0,0.0,0.0
vary_K,32,8,0.9,0.09999999999999998,0.04999999999999999,7655322,1178.4266963523594,counts_exact,counts,1.0,0.0,0.0
vary_K,32,8,0.9,0.09999999999999998,0.04999999999999999,7655322,1178.4266963523594,norm_bet,counts,1.0,0.0,0.0
vary_K,32,8,0.9,0.09999999999999998,0.04999999999999999,10221084,1573.388846512264,cdf_eb,cdf,1.0,0.0,0.0
vary_K,32,8,0.9,0.09999999999999998,0.04999999999999999,10221084,1573.388846512264,cdf_bet,cdf,1.0,0.0,0.0
vary_K,32,8,0.9,0.09999999999999998,0.04999999999999999,10221084,1573.388846512264,cdf_exact,cdf,1.0,0.0,0.0
vary_K,32,8,0.9,0.09999999999999998,0.04999999999999999,10221084,1573.388846512264,exc_eb,exceedance,1.0,0.0,0.0
vary_K,32,8,0.9,0.09999999999999998,0.04999999999999999,10221084,1573.388846512264,exc_bet,exceedance,1.0,0.0,0.0
vary_K,32,8,0.9,0.09999999999999998,0.04999999999999999,10221084,1573.388846512264,counts_exact,counts,1.0,0.0,0.0
vary_K,32,8,0.9,0.09999999999999998,0.04999999999999999,10221084,1573.388846512264,norm_bet,counts,1.0,0.0,0.0
vary_K,32,8,0.9,0.09999999999999998,0.04999999999999999,13646787,2100.726542950685,cdf_eb,cdf,1.0,0.0,0.0
vary_K,32,8,0.9,0.09999999999999998,0.04999999999999999,13646787,2100.726542950685,cdf_bet,cdf,1.0,0.0,0.0
vary_K,32,8,0.9,0.09999999999999998,0.04999999999999999,13646787,2100.726542950685,cdf_exact,cdf,1.0,0.0,0.0
vary_K,32,8,0.9,0.09999999999999998,0.04999999999999999,13646787,2100.726542950685,exc_eb,exceedance,1.0,0.0,0.0
vary_K,32,8,0.9,0.09999999999999998,0.04999999999999999,13646787,2100.726542950685,exc_bet,exceedance,1.0,0.0,0.0
vary_K,32,8,0.9,0.09999999999999998,0.04999999999999999,13646787,2100.726542950685,counts_exact,counts,1.0,0.0,0.0
vary_K,32,8,0.9,0.09999999999999998,0.04999999999999999,13646787,2100.726542950685,norm_bet,counts,1.0,0.0,0.0
vary_K,32,8,0.9,0.09999999999999998,0.04999999999999999,18220652,2804.8072624177025,cdf_eb,cdf,1.0,0.0,0.0
vary_K,32,8,0.9,0.09999999999999998,0.04999999999999999,18220652,2804.8072624177025,cdf_bet,cdf,1.0,0.0,0.0
vary_K,32,8,0.9,0.09999999999999998,0.04999999999999999,18220652,2804.8072624177025,cdf_exact,cdf,1.0,0.0,0.0
vary_K,32,8,0.9,0.09999999999999998,0.04999999999999999,18220652,2804.8072624177025,exc_eb,exceedance,1.0,0.0,0.0
vary_K,32,8,0.9,0.09999999999999998,0.04999999999999999,18220652,2804.8072624177025,exc_bet,exceedance,1.0,0.0,0.0
vary_K,32,8,0.9,0.09999999999999998,0.04999999999999999,18220652,2804.8072624177025,counts_exact,counts,1.0,0.0,0.0
vary_K,32,8,0.9,0.09999999999999998,0.04999999999999999,18220652,2804.8072624177025,norm_bet,counts,1.0,0.0,0.0
vary_K,32,8,0.9,0.09999999999999998,0.04999999999999999,24327496,3744.8680462827347,cdf_eb,cdf,1.0,0.0,0.0
vary_K,32,8,0.9,0.09999999999999998,0.04999999999999999,24327496,3744.8680462827347,cdf_bet,cdf,1.0,0.0,0.0
vary_K,32,8,0.9,0.09999999999999998,0.04999999999999999,24327496,3744.8680462827347,cdf_exact,cdf,1.0,0.0,0.0
vary_K,32,8,0.9,0.09999999999999998,0.04999999999999999,24327496,3744.8680462827347,exc_eb,exceedance,1.0,0.0,0.0
vary_K,32,8,0.9,0.09999999999999998,0.04999999999999999,24327496,3744.8680462827347,exc_bet,exceedance,1.0,0.0,0.0
vary_K,32,8,0.9,0.09999999999999998,0.04999999999999999,24327496,3744.8680462827347,counts_exact,counts,1.0,0.0,0.0
vary_K,32,8,0.9,0.09999999999999998,0.04999999999999999,24327496,3744.8680462827347,norm_bet,counts,1.0,0.0,0.0
vary_K,32,8,0.9,0.09999999999999998,0.04999999999999999,32481112,4999.9999357324195,cdf_eb,cdf,1.0,0.0,0.0
vary_K,32,8,0.9,0.09999999999999998,0.04999999999999999,32481112,4999.9999357324195,cdf_bet,cdf,1.0,0.0,0.0
vary_K,32,8,0.9,0.09999999999999998,0.04999999999999999,32481112,4999.9999357324195,cdf_exact,cdf,1.0,0.0,0.0
vary_K,32,8,0.9,0.09999999999999998,0.04999999999999999,32481112,4999.9999357324195,exc_eb,exceedance,1.0,0.0,0.0
vary_K,32,8,0.9,0.09999999999999998,0.04999999999999999,32481112,4999.9999357324195,exc_bet,exceedance,1.0,0.0,0.0
vary_K,32,8,0.9,0.09999999999999998,0.04999999999999999,32481112,4999.9999357324195,counts_exact,counts,1.0,0.0,0.0
vary_K,32,8,0.9,0.09999999999999998,0.04999999999999999,32481112,4999.9999357324195,norm_bet,counts,1.0,0.0,0.0
vary_K,32,16,0.9,0.09999999999999998,0.04999999999999999,148,0.020044827616963946,cdf_eb,cdf,0.0,0.0,1.0
vary_K,32,16,0.9,0.09999999999999998,0.04999999999999999,148,0.020044827616963946,cdf_bet,cdf,0.0,0.0,1.0
vary_K,32,16,0.9,0.09999999999999998,0.04999999999999999,148,0.020044827616963946,cdf_exact,cdf,0.001,0.013,0.986
vary_K,32,16,0.9,0.09999999999999998,0.04999999999999999,148,0.020044827616963946,exc_eb,exceedance,0.0,0.0,1.0
vary_K,32,16,0.9,0.09999999999999998,0.04999999999999999,148,0.020044827616963946,exc_bet,exceedance,0.0,0.0,1.0
vary_K,32,16,0.9,0.09999999999999998,0.04999999999999999,148,0.020044827616963946,counts_exact,counts,0.0,0.0,1.0
vary_K,32,16,0.9,0.09999999999999998,0.04999999999999999,148,0.020044827616963946,norm_bet,counts,0.0,0.0,1.0
vary_K,32,16,0.9,0.09999999999999998,0.04999999999999999,197,0.02668129081447228,cdf_eb,cdf,0.0,0.0,1.0
vary_K,32,16,0.9,0.09999999999999998,0.04999999999999999,197,0.02668129081447228,cdf_bet,cdf,0.0,0.0,1.0
vary_K,32,16,0.9,0.09999999999999998,0.04999999999999999,197,0.02668129081447228,cdf_exact,cdf,0.002,0.014,0.984
vary_K,32,16,0.9,0.09999999999999998,0.04999999999999999,197,0.02668129081447228,exc_eb,exceedance,0.0,0.0,1.0
vary_K,32,16,0.9,0.09999999999999998,0.04999999999999999,197,0.02668129081447228,exc_bet,exceedance,0.0,0.0,1.0
vary_K,32,16,0.9,0.09999999999999998,0.04999999999999999,197,0.02668129081447228,counts_exact,counts,0.0,0.0,1.0
vary_K,32,16,0.9,0.09999999999999998,0.04999999999999999,197,0.02668129081447228,norm_bet,counts,0.0,0.0,1.0
vary_K,32,16,0.9,0.09999999999999998,0.04999999999999999,263,0.03562020042744269,cdf_eb,cdf,0.0,0.0,1.0
vary_K,32,16,0.9,0.09999999999999998,0.04999999999999999,263,0.03562020042744269,cdf_bet,cdf,0.0,0.0,1.0
vary_K,32,16,0.9,0.09999999999999998,0.04999999999999999,263,0.03562020042744269,cdf_exact,cdf,0.006,0.013,0.981
vary_K,32,16,0.9,0.09999999999999998,0.04999999999999999,263,0.03562020042744269,exc_eb,exceedance,0.0,0.0,1.0
vary_K,32,16,0.9,0.09999999999999998,0.04999999999999999,263,0.03562020042744269,exc_bet,exceedance,0.0,0.0,1.0
vary_K,32,16,0.9,0.09999999999999998,0.04999999999999999,263,0.03562020042744269,counts_exact,counts,0.0,0.0,1.0
vary_K,32,16,0.9,0.09999999999999998,0.04999999999999999,263,0.03562020042744269,norm_bet,counts,0.0,0.0,1.0
vary_K,32,16,0.9,0.09999999999999998,0.04999999999999999,351,0.0475387465780699,cdf_eb,cdf,0.0,0.0,1.0
vary_K,32,16,0.9,0.09999999999999998,0.04999999999999999,351,0.0475387465780699,cdf_bet,cdf,0.0,0.0,1.0
vary_K,32,16,0.9,0.09999999999999998,0.04999999999999999,351,0.0475387465780699,cdf_exact,cdf,0.0025,0.0205,0.977
vary_K,32,16,0.9,0.09999999999999998,0.04999999999999999,351,0.0475387465780699,exc_eb,exceedance,0.0,0.0,1.0
vary_K,32,16,0.9,0.09999999999999998,0.04999999999999999,351,0.0475387465780699,exc_bet,exceedance,0.0,0.0,1.0
vary_K,32,16,0.9,0.09999999999999998,0.04999999999999999,351,0.0475387465780699,counts_exact,counts,0.0,0.0,1.0
vary_K,32,16,0.9,0.09999999999999998,0.04999999999999999,351,0.0475387465780699,norm_bet,counts,0.0,0.0,1.0
vary_K,32,16,0.9,0.09999999999999998,0.04999999999999999,469,0.06352043346186548,cdf_eb,cdf,0.0,0.0,1.0
vary_K,32,16,0.9,0.09999999999999998,0.04999999999999999,469,0.06352043346186548,cdf_bet,cdf,0.0,0.0,1.0
vary_K,32,16,0.9,0.09999999999999998,0.04999999999999999,469,0.06352043346186548,cdf_exact,cdf,0.0035,0.0145,0.982
vary_K,32,16,0.9,0.09999999999999998,0.04999999999999999,469,0.06352043346186548,exc_eb,exceedance,0.0,0.0,1.0
vary_K,32,16,0.9,0.09999999999999998,0.04999999999999999,469,0.06352043346186548,exc_bet,exceedance,0.0,0.0,1.0
vary_K,32,16,0.9,0.09999999999999998,0.04999999999999999,469,0.06352043346186548,counts_exact,counts,0.0,0.0,1.0
vary_K,32,16,0.9,0.09999999999999998,0.04999999999999999,469,0.06352043346186548,norm_bet,counts,0.0,0.0,1.0
vary_K,32,16,0.9,0.09999999999999998,0.04999999999999999,627,0.08491964132321889,cdf_eb,cdf,0.0,0.0,1.0
vary_K,32,16,0.9,0.09999999999999998,0.04999999999999999,627,0.08491964132321889,cdf_bet,cdf,0.0,0.0,1.0
vary_K,32,16,0.9,0.09999999999999998,0.04999999999999999,627,0.08491964132321889,cdf_exact,cdf,0.0055,0.0135,0.981
vary_K,32,16,0.9,0.09999999999999998,0.04999999999999999,627,0.08491964132321889,exc_eb,exceedance,0.0,0.0,1.0
vary_K,32,16,0.9,0.09999999999999998,0.04999999999999999,627,0.08491964132321889,exc_bet,exceedance,0.0,0.0,1.0
vary_K,32,16,0.9,0.09999999999999998,0.04999999999999999,627,0.08491964132321889,counts_exact,counts,0.0,0.0,1.0
vary_K,32,16,0.9,0.09999999999999998,0.04999999999999999,627,0.08491964132321889,norm_bet,counts,0.0,0.0,1.0
vary_K,32,16,0.9,0.09999999999999998,0.04999999999999999,837,0.11336162645539745,cdf_eb,cdf,0.0,0.0,1.0
vary_K,32,16,0.9,0.09999999999999998,0.04999999999999999,837,0.11336162645539745,cdf_bet,cdf,0.0,0.0,1.0
vary_K,32,16,0.9,0.09999999999999998,0.04999999999999999,837,0.11336162645539745,cdf_exact,cdf,0.006,0.0095,0.9845
vary_K,32,16,0.9,0.09999999999999998,0.04999999999999999,837,0.11336162645539745,exc_eb,exceedance,0.0,0.0,1.0
vary_K,32,16,0.9,0.09999999999999998,0.04999999999999999,837,0.11336162645539745,exc_bet,exceedance,0.0,0.0,1.0
vary_K,32,16,0.9,0.09999999999999998,0.04999999999999999,837,0.11336162645539745,counts_exact,counts,0.0,0.0,1.0
vary_K,32,16,0.9,0.09999999999999998,0.04999999999999999,837,0.11336162645539745,norm_bet,counts,0.0,0.0,1.0
vary_K,32,16,0.9,0.09999999999999998,0.04999999999999999,1117,0.1512842732983022,cdf_eb,cdf,0.0,0.0,1.0
vary_K,32,16,0.9,0.09999999999999998,0.04999999999999999,1117,0.1512842732983022,cdf_bet,cdf,0.0,0.0,1.0
vary_K,32,16,0.9,0.09999999999999998,0.04999999999999999,1117,0.1512842732983022,cdf_exact,cdf,0.01,0.015,0.975
vary_K,32,16,0.9,0.09999999999999998,0.04999999999999999,1117,0.1512842732983022,exc_eb,exceedance,0.0,0.0,1.0
vary_K,32,16,0.9,0.09999999999999998,0.04999999999999999,1117,0.1512842732983022,exc_bet,exceedance,0.0,0.0,1.0
vary_K,32,16,0.9,0.09999999999999998,0.04999999999999999,1117,0.1512842732983022,counts_exact,counts,0.0,0.0,1.0
vary_K,32,16,0.9,0.09999999999999998,0.04999999999999999,1117,0.1512842732983022,norm_bet,counts,0.0,0.0,1.0
vary_K,32,16,0.9,0.09999999999999998,0.04999999999999999,1491,0.20193809443846786,cdf_eb,cdf,0.0,0.0,1.0
vary_K,32,16,0.9,0.09999999999999998,0.04999999999999999,1491,0.20193809443846786,cdf_bet,cdf,0.0,0.0,1.0
vary_K,32,16,0.9,0.09999999999999998,0.04999999999999999,1491,0.20193809443846786,cdf_exact,cdf,0.0055,0.01,0.9845
vary_K,32,16,0.9,0.09999999999999998,0.04999999999999999,1491,0.20193809443846786,exc_eb,exceedance,0.0,0.0,1.0
vary_K,32,16,0.9,0.09999999999999998,0.04999999999999999,1491,0.20193809443846786,exc_bet,exceedance,0.0,0.0,1.0
vary_K,32,16,0.9,0.09999999999999998,0.04999999999999999,1491,0.20193809443846786,counts_exact,counts,0.0045,0.0,0.9955
vary_K,32,16,0.9,0.09999999999999998,0.04999999999999999,1491,0.20193809443846786,norm_bet,counts,0.0,0.0,1.0
vary_K,32,16,0.9,0.09999999999999998,0.04999999999999999,1991,0.2696571066579406,cdf_eb,cdf,0.0,0.0,1.0
vary_K,32,16,0.9,0.09999999999999998,0.04999999999999999,1991,0.2696571066579406,cdf_bet,cdf,0.0,0.0,1.0
vary_K,32,16,0.9,0.09999999999999998,0.04999999999999999,1991,0.2696571066579406,cdf_exact,cdf,0.013,0.0115,0.9755
vary_K,32,16,0.9,0.09999999999999998,0.04999999999999999,1991,0.2696571066579406,exc_eb,exceedance,0.0,0.0,1.0
vary_K,32,16,0.9,0.09999999999999998,0.04999999999999999,1991,0.2696571066579406,exc_bet,exceedance,0.0,0.0,1.0
vary_K,32,16,0.9,0.09999999999999998,0.04999999999999999,1991,0.2696571066579406,counts_exact,counts,0.031,0.0,0.969
vary_K,32,16,0.9,0.09999999999999998,0.04999999999999999,1991,0.2696571066579406,norm_bet,counts,0.0,0.0,1.0
vary_K,32,16,0.9,0.09999999999999998,0.04999999999999999,2658,0.35999426895871733,cdf_eb,cdf,0.0,0.0,1.0
vary_K,32,16,0.9,0.09999999999999998,0.04999999999999999,2658,0.35999426895871733,cdf_bet,cdf,0.0,0.0,1.0
vary_K,32,16,0.9,0.09999999999999998,0.04999999999999999,2658,0.35999426895871733,cdf_exact,cdf,0.0105,0.0055,0.984
vary_K,32,16,0.9,0.09999999999999998,0.04999999999999999,2658,0.35999426895871733,exc_eb,exceedance,0.0,0.0,1.0
vary_K,32,16,0.9,0.09999999999999998,0.04999999999999999,2658,0.35999426895871733,exc_bet,exceedance,0.0,0.0,1.0
vary_K,32,16,0.9,0.09999999999999998,0.04999999999999999,2658,0.35999426895871733,counts_exact,counts,0.073,0.0,0.927
vary_K,32,16,0.9,0.09999999999999998,0.04999999999999999,2658,0.35999426895871733,norm_bet,counts,0.0,0.0,1.0
vary_K,32,16,0.9,0.09999999999999998,0.04999999999999999,3549,0.4806695487338179,cdf_eb,cdf,0.0,0.0,1.0
vary_K,32,16,0.9,0.09999999999999998,0.04999999999999999,3549,0.4806695487338179,cdf_bet,cdf,0.0,0.0,1.0
vary_K,32,16,0.9,0.09999999999999998,0.04999999999999999,3549,0.4806695487338179,cdf_exact,cdf,0.017,0.0025,0.9805
vary_K,32,16,0.9,0.09999999999999998,0.04999999999999999,3549,0.4806695487338179,exc_eb,exceedance,0.0,0.0,1.0
vary_K,32,16,0.9,0.09999999999999998,0.04999999999999999,3549,0.4806695487338179,exc_bet,exceedance,0.0,0.0,1.0
vary_K,32,16,0.9,0.09999999999999998,0.04999999999999999,3549,0.4806695487338179,counts_exact,counts,0.118,0.0,0.882
vary_K,32,16,0.9,0.09999999999999998,0.04999999999999999,3549,0.4806695487338179,norm_bet,counts,0.0,0.0,1.0
vary_K,32,16,0.9,0.09999999999999998,0.04999999999999999,4739,0.6418407978161631,cdf_eb,cdf,0.0,0.0,1.0
vary_K,32,16,0.9,0.09999999999999998,0.04999999999999999,4739,0.6418407978161631,cdf_bet,cdf,0.0,0.0,1.0
vary_K,32,16,0.9,0.09999999999999998,0.04999999999999999,4739,0.6418407978161631,cdf_exact,cdf,0.0205,0.005,0.9745
vary_K,32,16,0.9,0.09999999999999998,0.04999999999999999,4739,0.6418407978161631,exc_eb,exceedance,0.0,0.0,1.0
vary_K,32,16,0.9,0.09999999999999998,0.04999999999999999,4739,0.6418407978161631,exc_bet,exceedance,0.022,0.0,0.978
vary_K,32,16,0.9,0.09999999999999998,0.04999999999999999,4739,0.6418407978161631,counts_exact,counts,0.2205,0.0,0.7795
vary_K,32,16,0.9,0.09999999999999998,0.04999999999999999,4739,0.6418407978161631,norm_bet,counts,0.0105,0.0,0.9895
vary_K,32,16,0.9,0.09999999999999998,0.04999999999999999,6327,0.8569163806252087,cdf_eb,cdf,0.0,0.0,1.0
vary_K,32,16,0.9,0.09999999999999998,0.04999999999999999,6327,0.8569163806252087,cdf_bet,cdf,0.0,0.0,1.0
vary_K,32,16,0.9,0.09999999999999998,0.04999999999999999,6327,0.8569163806252087,cdf_exact,cdf,0.0195,0.002,0.9785
vary_K,32,16,0.9,0.09999999999999998,0.04999999999999999,6327,0.8569163806252087,exc_eb,exceedance,0.001,0.0,0.999
vary_K,32,16,0.9,0.09999999999999998,0.04999999999999999,6327,0.8569163806252087,exc_bet,exceedance,0.074,0.0,0.926
vary_K,32,16,0.9,0.09999999999999998,0.04999999999999999,6327,0.8569163806252087,counts_exact,counts,0.3755,0.0,0.6245
vary_K,32,16,0.9,0.09999999999999998,0.04999999999999999,6327,0.8569163806252087,norm_bet,counts,0.0755,0.0,0.9245
vary_K,32,16,0.9,0.09999999999999998,0.04999999999999999,8448,1.1441804304602123,cdf_eb,cdf,0.0,0.0,1.0
vary_K,32,16,0.9,0.09999999999999998,0.04999999999999999,8448,1.1441804304602123,cdf_bet,cdf,0.0,0.0,1.0
vary_K,32,16,0.9,0.09999999999999998,0.04999999999999999,8448,1.1441804304602123,cdf_exact,cdf,0.0255,0.001,0.9735
vary_K,32,16,0.9,0.09999999999999998,0.04999999999999999,8448,1.1441804304602123,exc_eb,exceedance,0.003,0.0,0.997
vary_K,32,16,0.9,0.09999999999999998,0.04999999999999999,8448,1.1441804304602123,exc_bet,exceedance,0.246,0.0,0.754
vary_K,32,16,0.9,0.09999999999999998,0.04999999999999999,8448,1.1441804304602123,counts_exact,counts,0.564,0.0,0.436
vary_K,32,16,0.9,0.09999999999999998,0.04999999999999999,8448,1.1441804304602123,norm_bet,counts,0.231,0.0,0.769
vary_K,32,16,0.9,0.09999999999999998,0.04999999999999999,11280,1.5277409156713062,cdf_eb,cdf,0.0,0.0,1.0
vary_K,32,16,0.9,0.09999999999999998,0.04999999999999999,11280,1.5277409156713062,cdf_bet,cdf,0.0,0.0,1.0
vary_K,32,16,0.9,0.09999999999999998,0.04999999999999999,11280,1.5277409156713062,cdf_exact,cdf,0.048,0.0005,0.9515
vary_K,32,16,0.9,0.09999999999999998,0.04999999999999999,11280,1.5277409156713062,exc_eb,exceedance,0.0155,0.0,0.9845
vary_K,32,16,0.9,0.09999999999999998,0.04999999999999999,11280,1.5277409156713062,exc_bet,exceedance,0.422,0.0,0.578
vary_K,32,16,0.9,0.09999999999999998,0.04999999999999999,11280,1.5277409156713062,counts_exact,counts,0.7295,0.0,0.2705
vary_K,32,16,0.9,0.09999999999999998,0.04999999999999999,11280,1.5277409156713062,norm_bet,counts,0.4525,0.0,0.5475
vary_K,32,16,0.9,0.09999999999999998,0.04999999999999999,15060,2.0396966480505205,cdf_eb,cdf,0.0005,0.0,0.9995
vary_K,32,16,0.9,0.09999999999999998,0.04999999999999999,15060,2.0396966480505205,cdf_bet,cdf,0.0005,0.0,0.9995
vary_K,32,16,0.9,0.09999999999999998,0.04999999999999999,15060,2.0396966480505205,cdf_exact,cdf,0.0535,0.0005,0.946
vary_K,32,16,0.9,0.09999999999999998,0.04999999999999999,15060,2.0396966480505205,exc_eb,exceedance,0.099,0.0,0.901
vary_K,32,16,0.9,0.09999999999999998,0.04999999999999999,15060,2.0396966480505205,exc_bet,exceedance,0.6615,0.0,0.3385
vary_K,32,16,0.9,0.09999999999999998,0.04999999999999999,15060,2.0396966480505205,counts_exact,counts,0.898,0.0,0.102
vary_K,32,16,0.9,0.09999999999999998,0.04999999999999999,15060,2.0396966480505205,norm_bet,counts,0.6585,0.0,0.3415
vary_K,32,16,0.9,0.09999999999999998,0.04999999999999999,20108,2.7233877954183177,cdf_eb,cdf,0.0005,0.0,0.9995
vary_K,32,16,0.9,0.09999999999999998,0.04999999999999999,20108,2.7233877954183177,cdf_bet,cdf,0.0005,0.0,0.9995
vary_K,32,16,0.9,0.09999999999999998,0.04999999999999999,20108,2.7233877954183177,cdf_exact,cdf,0.078,0.0,0.922
vary_K,32,16,0.9,0.09999999999999998,0.04999999999999999,20108,2.7233877954183177,exc_eb,exceedance,0.2925,0.0,0.7075
vary_K,32,16,0.9,0.09999999999999998,0.04999999999999999,20108,2.7233877954183177,exc_bet,exceedance,0.8225,0.0,0.1775
vary_K,32,16,0.9,0.09999999999999998,0.04999999999999999,20108,2.7233877954183177,counts_exact,counts,0.968,0.0,0.032
vary_K,32,16,0.9,0.09999999999999998,0.04999999999999999,20108,2.7233877954183177,norm_bet,counts,0.847,0.0,0.153
vary_K,32,16,0.9,0.09999999999999998,0.04999999999999999,26847,3.636104642112372,cdf_eb,cdf,0.002,0.0,0.998
vary_K,32,16,0.9,0.09999999999999998,0.04999999999999999,26847,3.636104642112372,cdf_bet,cdf,0.001,0.0,0.999
vary_K,32,16,0.9,0.09999999999999998,0.04999999999999999,26847,3.636104642112372,cdf_exact,cdf,0.1045,0.0005,0.895
vary_K,32,16,0.9,0.09999999999999998,0.04999999999999999,26847,3.636104642112372,exc_eb,exceedance,0.6565,0.0,0.3435
vary_K,32,16,0.9,0.09999999999999998,0.04999999999999999,26847,3.636104642112372,exc_bet,exceedance,0.937,0.0,0.063
vary_K,32,16,0.9,0.09999999999999998,0.04999999999999999,26847,3.636104642112372,counts_exact,counts,0.9965,0.0,0.0035
vary_K,32,16,0.9,0.09999999999999998,0.04999999999999999,26847,3.636104642112372,norm_bet,counts,0.9465,0.0,0.0535
vary_K,32,16,0.9,0.09999999999999998,0.04999999999999999,35845,4.854775986014005,cdf_eb,cdf,0.009,0.0,0.991
vary_K,32,16,0.9,0.09999999999999998,0.04999999999999999,35845,4.854775986014005,cdf_bet,cdf,0.0035,0.0,0.9965
vary_K,32,16,0.9,0.09999999999999998,0.04999999999999999,35845,4.854775986014005,cdf_exact,cdf,0.155,0.0,0.845
vary_K,32,16,0.9,0.09999999999999998,0.04999999999999999,35845,4.854775986014005,exc_eb,exceedance,0.94,0.0,0.06
vary_K,32,16,0.9,0.09999999999999998,0.04999999999999999,35845,4.854775986014005,exc_bet,exceedance,0.992,0.0,0.008
vary_K,32,16,0.9,0.09999999999999998,0.04999999999999999,35845,4.854775986014005,counts_exact,counts,1.0,0.0,0.0
vary_K,32,16,0.9,0.09999999999999998,0.04999999999999999,35845,4.854775986014005,norm_bet,counts,0.9945,0.0,0.0055
vary_K,32,16,0.9,0.09999999999999998,0.04999999999999999,47859,6.481928411623497,cdf_eb,cdf,0.0195,0.0,0.9805
vary_K,32,16,0.9,0.09999999999999998,0.04999999999999999,47859,6.481928411623497,cdf_bet,cdf,0.01,0.0,0.99
vary_K,32,16,0.9,0.09999999999999998,0.04999999999999999,47859,6.481928411623497,cdf_exact,cdf,0.2245,0.0,0.7755
vary_K,32,16,0.9,0.09999999999999998,0.04999999999999999,47859,6.481928411623497,exc_eb,exceedance,0.996,0.0,0.004
vary_K,32,16,0.9,0.09999999999999998,0.04999999999999999,47859,6.481928411623497,exc_bet,exceedance,0.9995,0.0,0.0005
vary_K,32,16,0.9,0.09999999999999998,0.04999999999999999,47859,6.481928411623497,counts_exact,counts,1.0,0.0,0.0
vary_K,32,16,0.9,0.09999999999999998,0.04999999999999999,47859,6.481928411623497,norm_bet,counts,0.9995,0.0,0.0005
vary_K,32,16,0.9,0.09999999999999998,0.04999999999999999,63899,8.654354323624183,cdf_eb,cdf,0.0395,0.0,0.9605
vary_K,32,16,0.9,0.09999999999999998,0.04999999999999999,63899,8.654354323624183,cdf_bet,cdf,0.015,0.0,0.985
vary_K,32,16,0.9,0.09999999999999998,0.04999999999999999,63899,8.654354323624183,cdf_exact,cdf,0.357,0.0,0.643
vary_K,32,16,0.9,0.09999999999999998,0.04999999999999999,63899,8.654354323624183,exc_eb,exceedance,1.0,0.0,0.0
vary_K,32,16,0.9,0.09999999999999998,0.04999999999999999,63899,8.654354323624183,exc_bet,exceedance,1.0,0.0,0.0
vary_K,32,16,0.9,0.09999999999999998,0.04999999999999999,63899,8.654354323624183,counts_exact,counts,1.0,0.0,0.0
vary_K,32,16,0.9,0.09999999999999998,0.04999999999999999,63899,8.654354323624183,norm_bet,counts,1.0,0.0,0.0
vary_K,32,16,0.9,0.09999999999999998,0.04999999999999999,85315,11.554895055008643,cdf_eb,cdf,0.108,0.0,0.892
vary_K,32,16,0.9,0.09999999999999998,0.04999999999999999,85315,11.554895055008643,cdf_bet,cdf,0.055,0.0,0.945
vary_K,32,16,0.9,0.09999999999999998,0.04999999999999999,85315,11.554895055008643,cdf_exact,cdf,0.501,0.0,0.499
vary_K,32,16,0.9,0.09999999999999998,0.04999999999999999,85315,11.554895055008643,exc_eb,exceedance,1.0,0.0,0.0
vary_K,32,16,0.9,0.09999999999999998,0.04999999999999999,85315,11.554895055008643,exc_bet,exceedance,1.0,0.0,0.0
vary_K,32,16,0.9,0.09999999999999998,0.04999999999999999,85315,11.554895055008643,counts_exact,counts,1.0,0.0,0.0
vary_K,32,16,0.9,0.09999999999999998,0.04999999999999999,85315,11.554895055008643,norm_bet,counts,1.0,0.0,0.0
vary_K,32,16,0.9,0.09999999999999998,0.04999999999999999,113909,15.427609925815853,cdf_eb,cdf,0.219,0.0,0.781
vary_K,32,16,0.9,0.09999999999999998,0.04999999999999999,113909,15.427609925815853,cdf_bet,cdf,0.1015,0.0,0.8985
vary_K,32,16,0.9,0.09999999999999998,0.04999999999999999,113909,15.427609925815853,cdf_exact,cdf,0.657,0.0,0.343
vary_K,32,16,0.9,0.09999999999999998,0.04999999999999999,113909,15.427609925815853,exc_eb,exceedance,1.0,0.0,0.0
vary_K,32,16,0.9,0.09999999999999998,0.04999999999999999,113909,15.427609925815853,exc_bet,exceedance,1.0,0.0,0.0
vary_K,32,16,0.9,0.09999999999999998,0.04999999999999999,113909,15.427609925815853,counts_exact,counts,1.0,0.0,0.0
vary_K,32,16,0.9,0.09999999999999998,0.04999999999999999,113909,15.427609925815853,norm_bet,counts,1.0,0.0,0.0
vary_K,32,16,0.9,0.09999999999999998,0.04999999999999999,152087,20.598362822845917,cdf_eb,cdf,0.426,0.0,0.574
vary_K,32,16,0.9,0.09999999999999998,0.04999999999999999,152087,20.598362822845917,cdf_bet,cdf,0.248,0.0,0.752
vary_K,32,16,0.9,0.09999999999999998,0.04999999999999999,152087,20.598362822845917,cdf_exact,cdf,0.821,0.0,0.179
vary_K,32,16,0.9,0.09999999999999998,0.04999999999999999,152087,20.598362822845917,exc_eb,exceedance,1.0,0.0,0.0
vary_K,32,16,0.9,0.09999999999999998,0.04999999999999999,152087,20.598362822845917,exc_bet,exceedance,1.0,0.0,0.0
vary_K,32,16,0.9,0.09999999999999998,0.04999999999999999,152087,20.598362822845917,counts_exact,counts,1.0,0.0,0.0
vary_K,32,16,0.9,0.09999999999999998,0.04999999999999999,152087,20.598362822845917,norm_bet,counts,1.0,0.0,0.0
vary_K,32,16,0.9,0.09999999999999998,0.04999999999999999,203061,27.50218068059673,cdf_eb,cdf,0.649,0.0,0.351
vary_K,32,16,0.9,0.09999999999999998,0.04999999999999999,203061,27.50218068059673,cdf_bet,cdf,0.429,0.0,0.571
vary_K,32,16,0.9,0.09999999999999998,0.04999999999999999,203061,27.50218068059673,cdf_exact,cdf,0.933,0.0,0.067
vary_K,32,16,0.9,0.09999999999999998,0.04999999999999999,203061,27.50218068059673,exc_eb,exceedance,1.0,0.0,0.0
vary_K,32,16,0.9,0.09999999999999998,0.04999999999999999,203061,27.50218068059673,exc_bet,exceedance,1.0,0.0,0.0
vary_K,32,16,0.9,0.09999999999999998,0.04999999999999999,203061,27.50218068059673,counts_exact,counts,1.0,0.0,0.0
vary_K,32,16,0.9,0.09999999999999998,0.04999999999999999,203061,27.50218068059673,norm_bet,counts,1.0,0.0,0.0
vary_K,32,16,0.9,0.09999999999999998,0.04999999999999999,271119,36.71982174786249,cdf_eb,cdf,0.8465,0.0,0.1535
vary_K,32,16,0.9,0.09999999999999998,0.04999999999999999,271119,36.71982174786249,cdf_bet,cdf,0.6985,0.0,0.3015
vary_K,32,16,0.9,0.09999999999999998,0.04999999999999999,271119,36.71982174786249,cdf_exact,cdf,0.983,0.0,0.017
vary_K,32,16,0.9,0.09999999999999998,0.04999999999999999,271119,36.71982174786249,exc_eb,exceedance,1.0,0.0,0.0
vary_K,32,16,0.9,0.09999999999999998,0.04999999999999999,271119,36.71982174786249,exc_bet,exceedance,1.0,0.0,0.0
vary_K,32,16,0.9,0.09999999999999998,0.04999999999999999,271119,36.71982174786249,counts_exact,counts,1.0,0.0,0.0
vary_K,32,16,0.9,0.09999999999999998,0.04999999999999999,271119,36.71982174786249,norm_bet,counts,1.0,0.0,0.0
vary_K,32,16,0.9,0.09999999999999998,0.04999999999999999,361988,49.02693959060503,cdf_eb,cdf,0.972,0.0,0.028
vary_K,32,16,0.9,0.09999999999999998,0.04999999999999999,361988,49.02693959060503,cdf_bet,cdf,0.888,0.0,0.112
vary_K,32,16,0.9,0.09999999999999998,0.04999999999999999,361988,49.02693959060503,cdf_exact,cdf,0.9965,0.0,0.0035
vary_K,32,16,0.9,0.09999999999999998,0.04999999999999999,361988,49.02693959060503,exc_eb,exceedance,1.0,0.0,0.0
vary_K,32,16,0.9,0.09999999999999998,0.04999999999999999,361988,49.02693959060503,exc_bet,exceedance,1.0,0.0,0.0
vary_K,32,16,0.9,0.09999999999999998,0.04999999999999999,361988,49.02693959060503,counts_exact,counts,1.0,0.0,0.0
vary_K,32,16,0.9,0.09999999999999998,0.04999999999999999,361988,49.02693959060503,norm_bet,counts,1.0,0.0,0.0
vary_K,32,16,0.9,0.09999999999999998,0.04999999999999999,483311,65.45868702961123,cdf_eb,cdf,0.996,0.0,0.004
vary_K,32,16,0.9,0.09999999999999998,0.04999999999999999,483311,65.45868702961123,cdf_bet,cdf,0.984,0.0,0.016
vary_K,32,16,0.9,0.09999999999999998,0.04999999999999999,483311,65.45868702961123,cdf_exact,cdf,1.0,0.0,0.0
vary_K,32,16,0.9,0.09999999999999998,0.04999999999999999,483311,65.45868702961123,exc_eb,exceedance,1.0,0.0,0.0
vary_K,32,16,0.9,0.09999999999999998,0.04999999999999999,483311,65.45868702961123,exc_bet,exceedance,1.0,0.0,0.0
vary_K,32,16,0.9,0.09999999999999998,0.04999999999999999,483311,65.45868702961123,counts_exact,counts,1.0,0.0,0.0
vary_K,32,16,0.9,0.09999999999999998,0.04999999999999999,483311,65.45868702961123,norm_bet,counts,1.0,0.0,0.0
vary_K,32,16,0.9,0.09999999999999998,0.04999999999999999,645298,87.39788629440271,cdf_eb,cdf,1.0,0.0,0.0
vary_K,32,16,0.9,0.09999999999999998,0.04999999999999999,645298,87.39788629440271,cdf_bet,cdf,0.999,0.0,0.001
vary_K,32,16,0.9,0.09999999999999998,0.04999999999999999,645298,87.39788629440271,cdf_exact,cdf,1.0,0.0,0.0
vary_K,32,16,0.9,0.09999999999999998,0.04999999999999999,645298,87.39788629440271,exc_eb,exceedance,1.0,0.0,0.0
vary_K,32,16,0.9,0.09999999999999998,0.04999999999999999,645298,87.39788629440271,exc_bet,exceedance,1.0,0.0,0.0
vary_K,32,16,0.9,0.09999999999999998,0.04999999999999999,645298,87.39788629440271,counts_exact,counts,1.0,0.0,0.0
vary_K,32,16,0.9,0.09999999999999998,0.04999999999999999,645298,87.39788629440271,norm_bet,counts,1.0,0.0,0.0
vary_K,32,16,0.9,0.09999999999999998,0.04999999999999999,861577,116.69028678203341,cdf_eb,cdf,1.0,0.0,0.0
vary_K,32,16,0.9,0.09999999999999998,0.04999999999999999,861577,116.69028678203341,cdf_bet,cdf,1.0,0.0,0.0
vary_K,32,16,0.9,0.09999999999999998,0.04999999999999999,861577,116.69028678203341,cdf_exact,cdf,1.0,0.0,0.0
vary_K,32,16,0.9,0.09999999999999998,0.04999999999999999,861577,116.69028678203341,exc_eb,exceedance,1.0,0.0,0.0
vary_K,32,16,0.9,0.09999999999999998,0.04999999999999999,861577,116.69028678203341,exc_bet,exceedance,1.0,0.0,0.0
vary_K,32,16,0.9,0.09999999999999998,0.04999999999999999,861577,116.69028678203341,counts_exact,counts,1.0,0.0,0.0
vary_K,32,16,0.9,0.09999999999999998,0.04999999999999999,861577,116.69028678203341,norm_bet,counts,1.0,0.0,0.0
vary_K,32,16,0.9,0.09999999999999998,0.04999999999999999,1150343,155.80018334717,cdf_eb,cdf,1.0,0.0,0.0
vary_K,32,16,0.9,0.09999999999999998,0.04999999999999999,1150343,155.80018334717,cdf_bet,cdf,1.0,0.0,0.0
vary_K,32,16,0.9,0.09999999999999998,0.04999999999999999,1150343,155.80018334717,cdf_exact,cdf,1.0,0.0,0.0
vary_K,32,16,0.9,0.09999999999999998,0.04999999999999999,1150343,155.80018334717,exc_eb,exceedance,1.0,0.0,0.0
vary_K,32,16,0.9,0.09999999999999998,0.04999999999999999,1150343,155.80018334717,exc_bet,exceedance,1.0,0.0,0.0
vary_K,32,16,0.9,0.09999999999999998,0.04999999999999999,1150343,155.80018334717,counts_exact,counts,1.0,0.0,0.0
vary_K,32,16,0.9,0.09999999999999998,0.04999999999999999,1150343,155.80018334717,norm_bet,counts,1.0,0.0,0.0
vary_K,32,16,0.9,0.09999999999999998,0.04999999999999999,1535893,208.01831366960545,cdf_eb,cdf,1.0,0.0,0.0
vary_K,32,16,0.9,0.09999999999999998,0.04999999999999999,1535893,208.01831366960545,cdf_bet,cdf,1.0,0.0,0.0
vary_K,32,16,0.9,0.09999999999999998,0.04999999999999999,1535893,208.01831366960545,cdf_exact,cdf,1.0,0.0,0.0
vary_K,32,16,0.9,0.09999999999999998,0.04999999999999999,1535893,208.01831366960545,exc_eb,exceedance,1.0,0.0,0.0
vary_K,32,16,0.9,0.09999999999999998,0.04999999999999999,1535893,208.01831366960545,exc_bet,exceedance,1.0,0.0,0.0
vary_K,32,16,0.9,0.09999999999999998,0.04999999999999999,1535893,208.01831366960545,counts_exact,counts,1.0,0.0,0.0
vary_K,32,16,0.9,0.09999999999999998,0.04999999999999999,1535893,208.01831366960545,norm_bet,counts,1.0,0.0,0.0
vary_K,32,16,0.9,0.09999999999999998,0.04999999999999999,2050664,277.7378809480659,cdf_eb,cdf,1.0,0.0,0.0
vary_K,32,16,0.9,0.09999999999999998,0.04999999999999999,2050664,277.7378809480659,cdf_bet,cdf,1.0,0.0,0.0
vary_K,32,16,0.9,0.09999999999999998,0.04999999999999999,2050664,277.7378809480659,cdf_exact,cdf,1.0,0.0,0.0
vary_K,32,16,0.9,0.09999999999999998,0.04999999999999999,2050664,277.7378809480659,exc_eb,exceedance,1.0,0.0,0.0
vary_K,32,16,0.9,0.09999999999999998,0.04999999999999999,2050664,277.7378809480659,exc_bet,exceedance,1.0,0.0,0.0
vary_K,32,16,0.9,0.09999999999999998,0.04999999999999999,2050664,277.7378809480659,counts_exact,counts,1.0,0.0,0.0
vary_K,32,16,0.9,0.09999999999999998,0.04999999999999999,2050664,277.7378809480659,norm_bet,counts,1.0,0.0,0.0
vary_K,32,16,0.9,0.09999999999999998,0.04999999999999999,2737966,370.8247060210021,cdf_eb,cdf,1.0,0.0,0.0
vary_K,32,16,0.9,0.09999999999999998,0.04999999999999999,2737966,370.8247060210021,cdf_bet,cdf,1.0,0.0,0.0
vary_K,32,16,0.9,0.09999999999999998,0.04999999999999999,2737966,370.8247060210021,cdf_exact,cdf,1.0,0.0,0.0
vary_K,32,16,0.9,0.09999999999999998,0.04999999999999999,2737966,370.8247060210021,exc_eb,exceedance,1.0,0.0,0.0
vary_K,32,16,0.9,0.09999999999999998,0.04999999999999999,2737966,370.8247060210021,exc_bet,exceedance,1.0,0.0,0.0
vary_K,32,16,0.9,0.09999999999999998,0.04999999999999999,2737966,370.8247060210021,counts_exact,counts,1.0,0.0,0.0
vary_K,32,16,0.9,0.09999999999999998,0.04999999999999999,2737966,370.8247060210021,norm_bet,counts,1.0,0.0,0.0
vary_K,32,16,0.9,0.09999999999999998,0.04999999999999999,3655624,495.110492651596,cdf_eb,cdf,1.0,0.0,0.0
vary_K,32,16,0.9,0.09999999999999998,0.04999999999999999,3655624,495.110492651596,cdf_bet,cdf,1.0,0.0,0.0
vary_K,32,16,0.9,0.09999999999999998,0.04999999999999999,3655624,495.110492651596,cdf_exact,cdf,1.0,0.0,0.0
vary_K,32,16,0.9,0.09999999999999998,0.04999999999999999,3655624,495.110492651596,exc_eb,exceedance,1.0,0.0,0.0
vary_K,32,16,0.9,0.09999999999999998,0.04999999999999999,3655624,495.110492651596,exc_bet,exceedance,1.0,0.0,0.0
vary_K,32,16,0.9,0.09999999999999998,0.04999999999999999,3655624,495.110492651596,counts_exact,counts,1.0,0.0,0.0
vary_K,32,16,0.9,0.09999999999999998,0.04999999999999999,3655624,495.110492651596,norm_bet,counts,1.0,0.0,0.0
vary_K,32,16,0.9,0.09999999999999998,0.04999999999999999,4880845,661.0520043927054,cdf_eb,cdf,1.0,0.0,0.0
vary_K,32,16,0.9,0.09999999999999998,0.04999999999999999,4880845,661.0520043927054,cdf_bet,cdf,1.0,0.0,0.0
vary_K,32,16,0.9,0.09999999999999998,0.04999999999999999,4880845,661.0520043927054,cdf_exact,cdf,1.0,0.0,0.0
vary_K,32,16,0.9,0.09999999999999998,0.04999999999999999,4880845,661.0520043927054,exc_eb,exceedance,1.0,0.0,0.0
vary_K,32,16,0.9,0.09999999999999998,0.04999999999999999,4880845,661.0520043927054,exc_bet,exceedance,1.0,0.0,0.0
vary_K,32,16,0.9,0.09999999999999998,0.04999999999999999,4880845,661.0520043927054,counts_exact,counts,1.0,0.0,0.0
vary_K,32,16,0.9,0.09999999999999998,0.04999999999999999,4880845,661.0520043927054,norm_bet,counts,1.0,0.0,0.0
vary_K,32,16,0.9,0.09999999999999998,0.04999999999999999,6516711,882.6104636795455,cdf_eb,cdf,1.0,0.0,0.0
vary_K,32,16,0.9,0.09999999999999998,0.04999999999999999,6516711,882.6104636795455,cdf_bet,cdf,1.0,0.0,0.0
vary_K,32,16,0.9,0.09999999999999998,0.04999999999999999,6516711,882.6104636795455,cdf_exact,cdf,1.0,0.0,0.0
vary_K,32,16,0.9,0.09999999999999998,0.04999999999999999,6516711,882.6104636795455,exc_eb,exceedance,1.0,0.0,0.0
vary_K,32,16,0.9,0.09999999999999998,0.04999999999999999,6516711,882.6104636795455,exc_bet,exceedance,1.0,0.0,0.0
vary_K,32,16,0.9,0.09999999999999998,0.04999999999999999,6516711,882.6104636795455,counts_exact,counts,1.0,0.0,0.0
vary_K,32,16,0.9,0.09999999999999998,0.04999999999999999,6516711,882.6104636795455,norm_bet,counts,1.0,0.0,0.0
vary_K,32,16,0.9,0.09999999999999998,0.04999999999999999,8700855,1178.426612129722,cdf_eb,cdf,1.0,0.0,0.0
vary_K,32,16,0.9,0.09999999999999998,0.04999999999999999,8700855,1178.426612129722,cdf_bet,cdf,1.0,0.0,0.0
vary_K,32,16,0.9,0.09999999999999998,0.04999999999999999,8700855,1178.426612129722,cdf_exact,cdf,1.0,0.0,0.0
vary_K,32,16,0.9,0.09999999999999998,0.04999999999999999,8700855,1178.426612129722,exc_eb,exceedance,1.0,0.0,0.0
vary_K,32,16,0.9,0.09999999999999998,0.04999999999999999,8700855,1178.426612129722,exc_bet,exceedance,1.0,0.0,0.0
vary_K,32,16,0.9,0.09999999999999998,0.04999999999999999,8700855,1178.426612129722,counts_exact,counts,1.0,0.0,0.0
vary_K,32,16,0.9,0.09999999999999998,0.04999999999999999,8700855,1178.426612129722,norm_bet,counts,1.0,0.0,0.0
vary_K,32,16,0.9,0.09999999999999998,0.04999999999999999,11617039,1573.388811990184,cdf_eb,cdf,1.0,0.0,0.0
vary_K,32,16,0.9,0.09999999999999998,0.04999999999999999,11617039,1573.388811990184,cdf_bet,cdf,1.0,0.0,0.0
vary_K,32,16,0.9,0.09999999999999998,0.04999999999999999,11617039,1573.388811990184,cdf_exact,cdf,1.0,0.0,0.0
vary_K,32,16,0.9,0.09999999999999998,0.04999999999999999,11617039,1573.388811990184,exc_eb,exceedance,1.0,0.0,0.0
vary_K,32,16,0.9,0.09999999999999998,0.04999999999999999,11617039,1573.388811990184,exc_bet,exceedance,1.0,0.0,0.0
vary_K,32,16,0.9,0.09999999999999998,0.04999999999999999,11617039,1573.388811990184,counts_exact,counts,1.0,0.0,0.0
vary_K,32,16,0.9,0.09999999999999998,0.04999999999999999,11617039,1573.388811990184,norm_bet,counts,1.0,0.0,0.0
vary_K,32,16,0.9,0.09999999999999998,0.04999999999999999,15510612,2100.726647119003,cdf_eb,cdf,1.0,0.0,0.0
vary_K,32,16,0.9,0.09999999999999998,0.04999999999999999,15510612,2100.726647119003,cdf_bet,cdf,1.0,0.0,0.0
vary_K,32,16,0.9,0.09999999999999998,0.04999999999999999,15510612,2100.726647119003,cdf_exact,cdf,1.0,0.0,0.0
vary_K,32,16,0.9,0.09999999999999998,0.04999999999999999,15510612,2100.726647119003,exc_eb,exceedance,1.0,0.0,0.0
vary_K,32,16,0.9,0.09999999999999998,0.04999999999999999,15510612,2100.726647119003,exc_bet,exceedance,1.0,0.0,0.0
vary_K,32,16,0.9,0.09999999999999998,0.04999999999999999,15510612,2100.726647119003,counts_exact,counts,1.0,0.0,0.0
vary_K,32,16,0.9,0.09999999999999998,0.04999999999999999,15510612,2100.726647119003,norm_bet,counts,1.0,0.0,0.0
vary_K,32,16,0.9,0.09999999999999998,0.04999999999999999,20709157,2804.8073118759607,cdf_eb,cdf,1.0,0.0,0.0
vary_K,32,16,0.9,0.09999999999999998,0.04999999999999999,20709157,2804.8073118759607,cdf_bet,cdf,1.0,0.0,0.0
vary_K,32,16,0.9,0.09999999999999998,0.04999999999999999,20709157,2804.8073118759607,cdf_exact,cdf,1.0,0.0,0.0
vary_K,32,16,0.9,0.09999999999999998,0.04999999999999999,20709157,2804.8073118759607,exc_eb,exceedance,1.0,0.0,0.0
vary_K,32,16,0.9,0.09999999999999998,0.04999999999999999,20709157,2804.8073118759607,exc_bet,exceedance,1.0,0.0,0.0
vary_K,32,16,0.9,0.09999999999999998,0.04999999999999999,20709157,2804.8073118759607,counts_exact,counts,1.0,0.0,0.0
vary_K,32,16,0.9,0.09999999999999998,0.04999999999999999,20709157,2804.8073118759607,norm_bet,counts,1.0,0.0,0.0
vary_K,32,16,0.9,0.09999999999999998,0.04999999999999999,27650049,3744.868012200043,cdf_eb,cdf,1.0,0.0,0.0
vary_K,32,16,0.9,0.09999999999999998,0.04999999999999999,27650049,3744.868012200043,cdf_bet,cdf,1.0,0.0,0.0
vary_K,32,16,0.9,0.09999999999999998,0.04999999999999999,27650049,3744.868012200043,cdf_exact,cdf,1.0,0.0,0.0
vary_K,32,16,0.9,0.09999999999999998,0.04999999999999999,27650049,3744.868012200043,exc_eb,exceedance,1.0,0.0,0.0
vary_K,32,16,0.9,0.09999999999999998,0.04999999999999999,27650049,3744.868012200043,exc_bet,exceedance,1.0,0.0,0.0
vary_K,32,16,0.9,0.09999999999999998,0.04999999999999999,27650049,3744.868012200043,counts_exact,counts,1.0,0.0,0.0
vary_K,32,16,0.9,0.09999999999999998,0.04999999999999999,27650049,3744.868012200043,norm_bet,counts,1.0,0.0,0.0
vary_K,32,16,0.9,0.09999999999999998,0.04999999999999999,36917254,4999.999949470762,cdf_eb,cdf,1.0,0.0,0.0
vary_K,32,16,0.9,0.09999999999999998,0.04999999999999999,36917254,4999.999949470762,cdf_bet,cdf,1.0,0.0,0.0
vary_K,32,16,0.9,0.09999999999999998,0.04999999999999999,36917254,4999.999949470762,cdf_exact,cdf,1.0,0.0,0.0
vary_K,32,16,0.9,0.09999999999999998,0.04999999999999999,36917254,4999.999949470762,exc_eb,exceedance,1.0,0.0,0.0
vary_K,32,16,0.9,0.09999999999999998,0.04999999999999999,36917254,4999.999949470762,exc_bet,exceedance,1.0,0.0,0.0
vary_K,32,16,0.9,0.09999999999999998,0.04999999999999999,36917254,4999.999949470762,counts_exact,counts,1.0,0.0,0.0
vary_K,32,16,0.9,0.09999999999999998,0.04999999999999999,36917254,4999.999949470762,norm_bet,counts,1.0,0.0,0.0
vary_K,32,32,0.9,0.09999999999999998,0.04999999999999999,165,0.01994999379115464,cdf_eb,cdf,0.0,0.0,1.0
vary_K,32,32,0.9,0.09999999999999998,0.04999999999999999,165,0.01994999379115464,cdf_bet,cdf,0.0,0.0,1.0
vary_K,32,32,0.9,0.09999999999999998,0.04999999999999999,165,0.01994999379115464,cdf_exact,cdf,0.0015,0.0205,0.978
vary_K,32,32,0.9,0.09999999999999998,0.04999999999999999,165,0.01994999379115464,exc_eb,exceedance,0.0,0.0,1.0
vary_K,32,32,0.9,0.09999999999999998,0.04999999999999999,165,0.01994999379115464,exc_bet,exceedance,0.0,0.0,1.0
vary_K,32,32,0.9,0.09999999999999998,0.04999999999999999,165,0.01994999379115464,counts_exact,counts,0.0,0.0,1.0
vary_K,32,32,0.9,0.09999999999999998,0.04999999999999999,165,0.01994999379115464,norm_bet,counts,0.0,0.0,1.0
vary_K,32,32,0.9,0.09999999999999998,0.04999999999999999,221,0.026720900774819246,cdf_eb,cdf,0.0,0.0,1.0
vary_K,32,32,0.9,0.09999999999999998,0.04999999999999999,221,0.026720900774819246,cdf_bet,cdf,0.0,0.0,1.0
vary_K,32,32,0.9,0.09999999999999998,0.04999999999999999,221,0.026720900774819246,cdf_exact,cdf,0.001,0.0115,0.9875
vary_K,32,32,0.9,0.09999999999999998,0.04999999999999999,221,0.026720900774819246,exc_eb,exceedance,0.0,0.0,1.0
vary_K,32,32,0.9,0.09999999999999998,0.04999999999999999,221,0.026720900774819246,exc_bet,exceedance,0.0,0.0,1.0
vary_K,32,32,0.9,0.09999999999999998,0.04999999999999999,221,0.026720900774819246,counts_exact,counts,0.0,0.0,1.0
vary_K,32,32,0.9,0.09999999999999998,0.04999999999999999,221,0.026720900774819246,norm_bet,counts,0.0,0.0,1.0
vary_K,32,32,0.9,0.09999999999999998,0.04999999999999999,295,0.035668170717518904,cdf_eb,cdf,0.0,0.0,1.0
vary_K,32,32,0.9,0.09999999999999998,0.04999999999999999,295,0.035668170717518904,cdf_bet,cdf,0.0,0.0,1.0
vary_K,32,32,0.9,0.09999999999999998,0.04999999999999999,295,0.035668170717518904,cdf_exact,cdf,0.001,0.0115,0.9875
vary_K,32,32,0.9,0.09999999999999998,0.04999999999999999,295,0.035668170717518904,exc_eb,exceedance,0.0,0.0,1.0
vary_K,32,32,0.9,0.09999999999999998,0.04999999999999999,295,0.035668170717518904,exc_bet,exceedance,0.0,0.0,1.0
vary_K,32,32,0.9,0.09999999999999998,0.04999999999999999,295,0.035668170717518904,counts_exact,counts,0.0,0.0,1.0
vary_K,32,32,0.9,0.09999999999999998,0.04999999999999999,295,0.035668170717518904,norm_bet,counts,0.0,0.0,1.0
vary_K,32,32,0.9,0.09999999999999998,0.04999999999999999,394,0.04763816699221169,cdf_eb,cdf,0.0,0.0,1.0
vary_K,32,32,0.9,0.09999999999999998,0.04999999999999999,394,0.04763816699221169,cdf_bet,cdf,0.0,0.0,1.0
vary_K,32,32,0.9,0.09999999999999998,0.04999999999999999,394,0.04763816699221169,cdf_exact,cdf,0.0025,0.0105,0.987
vary_K,32,32,0.9,0.09999999999999998,0.04999999999999999,394,0.04763816699221169,exc_eb,exceedance,0.0,0.0,1.0
vary_K,32,32,0.9,0.09999999999999998,0.04999999999999999,394,0.04763816699221169,exc_bet,exceedance,0.0,0.0,1.0
vary_K,32,32,0.9,0.09999999999999998,0.04999999999999999,394,0.04763816699221169,counts_exact,counts,0.0,0.0,1.0
vary_K,32,32,0.9,0.09999999999999998,0.04999999999999999,394,0.04763816699221169,norm_bet,counts,0.0,0.0,1.0
vary_K,32,32,0.9,0.09999999999999998,0.04999999999999999,526,0.06359816202513541,cdf_eb,cdf,0.0,0.0,1.0
vary_K,32,32,0.9,0.09999999999999998,0.04999999999999999,526,0.06359816202513541,cdf_bet,cdf,0.0,0.0,1.0
vary_K,32,32,0.9,0.09999999999999998,0.04999999999999999,526,0.06359816202513541,cdf_exact,cdf,0.0015,0.018,0.9805
vary_K,32,32,0.9,0.09999999999999998,0.04999999999999999,526,0.06359816202513541,exc_eb,exceedance,0.0,0.0,1.0
vary_K,32,32,0.9,0.09999999999999998,0.04999999999999999,526,0.06359816202513541,exc_bet,exceedance,0.0,0.0,1.0
vary_K,32,32,0.9,0.09999999999999998,0.04999999999999999,526,0.06359816202513541,counts_exact,counts,0.0,0.0,1.0
vary_K,32,32,0.9,0.09999999999999998,0.04999999999999999,526,0.06359816202513541,norm_bet,counts,0.0,0.0,1.0
vary_K,32,32,0.9,0.09999999999999998,0.04999999999999999,702,0.08487815540236703,cdf_eb,cdf,0.0,0.0,1.0
vary_K,32,32,0.9,0.09999999999999998,0.04999999999999999,702,0.08487815540236703,cdf_bet,cdf,0.0,0.0,1.0
vary_K,32,32,0.9,0.09999999999999998,0.04999999999999999,702,0.08487815540236703,cdf_exact,cdf,0.0045,0.0115,0.984
vary_K,32,32,0.9,0.09999999999999998,0.04999999999999999,702,0.08487815540236703,exc_eb,exceedance,0.0,0.0,1.0
vary_K,32,32,0.9,0.09999999999999998,0.04999999999999999,702,0.08487815540236703,exc_bet,exceedance,0.0,0.0,1.0
vary_K,32,32,0.9,0.09999999999999998,0.04999999999999999,702,0.08487815540236703,counts_exact,counts,0.0,0.0,1.0
vary_K,32,32,0.9,0.09999999999999998,0.04999999999999999,702,0.08487815540236703,norm_bet,counts,0.0,0.0,1.0
vary_K,32,32,0.9,0.09999999999999998,0.04999999999999999,937,0.11329178292310242,cdf_eb,cdf,0.0,0.0,1.0
vary_K,32,32,0.9,0.09999999999999998,0.04999999999999999,937,0.11329178292310242,cdf_bet,cdf,0.0,0.0,1.0
vary_K,32,32,0.9,0.09999999999999998,0.04999999999999999,937,0.11329178292310242,cdf_exact,cdf,0.0035,0.0175,0.979
vary_K,32,32,0.9,0.09999999999999998,0.04999999999999999,937,0.11329178292310242,exc_eb,exceedance,0.0,0.0,1.0
vary_K,32,32,0.9,0.09999999999999998,0.04999999999999999,937,0.11329178292310242,exc_bet,exceedance,0.0,0.0,1.0
vary_K,32,32,0.9,0.09999999999999998,0.04999999999999999,937,0.11329178292310242,counts_exact,counts,0.0,0.0,1.0
vary_K,32,32,0.9,0.09999999999999998,0.04999999999999999,937,0.11329178292310242,norm_bet,counts,0.0,0.0,1.0
vary_K,32,32,0.9,0.09999999999999998,0.04999999999999999,1251,0.1512572256529361,cdf_eb,cdf,0.0,0.0,1.0
vary_K,32,32,0.9,0.09999999999999998,0.04999999999999999,1251,0.1512572256529361,cdf_bet,cdf,0.0,0.0,1.0
vary_K,32,32,0.9,0.09999999999999998,0.04999999999999999,1251,0.1512572256529361,cdf_exact,cdf,0.003,0.01,0.987
vary_K,32,32,0.9,0.09999999999999998,0.04999999999999999,1251,0.1512572256529361,exc_eb,exceedance,0.0,0.0,1.0
vary_K,32,32,0.9,0.09999999999999998,0.04999999999999999,1251,0.1512572256529361,exc_bet,exceedance,0.0,0.0,1.0
vary_K,32,32,0.9,0.09999999999999998,0.04999999999999999,1251,0.1512572256529361,counts_exact,counts,0.0,0.0,1.0
vary_K,32,32,0.9,0.09999999999999998,0.04999999999999999,1251,0.1512572256529361,norm_bet,counts,0.0,0.0,1.0
vary_K,32,32,0.9,0.09999999999999998,0.04999999999999999,1670,0.2019181189771409,cdf_eb,cdf,0.0,0.0,1.0
vary_K,32,32,0.9,0.09999999999999998,0.04999999999999999,1670,0.2019181189771409,cdf_bet,cdf,0.0,0.0,1.0
vary_K,32,32,0.9,0.09999999999999998,0.04999999999999999,1670,0.2019181189771409,cdf_exact,cdf,0.0035,0.011,0.9855
vary_K,32,32,0.9,0.09999999999999998,0.04999999999999999,1670,0.2019181189771409,exc_eb,exceedance,0.0,0.0,1.0
vary_K,32,32,0.9,0.09999999999999998,0.04999999999999999,1670,0.2019181189771409,exc_bet,exceedance,0.0,0.0,1.0
vary_K,32,32,0.9,0.09999999999999998,0.04999999999999999,1670,0.2019181189771409,counts_exact,counts,0.004,0.0005,0.9955
vary_K,32,32,0.9,0.09999999999999998,0.04999999999999999,1670,0.2019181189771409,norm_bet,counts,0.0,0.0,1.0
vary_K,32,32,0.9,0.09999999999999998,0.04999999999999999,2230,0.26962718881378694,cdf_eb,cdf,0.0,0.0,1.0
vary_K,32,32,0.9,0.09999999999999998,0.04999999999999999,2230,0.26962718881378694,cdf_bet,cdf,0.0,0.0,1.0
vary_K,32,32,0.9,0.09999999999999998,0.04999999999999999,2230,0.26962718881378694,cdf_exact,cdf,0.004,0.006,0.99
vary_K,32,32,0.9,0.09999999999999998,0.04999999999999999,2230,0.26962718881378694,exc_eb,exceedance,0.0,0.0,1.0
vary_K,32,32,0.9,0.09999999999999998,0.04999999999999999,2230,0.26962718881378694,exc_bet,exceedance,0.0,0.0,1.0
vary_K,32,32,0.9,0.09999999999999998,0.04999999999999999,2230,0.26962718881378694,counts_exact,counts,0.032,0.0005,0.9675
vary_K,32,32,0.9,0.09999999999999998,0.04999999999999999,2230,0.26962718881378694,norm_bet,counts,0.0,0.0,1.0
vary_K,32,32,0.9,0.09999999999999998,0.04999999999999999,2978,0.3600671606670213,cdf_eb,cdf,0.0,0.0,1.0
vary_K,32,32,0.9,0.09999999999999998,0.04999999999999999,2978,0.3600671606670213,cdf_bet,cdf,0.0,0.0,1.0
vary_K,32,32,0.9,0.09999999999999998,0.04999999999999999,2978,0.3600671606670213,cdf_exact,cdf,0.0055,0.0045,0.99
vary_K,32,32,0.9,0.09999999999999998,0.04999999999999999,2978,0.3600671606670213,exc_eb,exceedance,0.0,0.0,1.0
vary_K,32,32,0.9,0.09999999999999998,0.04999999999999999,2978,0.3600671606670213,exc_bet,exceedance,0.0,0.0,1.0
vary_K,32,32,0.9,0.09999999999999998,0.04999999999999999,2978,0.3600671606670213,counts_exact,counts,0.0635,0.0,0.9365
vary_K,32,32,0.9,0.09999999999999998,0.04999999999999999,2978,0.3600671606670213,norm_bet,counts,0.0,0.0,1.0
vary_K,32,32,0.9,0.09999999999999998,0.04999999999999999,3976,0.480734395840187,cdf_eb,cdf,0.0,0.0,1.0
vary_K,32,32,0.9,0.09999999999999998,0.04999999999999999,3976,0.480734395840187,cdf_bet,cdf,0.0,0.0,1.0
vary_K,32,32,0.9,0.09999999999999998,0.04999999999999999,3976,0.480734395840187,cdf_exact,cdf,0.006,0.006,0.988
vary_K,32,32,0.9,0.09999999999999998,0.04999999999999999,3976,0.480734395840187,exc_eb,exceedance,0.0,0.0,1.0
vary_K,32,32,0.9,0.09999999999999998,0.04999999999999999,3976,0.480734395840187,exc_bet,exceedance,0.0,0.0,1.0
vary_K,32,32,0.9,0.09999999999999998,0.04999999999999999,3976,0.480734395840187,counts_exact,counts,0.0975,0.0,0.9025
vary_K,32,32,0.9,0.09999999999999998,0.04999999999999999,3976,0.480734395840187,norm_bet,counts,0.0,0.0,1.0
vary_K,32,32,0.9,0.09999999999999998,0.04999999999999999,5309,0.6419061638620606,cdf_eb,cdf,0.0,0.0,1.0
vary_K,32,32,0.9,0.09999999999999998,0.04999999999999999,5309,0.6419061638620606,cdf_bet,cdf,0.0,0.0,1.0
vary_K,32,32,0.9,0.09999999999999998,0.04999999999999999,5309,0.6419061638620606,cdf_exact,cdf,0.011,0.0035,0.9855
vary_K,32,32,0.9,0.09999999999999998,0.04999999999999999,5309,0.6419061638620606,exc_eb,exceedance,0.0,0.0,1.0
vary_K,32,32,0.9,0.09999999999999998,0.04999999999999999,5309,0.6419061638620606,exc_bet,exceedance,0.0095,0.0,0.9905
vary_K,32,32,0.9,0.09999999999999998,0.04999999999999999,5309,0.6419061638620606,counts_exact,counts,0.198,0.0,0.802
vary_K,32,32,0.9,0.09999999999999998,0.04999999999999999,5309,0.6419061638620606,norm_bet,counts,0.0085,0.0,0.9915
vary_K,32,32,0.9,0.09999999999999998,0.04999999999999999,7088,0.8570033696466915,cdf_eb,cdf,0.0,0.0,1.0
vary_K,32,32,0.9,0.09999999999999998,0.04999999999999999,7088,0.8570033696466915,cdf_bet,cdf,0.0,0.0,1.0
vary_K,32,32,0.9,0.09999999999999998,0.04999999999999999,7088,0.8570033696466915,cdf_exact,cdf,0.015,0.001,0.984
vary_K,32,32,0.9,0.09999999999999998,0.04999999999999999,7088,0.8570033696466915,exc_eb,exceedance,0.0005,0.0,0.9995
vary_K,32,32,0.9,0.09999999999999998,0.04999999999999999,7088,0.8570033696466915,exc_bet,exceedance,0.08,0.0,0.92
vary_K,32,32,0.9,0.09999999999999998,0.04999999999999999,7088,0.8570033696466915,counts_exact,counts,0.328,0.0,0.672
vary_K,32,32,0.9,0.09999999999999998,0.04999999999999999,7088,0.8570033696466915,norm_bet,counts,0.073,0.0,0.927
vary_K,32,32,0.9,0.09999999999999998,0.04999999999999999,9463,1.1441623711860387,cdf_eb,cdf,0.0,0.0,1.0
vary_K,32,32,0.9,0.09999999999999998,0.04999999999999999,9463,1.1441623711860387,cdf_bet,cdf,0.0,0.0,1.0
vary_K,32,32,0.9,0.09999999999999998,0.04999999999999999,9463,1.1441623711860387,cdf_exact,cdf,0.0235,0.0025,0.974
vary_K,32,32,0.9,0.09999999999999998,0.04999999999999999,9463,1.1441623711860387,exc_eb,exceedance,0.0015,0.0,0.9985
vary_K,32,32,0.9,0.09999999999999998,0.04999999999999999,9463,1.1441623711860387,exc_bet,exceedance,0.214,0.0,0.786
vary_K,32,32,0.9,0.09999999999999998,0.04999999999999999,9463,1.1441623711860387,counts_exact,counts,0.551,0.0,0.449
vary_K,32,32,0.9,0.09999999999999998,0.04999999999999999,9463,1.1441623711860387,norm_bet,counts,0.2245,0.0,0.7755
vary_K,32,32,0.9,0.09999999999999998,0.04999999999999999,12635,1.5276858881893267,cdf_eb,cdf,0.0,0.0,1.0
vary_K,32,32,0.9,0.09999999999999998,0.04999999999999999,12635,1.5276858881893267,cdf_bet,cdf,0.0,0.0,1.0
vary_K,32,32,0.9,0.09999999999999998,0.04999999999999999,12635,1.5276858881893267,cdf_exact,cdf,0.031,0.001,0.968
vary_K,32,32,0.9,0.09999999999999998,0.04999999999999999,12635,1.5276858881893267,exc_eb,exceedance,0.011,0.0,0.989
vary_K,32,32,0.9,0.09999999999999998,0.04999999999999999,12635,1.5276858881893267,exc_bet,exceedance,0.4715,0.0,0.5285
vary_K,32,32,0.9,0.09999999999999998,0.04999999999999999,12635,1.5276858881893267,counts_exact,counts,0.7355,0.0,0.2645
vary_K,32,32,0.9,0.09999999999999998,0.04999999999999999,12635,1.5276858881893267,norm_bet,counts,0.442,0.0,0.558
vary_K,32,32,0.9,0.09999999999999998,0.04999999999999999,16870,2.0397357288289624,cdf_eb,cdf,0.0,0.0,1.0
vary_K,32,32,0.9,0.09999999999999998,0.04999999999999999,16870,2.0397357288289624,cdf_bet,cdf,0.0,0.0,1.0
vary_K,32,32,0.9,0.09999999999999998,0.04999999999999999,16870,2.0397357288289624,cdf_exact,cdf,0.049,0.0005,0.9505
vary_K,32,32,0.9,0.09999999999999998,0.04999999999999999,16870,2.0397357288289624,exc_eb,exceedance,0.091,0.0,0.909
vary_K,32,32,0.9,0.09999999999999998,0.04999999999999999,16870,2.0397357288289624,exc_bet,exceedance,0.686,0.0,0.314
vary_K,32,32,0.9,0.09999999999999998,0.04999999999999999,16870,2.0397357288289624,counts_exact,counts,0.912,0.0,0.088
vary_K,32,32,0.9,0.09999999999999998,0.04999999999999999,16870,2.0397357288289624,norm_bet,counts,0.695,0.0,0.305
vary_K,32,32,0.9,0.09999999999999998,0.04999999999999999,22524,2.723355516072528,cdf_eb,cdf,0.001,0.0,0.999
vary_K,32,32,0.9,0.09999999999999998,0.04999999999999999,22524,2.723355516072528,cdf_bet,cdf,0.0,0.0,1.0
vary_K,32,32,0.9,0.09999999999999998,0.04999999999999999,22524,2.723355516072528,cdf_exact,cdf,0.0585,0.0005,0.941
vary_K,32,32,0.9,0.09999999999999998,0.04999999999999999,22524,2.723355516072528,exc_eb,exceedance,0.321,0.0,0.679
vary_K,32,32,0.9,0.09999999999999998,0.04999999999999999,22524,2.723355516072528,exc_bet,exceedance,0.858,0.0,0.142
vary_K,32,32,0.9,0.09999999999999998,0.04999999999999999,22524,2.723355516072528,counts_exact,counts,0.978,0.0,0.022
vary_K,32,32,0.9,0.09999999999999998,0.04999999999999999,22524,2.723355516072528,norm_bet,counts,0.8665,0.0,0.1335
vary_K,32,32,0.9,0.09999999999999998,0.04999999999999999,30073,3.636097959281173,cdf_eb,cdf,0.0015,0.0,0.9985
vary_K,32,32,0.9,0.09999999999999998,0.04999999999999999,30073,3.636097959281173,cdf_bet,cdf,0.0005,0.0,0.9995
vary_K,32,32,0.9,0.09999999999999998,0.04999999999999999,30073,3.636097959281173,cdf_exact,cdf,0.086,0.0,0.914
vary_K,32,32,0.9,0.09999999999999998,0.04999999999999999,30073,3.636097959281173,exc_eb,exceedance,0.6945,0.0,0.3055
vary_K,32,32,0.9,0.09999999999999998,0.04999999999999999,30073,3.636097959281173,exc_bet,exceedance,0.9505,0.0,0.0495
vary_K,32,32,0.9,0.09999999999999998,0.04999999999999999,30073,3.636097959281173,counts_exact,counts,0.998,0.0,0.002
vary_K,32,32,0.9,0.09999999999999998,0.04999999999999999,30073,3.636097959281173,norm_bet,counts,0.958,0.0,0.042
vary_K,32,32,0.9,0.09999999999999998,0.04999999999999999,40152,4.854740307287522,cdf_eb,cdf,0.0075,0.0,0.9925
vary_K,32,32,0.9,0.09999999999999998,0.04999999999999999,40152,4.854740307287522,cdf_bet,cdf,0.0035,0.0,0.9965
vary_K,32,32,0.9,0.09999999999999998,0.04999999999999999,40152,4.854740307287522,cdf_exact,cdf,0.1505,0.0,0.8495
vary_K,32,32,0.9,0.09999999999999998,0.04999999999999999,40152,4.854740307287522,exc_eb,exceedance,0.9395,0.0,0.0605
vary_K,32,32,0.9,0.09999999999999998,0.04999999999999999,40152,4.854740307287522,exc_bet,exceedance,0.993,0.0,0.007
vary_K,32,32,0.9,0.09999999999999998,0.04999999999999999,40152,4.854740307287522,counts_exact,counts,1.0,0.0,0.0
vary_K,32,32,0.9,0.09999999999999998,0.04999999999999999,40152,4.854740307287522,norm_bet,counts,0.996,0.0,0.004
vary_K,32,32,0.9,0.09999999999999998,0.04999999999999999,53609,6.481813437272783,cdf_eb,cdf,0.02,0.0,0.98
vary_K,32,32,0.9,0.09999999999999998,0.04999999999999999,53609,6.481813437272783,cdf_bet,cdf,0.0055,0.0,0.9945
vary_K,32,32,0.9,0.09999999999999998,0.04999999999999999,53609,6.481813437272783,cdf_exact,cdf,0.2305,0.0,0.7695
vary_K,32,32,0.9,0.09999999999999998,0.04999999999999999,53609,6.481813437272783,exc_eb,exceedance,0.9975,0.0,0.0025
vary_K,32,32,0.9,0.09999999999999998,0.04999999999999999,53609,6.481813437272783,exc_bet,exceedance,1.0,0.0,0.0
vary_K,32,32,0.9,0.09999999999999998,0.04999999999999999,53609,6.481813437272783,counts_exact,counts,1.0,0.0,0.0
vary_K,32,32,0.9,0.09999999999999998,0.04999999999999999,53609,6.481813437272783,norm_bet,counts,1.0,0.0,0.0
vary_K,32,32,0.9,0.09999999999999998,0.04999999999999999,71577,8.654307306602883,cdf_eb,cdf,0.04,0.0,0.96
vary_K,32,32,0.9,0.09999999999999998,0.04999999999999999,71577,8.654307306602883,cdf_bet,cdf,0.0105,0.0,0.9895
vary_K,32,32,0.9,0.09999999999999998,0.04999999999999999,71577,8.654307306602883,cdf_exact,cdf,0.3235,0.0,0.6765
vary_K,32,32,0.9,0.09999999999999998,0.04999999999999999,71577,8.654307306602883,exc_eb,exceedance,1.0,0.0,0.0
vary_K,32,32,0.9,0.09999999999999998,0.04999999999999999,71577,8.654307306602883,exc_bet,exceedance,1.0,0.0,0.0
vary_K,32,32,0.9,0.09999999999999998,0.04999999999999999,71577,8.654307306602883,counts_exact,counts,1.0,0.0,0.0
vary_K,32,32,0.9,0.09999999999999998,0.04999999999999999,71577,8.654307306602883,norm_bet,counts,1.0,0.0,0.0
vary_K,32,32,0.9,0.09999999999999998,0.04999999999999999,95567,11.554915494783488,cdf_eb,cdf,0.1045,0.0,0.8955
vary_K,32,32,0.9,0.09999999999999998,0.04999999999999999,95567,11.554915494783488,cdf_bet,cdf,0.0375,0.0,0.9625
vary_K,32,32,0.9,0.09999999999999998,0.04999999999999999,95567,11.554915494783488,cdf_exact,cdf,0.4795,0.0,0.5205
vary_K,32,32,0.9,0.09999999999999998,0.04999999999999999,95567,11.554915494783488,exc_eb,exceedance,1.0,0.0,0.0
vary_K,32,32,0.9,0.09999999999999998,0.04999999999999999,95567,11.554915494783488,exc_bet,exceedance,1.0,0.0,0.0
vary_K,32,32,0.9,0.09999999999999998,0.04999999999999999,95567,11.554915494783488,counts_exact,counts,1.0,0.0,0.0
vary_K,32,32,0.9,0.09999999999999998,0.04999999999999999,95567,11.554915494783488,norm_bet,counts,1.0,0.0,0.0
vary_K,32,32,0.9,0.09999999999999998,0.04999999999999999,127597,15.427632471333084,cdf_eb,cdf,0.207,0.0,0.793
vary_K,32,32,0.9,0.09999999999999998,0.04999999999999999,127597,15.427632471333084,cdf_bet,cdf,0.086,0.0,0.914
vary_K,32,32,0.9,0.09999999999999998,0.04999999999999999,127597,15.427632471333084,cdf_exact,cdf,0.64,0.0,0.36
vary_K,32,32,0.9,0.09999999999999998,0.04999999999999999,127597,15.427632471333084,exc_eb,exceedance,1.0,0.0,0.0
vary_K,32,32,0.9,0.09999999999999998,0.04999999999999999,127597,15.427632471333084,exc_bet,exceedance,1.0,0.0,0.0
vary_K,32,32,0.9,0.09999999999999998,0.04999999999999999,127597,15.427632471333084,counts_exact,counts,1.0,0.0,0.0
vary_K,32,32,0.9,0.09999999999999998,0.04999999999999999,127597,15.427632471333084,norm_bet,counts,1.0,0.0,0.0
vary_K,32,32,0.9,0.09999999999999998,0.04999999999999999,170363,20.598429043893805,cdf_eb,cdf,0.401,0.0,0.599
vary_K,32,32,0.9,0.09999999999999998,0.04999999999999999,170363,20.598429043893805,cdf_bet,cdf,0.2085,0.0,0.7915
vary_K,32,32,0.9,0.09999999999999998,0.04999999999999999,170363,20.598429043893805,cdf_exact,cdf,0.8075,0.0,0.1925
vary_K,32,32,0.9,0.09999999999999998,0.04999999999999999,170363,20.598429043893805,exc_eb,exceedance,1.0,0.0,0.0
vary_K,32,32,0.9,0.09999999999999998,0.04999999999999999,170363,20.598429043893805,exc_bet,exceedance,1.0,0.0,0.0
vary_K,32,32,0.9,0.09999999999999998,0.04999999999999999,170363,20.598429043893805,counts_exact,counts,1.0,0.0,0.0
vary_K,32,32,0.9,0.09999999999999998,0.04999999999999999,170363,20.598429043893805,norm_bet,counts,1.0,0.0,0.0
vary_K,32,32,0.9,0.09999999999999998,0.04999999999999999,227462,27.50221507711283,cdf_eb,cdf,0.6585,0.0,0.3415
vary_K,32,32,0.9,0.09999999999999998,0.04999999999999999,227462,27.50221507711283,cdf_bet,cdf,0.426,0.0,0.574
vary_K,32,32,0.9,0.09999999999999998,0.04999999999999999,227462,27.50221507711283,cdf_exact,cdf,0.9295,0.0,0.0705
vary_K,32,32,0.9,0.09999999999999998,0.04999999999999999,227462,27.50221507711283,exc_eb,exceedance,1.0,0.0,0.0
vary_K,32,32,0.9,0.09999999999999998,0.04999999999999999,227462,27.50221507711283,exc_bet,exceedance,1.0,0.0,0.0
vary_K,32,32,0.9,0.09999999999999998,0.04999999999999999,227462,27.50221507711283,counts_exact,counts,1.0,0.0,0.0
vary_K,32,32,0.9,0.09999999999999998,0.04999999999999999,227462,27.50221507711283,norm_bet,counts,1.0,0.0,0.0
vary_K,32,32,0.9,0.09999999999999998,0.04999999999999999,303698,36.719837662945956,cdf_eb,cdf,0.881,0.0,0.119
vary_K,32,32,0.9,0.09999999999999998,0.04999999999999999,303698,36.719837662945956,cdf_bet,cdf,0.707,0.0,0.293
vary_K,32,32,0.9,0.09999999999999998,0.04999999999999999,303698,36.719837662945956,cdf_exact,cdf,0.9825,0.0,0.0175
vary_K,32,32,0.9,0.09999999999999998,0.04999999999999999,303698,36.719837662945956,exc_eb,exceedance,1.0,0.0,0.0
vary_K,32,32,0.9,0.09999999999999998,0.04999999999999999,303698,36.719837662945956,exc_bet,exceedance,1.0,0.0,0.0
vary_K,32,32,0.9,0.09999999999999998,0.04999999999999999,303698,36.719837662945956,counts_exact,counts,1.0,0.0,0.0
vary_K,32,32,0.9,0.09999999999999998,0.04999999999999999,303698,36.719837662945956,norm_bet,counts,1.0,0.0,0.0
vary_K,32,32,0.9,0.09999999999999998,0.04999999999999999,405486,49.02692837818261,cdf_eb,cdf,0.9735,0.0,0.0265
vary_K,32,32,0.9,0.09999999999999998,0.04999999999999999,405486,49.02692837818261,cdf_bet,cdf,0.905,0.0,0.095
vary_K,32,32,0.9,0.09999999999999998,0.04999999999999999,405486,49.02692837818261,cdf_exact,cdf,0.999,0.0,0.001
vary_K,32,32,0.9,0.09999999999999998,0.04999999999999999,405486,49.02692837818261,exc_eb,exceedance,1.0,0.0,0.0
vary_K,32,32,0.9,0.09999999999999998,0.04999999999999999,405486,49.02692837818261,exc_bet,exceedance,1.0,0.0,0.0
vary_K,32,32,0.9,0.09999999999999998,0.04999999999999999,405486,49.02692837818261,counts_exact,counts,1.0,0.0,0.0
vary_K,32,32,0.9,0.09999999999999998,0.04999999999999999,405486,49.02692837818261,norm_bet,counts,1.0,0.0,0.0
vary_K,32,32,0.9,0.09999999999999998,0.04999999999999999,541388,65.45871053700381,cdf_eb,cdf,0.999,0.0,0.001
vary_K,32,32,0.9,0.09999999999999998,0.04999999999999999,541388,65.45871053700381,cdf_bet,cdf,0.985,0.0,0.015
vary_K,32,32,0.9,0.09999999999999998,0.04999999999999999,541388,65.45871053700381,cdf_exact,cdf,1.0,0.0,0.0
vary_K,32,32,0.9,0.09999999999999998,0.04999999999999999,541388,65.45871053700381,exc_eb,exceedance,1.0,0.0,0.0
vary_K,32,32,0.9,0.09999999999999998,0.04999999999999999,541388,65.45871053700381,exc_bet,exceedance,1.0,0.0,0.0
vary_K,32,32,0.9,0.09999999999999998,0.04999999999999999,541388,65.45871053700381,counts_exact,counts,1.0,0.0,0.0
vary_K,32,32,0.9,0.09999999999999998,0.04999999999999999,541388,65.45871053700381,norm_bet,counts,1.0,0.0,0.0
vary_K,32,32,0.9,0.09999999999999998,0.04999999999999999,722840,87.3979000727165,cdf_eb,cdf,1.0,0.0,0.0
vary_K,32,32,0.9,0.09999999999999998,0.04999999999999999,722840,87.3979000727165,cdf_bet,cdf,0.999,0.0,0.001
vary_K,32,32,0.9,0.09999999999999998,0.04999999999999999,722840,87.3979000727165,cdf_exact,cdf,1.0,0.0,0.0
vary_K,32,32,0.9,0.09999999999999998,0.04999999999999999,722840,87.3979000727165,exc_eb,exceedance,1.0,0.0,0.0
vary_K,32,32,0.9,0.09999999999999998,0.04999999999999999,722840,87.3979000727165,exc_bet,exceedance,1.0,0.0,0.0
vary_K,32,32,0.9,0.09999999999999998,0.04999999999999999,722840,87.3979000727165,counts_exact,counts,1.0,0.0,0.0
vary_K,32,32,0.9,0.09999999999999998,0.04999999999999999,722840,87.3979000727165,norm_bet,counts,1.0,0.0,0.0
vary_K,32,32,0.9,0.09999999999999998,0.04999999999999999,965108,116.69029459268893,cdf_eb,cdf,1.0,0.0,0.0
vary_K,32,32,0.9,0.09999999999999998,0.04999999999999999,965108,116.69029459268893,cdf_bet,cdf,1.0,0.0,0.0
vary_K,32,32,0.9,0.09999999999999998,0.04999999999999999,965108,116.69029459268893,cdf_exact,cdf,1.0,0.0,0.0
vary_K,32,32,0.9,0.09999999999999998,0.04999999999999999,965108,116.69029459268893,exc_eb,exceedance,1.0,0.0,0.0
vary_K,32,32,0.9,0.09999999999999998,0.04999999999999999,965108,116.69029459268893,exc_bet,exceedance,1.0,0.0,0.0
vary_K,32,32,0.9,0.09999999999999998,0.04999999999999999,965108,116.69029459268893,counts_exact,counts,1.0,0.0,0.0
vary_K,32,32,0.9,0.09999999999999998,0.04999999999999999,965108,116.69029459268893,norm_bet,counts,1.0,0.0,0.0
vary_K,32,32,0.9,0.09999999999999998,0.04999999999999999,1288574,155.80026242086848,cdf_eb,cdf,1.0,0.0,0.0
vary_K,32,32,0.9,0.09999999999999998,0.04999999999999999,1288574,155.80026242086848,cdf_bet,cdf,1.0,0.0,0.0
vary_K,32,32,0.9,0.09999999999999998,0.04999999999999999,1288574,155.80026242086848,cdf_exact,cdf,1.0,0.0,0.0
vary_K,32,32,0.9,0.09999999999999998,0.04999999999999999,1288574,155.80026242086848,exc_eb,exceedance,1.0,0.0,0.0
vary_K,32,32,0.9,0.09999999999999998,0.04999999999999999,1288574,155.80026242086848,exc_bet,exceedance,1.0,0.0,0.0
vary_K,32,32,0.9,0.09999999999999998,0.04999999999999999,1288574,155.80026242086848,counts_exact,counts,1.0,0.0,0.0
vary_K,32,32,0.9,0.09999999999999998,0.04999999999999999,1288574,155.80026242086848,norm_bet,counts,1.0,0.0,0.0
vary_K,32,32,0.9,0.09999999999999998,0.04999999999999999,1720453,208.01834344226287,cdf_eb,cdf,1.0,0.0,0.0
vary_K,32,32,0.9,0.09999999999999998,0.04999999999999999,1720453,208.01834344226287,cdf_bet,cdf,1.0,0.0,0.0
vary_K,32,32,0.9,0.09999999999999998,0.04999999999999999,1720453,208.01834344226287,cdf_exact,cdf,1.0,0.0,0.0
vary_K,32,32,0.9,0.09999999999999998,0.04999999999999999,1720453,208.01834344226287,exc_eb,exceedance,1.0,0.0,0.0
vary_K,32,32,0.9,0.09999999999999998,0.04999999999999999,1720453,208.01834344226287,exc_bet,exceedance,1.0,0.0,0.0
vary_K,32,32,0.9,0.09999999999999998,0.04999999999999999,1720453,208.01834344226287,counts_exact,counts,1.0,0.0,0.0
vary_K,32,32,0.9,0.09999999999999998,0.04999999999999999,1720453,208.01834344226287,norm_bet,counts,1.0,0.0,0.0
vary_K,32,32,0.9,0.09999999999999998,0.04999999999999999,2297081,277.73788901684424,cdf_eb,cdf,1.0,0.0,0.0
vary_K,32,32,0.9,0.09999999999999998,0.04999999999999999,2297081,277.73788901684424,cdf_bet,cdf,1.0,0.0,0.0
vary_K,32,32,0.9,0.09999999999999998,0.04999999999999999,2297081,277.73788901684424,cdf_exact,cdf,1.0,0.0,0.0
vary_K,32,32,0.9,0.09999999999999998,0.04999999999999999,2297081,277.73788901684424,exc_eb,exceedance,1.0,0.0,0.0
vary_K,32,32,0.9,0.09999999999999998,0.04999999999999999,2297081,277.73788901684424,exc_bet,exceedance,1.0,0.0,0.0
vary_K,32,32,0.9,0.09999999999999998,0.04999999999999999,2297081,277.73788901684424,counts_exact,counts,1.0,0.0,0.0
vary_K,32,32,0.9,0.09999999999999998,0.04999999999999999,2297081,277.73788901684424,norm_bet,counts,1.0,0.0,0.0
vary_K,32,32,0.9,0.09999999999999998,0.04999999999999999,3066972,370.82468095542504,cdf_eb,cdf,1.0,0.0,0.0
vary_K,32,32,0.9,0.09999999999999998,0.04999999999999999,3066972,370.82468095542504,cdf_bet,cdf,1.0,0.0,0.0
vary_K,32,32,0.9,0.09999999999999998,0.04999999999999999,3066972,370.82468095542504,cdf_exact,cdf,1.0,0.0,0.0
vary_K,32,32,0.9,0.09999999999999998,0.04999999999999999,3066972,370.82468095542504,exc_eb,exceedance,1.0,0.0,0.0
vary_K,32,32,0.9,0.09999999999999998,0.04999999999999999,3066972,370.82468095542504,exc_bet,exceedance,1.0,0.0,0.0
vary_K,32,32,0.9,0.09999999999999998,0.04999999999999999,3066972,370.82468095542504,counts_exact,counts,1.0,0.0,0.0
vary_K,32,32,0.9,0.09999999999999998,0.04999999999999999,3066972,370.82468095542504,norm_bet,counts,1.0,0.0,0.0
vary_K,32,32,0.9,0.09999999999999998,0.04999999999999999,4094900,495.1104822751463,cdf_eb,cdf,1.0,0.0,0.0
vary_K,32,32,0.9,0.09999999999999998,0.04999999999999999,4094900,495.1104822751463,cdf_bet,cdf,1.0,0.0,0.0
vary_K,32,32,0.9,0.09999999999999998,0.04999999999999999,4094900,495.1104822751463,cdf_exact,cdf,1.0,0.0,0.0
vary_K,32,32,0.9,0.09999999999999998,0.04999999999999999,4094900,495.1104822751463,exc_eb,exceedance,1.0,0.0,0.0
vary_K,32,32,0.9,0.09999999999999998,0.04999999999999999,4094900,495.1104822751463,exc_bet,exceedance,1.0,0.0,0.0
vary_K,32,32,0.9,0.09999999999999998,0.04999999999999999,4094900,495.1104822751463,counts_exact,counts,1.0,0.0,0.0
vary_K,32,32,0.9,0.09999999999999998,0.04999999999999999,4094900,495.1104822751463,norm_bet,counts,1.0,0.0,0.0
vary_K,32,32,0.9,0.09999999999999998,0.04999999999999999,5467349,661.0519915398518,cdf_eb,cdf,1.0,0.0,0.0
vary_K,32,32,0.9,0.09999999999999998,0.04999999999999999,5467349,661.0519915398518,cdf_bet,cdf,1.0,0.0,0.0
vary_K,32,32,0.9,0.09999999999999998,0.04999999999999999,5467349,661.0519915398518,cdf_exact,cdf,1.0,0.0,0.0
vary_K,32,32,0.9,0.09999999999999998,0.04999999999999999,5467349,661.0519915398518,exc_eb,exceedance,1.0,0.0,0.0
vary_K,32,32,0.9,0.09999999999999998,0.04999999999999999,5467349,661.0519915398518,exc_bet,exceedance,1.0,0.0,0.0
vary_K,32,32,0.9,0.09999999999999998,0.04999999999999999,5467349,661.0519915398518,counts_exact,counts,1.0,0.0,0.0
vary_K,32,32,0.9,0.09999999999999998,0.04999999999999999,5467349,661.0519915398518,norm_bet,counts,1.0,0.0,0.0
vary_K,32,32,0.9,0.09999999999999998,0.04999999999999999,7299788,882.610456222698,cdf_eb,cdf,1.0,0.0,0.0
vary_K,32,32,0.9,0.09999999999999998,0.04999999999999999,7299788,882.610456222698,cdf_bet,cdf,1.0,0.0,0.0
vary_K,32,32,0.9,0.09999999999999998,0.04999999999999999,7299788,882.610456222698,cdf_exact,cdf,1.0,0.0,0.0
vary_K,32,32,0.9,0.09999999999999998,0.04999999999999999,7299788,882.610456222698,exc_eb,exceedance,1.0,0.0,0.0
vary_K,32,32,0.9,0.09999999999999998,0.04999999999999999,7299788,882.610456222698,exc_bet,exceedance,1.0,0.0,0.0
vary_K,32,32,0.9,0.09999999999999998,0.04999999999999999,7299788,882.610456222698,counts_exact,counts,1.0,0.0,0.0
vary_K,32,32,0.9,0.09999999999999998,0.04999999999999999,7299788,882.610456222698,norm_bet,counts,1.0,0.0,0.0
vary_K,32,32,0.9,0.09999999999999998,0.04999999999999999,9746389,1178.4266668859266,cdf_eb,cdf,1.0,0.0,0.0
vary_K,32,32,0.9,0.09999999999999998,0.04999999999999999,9746389,1178.4266668859266,cdf_bet,cdf,1.0,0.0,0.0
vary_K,32,32,0.9,0.09999999999999998,0.04999999999999999,9746389,1178.4266668859266,cdf_exact,cdf,1.0,0.0,0.0
vary_K,32,32,0.9,0.09999999999999998,0.04999999999999999,9746389,1178.4266668859266,exc_eb,exceedance,1.0,0.0,0.0
vary_K,32,32,0.9,0.09999999999999998,0.04999999999999999,9746389,1178.4266668859266,exc_bet,exceedance,1.0,0.0,0.0
vary_K,32,32,0.9,0.09999999999999998,0.04999999999999999,9746389,1178.4266668859266,counts_exact,counts,1.0,0.0,0.0
vary_K,32,32,0.9,0.09999999999999998,0.04999999999999999,9746389,1178.4266668859266,norm_bet,counts,1.0,0.0,0.0
vary_K,32,32,0.9,0.09999999999999998,0.04999999999999999,13012994,1573.3887848747431,cdf_eb,cdf,1.0,0.0,0.0
vary_K,32,32,0.9,0.09999999999999998,0.04999999999999999,13012994,1573.3887848747431,cdf_bet,cdf,1.0,0.0,0.0
vary_K,32,32,0.9,0.09999999999999998,0.04999999999999999,13012994,1573.3887848747431,cdf_exact,cdf,1.0,0.0,0.0
vary_K,32,32,0.9,0.09999999999999998,0.04999999999999999,13012994,1573.3887848747431,exc_eb,exceedance,1.0,0.0,0.0
vary_K,32,32,0.9,0.09999999999999998,0.04999999999999999,13012994,1573.3887848747431,exc_bet,exceedance,1.0,0.0,0.0
vary_K,32,32,0.9,0.09999999999999998,0.04999999999999999,13012994,1573.3887848747431,counts_exact,counts,1.0,0.0,0.0
vary_K,32,32,0.9,0.09999999999999998,0.04999999999999999,13012994,1573.3887848747431,norm_bet,counts,1.0,0.0,0.0
vary_K,32,32,0.9,0.09999999999999998,0.04999999999999999,17374436,2100.726608029174,cdf_eb,cdf,1.0,0.0,0.0
vary_K,32,32,0.9,0.09999999999999998,0.04999999999999999,17374436,2100.726608029174,cdf_bet,cdf,1.0,0.0,0.0
vary_K,32,32,0.9,0.09999999999999998,0.04999999999999999,17374436,2100.726608029174,cdf_exact,cdf,1.0,0.0,0.0
vary_K,32,32,0.9,0.09999999999999998,0.04999999999999999,17374436,2100.726608029174,exc_eb,exceedance,1.0,0.0,0.0
vary_K,32,32,0.9,0.09999999999999998,0.04999999999999999,17374436,2100.726608029174,exc_bet,exceedance,1.0,0.0,0.0
vary_K,32,32,0.9,0.09999999999999998,0.04999999999999999,17374436,2100.726608029174,counts_exact,counts,1.0,0.0,0.0
vary_K,32,32,0.9,0.09999999999999998,0.04999999999999999,17374436,2100.726608029174,norm_bet,counts,1.0,0.0,0.0
vary_K,32,32,0.9,0.09999999999999998,0.04999999999999999,23197661,2804.807229814001,cdf_eb,cdf,1.0,0.0,0.0
vary_K,32,32,0.9,0.09999999999999998,0.04999999999999999,23197661,2804.807229814001,cdf_bet,cdf,1.0,0.0,0.0
vary_K,32,32,0.9,0.09999999999999998,0.04999999999999999,23197661,2804.807229814001,cdf_exact,cdf,1.0,0.0,0.0
vary_K,32,32,0.9,0.09999999999999998,0.04999999999999999,23197661,2804.807229814001,exc_eb,exceedance,1.0,0.0,0.0
vary_K,32,32,0.9,0.09999999999999998,0.04999999999999999,23197661,2804.807229814001,exc_bet,exceedance,1.0,0.0,0.0
vary_K,32,32,0.9,0.09999999999999998,0.04999999999999999,23197661,2804.807229814001,counts_exact,counts,1.0,0.0,0.0
vary_K,32,32,0.9,0.09999999999999998,0.04999999999999999,23197661,2804.807229814001,norm_bet,counts,1.0,0.0,0.0
vary_K,32,32,0.9,0.09999999999999998,0.04999999999999999,30972602,3744.86798542972,cdf_eb,cdf,1.0,0.0,0.0
vary_K,32,32,0.9,0.09999999999999998,0.04999999999999999,30972602,3744.86798542972,cdf_bet,cdf,1.0,0.0,0.0
vary_K,32,32,0.9,0.09999999999999998,0.04999999999999999,30972602,3744.86798542972,cdf_exact,cdf,1.0,0.0,0.0
vary_K,32,32,0.9,0.09999999999999998,0.04999999999999999,30972602,3744.86798542972,exc_eb,exceedance,1.0,0.0,0.0
vary_K,32,32,0.9,0.09999999999999998,0.04999999999999999,30972602,3744.86798542972,exc_bet,exceedance,1.0,0.0,0.0
vary_K,32,32,0.9,0.09999999999999998,0.04999999999999999,30972602,3744.86798542972,counts_exact,counts,1.0,0.0,0.0
vary_K,32,32,0.9,0.09999999999999998,0.04999999999999999,30972602,3744.86798542972,norm_bet,counts,1.0,0.0,0.0
vary_K,32,32,0.9,0.09999999999999998,0.04999999999999999,41353396,4999.999960261571,cdf_eb,cdf,1.0,0.0,0.0
vary_K,32,32,0.9,0.09999999999999998,0.04999999999999999,41353396,4999.999960261571,cdf_bet,cdf,1.0,0.0,0.0
vary_K,32,32,0.9,0.09999999999999998,0.04999999999999999,41353396,4999.999960261571,cdf_exact,cdf,1.0,0.0,0.0
vary_K,32,32,0.9,0.09999999999999998,0.04999999999999999,41353396,4999.999960261571,exc_eb,exceedance,1.0,0.0,0.0
vary_K,32,32,0.9,0.09999999999999998,0.04999999999999999,41353396,4999.999960261571,exc_bet,exceedance,1.0,0.0,0.0
vary_K,32,32,0.9,0.09999999999999998,0.04999999999999999,41353396,4999.999960261571,counts_exact,counts,1.0,0.0,0.0
vary_K,32,32,0.9,0.09999999999999998,0.04999999999999999,41353396,4999.999960261571,norm_bet,counts,1.0,0.0,0.0
two_action,2,2,0.8,0.19999999999999996,0.09999999999999998,4,0.027108503068181675,cdf_eb,cdf,0.0,0.0,1.0
two_action,2,2,0.8,0.19999999999999996,0.09999999999999998,4,0.027108503068181675,cdf_bet,cdf,0.0,0.0,1.0
two_action,2,2,0.8,0.19999999999999996,0.09999999999999998,4,0.027108503068181675,cdf_exact,cdf,0.0,0.0,1.0
two_action,2,2,0.8,0.19999999999999996,0.09999999999999998,4,0.027108503068181675,exc_eb,exceedance,0.0,0.0,1.0
two_action,2,2,0.8,0.19999999999999996,0.09999999999999998,4,0.027108503068181675,exc_bet,exceedance,0.0,0.0,1.0
two_action,2,2,0.8,0.19999999999999996,0.09999999999999998,4,0.027108503068181675,counts_exact,counts,0.0,0.0,1.0
two_action,2,2,0.8,0.19999999999999996,0.09999999999999998,4,0.027108503068181675,norm_bet,counts,0.0,0.0,1.0
two_action,2,2,0.8,0.19999999999999996,0.09999999999999998,4,0.027108503068181675,cdf_eb,cdf,0.0,0.0,1.0
two_action,2,2,0.8,0.19999999999999996,0.09999999999999998,4,0.027108503068181675,cdf_bet,cdf,0.0,0.0,1.0
two_action,2,2,0.8,0.19999999999999996,0.09999999999999998,4,0.027108503068181675,cdf_exact,cdf,0.0,0.0,1.0
two_action,2,2,0.8,0.19999999999999996,0.09999999999999998,4,0.027108503068181675,exc_eb,exceedance,0.0,0.0,1.0
two_action,2,2,0.8,0.19999999999999996,0.09999999999999998,4,0.027108503068181675,exc_bet,exceedance,0.0,0.0,1.0
two_action,2,2,0.8,0.19999999999999996,0.09999999999999998,4,0.027108503068181675,counts_exact,counts,0.0,0.0,1.0
two_action,2,2,0.8,0.19999999999999996,0.09999999999999998,4,0.027108503068181675,norm_bet,counts,0.0,0.0,1.0
two_action,2,2,0.8,0.19999999999999996,0.09999999999999998,5,0.0338856288352271,cdf_eb,cdf,0.0,0.0,1.0
two_action,2,2,0.8,0.19999999999999996,0.09999999999999998,5,0.0338856288352271,cdf_bet,cdf,0.0,0.0,1.0
two_action,2,2,0.8,0.19999999999999996,0.09999999999999998,5,0.0338856288352271,cdf_exact,cdf,0.017,0.006,0.977
two_action,2,2,0.8,0.19999999999999996,0.09999999999999998,5,0.0338856288352271,exc_eb,exceedance,0.0,0.0,1.0
two_action,2,2,0.8,0.19999999999999996,0.09999999999999998,5,0.0338856288352271,exc_bet,exceedance,0.0,0.0,1.0
two_action,2,2,0.8,0.19999999999999996,0.09999999999999998,5,0.0338856288352271,counts_exact,counts,0.0,0.0,1.0
two_action,2,2,0.8,0.19999999999999996,0.09999999999999998,5,0.0338856288352271,norm_bet,counts,0.0,0.0,1.0
two_action,2,2,0.8,0.19999999999999996,0.09999999999999998,7,0.047439880369317934,cdf_eb,cdf,0.0,0.0,1.0
two_action,2,2,0.8,0.19999999999999996,0.09999999999999998,7,0.047439880369317934,cdf_bet,cdf,0.0,0.0,1.0
two_action,2,2,0.8,0.19999999999999996,0.09999999999999998,7,0.047439880369317934,cdf_exact,cdf,0.031,0.0075,0.9615
two_action,2,2,0.8,0.19999999999999996,0.09999999999999998,7,0.047439880369317934,exc_eb,exceedance,0.0,0.0,1.0
two_action,2,2,0.8,0.19999999999999996,0.09999999999999998,7,0.047439880369317934,exc_bet,exceedance,0.0,0.0,1.0
two_action,2,2,0.8,0.19999999999999996,0.09999999999999998,7,0.047439880369317934,counts_exact,counts,0.0,0.0,1.0
two_action,2,2,0.8,0.19999999999999996,0.09999999999999998,7,0.047439880369317934,norm_bet,counts,0.0,0.0,1.0
two_action,2,2,0.8,0.19999999999999996,0.09999999999999998,9,0.06099413190340877,cdf_eb,cdf,0.0,0.0,1.0
two_action,2,2,0.8,0.19999999999999996,0.09999999999999998,9,0.06099413190340877,cdf_bet,cdf,0.0,0.0,1.0
two_action,2,2,0.8,0.19999999999999996,0.09999999999999998,9,0.06099413190340877,cdf_exact,cdf,0.008,0.0015,0.9905
two_action,2,2,0.8,0.19999999999999996,0.09999999999999998,9,0.06099413190340877,exc_eb,exceedance,0.0,0.0,1.0
two_action,2,2,0.8,0.19999999999999996,0.09999999999999998,9,0.06099413190340877,exc_bet,exceedance,0.0,0.0,1.0
two_action,2,2,0.8,0.19999999999999996,0.09999999999999998,9,0.06099413190340877,counts_exact,counts,0.0,0.0,1.0
two_action,2,2,0.8,0.19999999999999996,0.09999999999999998,9,0.06099413190340877,norm_bet,counts,0.0,0.0,1.0
two_action,2,2,0.8,0.19999999999999996,0.09999999999999998,13,0.08810263497159045,cdf_eb,cdf,0.0,0.0,1.0
two_action,2,2,0.8,0.19999999999999996,0.09999999999999998,13,0.08810263497159045,cdf_bet,cdf,0.0,0.0,1.0
two_action,2,2,0.8,0.19999999999999996,0.09999999999999998,13,0.08810263497159045,cdf_exact,cdf,0.0155,0.002,0.9825
two_action,2,2,0.8,0.19999999999999996,0.09999999999999998,13,0.08810263497159045,exc_eb,exceedance,0.0,0.0,1.0
two_action,2,2,0.8,0.19999999999999996,0.09999999999999998,13,0.08810263497159045,exc_bet,exceedance,0.0,0.0,1.0
two_action,2,2,0.8,0.19999999999999996,0.09999999999999998,13,0.08810263497159045,counts_exact,counts,0.0,0.0,1.0
two_action,2,2,0.8,0.19999999999999996,0.09999999999999998,13,0.08810263497159045,norm_bet,counts,0.0,0.0,1.0
two_action,2,2,0.8,0.19999999999999996,0.09999999999999998,17,0.11521113803977212,cdf_eb,cdf,0.0,0.0,1.0
two_action,2,2,0.8,0.19999999999999996,0.09999999999999998,17,0.11521113803977212,cdf_bet,cdf,0.0,0.0,1.0
two_action,2,2,0.8,0.19999999999999996,0.09999999999999998,17,0.11521113803977212,cdf_exact,cdf,0.0295,0.0015,0.969
two_action,2,2,0.8,0.19999999999999996,0.09999999999999998,17,0.11521113803977212,exc_eb,exceedance,0.0,0.0,1.0
two_action,2,2,0.8,0.19999999999999996,0.09999999999999998,17,0.11521113803977212,exc_bet,exceedance,0.0,0.0,1.0
two_action,2,2,0.8,0.19999999999999996,0.09999999999999998,17,0.11521113803977212,counts_exact,counts,0.0,0.0,1.0
two_action,2,2,0.8,0.19999999999999996,0.09999999999999998,17,0.11521113803977212,norm_bet,counts,0.0,0.0,1.0
two_action,2,2,0.8,0.19999999999999996,0.09999999999999998,22,0.1490967668749992,cdf_eb,cdf,0.0,0.0,1.0
two_action,2,2,0.8,0.19999999999999996,0.09999999999999998,22,0.1490967668749992,cdf_bet,cdf,0.0,0.0,1.0
two_action,2,2,0.8,0.19999999999999996,0.09999999999999998,22,0.1490967668749992,cdf_exact,cdf,0.0655,0.0065,0.928
two_action,2,2,0.8,0.19999999999999996,0.09999999999999998,22,0.1490967668749992,exc_eb,exceedance,0.0,0.0,1.0
two_action,2,2,0.8,0.19999999999999996,0.09999999999999998,22,0.1490967668749992,exc_bet,exceedance,0.0,0.0,1.0
two_action,2,2,0.8,0.19999999999999996,0.09999999999999998,22,0.1490967668749992,counts_exact,counts,0.004,0.0,0.996
two_action,2,2,0.8,0.19999999999999996,0.09999999999999998,22,0.1490967668749992,norm_bet,counts,0.0,0.0,1.0
two_action,2,2,0.8,0.19999999999999996,0.09999999999999998,30,0.20331377301136255,cdf_eb,cdf,0.0,0.0,1.0
two_action,2,2,0.8,0.19999999999999996,0.09999999999999998,30,0.20331377301136255,cdf_bet,cdf,0.0,0.0,1.0
two_action,2,2,0.8,0.19999999999999996,0.09999999999999998,30,0.20331377301136255,cdf_exact,cdf,0.074,0.006,0.92
two_action,2,2,0.8,0.19999999999999996,0.09999999999999998,30,0.20331377301136255,exc_eb,exceedance,0.0,0.0,1.0
two_action,2,2,0.8,0.19999999999999996,0.09999999999999998,30,0.20331377301136255,exc_bet,exceedance,0.0,0.0,1.0
two_action,2,2,0.8,0.19999999999999996,0.09999999999999998,30,0.20331377301136255,counts_exact,counts,0.043,0.0,0.957
two_action,2,2,0.8,0.19999999999999996,0.09999999999999998,30,0.20331377301136255,norm_bet,counts,0.0,0.0,1.0
two_action,2,2,0.8,0.19999999999999996,0.09999999999999998,40,0.2710850306818168,cdf_eb,cdf,0.0,0.0,1.0
two_action,2,2,0.8,0.19999999999999996,0.09999999999999998,40,0.2710850306818168,cdf_bet,cdf,0.0,0.0,1.0
two_action,2,2,0.8,0.19999999999999996,0.09999999999999998,40,0.2710850306818168,cdf_exact,cdf,0.069,0.003,0.928
two_action,2,2,0.8,0.19999999999999996,0.09999999999999998,40,0.2710850306818168,exc_eb,exceedance,0.0,0.0,1.0
two_action,2,2,0.8,0.19999999999999996,0.09999999999999998,40,0.2710850306818168,exc_bet,exceedance,0.0,0.0,1.0
two_action,2,2,0.8,0.19999999999999996,0.09999999999999998,40,0.2710850306818168,counts_exact,counts,0.1195,0.0005,0.88
two_action,2,2,0.8,0.19999999999999996,0.09999999999999998,40,0.2710850306818168,norm_bet,counts,0.0,0.0,1.0
two_action,2,2,0.8,0.19999999999999996,0.09999999999999998,53,0.3591876656534072,cdf_eb,cdf,0.0,0.0,1.0
two_action,2,2,0.8,0.19999999999999996,0.09999999999999998,53,0.3591876656534072,cdf_bet,cdf,0.001,0.0,0.999
two_action,2,2,0.8,0.19999999999999996,0.09999999999999998,53,0.3591876656534072,cdf_exact,cdf,0.1085,0.0015,0.89
two_action,2,2,0.8,0.19999999999999996,0.09999999999999998,53,0.3591876656534072,exc_eb,exceedance,0.0,0.0,1.0
two_action,2,2,0.8,0.19999999999999996,0.09999999999999998,53,0.3591876656534072,exc_bet,exceedance,0.0,0.0,1.0
two_action,2,2,0.8,0.19999999999999996,0.09999999999999998,53,0.3591876656534072,counts_exact,counts,0.149,0.0,0.851
two_action,2,2,0.8,0.19999999999999996,0.09999999999999998,53,0.3591876656534072,norm_bet,counts,0.0,0.0,1.0
two_action,2,2,0.8,0.19999999999999996,0.09999999999999998,71,0.48117592946022475,cdf_eb,cdf,0.0,0.0,1.0
two_action,2,2,0.8,0.19999999999999996,0.09999999999999998,71,0.48117592946022475,cdf_bet,cdf,0.002,0.0,0.998
two_action,2,2,0.8,0.19999999999999996,0.09999999999999998,71,0.48117592946022475,cdf_exact,cdf,0.0865,0.001,0.9125
two_action,2,2,0.8,0.19999999999999996,0.09999999999999998,71,0.48117592946022475,exc_eb,exceedance,0.0,0.0,1.0
two_action,2,2,0.8,0.19999999999999996,0.09999999999999998,71,0.48117592946022475,exc_bet,exceedance,0.0,0.0,1.0
two_action,2,2,0.8,0.19999999999999996,0.09999999999999998,71,0.48117592946022475,counts_exact,counts,0.2625,0.0005,0.737
two_action,2,2,0.8,0.19999999999999996,0.09999999999999998,71,0.48117592946022475,norm_bet,counts,0.0045,0.0,0.9955
two_action,2,2,0.8,0.19999999999999996,0.09999999999999998,95,0.6438269478693148,cdf_eb,cdf,0.0,0.0,1.0
two_action,2,2,0.8,0.19999999999999996,0.09999999999999998,95,0.6438269478693148,cdf_bet,cdf,0.006,0.0,0.994
two_action,2,2,0.8,0.19999999999999996,0.09999999999999998,95,0.6438269478693148,cdf_exact,cdf,0.158,0.0005,0.8415
two_action,2,2,0.8,0.19999999999999996,0.09999999999999998,95,0.6438269478693148,exc_eb,exceedance,0.0,0.0,1.0
two_action,2,2,0.8,0.19999999999999996,0.09999999999999998,95,0.6438269478693148,exc_bet,exceedance,0.0435,0.0,0.9565
two_action,2,2,0.8,0.19999999999999996,0.09999999999999998,95,0.6438269478693148,counts_exact,counts,0.364,0.0005,0.6355
two_action,2,2,0.8,0.19999999999999996,0.09999999999999998,95,0.6438269478693148,norm_bet,counts,0.028,0.0,0.972
two_action,2,2,0.8,0.19999999999999996,0.09999999999999998,126,0.8539178466477227,cdf_eb,cdf,0.0,0.0,1.0
two_action,2,2,0.8,0.19999999999999996,0.09999999999999998,126,0.8539178466477227,cdf_bet,cdf,0.004,0.0,0.996
two_action,2,2,0.8,0.19999999999999996,0.09999999999999998,126,0.8539178466477227,cdf_exact,cdf,0.196,0.0005,0.8035
two_action,2,2,0.8,0.19999999999999996,0.09999999999999998,126,0.8539178466477227,exc_eb,exceedance,0.0005,0.0,0.9995
two_action,2,2,0.8,0.19999999999999996,0.09999999999999998,126,0.8539178466477227,exc_bet,exceedance,0.1255,0.0,0.8745
two_action,2,2,0.8,0.19999999999999996,0.09999999999999998,126,0.8539178466477227,counts_exact,counts,0.5165,0.0,0.4835
two_action,2,2,0.8,0.19999999999999996,0.09999999999999998,126,0.8539178466477227,norm_bet,counts,0.103,0.0,0.897
two_action,2,2,0.8,0.19999999999999996,0.09999999999999998,169,1.1453342546306757,cdf_eb,cdf,0.0015,0.0,0.9985
two_action,2,2,0.8,0.19999999999999996,0.09999999999999998,169,1.1453342546306757,cdf_bet,cdf,0.0095,0.0,0.9905
two_action,2,2,0.8,0.19999999999999996,0.09999999999999998,169,1.1453342546306757,cdf_exact,cdf,0.2245,0.0,0.7755
two_action,2,2,0.8,0.19999999999999996,0.09999999999999998,169,1.1453342546306757,exc_eb,exceedance,0.007,0.0,0.993
two_action,2,2,0.8,0.19999999999999996,0.09999999999999998,169,1.1453342546306757,exc_bet,exceedance,0.259,0.0,0.741
two_action,2,2,0.8,0.19999999999999996,0.09999999999999998,169,1.1453342546306757,counts_exact,counts,0.64,0.0,0.36
two_action,2,2,0.8,0.19999999999999996,0.09999999999999998,169,1.1453342546306757,norm_bet,counts,0.231,0.0,0.769
two_action,2,2,0.8,0.19999999999999996,0.09999999999999998,225,1.5248532975852191,cdf_eb,cdf,0.0015,0.0,0.9985
two_action,2,2,0.8,0.19999999999999996,0.09999999999999998,225,1.5248532975852191,cdf_bet,cdf,0.0185,0.0,0.9815
two_action,2,2,0.8,0.19999999999999996,0.09999999999999998,225,1.5248532975852191,cdf_exact,cdf,0.3385,0.001,0.6605
two_action,2,2,0.8,0.19999999999999996,0.09999999999999998,225,1.5248532975852191,exc_eb,exceedance,0.0335,0.0,0.9665
two_action,2,2,0.8,0.19999999999999996,0.09999999999999998,225,1.5248532975852191,exc_bet,exceedance,0.431,0.0,0.569
two_action,2,2,0.8,0.19999999999999996,0.09999999999999998,225,1.5248532975852191,counts_exact,counts,0.8145,0.0,0.1855
two_action,2,2,0.8,0.19999999999999996,0.09999999999999998,225,1.5248532975852191,norm_bet,counts,0.4305,0.0,0.5695
two_action,2,2,0.8,0.19999999999999996,0.09999999999999998,301,2.0399148558806712,cdf_eb,cdf,0.009,0.0,0.991
two_action,2,2,0.8,0.19999999999999996,0.09999999999999998,301,2.0399148558806712,cdf_bet,cdf,0.0425,0.0,0.9575
two_action,2,2,0.8,0.19999999999999996,0.09999999999999998,301,2.0399148558806712,cdf_exact,cdf,0.3945,0.0,0.6055
two_action,2,2,0.8,0.19999999999999996,0.09999999999999998,301,2.0399148558806712,exc_eb,exceedance,0.1095,0.0,0.8905
two_action,2,2,0.8,0.19999999999999996,0.09999999999999998,301,2.0399148558806712,exc_bet,exceedance,0.636,0.0,0.364
two_action,2,2,0.8,0.19999999999999996,0.09999999999999998,301,2.0399148558806712,counts_exact,counts,0.914,0.0,0.086
two_action,2,2,0.8,0.19999999999999996,0.09999999999999998,301,2.0399148558806712,norm_bet,counts,0.628,0.0,0.372
two_action,2,2,0.8,0.19999999999999996,0.09999999999999998,402,2.7244045583522585,cdf_eb,cdf,0.024,0.0,0.976
two_action,2,2,0.8,0.19999999999999996,0.09999999999999998,402,2.7244045583522585,cdf_bet,cdf,0.0545,0.0,0.9455
two_action,2,2,0.8,0.19999999999999996,0.09999999999999998,402,2.7244045583522585,cdf_exact,cdf,0.5025,0.0,0.4975
two_action,2,2,0.8,0.19999999999999996,0.09999999999999998,402,2.7244045583522585,exc_eb,exceedance,0.278,0.0,0.722
two_action,2,2,0.8,0.19999999999999996,0.09999999999999998,402,2.7244045583522585,exc_bet,exceedance,0.7895,0.0,0.2105
two_action,2,2,0.8,0.19999999999999996,0.09999999999999998,402,2.7244045583522585,counts_exact,counts,0.9745,0.0,0.0255
two_action,2,2,0.8,0.19999999999999996,0.09999999999999998,402,2.7244045583522585,norm_bet,counts,0.8,0.0,0.2
two_action,2,2,0.8,0.19999999999999996,0.09999999999999998,537,3.6393165369033897,cdf_eb,cdf,0.065,0.0,0.935
two_action,2,2,0.8,0.19999999999999996,0.09999999999999998,537,3.6393165369033897,cdf_bet,cdf,0.118,0.0,0.882
two_action,2,2,0.8,0.19999999999999996,0.09999999999999998,537,3.6393165369033897,cdf_exact,cdf,0.6405,0.0,0.3595
two_action,2,2,0.8,0.19999999999999996,0.09999999999999998,537,3.6393165369033897,exc_eb,exceedance,0.655,0.0,0.345
two_action,2,2,0.8,0.19999999999999996,0.09999999999999998,537,3.6393165369033897,exc_bet,exceedance,0.8935,0.0,0.1065
two_action,2,2,0.8,0.19999999999999996,0.09999999999999998,537,3.6393165369033897,counts_exact,counts,0.9945,0.0,0.0055
two_action,2,2,0.8,0.19999999999999996,0.09999999999999998,537,3.6393165369033897,norm_bet,counts,0.9155,0.0,0.0845
two_action,2,2,0.8,0.19999999999999996,0.09999999999999998,716,4.85242204920452,cdf_eb,cdf,0.1325,0.0,0.8675
two_action,2,2,0.8,0.19999999999999996,0.09999999999999998,716,4.85242204920452,cdf_bet,cdf,0.208,0.0,0.792
two_action,2,2,0.8,0.19999999999999996,0.09999999999999998,716,4.85242204920452,cdf_exact,cdf,0.7715,0.0,0.2285
two_action,2,2,0.8,0.19999999999999996,0.09999999999999998,716,4.85242204920452,exc_eb,exceedance,0.86,0.0,0.14
two_action,2,2,0.8,0.19999999999999996,0.09999999999999998,716,4.85242204920452,exc_bet,exceedance,0.972,0.0,0.028
two_action,2,2,0.8,0.19999999999999996,0.09999999999999998,716,4.85242204920452,counts_exact,counts,1.0,0.0,0.0
two_action,2,2,0.8,0.19999999999999996,0.09999999999999998,716,4.85242204920452,norm_bet,counts,0.9785,0.0,0.0215
two_action,2,2,0.8,0.19999999999999996,0.09999999999999998,956,6.478932233295421,cdf_eb,cdf,0.3045,0.0,0.6955
two_action,2,2,0.8,0.19999999999999996,0.09999999999999998,956,6.478932233295421,cdf_bet,cdf,0.363,0.0,0.637
two_action,2,2,0.8,0.19999999999999996,0.09999999999999998,956,6.478932233295421,cdf_exact,cdf,0.8755,0.0,0.1245
two_action,2,2,0.8,0.19999999999999996,0.09999999999999998,956,6.478932233295421,exc_eb,exceedance,0.9805,0.0,0.0195
two_action,2,2,0.8,0.19999999999999996,0.09999999999999998,956,6.478932233295421,exc_bet,exceedance,0.9965,0.0,0.0035
two_action,2,2,0.8,0.19999999999999996,0.09999999999999998,956,6.478932233295421,counts_exact,counts,1.0,0.0,0.0
two_action,2,2,0.8,0.19999999999999996,0.09999999999999998,956,6.478932233295421,norm_bet,counts,0.9965,0.0,0.0035
two_action,2,2,0.8,0.19999999999999996,0.09999999999999998,1277,8.654389604517,cdf_eb,cdf,0.5245,0.0,0.4755
two_action,2,2,0.8,0.19999999999999996,0.09999999999999998,1277,8.654389604517,cdf_bet,cdf,0.546,0.0,0.454
two_action,2,2,0.8,0.19999999999999996,0.09999999999999998,1277,8.654389604517,cdf_exact,cdf,0.9565,0.0,0.0435
two_action,2,2,0.8,0.19999999999999996,0.09999999999999998,1277,8.654389604517,exc_eb,exceedance,0.999,0.0,0.001
two_action,2,2,0.8,0.19999999999999996,0.09999999999999998,1277,8.654389604517,exc_bet,exceedance,0.999,0.0,0.001
two_action,2,2,0.8,0.19999999999999996,0.09999999999999998,1277,8.654389604517,counts_exact,counts,1.0,0.0,0.0
two_action,2,2,0.8,0.19999999999999996,0.09999999999999998,1277,8.654389604517,norm_bet,counts,0.9995,0.0,0.0005
two_action,2,2,0.8,0.19999999999999996,0.09999999999999998,1705,11.554999432812439,cdf_eb,cdf,0.758,0.0,0.242
two_action,2,2,0.8,0.19999999999999996,0.09999999999999998,1705,11.554999432812439,cdf_bet,cdf,0.7405,0.0,0.2595
two_action,2,2,0.8,0.19999999999999996,0.09999999999999998,1705,11.554999432812439,cdf_exact,cdf,0.9875,0.0,0.0125
two_action,2,2,0.8,0.19999999999999996,0.09999999999999998,1705,11.554999432812439,exc_eb,exceedance,1.0,0.0,0.0
two_action,2,2,0.8,0.19999999999999996,0.09999999999999998,1705,11.554999432812439,exc_bet,exceedance,1.0,0.0,0.0
two_action,2,2,0.8,0.19999999999999996,0.09999999999999998,1705,11.554999432812439,counts_exact,counts,1.0,0.0,0.0
two_action,2,2,0.8,0.19999999999999996,0.09999999999999998,1705,11.554999432812439,norm_bet,counts,1.0,0.0,0.0
two_action,2,2,0.8,0.19999999999999996,0.09999999999999998,2276,15.424738245795373,cdf_eb,cdf,0.926,0.0,0.074
two_action,2,2,0.8,0.19999999999999996,0.09999999999999998,2276,15.424738245795373,cdf_bet,cdf,0.9125,0.0,0.0875
two_action,2,2,0.8,0.19999999999999996,0.09999999999999998,2276,15.424738245795373,cdf_exact,cdf,0.997,0.0,0.003
two_action,2,2,0.8,0.19999999999999996,0.09999999999999998,2276,15.424738245795373,exc_eb,exceedance,1.0,0.0,0.0
two_action,2,2,0.8,0.19999999999999996,0.09999999999999998,2276,15.424738245795373,exc_bet,exceedance,1.0,0.0,0.0
two_action,2,2,0.8,0.19999999999999996,0.09999999999999998,2276,15.424738245795373,counts_exact,counts,1.0,0.0,0.0
two_action,2,2,0.8,0.19999999999999996,0.09999999999999998,2276,15.424738245795373,norm_bet,counts,1.0,0.0,0.0
two_action,2,2,0.8,0.19999999999999996,0.09999999999999998,3039,20.595685206051026,cdf_eb,cdf,0.992,0.0,0.008
two_action,2,2,0.8,0.19999999999999996,0.09999999999999998,3039,20.595685206051026,cdf_bet,cdf,0.9875,0.0,0.0125
two_action,2,2,0.8,0.19999999999999996,0.09999999999999998,3039,20.595685206051026,cdf_exact,cdf,1.0,0.0,0.0
two_action,2,2,0.8,0.19999999999999996,0.09999999999999998,3039,20.595685206051026,exc_eb,exceedance,1.0,0.0,0.0
two_action,2,2,0.8,0.19999999999999996,0.09999999999999998,3039,20.595685206051026,exc_bet,exceedance,1.0,0.0,0.0
two_action,2,2,0.8,0.19999999999999996,0.09999999999999998,3039,20.595685206051026,counts_exact,counts,1.0,0.0,0.0
two_action,2,2,0.8,0.19999999999999996,0.09999999999999998,3039,20.595685206051026,norm_bet,counts,1.0,0.0,0.0
two_action,2,2,0.8,0.19999999999999996,0.09999999999999998,4058,27.50157636267031,cdf_eb,cdf,0.9995,0.0,0.0005
two_action,2,2,0.8,0.19999999999999996,0.09999999999999998,4058,27.50157636267031,cdf_bet,cdf,0.9995,0.0,0.0005
two_action,2,2,0.8,0.19999999999999996,0.09999999999999998,4058,27.50157636267031,cdf_exact,cdf,1.0,0.0,0.0
two_action,2,2,0.8,0.19999999999999996,0.09999999999999998,4058,27.50157636267031,exc_eb,exceedance,1.0,0.0,0.0
two_action,2,2,0.8,0.19999999999999996,0.09999999999999998,4058,27.50157636267031,exc_bet,exceedance,1.0,0.0,0.0
two_action,2,2,0.8,0.19999999999999996,0.09999999999999998,4058,27.50157636267031,counts_exact,counts,1.0,0.0,0.0
two_action,2,2,0.8,0.19999999999999996,0.09999999999999998,4058,27.50157636267031,norm_bet,counts,1.0,0.0,0.0
two_action,2,2,0.8,0.19999999999999996,0.09999999999999998,5418,36.71846740585208,cdf_eb,cdf,1.0,0.0,0.0
two_action,2,2,0.8,0.19999999999999996,0.09999999999999998,5418,36.71846740585208,cdf_bet,cdf,1.0,0.0,0.0
two_action,2,2,0.8,0.19999999999999996,0.09999999999999998,5418,36.71846740585208,cdf_exact,cdf,1.0,0.0,0.0
two_action,2,2,0.8,0.19999999999999996,0.09999999999999998,5418,36.71846740585208,exc_eb,exceedance,1.0,0.0,0.0
two_action,2,2,0.8,0.19999999999999996,0.09999999999999998,5418,36.71846740585208,exc_bet,exceedance,1.0,0.0,0.0
two_action,2,2,0.8,0.19999999999999996,0.09999999999999998,5418,36.71846740585208,counts_exact,counts,1.0,0.0,0.0
two_action,2,2,0.8,0.19999999999999996,0.09999999999999998,5418,36.71846740585208,norm_bet,counts,1.0,0.0,0.0
two_action,2,2,0.8,0.19999999999999996,0.09999999999999998,7234,49.02572779880656,cdf_eb,cdf,1.0,0.0,0.0
two_action,2,2,0.8,0.19999999999999996,0.09999999999999998,7234,49.02572779880656,cdf_bet,cdf,1.0,0.0,0.0
two_action,2,2,0.8,0.19999999999999996,0.09999999999999998,7234,49.02572779880656,cdf_exact,cdf,1.0,0.0,0.0
two_action,2,2,0.8,0.19999999999999996,0.09999999999999998,7234,49.02572779880656,exc_eb,exceedance,1.0,0.0,0.0
two_action,2,2,0.8,0.19999999999999996,0.09999999999999998,7234,49.02572779880656,exc_bet,exceedance,1.0,0.0,0.0
two_action,2,2,0.8,0.19999999999999996,0.09999999999999998,7234,49.02572779880656,counts_exact,counts,1.0,0.0,0.0
two_action,2,2,0.8,0.19999999999999996,0.09999999999999998,7234,49.02572779880656,norm_bet,counts,1.0,0.0,0.0
two_action,2,2,0.8,0.19999999999999996,0.09999999999999998,9659,65.4602577838917,cdf_eb,cdf,1.0,0.0,0.0
two_action,2,2,0.8,0.19999999999999996,0.09999999999999998,9659,65.4602577838917,cdf_bet,cdf,1.0,0.0,0.0
two_action,2,2,0.8,0.19999999999999996,0.09999999999999998,9659,65.4602577838917,cdf_exact,cdf,1.0,0.0,0.0
two_action,2,2,0.8,0.19999999999999996,0.09999999999999998,9659,65.4602577838917,exc_eb,exceedance,1.0,0.0,0.0
two_action,2,2,0.8,0.19999999999999996,0.09999999999999998,9659,65.4602577838917,exc_bet,exceedance,1.0,0.0,0.0
two_action,2,2,0.8,0.19999999999999996,0.09999999999999998,9659,65.4602577838917,counts_exact,counts,1.0,0.0,0.0
two_action,2,2,0.8,0.19999999999999996,0.09999999999999998,9659,65.4602577838917,norm_bet,counts,1.0,0.0,0.0
two_action,2,2,0.8,0.19999999999999996,0.09999999999999998,12896,87.39781389181772,cdf_eb,cdf,1.0,0.0,0.0
two_action,2,2,0.8,0.19999999999999996,0.09999999999999998,12896,87.39781389181772,cdf_bet,cdf,1.0,0.0,0.0
two_action,2,2,0.8,0.19999999999999996,0.09999999999999998,12896,87.39781389181772,cdf_exact,cdf,1.0,0.0,0.0
two_action,2,2,0.8,0.19999999999999996,0.09999999999999998,12896,87.39781389181772,exc_eb,exceedance,1.0,0.0,0.0
two_action,2,2,0.8,0.19999999999999996,0.09999999999999998,12896,87.39781389181772,exc_bet,exceedance,1.0,0.0,0.0
two_action,2,2,0.8,0.19999999999999996,0.09999999999999998,12896,87.39781389181772,counts_exact,counts,1.0,0.0,0.0
two_action,2,2,0.8,0.19999999999999996,0.09999999999999998,12896,87.39781389181772,norm_bet,counts,1.0,0.0,0.0
two_action,2,2,0.8,0.19999999999999996,0.09999999999999998,17218,116.68855145698802,cdf_eb,cdf,1.0,0.0,0.0
two_action,2,2,0.8,0.19999999999999996,0.09999999999999998,17218,116.68855145698802,cdf_bet,cdf,1.0,0.0,0.0
two_action,2,2,0.8,0.19999999999999996,0.09999999999999998,17218,116.68855145698802,cdf_exact,cdf,1.0,0.0,0.0
two_action,2,2,0.8,0.19999999999999996,0.09999999999999998,17218,116.68855145698802,exc_eb,exceedance,1.0,0.0,0.0
two_action,2,2,0.8,0.19999999999999996,0.09999999999999998,17218,116.68855145698802,exc_bet,exceedance,1.0,0.0,0.0
two_action,2,2,0.8,0.19999999999999996,0.09999999999999998,17218,116.68855145698802,counts_exact,counts,1.0,0.0,0.0
two_action,2,2,0.8,0.19999999999999996,0.09999999999999998,17218,116.68855145698802,norm_bet,counts,1.0,0.0,0.0
two_action,2,2,0.8,0.19999999999999996,0.09999999999999998,22989,155.79934425860714,cdf_eb,cdf,1.0,0.0,0.0
two_action,2,2,0.8,0.19999999999999996,0.09999999999999998,22989,155.79934425860714,cdf_bet,cdf,1.0,0.0,0.0
two_action,2,2,0.8,0.19999999999999996,0.09999999999999998,22989,155.79934425860714,cdf_exact,cdf,1.0,0.0,0.0
two_action,2,2,0.8,0.19999999999999996,0.09999999999999998,22989,155.79934425860714,exc_eb,exceedance,1.0,0.0,0.0
two_action,2,2,0.8,0.19999999999999996,0.09999999999999998,22989,155.79934425860714,exc_bet,exceedance,1.0,0.0,0.0
two_action,2,2,0.8,0.19999999999999996,0.09999999999999998,22989,155.79934425860714,counts_exact,counts,1.0,0.0,0.0
two_action,2,2,0.8,0.19999999999999996,0.09999999999999998,22989,155.79934425860714,norm_bet,counts,1.0,0.0,0.0
two_action,2,2,0.8,0.19999999999999996,0.09999999999999998,30694,208.01709829369207,cdf_eb,cdf,1.0,0.0,0.0
two_action,2,2,0.8,0.19999999999999996,0.09999999999999998,30694,208.01709829369207,cdf_bet,cdf,1.0,0.0,0.0
two_action,2,2,0.8,0.19999999999999996,0.09999999999999998,30694,208.01709829369207,cdf_exact,cdf,1.0,0.0,0.0
two_action,2,2,0.8,0.19999999999999996,0.09999999999999998,30694,208.01709829369207,exc_eb,exceedance,1.0,0.0,0.0
two_action,2,2,0.8,0.19999999999999996,0.09999999999999998,30694,208.01709829369207,exc_bet,exceedance,1.0,0.0,0.0
two_action,2,2,0.8,0.19999999999999996,0.09999999999999998,30694,208.01709829369207,counts_exact,counts,1.0,0.0,0.0
two_action,2,2,0.8,0.19999999999999996,0.09999999999999998,30694,208.01709829369207,norm_bet,counts,1.0,0.0,0.0
two_action,2,2,0.8,0.19999999999999996,0.09999999999999998,40982,277.7401681850553,cdf_eb,cdf,1.0,0.0,0.0
two_action,2,2,0.8,0.19999999999999996,0.09999999999999998,40982,277.7401681850553,cdf_bet,cdf,1.0,0.0,0.0
two_action,2,2,0.8,0.19999999999999996,0.09999999999999998,40982,277.7401681850553,cdf_exact,cdf,1.0,0.0,0.0
two_action,2,2,0.8,0.19999999999999996,0.09999999999999998,40982,277.7401681850553,exc_eb,exceedance,1.0,0.0,0.0
two_action,2,2,0.8,0.19999999999999996,0.09999999999999998,40982,277.7401681850553,exc_bet,exceedance,1.0,0.0,0.0
two_action,2,2,0.8,0.19999999999999996,0.09999999999999998,40982,277.7401681850553,counts_exact,counts,1.0,0.0,0.0
two_action,2,2,0.8,0.19999999999999996,0.09999999999999998,40982,277.7401681850553,norm_bet,counts,1.0,0.0,0.0
two_action,2,2,0.8,0.19999999999999996,0.09999999999999998,54717,370.82399059542416,cdf_eb,cdf,1.0,0.0,0.0
two_action,2,2,0.8,0.19999999999999996,0.09999999999999998,54717,370.82399059542416,cdf_bet,cdf,1.0,0.0,0.0
two_action,2,2,0.8,0.19999999999999996,0.09999999999999998,54717,370.82399059542416,cdf_exact,cdf,1.0,0.0,0.0
two_action,2,2,0.8,0.19999999999999996,0.09999999999999998,54717,370.82399059542416,exc_eb,exceedance,1.0,0.0,0.0
two_action,2,2,0.8,0.19999999999999996,0.09999999999999998,54717,370.82399059542416,exc_bet,exceedance,1.0,0.0,0.0
two_action,2,2,0.8,0.19999999999999996,0.09999999999999998,54717,370.82399059542416,counts_exact,counts,1.0,0.0,0.0
two_action,2,2,0.8,0.19999999999999996,0.09999999999999998,54717,370.82399059542416,norm_bet,counts,1.0,0.0,0.0
two_action,2,2,0.8,0.19999999999999996,0.09999999999999998,73056,495.1097000372701,cdf_eb,cdf,1.0,0.0,0.0
two_action,2,2,0.8,0.19999999999999996,0.09999999999999998,73056,495.1097000372701,cdf_bet,cdf,1.0,0.0,0.0
two_action,2,2,0.8,0.19999999999999996,0.09999999999999998,73056,495.1097000372701,cdf_exact,cdf,1.0,0.0,0.0
two_action,2,2,0.8,0.19999999999999996,0.09999999999999998,73056,495.1097000372701,exc_eb,exceedance,1.0,0.0,0.0
two_action,2,2,0.8,0.19999999999999996,0.09999999999999998,73056,495.1097000372701,exc_bet,exceedance,1.0,0.0,0.0
two_action,2,2,0.8,0.19999999999999996,0.09999999999999998,73056,495.1097000372701,counts_exact,counts,1.0,0.0,0.0
two_action,2,2,0.8,0.19999999999999996,0.09999999999999998,73056,495.1097000372701,norm_bet,counts,1.0,0.0,0.0
two_action,2,2,0.8,0.19999999999999996,0.09999999999999998,97542,661.0544015691443,cdf_eb,cdf,1.0,0.0,0.0
two_action,2,2,0.8,0.19999999999999996,0.09999999999999998,97542,661.0544015691443,cdf_bet,cdf,1.0,0.0,0.0
two_action,2,2,0.8,0.19999999999999996,0.09999999999999998,97542,661.0544015691443,cdf_exact,cdf,1.0,0.0,0.0
two_action,2,2,0.8,0.19999999999999996,0.09999999999999998,97542,661.0544015691443,exc_eb,exceedance,1.0,0.0,0.0
two_action,2,2,0.8,0.19999999999999996,0.09999999999999998,97542,661.0544015691443,exc_bet,exceedance,1.0,0.0,0.0
two_action,2,2,0.8,0.19999999999999996,0.09999999999999998,97542,661.0544015691443,counts_exact,counts,1.0,0.0,0.0
two_action,2,2,0.8,0.19999999999999996,0.09999999999999998,97542,661.0544015691443,norm_bet,counts,1.0,0.0,0.0
two_action,2,2,0.8,0.19999999999999996,0.09999999999999998,130234,882.6121971453931,cdf_eb,cdf,1.0,0.0,0.0
two_action,2,2,0.8,0.19999999999999996,0.09999999999999998,130234,882.6121971453931,cdf_bet,cdf,1.0,0.0,0.0
two_action,2,2,0.8,0.19999999999999996,0.09999999999999998,130234,882.6121971453931,cdf_exact,cdf,1.0,0.0,0.0
two_action,2,2,0.8,0.19999999999999996,0.09999999999999998,130234,882.6121971453931,exc_eb,exceedance,1.0,0.0,0.0
two_action,2,2,0.8,0.19999999999999996,0.09999999999999998,130234,882.6121971453931,exc_bet,exceedance,1.0,0.0,0.0
two_action,2,2,0.8,0.19999999999999996,0.09999999999999998,130234,882.6121971453931,counts_exact,counts,1.0,0.0,0.0
two_action,2,2,0.8,0.19999999999999996,0.09999999999999998,130234,882.6121971453931,norm_bet,counts,1.0,0.0,0.0
two_action,2,2,0.8,0.19999999999999996,0.09999999999999998,173883,1178.4269597511586,cdf_eb,cdf,1.0,0.0,0.0
two_action,2,2,0.8,0.19999999999999996,0.09999999999999998,173883,1178.4269597511586,cdf_bet,cdf,1.0,0.0,0.0
two_action,2,2,0.8,0.19999999999999996,0.09999999999999998,173883,1178.4269597511586,cdf_exact,cdf,1.0,0.0,0.0
two_action,2,2,0.8,0.19999999999999996,0.09999999999999998,173883,1178.4269597511586,exc_eb,exceedance,1.0,0.0,0.0
two_action,2,2,0.8,0.19999999999999996,0.09999999999999998,173883,1178.4269597511586,exc_bet,exceedance,1.0,0.0,0.0
two_action,2,2,0.8,0.19999999999999996,0.09999999999999998,173883,1178.4269597511586,counts_exact,counts,1.0,0.0,0.0
two_action,2,2,0.8,0.19999999999999996,0.09999999999999998,173883,1178.4269597511586,norm_bet,counts,1.0,0.0,0.0
two_action,2,2,0.8,0.19999999999999996,0.09999999999999998,232162,1573.3910723287986,cdf_eb,cdf,1.0,0.0,0.0
two_action,2,2,0.8,0.19999999999999996,0.09999999999999998,232162,1573.3910723287986,cdf_bet,cdf,1.0,0.0,0.0
two_action,2,2,0.8,0.19999999999999996,0.09999999999999998,232162,1573.3910723287986,cdf_exact,cdf,1.0,0.0,0.0
two_action,2,2,0.8,0.19999999999999996,0.09999999999999998,232162,1573.3910723287986,exc_eb,exceedance,1.0,0.0,0.0
two_action,2,2,0.8,0.19999999999999996,0.09999999999999998,232162,1573.3910723287986,exc_bet,exceedance,1.0,0.0,0.0
two_action,2,2,0.8,0.19999999999999996,0.09999999999999998,232162,1573.3910723287986,counts_exact,counts,1.0,0.0,0.0
two_action,2,2,0.8,0.19999999999999996,0.09999999999999998,232162,1573.3910723287986,norm_bet,counts,1.0,0.0,0.0
two_action,2,2,0.8,0.19999999999999996,0.09999999999999998,309973,2100.7260053883697,cdf_eb,cdf,1.0,0.0,0.0
two_action,2,2,0.8,0.19999999999999996,0.09999999999999998,309973,2100.7260053883697,cdf_bet,cdf,1.0,0.0,0.0
two_action,2,2,0.8,0.19999999999999996,0.09999999999999998,309973,2100.7260053883697,cdf_exact,cdf,1.0,0.0,0.0
two_action,2,2,0.8,0.19999999999999996,0.09999999999999998,309973,2100.7260053883697,exc_eb,exceedance,1.0,0.0,0.0
two_action,2,2,0.8,0.19999999999999996,0.09999999999999998,309973,2100.7260053883697,exc_bet,exceedance,1.0,0.0,0.0
two_action,2,2,0.8,0.19999999999999996,0.09999999999999998,309973,2100.7260053883697,counts_exact,counts,1.0,0.0,0.0
two_action,2,2,0.8,0.19999999999999996,0.09999999999999998,309973,2100.7260053883697,norm_bet,counts,1.0,0.0,0.0
two_action,2,2,0.8,0.19999999999999996,0.09999999999999998,413864,2804.808378452485,cdf_eb,cdf,1.0,0.0,0.0
two_action,2,2,0.8,0.19999999999999996,0.09999999999999998,413864,2804.808378452485,cdf_bet,cdf,1.0,0.0,0.0
two_action,2,2,0.8,0.19999999999999996,0.09999999999999998,413864,2804.808378452485,cdf_exact,cdf,1.0,0.0,0.0
two_action,2,2,0.8,0.19999999999999996,0.09999999999999998,413864,2804.808378452485,exc_eb,exceedance,1.0,0.0,0.0
two_action,2,2,0.8,0.19999999999999996,0.09999999999999998,413864,2804.808378452485,exc_bet,exceedance,1.0,0.0,0.0
two_action,2,2,0.8,0.19999999999999996,0.09999999999999998,413864,2804.808378452485,counts_exact,counts,1.0,0.0,0.0
two_action,2,2,0.8,0.19999999999999996,0.09999999999999998,413864,2804.808378452485,norm_bet,counts,1.0,0.0,0.0
two_action,2,2,0.8,0.19999999999999996,0.09999999999999998,552575,3744.8702707251223,cdf_eb,cdf,1.0,0.0,0.0
two_action,2,2,0.8,0.19999999999999996,0.09999999999999998,552575,3744.8702707251223,cdf_bet,cdf,1.0,0.0,0.0
two_action,2,2,0.8,0.19999999999999996,0.09999999999999998,552575,3744.8702707251223,cdf_exact,cdf,1.0,0.0,0.0
two_action,2,2,0.8,0.19999999999999996,0.09999999999999998,552575,3744.8702707251223,exc_eb,exceedance,1.0,0.0,0.0
two_action,2,2,0.8,0.19999999999999996,0.09999999999999998,552575,3744.8702707251223,exc_bet,exceedance,1.0,0.0,0.0
two_action,2,2,0.8,0.19999999999999996,0.09999999999999998,552575,3744.8702707251223,counts_exact,counts,1.0,0.0,0.0
two_action,2,2,0.8,0.19999999999999996,0.09999999999999998,552575,3744.8702707251223,norm_bet,counts,1.0,0.0,0.0
two_action,2,2,0.8,0.19999999999999996,0.09999999999999998,737776,5000.000739907701,cdf_eb,cdf,1.0,0.0,0.0
two_action,2,2,0.8,0.19999999999999996,0.09999999999999998,737776,5000.000739907701,cdf_bet,cdf,1.0,0.0,0.0
two_action,2,2,0.8,0.19999999999999996,0.09999999999999998,737776,5000.000739907701,cdf_exact,cdf,1.0,0.0,0.0
two_action,2,2,0.8,0.19999999999999996,0.09999999999999998,737776,5000.000739907701,exc_eb,exceedance,1.0,0.0,0.0
two_action,2,2,0.8,0.19999999999999996,0.09999999999999998,737776,5000.000739907701,exc_bet,exceedance,1.0,0.0,0.0
two_action,2,2,0.8,0.19999999999999996,0.09999999999999998,737776,5000.000739907701,counts_exact,counts,1.0,0.0,0.0
two_action,2,2,0.8,0.19999999999999996,0.09999999999999998,737776,5000.000739907701,norm_bet,counts,1.0,0.0,0.0
vary_p,32,8,0.8,0.19999999999999996,0.09999999999999998,65,0.020011629886477242,cdf_eb,cdf,0.0,0.0,1.0
vary_p,32,8,0.8,0.19999999999999996,0.09999999999999998,65,0.020011629886477242,cdf_bet,cdf,0.0,0.0,1.0
vary_p,32,8,0.8,0.19999999999999996,0.09999999999999998,65,0.020011629886477242,cdf_exact,cdf,0.0075,0.0205,0.972
vary_p,32,8,0.8,0.19999999999999996,0.09999999999999998,65,0.020011629886477242,exc_eb,exceedance,0.0,0.0,1.0
vary_p,32,8,0.8,0.19999999999999996,0.09999999999999998,65,0.020011629886477242,exc_bet,exceedance,0.0,0.0,1.0
vary_p,32,8,0.8,0.19999999999999996,0.09999999999999998,65,0.020011629886477242,counts_exact,counts,0.0,0.0,1.0
vary_p,32,8,0.8,0.19999999999999996,0.09999999999999998,65,0.020011629886477242,norm_bet,counts,0.0,0.0,1.0
vary_p,32,8,0.8,0.19999999999999996,0.09999999999999998,87,0.02678479692497723,cdf_eb,cdf,0.0,0.0,1.0
vary_p,32,8,0.8,0.19999999999999996,0.09999999999999998,87,0.02678479692497723,cdf_bet,cdf,0.0,0.0,1.0
vary_p,32,8,0.8,0.19999999999999996,0.09999999999999998,87,0.02678479692497723,cdf_exact,cdf,0.0075,0.022,0.9705
vary_p,32,8,0.8,0.19999999999999996,0.09999999999999998,87,0.02678479692497723,exc_eb,exceedance,0.0,0.0,1.0
vary_p,32,8,0.8,0.19999999999999996,0.09999999999999998,87,0.02678479692497723,exc_bet,exceedance,0.0,0.0,1.0
vary_p,32,8,0.8,0.19999999999999996,0.09999999999999998,87,0.02678479692497723,counts_exact,counts,0.0,0.0,1.0
vary_p,32,8,0.8,0.19999999999999996,0.09999999999999998,87,0.02678479692497723,norm_bet,counts,0.0,0.0,1.0
vary_p,32,8,0.8,0.19999999999999996,0.09999999999999998,116,0.035713062566636304,cdf_eb,cdf,0.0,0.0,1.0
vary_p,32,8,0.8,0.19999999999999996,0.09999999999999998,116,0.035713062566636304,cdf_bet,cdf,0.0,0.0,1.0
vary_p,32,8,0.8,0.19999999999999996,0.09999999999999998,116,0.035713062566636304,cdf_exact,cdf,0.005,0.006,0.989
vary_p,32,8,0.8,0.19999999999999996,0.09999999999999998,116,0.035713062566636304,exc_eb,exceedance,0.0,0.0,1.0
vary_p,32,8,0.8,0.19999999999999996,0.09999999999999998,116,0.035713062566636304,exc_bet,exceedance,0.0,0.0,1.0
vary_p,32,8,0.8,0.19999999999999996,0.09999999999999998,116,0.035713062566636304,counts_exact,counts,0.0,0.0,1.0
vary_p,32,8,0.8,0.19999999999999996,0.09999999999999998,116,0.035713062566636304,norm_bet,counts,0.0,0.0,1.0
vary_p,32,8,0.8,0.19999999999999996,0.09999999999999998,155,0.04772004049852265,cdf_eb,cdf,0.0,0.0,1.0
vary_p,32,8,0.8,0.19999999999999996,0.09999999999999998,155,0.04772004049852265,cdf_bet,cdf,0.0,0.0,1.0
vary_p,32,8,0.8,0.19999999999999996,0.09999999999999998,155,0.04772004049852265,cdf_exact,cdf,0.015,0.0145,0.9705
vary_p,32,8,0.8,0.19999999999999996,0.09999999999999998,155,0.04772004049852265,exc_eb,exceedance,0.0,0.0,1.0
vary_p,32,8,0.8,0.19999999999999996,0.09999999999999998,155,0.04772004049852265,exc_bet,exceedance,0.0,0.0,1.0
vary_p,32,8,0.8,0.19999999999999996,0.09999999999999998,155,0.04772004049852265,counts_exact,counts,0.0,0.0,1.0
vary_p,32,8,0.8,0.19999999999999996,0.09999999999999998,155,0.04772004049852265,norm_bet,counts,0.0,0.0,1.0
vary_p,32,8,0.8,0.19999999999999996,0.09999999999999998,206,0.06342147317868171,cdf_eb,cdf,0.0,0.0,1.0
vary_p,32,8,0.8,0.19999999999999996,0.09999999999999998,206,0.06342147317868171,cdf_bet,cdf,0.0,0.0,1.0
vary_p,32,8,0.8,0.19999999999999996,0.09999999999999998,206,0.06342147317868171,cdf_exact,cdf,0.014,0.0145,0.9715
vary_p,32,8,0.8,0.19999999999999996,0.09999999999999998,206,0.06342147317868171,exc_eb,exceedance,0.0,0.0,1.0
vary_p,32,8,0.8,0.19999999999999996,0.09999999999999998,206,0.06342147317868171,exc_bet,exceedance,0.0,0.0,1.0
vary_p,32,8,0.8,0.19999999999999996,0.09999999999999998,206,0.06342147317868171,counts_exact,counts,0.0,0.0,1.0
vary_p,32,8,0.8,0.19999999999999996,0.09999999999999998,206,0.06342147317868171,norm_bet,counts,0.0,0.0,1.0
vary_p,32,8,0.8,0.19999999999999996,0.09999999999999998,276,0.08497245921027259,cdf_eb,cdf,0.0,0.0,1.0
vary_p,32,8,0.8,0.19999999999999996,0.09999999999999998,276,0.08497245921027259,cdf_bet,cdf,0.0,0.0,1.0
vary_p,32,8,0.8,0.19999999999999996,0.09999999999999998,276,0.08497245921027259,cdf_exact,cdf,0.01,0.007,0.983
vary_p,32,8,0.8,0.19999999999999996,0.09999999999999998,276,0.08497245921027259,exc_eb,exceedance,0.0,0.0,1.0
vary_p,32,8,0.8,0.19999999999999996,0.09999999999999998,276,0.08497245921027259,exc_bet,exceedance,0.0,0.0,1.0
vary_p,32,8,0.8,0.19999999999999996,0.09999999999999998,276,0.08497245921027259,counts_exact,counts,0.0,0.0,1.0
vary_p,32,8,0.8,0.19999999999999996,0.09999999999999998,276,0.08497245921027259,norm_bet,counts,0.0,0.0,1.0
vary_p,32,8,0.8,0.19999999999999996,0.09999999999999998,368,0.11329661228036346,cdf_eb,cdf,0.0,0.0,1.0
vary_p,32,8,0.8,0.19999999999999996,0.09999999999999998,368,0.11329661228036346,cdf_bet,cdf,0.0,0.0,1.0
vary_p,32,8,0.8,0.19999999999999996,0.09999999999999998,368,0.11329661228036346,cdf_exact,cdf,0.0185,0.0065,0.975
vary_p,32,8,0.8,0.19999999999999996,0.09999999999999998,368,0.11329661228036346,exc_eb,exceedance,0.0,0.0,1.0
vary_p,32,8,0.8,0.19999999999999996,0.09999999999999998,368,0.11329661228036346,exc_bet,exceedance,0.0,0.0,1.0
vary_p,32,8,0.8,0.19999999999999996,0.09999999999999998,368,0.11329661228036346,counts_exact,counts,0.0005,0.0,0.9995
vary_p,32,8,0.8,0.19999999999999996,0.09999999999999998,368,0.11329661228036346,norm_bet,counts,0.0,0.0,1.0
vary_p,32,8,0.8,0.19999999999999996,0.09999999999999998,491,0.15116477345015886,cdf_eb,cdf,0.0,0.0,1.0
vary_p,32,8,0.8,0.19999999999999996,0.09999999999999998,491,0.15116477345015886,cdf_bet,cdf,0.0,0.0,1.0
vary_p,32,8,0.8,0.19999999999999996,0.09999999999999998,491,0.15116477345015886,cdf_exact,cdf,0.0135,0.0045,0.982
vary_p,32,8,0.8,0.19999999999999996,0.09999999999999998,491,0.15116477345015886,exc_eb,exceedance,0.0,0.0,1.0
vary_p,32,8,0.8,0.19999999999999996,0.09999999999999998,491,0.15116477345015886,exc_bet,exceedance,0.0,0.0,1.0
vary_p,32,8,0.8,0.19999999999999996,0.09999999999999998,491,0.15116477345015886,counts_exact,counts,0.0015,0.0,0.9985
vary_p,32,8,0.8,0.19999999999999996,0.09999999999999998,491,0.15116477345015886,norm_bet,counts,0.0,0.0,1.0
vary_p,32,8,0.8,0.19999999999999996,0.09999999999999998,656,0.20196352623890876,cdf_eb,cdf,0.0,0.0,1.0
vary_p,32,8,0.8,0.19999999999999996,0.09999999999999998,656,0.20196352623890876,cdf_bet,cdf,0.0,0.0,1.0
vary_p,32,8,0.8,0.19999999999999996,0.09999999999999998,656,0.20196352623890876,cdf_exact,cdf,0.0135,0.003,0.9835
vary_p,32,8,0.8,0.19999999999999996,0.09999999999999998,656,0.20196352623890876,exc_eb,exceedance,0.0,0.0,1.0
vary_p,32,8,0.8,0.19999999999999996,0.09999999999999998,656,0.20196352623890876,exc_bet,exceedance,0.0,0.0,1.0
vary_p,32,8,0.8,0.19999999999999996,0.09999999999999998,656,0.20196352623890876,counts_exact,counts,0.018,0.0,0.982
vary_p,32,8,0.8,0.19999999999999996,0.09999999999999998,656,0.20196352623890876,norm_bet,counts,0.0,0.0,1.0
vary_p,32,8,0.8,0.19999999999999996,0.09999999999999998,876,0.2696951966239087,cdf_eb,cdf,0.0,0.0,1.0
vary_p,32,8,0.8,0.19999999999999996,0.09999999999999998,876,0.2696951966239087,cdf_bet,cdf,0.0,0.0,1.0
vary_p,32,8,0.8,0.19999999999999996,0.09999999999999998,876,0.2696951966239087,cdf_exact,cdf,0.031,0.0045,0.9645
vary_p,32,8,0.8,0.19999999999999996,0.09999999999999998,876,0.2696951966239087,exc_eb,exceedance,0.0,0.0,1.0
vary_p,32,8,0.8,0.19999999999999996,0.09999999999999998,876,0.2696951966239087,exc_bet,exceedance,0.0,0.0,1.0
vary_p,32,8,0.8,0.19999999999999996,0.09999999999999998,876,0.2696951966239087,counts_exact,counts,0.062,0.0,0.938
vary_p,32,8,0.8,0.19999999999999996,0.09999999999999998,876,0.2696951966239087,norm_bet,counts,0.0,0.0,1.0
vary_p,32,8,0.8,0.19999999999999996,0.09999999999999998,1169,0.3599014667275676,cdf_eb,cdf,0.0,0.0,1.0
vary_p,32,8,0.8,0.19999999999999996,0.09999999999999998,1169,0.3599014667275676,cdf_bet,cdf,0.0,0.0,1.0
vary_p,32,8,0.8,0.19999999999999996,0.09999999999999998,1169,0.3599014667275676,cdf_exact,cdf,0.036,0.0025,0.9615
vary_p,32,8,0.8,0.19999999999999996,0.09999999999999998,1169,0.3599014667275676,exc_eb,exceedance,0.0,0.0,1.0
vary_p,32,8,0.8,0.19999999999999996,0.09999999999999998,1169,0.3599014667275676,exc_bet,exceedance,0.0,0.0,1.0
vary_p,32,8,0.8,0.19999999999999996,0.09999999999999998,1169,0.3599014667275676,counts_exact,counts,0.096,0.001,0.903
vary_p,32,8,0.8,0.19999999999999996,0.09999999999999998,1169,0.3599014667275676,norm_bet,counts,0.0,0.0,1.0
vary_p,32,8,0.8,0.19999999999999996,0.09999999999999998,1561,0.4805869885044765,cdf_eb,cdf,0.0,0.0,1.0
vary_p,32,8,0.8,0.19999999999999996,0.09999999999999998,1561,0.4805869885044765,cdf_bet,cdf,0.0,0.0,1.0
vary_p,32,8,0.8,0.19999999999999996,0.09999999999999998,1561,0.4805869885044765,cdf_exact,cdf,0.0435,0.0015,0.955
vary_p,32,8,0.8,0.19999999999999996,0.09999999999999998,1561,0.4805869885044765,exc_eb,exceedance,0.0,0.0,1.0
vary_p,32,8,0.8,0.19999999999999996,0.09999999999999998,1561,0.4805869885044765,exc_bet,exceedance,0.0,0.0,1.0
vary_p,32,8,0.8,0.19999999999999996,0.09999999999999998,1561,0.4805869885044765,counts_exact,counts,0.172,0.0,0.828
vary_p,32,8,0.8,0.19999999999999996,0.09999999999999998,1561,0.4805869885044765,norm_bet,counts,0.0,0.0,1.0
vary_p,32,8,0.8,0.19999999999999996,0.09999999999999998,2085,0.6419115125123853,cdf_eb,cdf,0.0,0.0,1.0
vary_p,32,8,0.8,0.19999999999999996,0.09999999999999998,2085,0.6419115125123853,cdf_bet,cdf,0.0,0.0,1.0
vary_p,32,8,0.8,0.19999999999999996,0.09999999999999998,2085,0.6419115125123853,cdf_exact,cdf,0.042,0.0,0.958
vary_p,32,8,0.8,0.19999999999999996,0.09999999999999998,2085,0.6419115125123853,exc_eb,exceedance,0.0,0.0,1.0
vary_p,32,8,0.8,0.19999999999999996,0.09999999999999998,2085,0.6419115125123853,exc_bet,exceedance,0.0125,0.0,0.9875
vary_p,32,8,0.8,0.19999999999999996,0.09999999999999998,2085,0.6419115125123853,counts_exact,counts,0.3045,0.0,0.6955
vary_p,32,8,0.8,0.19999999999999996,0.09999999999999998,2085,0.6419115125123853,norm_bet,counts,0.0075,0.0,0.9925
vary_p,32,8,0.8,0.19999999999999996,0.09999999999999998,2784,0.8571135015992714,cdf_eb,cdf,0.0,0.0,1.0
vary_p,32,8,0.8,0.19999999999999996,0.09999999999999998,2784,0.8571135015992714,cdf_bet,cdf,0.0005,0.0,0.9995
vary_p,32,8,0.8,0.19999999999999996,0.09999999999999998,2784,0.8571135015992714,cdf_exact,cdf,0.0655,0.001,0.9335
vary_p,32,8,0.8,0.19999999999999996,0.09999999999999998,2784,0.8571135015992714,exc_eb,exceedance,0.0005,0.0,0.9995
vary_p,32,8,0.8,0.19999999999999996,0.09999999999999998,2784,0.8571135015992714,exc_bet,exceedance,0.071,0.0,0.929
vary_p,32,8,0.8,0.19999999999999996,0.09999999999999998,2784,0.8571135015992714,counts_exact,counts,0.4395,0.0,0.5605
vary_p,32,8,0.8,0.19999999999999996,0.09999999999999998,2784,0.8571135015992714,norm_bet,counts,0.0645,0.0,0.9355
vary_p,32,8,0.8,0.19999999999999996,0.09999999999999998,3716,1.1440494870484528,cdf_eb,cdf,0.0,0.0,1.0
vary_p,32,8,0.8,0.19999999999999996,0.09999999999999998,3716,1.1440494870484528,cdf_bet,cdf,0.0,0.0,1.0
vary_p,32,8,0.8,0.19999999999999996,0.09999999999999998,3716,1.1440494870484528,cdf_exact,cdf,0.099,0.0,0.901
vary_p,32,8,0.8,0.19999999999999996,0.09999999999999998,3716,1.1440494870484528,exc_eb,exceedance,0.0025,0.0,0.9975
vary_p,32,8,0.8,0.19999999999999996,0.09999999999999998,3716,1.1440494870484528,exc_bet,exceedance,0.2695,0.0,0.7305
vary_p,32,8,0.8,0.19999999999999996,0.09999999999999998,3716,1.1440494870484528,counts_exact,counts,0.6145,0.0,0.3855
vary_p,32,8,0.8,0.19999999999999996,0.09999999999999998,3716,1.1440494870484528,norm_bet,counts,0.2195,0.0,0.7805
vary_p,32,8,0.8,0.19999999999999996,0.09999999999999998,4962,1.5276570384107702,cdf_eb,cdf,0.0,0.0,1.0
vary_p,32,8,0.8,0.19999999999999996,0.09999999999999998,4962,1.5276570384107702,cdf_bet,cdf,0.002,0.0,0.998
vary_p,32,8,0.8,0.19999999999999996,0.09999999999999998,4962,1.5276570384107702,cdf_exact,cdf,0.1275,0.0005,0.872
vary_p,32,8,0.8,0.19999999999999996,0.09999999999999998,4962,1.5276570384107702,exc_eb,exceedance,0.0165,0.0,0.9835
vary_p,32,8,0.8,0.19999999999999996,0.09999999999999998,4962,1.5276570384107702,exc_bet,exceedance,0.4325,0.0,0.5675
vary_p,32,8,0.8,0.19999999999999996,0.09999999999999998,4962,1.5276570384107702,counts_exact,counts,0.804,0.0,0.196
vary_p,32,8,0.8,0.19999999999999996,0.09999999999999998,4962,1.5276570384107702,norm_bet,counts,0.4645,0.0,0.5355
vary_p,32,8,0.8,0.19999999999999996,0.09999999999999998,6625,2.039646892275565,cdf_eb,cdf,0.001,0.0,0.999
vary_p,32,8,0.8,0.19999999999999996,0.09999999999999998,6625,2.039646892275565,cdf_bet,cdf,0.002,0.0,0.998
vary_p,32,8,0.8,0.19999999999999996,0.09999999999999998,6625,2.039646892275565,cdf_exact,cdf,0.1815,0.0,0.8185
vary_p,32,8,0.8,0.19999999999999996,0.09999999999999998,6625,2.039646892275565,exc_eb,exceedance,0.0765,0.0,0.9235
vary_p,32,8,0.8,0.19999999999999996,0.09999999999999998,6625,2.039646892275565,exc_bet,exceedance,0.667,0.0,0.333
vary_p,32,8,0.8,0.19999999999999996,0.09999999999999998,6625,2.039646892275565,counts_exact,counts,0.9235,0.0,0.0765
vary_p,32,8,0.8,0.19999999999999996,0.09999999999999998,6625,2.039646892275565,norm_bet,counts,0.677,0.0,0.323
vary_p,32,8,0.8,0.19999999999999996,0.09999999999999998,8846,2.723428891935041,cdf_eb,cdf,0.0045,0.0,0.9955
vary_p,32,8,0.8,0.19999999999999996,0.09999999999999998,8846,2.723428891935041,cdf_bet,cdf,0.0055,0.0,0.9945
vary_p,32,8,0.8,0.19999999999999996,0.09999999999999998,8846,2.723428891935041,cdf_exact,cdf,0.237,0.0,0.763
vary_p,32,8,0.8,0.19999999999999996,0.09999999999999998,8846,2.723428891935041,exc_eb,exceedance,0.292,0.0,0.708
vary_p,32,8,0.8,0.19999999999999996,0.09999999999999998,8846,2.723428891935041,exc_bet,exceedance,0.815,0.0,0.185
vary_p,32,8,0.8,0.19999999999999996,0.09999999999999998,8846,2.723428891935041,counts_exact,counts,0.977,0.0,0.023
vary_p,32,8,0.8,0.19999999999999996,0.09999999999999998,8846,2.723428891935041,norm_bet,counts,0.8505,0.0,0.1495
vary_p,32,8,0.8,0.19999999999999996,0.09999999999999998,11810,3.6359592147584032,cdf_eb,cdf,0.0125,0.0,0.9875
vary_p,32,8,0.8,0.19999999999999996,0.09999999999999998,11810,3.6359592147584032,cdf_bet,cdf,0.017,0.0,0.983
vary_p,32,8,0.8,0.19999999999999996,0.09999999999999998,11810,3.6359592147584032,cdf_exact,cdf,0.3635,0.0,0.6365
vary_p,32,8,0.8,0.19999999999999996,0.09999999999999998,11810,3.6359592147584032,exc_eb,exceedance,0.672,0.0,0.328
vary_p,32,8,0.8,0.19999999999999996,0.09999999999999998,11810,3.6359592147584032,exc_bet,exceedance,0.9255,0.0,0.0745
vary_p,32,8,0.8,0.19999999999999996,0.09999999999999998,11810,3.6359592147584032,counts_exact,counts,0.999,0.0,0.001
vary_p,32,8,0.8,0.19999999999999996,0.09999999999999998,11810,3.6359592147584032,norm_bet,counts,0.955,0.0,0.045
vary_p,32,8,0.8,0.19999999999999996,0.09999999999999998,15769,4.854821410459379,cdf_eb,cdf,0.0365,0.0,0.9635
vary_p,32,8,0.8,0.19999999999999996,0.09999999999999998,15769,4.854821410459379,cdf_bet,cdf,0.034,0.0,0.966
vary_p,32,8,0.8,0.19999999999999996,0.09999999999999998,15769,4.854821410459379,cdf_exact,cdf,0.492,0.0,0.508
vary_p,32,8,0.8,0.19999999999999996,0.09999999999999998,15769,4.854821410459379,exc_eb,exceedance,0.9315,0.0,0.0685
vary_p,32,8,0.8,0.19999999999999996,0.09999999999999998,15769,4.854821410459379,exc_bet,exceedance,0.988,0.0,0.012
vary_p,32,8,0.8,0.19999999999999996,0.09999999999999998,15769,4.854821410459379,counts_exact,counts,1.0,0.0,0.0
vary_p,32,8,0.8,0.19999999999999996,0.09999999999999998,15769,4.854821410459379,norm_bet,counts,0.9965,0.0,0.0035
vary_p,32,8,0.8,0.19999999999999996,0.09999999999999998,21054,6.481920855844489,cdf_eb,cdf,0.094,0.0,0.906
vary_p,32,8,0.8,0.19999999999999996,0.09999999999999998,21054,6.481920855844489,cdf_bet,cdf,0.079,0.0,0.921
vary_p,32,8,0.8,0.19999999999999996,0.09999999999999998,21054,6.481920855844489,cdf_exact,cdf,0.6325,0.0,0.3675
vary_p,32,8,0.8,0.19999999999999996,0.09999999999999998,21054,6.481920855844489,exc_eb,exceedance,0.992,0.0,0.008
vary_p,32,8,0.8,0.19999999999999996,0.09999999999999998,21054,6.481920855844489,exc_bet,exceedance,1.0,0.0,0.0
vary_p,32,8,0.8,0.19999999999999996,0.09999999999999998,21054,6.481920855844489,counts_exact,counts,1.0,0.0,0.0
vary_p,32,8,0.8,0.19999999999999996,0.09999999999999998,21054,6.481920855844489,norm_bet,counts,1.0,0.0,0.0
vary_p,32,8,0.8,0.19999999999999996,0.09999999999999998,28110,8.65426024782885,cdf_eb,cdf,0.22,0.0,0.78
vary_p,32,8,0.8,0.19999999999999996,0.09999999999999998,28110,8.65426024782885,cdf_bet,cdf,0.1705,0.0,0.8295
vary_p,32,8,0.8,0.19999999999999996,0.09999999999999998,28110,8.65426024782885,cdf_exact,cdf,0.759,0.0,0.241
vary_p,32,8,0.8,0.19999999999999996,0.09999999999999998,28110,8.65426024782885,exc_eb,exceedance,1.0,0.0,0.0
vary_p,32,8,0.8,0.19999999999999996,0.09999999999999998,28110,8.65426024782885,exc_bet,exceedance,1.0,0.0,0.0
vary_p,32,8,0.8,0.19999999999999996,0.09999999999999998,28110,8.65426024782885,counts_exact,counts,1.0,0.0,0.0
vary_p,32,8,0.8,0.19999999999999996,0.09999999999999998,28110,8.65426024782885,norm_bet,counts,1.0,0.0,0.0
vary_p,32,8,0.8,0.19999999999999996,0.09999999999999998,37532,11.555022967680982,cdf_eb,cdf,0.449,0.0,0.551
vary_p,32,8,0.8,0.19999999999999996,0.09999999999999998,37532,11.555022967680982,cdf_bet,cdf,0.345,0.0,0.655
vary_p,32,8,0.8,0.19999999999999996,0.09999999999999998,37532,11.555022967680982,cdf_exact,cdf,0.903,0.0,0.097
vary_p,32,8,0.8,0.19999999999999996,0.09999999999999998,37532,11.555022967680982,exc_eb,exceedance,1.0,0.0,0.0
vary_p,32,8,0.8,0.19999999999999996,0.09999999999999998,37532,11.555022967680982,exc_bet,exceedance,1.0,0.0,0.0
vary_p,32,8,0.8,0.19999999999999996,0.09999999999999998,37532,11.555022967680982,counts_exact,counts,1.0,0.0,0.0
vary_p,32,8,0.8,0.19999999999999996,0.09999999999999998,37532,11.555022967680982,norm_bet,counts,1.0,0.0,0.0
vary_p,32,8,0.8,0.19999999999999996,0.09999999999999998,50111,15.427735157557862,cdf_eb,cdf,0.6965,0.0,0.3035
vary_p,32,8,0.8,0.19999999999999996,0.09999999999999998,50111,15.427735157557862,cdf_bet,cdf,0.5825,0.0,0.4175
vary_p,32,8,0.8,0.19999999999999996,0.09999999999999998,50111,15.427735157557862,cdf_exact,cdf,0.9665,0.0,0.0335
vary_p,32,8,0.8,0.19999999999999996,0.09999999999999998,50111,15.427735157557862,exc_eb,exceedance,1.0,0.0,0.0
vary_p,32,8,0.8,0.19999999999999996,0.09999999999999998,50111,15.427735157557862,exc_bet,exceedance,1.0,0.0,0.0
vary_p,32,8,0.8,0.19999999999999996,0.09999999999999998,50111,15.427735157557862,counts_exact,counts,1.0,0.0,0.0
vary_p,32,8,0.8,0.19999999999999996,0.09999999999999998,50111,15.427735157557862,norm_bet,counts,1.0,0.0,0.0
vary_p,32,8,0.8,0.19999999999999996,0.09999999999999998,66906,20.598432448994558,cdf_eb,cdf,0.8915,0.0,0.1085
vary_p,32,8,0.8,0.19999999999999996,0.09999999999999998,66906,20.598432448994558,cdf_bet,cdf,0.8005,0.0,0.1995
vary_p,32,8,0.8,0.19999999999999996,0.09999999999999998,66906,20.598432448994558,cdf_exact,cdf,0.992,0.0,0.008
vary_p,32,8,0.8,0.19999999999999996,0.09999999999999998,66906,20.598432448994558,exc_eb,exceedance,1.0,0.0,0.0
vary_p,32,8,0.8,0.19999999999999996,0.09999999999999998,66906,20.598432448994558,exc_bet,exceedance,1.0,0.0,0.0
vary_p,32,8,0.8,0.19999999999999996,0.09999999999999998,66906,20.598432448994558,counts_exact,counts,1.0,0.0,0.0
vary_p,32,8,0.8,0.19999999999999996,0.09999999999999998,66906,20.598432448994558,norm_bet,counts,1.0,0.0,0.0
vary_p,32,8,0.8,0.19999999999999996,0.09999999999999998,89330,27.502136888600184,cdf_eb,cdf,0.983,0.0,0.017
vary_p,32,8,0.8,0.19999999999999996,0.09999999999999998,89330,27.502136888600184,cdf_bet,cdf,0.9525,0.0,0.0475
vary_p,32,8,0.8,0.19999999999999996,0.09999999999999998,89330,27.502136888600184,cdf_exact,cdf,1.0,0.0,0.0
vary_p,32,8,0.8,0.19999999999999996,0.09999999999999998,89330,27.502136888600184,exc_eb,exceedance,1.0,0.0,0.0
vary_p,32,8,0.8,0.19999999999999996,0.09999999999999998,89330,27.502136888600184,exc_bet,exceedance,1.0,0.0,0.0
vary_p,32,8,0.8,0.19999999999999996,0.09999999999999998,89330,27.502136888600184,counts_exact,counts,1.0,0.0,0.0
vary_p,32,8,0.8,0.19999999999999996,0.09999999999999998,89330,27.502136888600184,norm_bet,counts,1.0,0.0,0.0
vary_p,32,8,0.8,0.19999999999999996,0.09999999999999998,119270,36.71980148554062,cdf_eb,cdf,0.9975,0.0,0.0025
vary_p,32,8,0.8,0.19999999999999996,0.09999999999999998,119270,36.71980148554062,cdf_bet,cdf,0.994,0.0,0.006
vary_p,32,8,0.8,0.19999999999999996,0.09999999999999998,119270,36.71980148554062,cdf_exact,cdf,1.0,0.0,0.0
vary_p,32,8,0.8,0.19999999999999996,0.09999999999999998,119270,36.71980148554062,exc_eb,exceedance,1.0,0.0,0.0
vary_p,32,8,0.8,0.19999999999999996,0.09999999999999998,119270,36.71980148554062,exc_bet,exceedance,1.0,0.0,0.0
vary_p,32,8,0.8,0.19999999999999996,0.09999999999999998,119270,36.71980148554062,counts_exact,counts,1.0,0.0,0.0
vary_p,32,8,0.8,0.19999999999999996,0.09999999999999998,119270,36.71980148554062,norm_bet,counts,1.0,0.0,0.0
vary_p,32,8,0.8,0.19999999999999996,0.09999999999999998,159245,49.026953865724124,cdf_eb,cdf,1.0,0.0,0.0
vary_p,32,8,0.8,0.19999999999999996,0.09999999999999998,159245,49.026953865724124,cdf_bet,cdf,1.0,0.0,0.0
vary_p,32,8,0.8,0.19999999999999996,0.09999999999999998,159245,49.026953865724124,cdf_exact,cdf,1.0,0.0,0.0
vary_p,32,8,0.8,0.19999999999999996,0.09999999999999998,159245,49.026953865724124,exc_eb,exceedance,1.0,0.0,0.0
vary_p,32,8,0.8,0.19999999999999996,0.09999999999999998,159245,49.026953865724124,exc_bet,exceedance,1.0,0.0,0.0
vary_p,32,8,0.8,0.19999999999999996,0.09999999999999998,159245,49.026953865724124,counts_exact,counts,1.0,0.0,0.0
vary_p,32,8,0.8,0.19999999999999996,0.09999999999999998,159245,49.026953865724124,norm_bet,counts,1.0,0.0,0.0
vary_p,32,8,0.8,0.19999999999999996,0.09999999999999998,212617,65.4586571011251,cdf_eb,cdf,1.0,0.0,0.0
vary_p,32,8,0.8,0.19999999999999996,0.09999999999999998,212617,65.4586571011251,cdf_bet,cdf,1.0,0.0,0.0
vary_p,32,8,0.8,0.19999999999999996,0.09999999999999998,212617,65.4586571011251,cdf_exact,cdf,1.0,0.0,0.0
vary_p,32,8,0.8,0.19999999999999996,0.09999999999999998,212617,65.4586571011251,exc_eb,exceedance,1.0,0.0,0.0
vary_p,32,8,0.8,0.19999999999999996,0.09999999999999998,212617,65.4586571011251,exc_bet,exceedance,1.0,0.0,0.0
vary_p,32,8,0.8,0.19999999999999996,0.09999999999999998,212617,65.4586571011251,counts_exact,counts,1.0,0.0,0.0
vary_p,32,8,0.8,0.19999999999999996,0.09999999999999998,212617,65.4586571011251,norm_bet,counts,1.0,0.0,0.0
vary_p,32,8,0.8,0.19999999999999996,0.09999999999999998,283878,87.39786875251363,cdf_eb,cdf,1.0,0.0,0.0
vary_p,32,8,0.8,0.19999999999999996,0.09999999999999998,283878,87.39786875251363,cdf_bet,cdf,1.0,0.0,0.0
vary_p,32,8,0.8,0.19999999999999996,0.09999999999999998,283878,87.39786875251363,cdf_exact,cdf,1.0,0.0,0.0
vary_p,32,8,0.8,0.19999999999999996,0.09999999999999998,283878,87.39786875251363,exc_eb,exceedance,1.0,0.0,0.0
vary_p,32,8,0.8,0.19999999999999996,0.09999999999999998,283878,87.39786875251363,exc_bet,exceedance,1.0,0.0,0.0
vary_p,32,8,0.8,0.19999999999999996,0.09999999999999998,283878,87.39786875251363,counts_exact,counts,1.0,0.0,0.0
vary_p,32,8,0.8,0.19999999999999996,0.09999999999999998,283878,87.39786875251363,norm_bet,counts,1.0,0.0,0.0
vary_p,32,8,0.8,0.19999999999999996,0.09999999999999998,379023,116.69027683788097,cdf_eb,cdf,1.0,0.0,0.0
vary_p,32,8,0.8,0.19999999999999996,0.09999999999999998,379023,116.69027683788097,cdf_bet,cdf,1.0,0.0,0.0
vary_p,32,8,0.8,0.19999999999999996,0.09999999999999998,379023,116.69027683788097,cdf_exact,cdf,1.0,0.0,0.0
vary_p,32,8,0.8,0.19999999999999996,0.09999999999999998,379023,116.69027683788097,exc_eb,exceedance,1.0,0.0,0.0
vary_p,32,8,0.8,0.19999999999999996,0.09999999999999998,379023,116.69027683788097,exc_bet,exceedance,1.0,0.0,0.0
vary_p,32,8,0.8,0.19999999999999996,0.09999999999999998,379023,116.69027683788097,counts_exact,counts,1.0,0.0,0.0
vary_p,32,8,0.8,0.19999999999999996,0.09999999999999998,379023,116.69027683788097,norm_bet,counts,1.0,0.0,0.0
vary_p,32,8,0.8,0.19999999999999996,0.09999999999999998,506057,155.80039054555405,cdf_eb,cdf,1.0,0.0,0.0
vary_p,32,8,0.8,0.19999999999999996,0.09999999999999998,506057,155.80039054555405,cdf_bet,cdf,1.0,0.0,0.0
vary_p,32,8,0.8,0.19999999999999996,0.09999999999999998,506057,155.80039054555405,cdf_exact,cdf,1.0,0.0,0.0
vary_p,32,8,0.8,0.19999999999999996,0.09999999999999998,506057,155.80039054555405,exc_eb,exceedance,1.0,0.0,0.0
vary_p,32,8,0.8,0.19999999999999996,0.09999999999999998,506057,155.80039054555405,exc_bet,exceedance,1.0,0.0,0.0
vary_p,32,8,0.8,0.19999999999999996,0.09999999999999998,506057,155.80039054555405,counts_exact,counts,1.0,0.0,0.0
vary_p,32,8,0.8,0.19999999999999996,0.09999999999999998,506057,155.80039054555405,norm_bet,counts,1.0,0.0,0.0
vary_p,32,8,0.8,0.19999999999999996,0.09999999999999998,675667,208.01842970009872,cdf_eb,cdf,1.0,0.0,0.0
vary_p,32,8,0.8,0.19999999999999996,0.09999999999999998,675667,208.01842970009872,cdf_bet,cdf,1.0,0.0,0.0
vary_p,32,8,0.8,0.19999999999999996,0.09999999999999998,675667,208.01842970009872,cdf_exact,cdf,1.0,0.0,0.0
vary_p,32,8,0.8,0.19999999999999996,0.09999999999999998,675667,208.01842970009872,exc_eb,exceedance,1.0,0.0,0.0
vary_p,32,8,0.8,0.19999999999999996,0.09999999999999998,675667,208.01842970009872,exc_bet,exceedance,1.0,0.0,0.0
vary_p,32,8,0.8,0.19999999999999996,0.09999999999999998,675667,208.01842970009872,counts_exact,counts,1.0,0.0,0.0
vary_p,32,8,0.8,0.19999999999999996,0.09999999999999998,675667,208.01842970009872,norm_bet,counts,1.0,0.0,0.0
vary_p,32,8,0.8,0.19999999999999996,0.09999999999999998,902124,277.7380246108984,cdf_eb,cdf,1.0,0.0,0.0
vary_p,32,8,0.8,0.19999999999999996,0.09999999999999998,902124,277.7380246108984,cdf_bet,cdf,1.0,0.0,0.0
vary_p,32,8,0.8,0.19999999999999996,0.09999999999999998,902124,277.7380246108984,cdf_exact,cdf,1.0,0.0,0.0
vary_p,32,8,0.8,0.19999999999999996,0.09999999999999998,902124,277.7380246108984,exc_eb,exceedance,1.0,0.0,0.0
vary_p,32,8,0.8,0.19999999999999996,0.09999999999999998,902124,277.7380246108984,exc_bet,exceedance,1.0,0.0,0.0
vary_p,32,8,0.8,0.19999999999999996,0.09999999999999998,902124,277.7380246108984,counts_exact,counts,1.0,0.0,0.0
vary_p,32,8,0.8,0.19999999999999996,0.09999999999999998,902124,277.7380246108984,norm_bet,counts,1.0,0.0,0.0
vary_p,32,8,0.8,0.19999999999999996,0.09999999999999998,1204480,370.82473793329393,cdf_eb,cdf,1.0,0.0,0.0
vary_p,32,8,0.8,0.19999999999999996,0.09999999999999998,1204480,370.82473793329393,cdf_bet,cdf,1.0,0.0,0.0
vary_p,32,8,0.8,0.19999999999999996,0.09999999999999998,1204480,370.82473793329393,cdf_exact,cdf,1.0,0.0,0.0
vary_p,32,8,0.8,0.19999999999999996,0.09999999999999998,1204480,370.82473793329393,exc_eb,exceedance,1.0,0.0,0.0
vary_p,32,8,0.8,0.19999999999999996,0.09999999999999998,1204480,370.82473793329393,exc_bet,exceedance,1.0,0.0,0.0
vary_p,32,8,0.8,0.19999999999999996,0.09999999999999998,1204480,370.82473793329393,counts_exact,counts,1.0,0.0,0.0
vary_p,32,8,0.8,0.19999999999999996,0.09999999999999998,1204480,370.82473793329393,norm_bet,counts,1.0,0.0,0.0
vary_p,32,8,0.8,0.19999999999999996,0.09999999999999998,1608174,495.11050586239463,cdf_eb,cdf,1.0,0.0,0.0
vary_p,32,8,0.8,0.19999999999999996,0.09999999999999998,1608174,495.11050586239463,cdf_bet,cdf,1.0,0.0,0.0
vary_p,32,8,0.8,0.19999999999999996,0.09999999999999998,1608174,495.11050586239463,cdf_exact,cdf,1.0,0.0,0.0
vary_p,32,8,0.8,0.19999999999999996,0.09999999999999998,1608174,495.11050586239463,exc_eb,exceedance,1.0,0.0,0.0
vary_p,32,8,0.8,0.19999999999999996,0.09999999999999998,1608174,495.11050586239463,exc_bet,exceedance,1.0,0.0,0.0
vary_p,32,8,0.8,0.19999999999999996,0.09999999999999998,1608174,495.11050586239463,counts_exact,counts,1.0,0.0,0.0
vary_p,32,8,0.8,0.19999999999999996,0.09999999999999998,1608174,495.11050586239463,norm_bet,counts,1.0,0.0,0.0
vary_p,32,8,0.8,0.19999999999999996,0.09999999999999998,2147170,661.0518668207283,cdf_eb,cdf,1.0,0.0,0.0
vary_p,32,8,0.8,0.19999999999999996,0.09999999999999998,2147170,661.0518668207283,cdf_bet,cdf,1.0,0.0,0.0
vary_p,32,8,0.8,0.19999999999999996,0.09999999999999998,2147170,661.0518668207283,cdf_exact,cdf,1.0,0.0,0.0
vary_p,32,8,0.8,0.19999999999999996,0.09999999999999998,2147170,661.0518668207283,exc_eb,exceedance,1.0,0.0,0.0
vary_p,32,8,0.8,0.19999999999999996,0.09999999999999998,2147170,661.0518668207283,exc_bet,exceedance,1.0,0.0,0.0
vary_p,32,8,0.8,0.19999999999999996,0.09999999999999998,2147170,661.0518668207283,counts_exact,counts,1.0,0.0,0.0
vary_p,32,8,0.8,0.19999999999999996,0.09999999999999998,2147170,661.0518668207283,norm_bet,counts,1.0,0.0,0.0
vary_p,32,8,0.8,0.19999999999999996,0.09999999999999998,2866817,882.6104731732465,cdf_eb,cdf,1.0,0.0,0.0
vary_p,32,8,0.8,0.19999999999999996,0.09999999999999998,2866817,882.6104731732465,cdf_bet,cdf,1.0,0.0,0.0
vary_p,32,8,0.8,0.19999999999999996,0.09999999999999998,2866817,882.6104731732465,cdf_exact,cdf,1.0,0.0,0.0
vary_p,32,8,0.8,0.19999999999999996,0.09999999999999998,2866817,882.6104731732465,exc_eb,exceedance,1.0,0.0,0.0
vary_p,32,8,0.8,0.19999999999999996,0.09999999999999998,2866817,882.6104731732465,exc_bet,exceedance,1.0,0.0,0.0
vary_p,32,8,0.8,0.19999999999999996,0.09999999999999998,2866817,882.6104731732465,counts_exact,counts,1.0,0.0,0.0
vary_p,32,8,0.8,0.19999999999999996,0.09999999999999998,2866817,882.6104731732465,norm_bet,counts,1.0,0.0,0.0
vary_p,32,8,0.8,0.19999999999999996,0.09999999999999998,3827661,1178.4266963523594,cdf_eb,cdf,1.0,0.0,0.0
vary_p,32,8,0.8,0.19999999999999996,0.09999999999999998,3827661,1178.4266963523594,cdf_bet,cdf,1.0,0.0,0.0
vary_p,32,8,0.8,0.19999999999999996,0.09999999999999998,3827661,1178.4266963523594,cdf_exact,cdf,1.0,0.0,0.0
vary_p,32,8,0.8,0.19999999999999996,0.09999999999999998,3827661,1178.4266963523594,exc_eb,exceedance,1.0,0.0,0.0
vary_p,32,8,0.8,0.19999999999999996,0.09999999999999998,3827661,1178.4266963523594,exc_bet,exceedance,1.0,0.0,0.0
vary_p,32,8,0.8,0.19999999999999996,0.09999999999999998,3827661,1178.4266963523594,counts_exact,counts,1.0,0.0,0.0
vary_p,32,8,0.8,0.19999999999999996,0.09999999999999998,3827661,1178.4266963523594,norm_bet,counts,1.0,0.0,0.0
vary_p,32,8,0.8,0.19999999999999996,0.09999999999999998,5110542,1573.388846512264,cdf_eb,cdf,1.0,0.0,0.0
vary_p,32,8,0.8,0.19999999999999996,0.09999999999999998,5110542,1573.388846512264,cdf_bet,cdf,1.0,0.0,0.0
vary_p,32,8,0.8,0.19999999999999996,0.09999999999999998,5110542,1573.388846512264,cdf_exact,cdf,1.0,0.0,0.0
vary_p,32,8,0.8,0.19999999999999996,0.09999999999999998,5110542,1573.388846512264,exc_eb,exceedance,1.0,0.0,0.0
vary_p,32,8,0.8,0.19999999999999996,0.09999999999999998,5110542,1573.388846512264,exc_bet,exceedance,1.0,0.0,0.0
vary_p,32,8,0.8,0.19999999999999996,0.09999999999999998,5110542,1573.388846512264,counts_exact,counts,1.0,0.0,0.0
vary_p,32,8,0.8,0.19999999999999996,0.09999999999999998,5110542,1573.388846512264,norm_bet,counts,1.0,0.0,0.0
vary_p,32,8,0.8,0.19999999999999996,0.09999999999999998,6823394,2100.7266968862996,cdf_eb,cdf,1.0,0.0,0.0
vary_p,32,8,0.8,0.19999999999999996,0.09999999999999998,6823394,2100.7266968862996,cdf_bet,cdf,1.0,0.0,0.0
vary_p,32,8,0.8,0.19999999999999996,0.09999999999999998,6823394,2100.7266968862996,cdf_exact,cdf,1.0,0.0,0.0
vary_p,32,8,0.8,0.19999999999999996,0.09999999999999998,6823394,2100.7266968862996,exc_eb,exceedance,1.0,0.0,0.0
vary_p,32,8,0.8,0.19999999999999996,0.09999999999999998,6823394,2100.7266968862996,exc_bet,exceedance,1.0,0.0,0.0
vary_p,32,8,0.8,0.19999999999999996,0.09999999999999998,6823394,2100.7266968862996,counts_exact,counts,1.0,0.0,0.0
vary_p,32,8,0.8,0.19999999999999996,0.09999999999999998,6823394,2100.7266968862996,norm_bet,counts,1.0,0.0,0.0
vary_p,32,8,0.8,0.19999999999999996,0.09999999999999998,9110326,2804.8072624177025,cdf_eb,cdf,1.0,0.0,0.0
vary_p,32,8,0.8,0.19999999999999996,0.09999999999999998,9110326,2804.8072624177025,cdf_bet,cdf,1.0,0.0,0.0
vary_p,32,8,0.8,0.19999999999999996,0.09999999999999998,9110326,2804.8072624177025,cdf_exact,cdf,1.0,0.0,0.0
vary_p,32,8,0.8,0.19999999999999996,0.09999999999999998,9110326,2804.8072624177025,exc_eb,exceedance,1.0,0.0,0.0
vary_p,32,8,0.8,0.19999999999999996,0.09999999999999998,9110326,2804.8072624177025,exc_bet,exceedance,1.0,0.0,0.0
vary_p,32,8,0.8,0.19999999999999996,0.09999999999999998,9110326,2804.8072624177025,counts_exact,counts,1.0,0.0,0.0
vary_p,32,8,0.8,0.19999999999999996,0.09999999999999998,9110326,2804.8072624177025,norm_bet,counts,1.0,0.0,0.0
vary_p,32,8,0.8,0.19999999999999996,0.09999999999999998,12163748,3744.8680462827347,cdf_eb,cdf,1.0,0.0,0.0
vary_p,32,8,0.8,0.19999999999999996,0.09999999999999998,12163748,3744.8680462827347,cdf_bet,cdf,1.0,0.0,0.0
vary_p,32,8,0.8,0.19999999999999996,0.09999999999999998,12163748,3744.8680462827347,cdf_exact,cdf,1.0,0.0,0.0
vary_p,32,8,0.8,0.19999999999999996,0.09999999999999998,12163748,3744.8680462827347,exc_eb,exceedance,1.0,0.0,0.0
vary_p,32,8,0.8,0.19999999999999996,0.09999999999999998,12163748,3744.8680462827347,exc_bet,exceedance,1.0,0.0,0.0
vary_p,32,8,0.8,0.19999999999999996,0.09999999999999998,12163748,3744.8680462827347,counts_exact,counts,1.0,0.0,0.0
vary_p,32,8,0.8,0.19999999999999996,0.09999999999999998,12163748,3744.8680462827347,norm_bet,counts,1.0,0.0,0.0
vary_p,32,8,0.8,0.19999999999999996,0.09999999999999998,16240556,4999.9999357324195,cdf_eb,cdf,1.0,0.0,0.0
vary_p,32,8,0.8,0.19999999999999996,0.09999999999999998,16240556,4999.9999357324195,cdf_bet,cdf,1.0,0.0,0.0
vary_p,32,8,0.8,0.19999999999999996,0.09999999999999998,16240556,4999.9999357324195,cdf_exact,cdf,1.0,0.0,0.0
vary_p,32,8,0.8,0.19999999999999996,0.09999999999999998,16240556,4999.9999357324195,exc_eb,exceedance,1.0,0.0,0.0
vary_p,32,8,0.8,0.19999999999999996,0.09999999999999998,16240556,4999.9999357324195,exc_bet,exceedance,1.0,0.0,0.0
vary_p,32,8,0.8,0.19999999999999996,0.09999999999999998,16240556,4999.9999357324195,counts_exact,counts,1.0,0.0,0.0
vary_p,32,8,0.8,0.19999999999999996,0.09999999999999998,16240556,4999.9999357324195,norm_bet,counts,1.0,0.0,0.0
