p,gamma,list,K,n,x,method,power,false_alt,abstain
0.95,0.012500000000000011,K2,2,369,0.05001518816079524,cdf_eb,0.0,0.0,1.0
0.95,0.012500000000000011,K2,2,369,0.05001518816079524,cdf_exact,0.029,0.0145,0.9565
0.95,0.012500000000000011,K2,2,369,0.05001518816079524,exc_eb,0.0,0.0,1.0
0.95,0.012500000000000011,K2,2,369,0.05001518816079524,exc_bet,0.0,0.0,1.0
0.95,0.012500000000000011,K2,2,369,0.05001518816079524,counts_exact,0.028,0.0065,0.9655
0.95,0.012500000000000011,K2,2,369,0.05001518816079524,norm_bet,0.0,0.0,1.0
0.95,0.012500000000000011,K2,2,477,0.06465377981761336,cdf_eb,0.0,0.0,1.0
0.95,0.012500000000000011,K2,2,477,0.06465377981761336,cdf_exact,0.031,0.0155,0.9535
0.95,0.012500000000000011,K2,2,477,0.06465377981761336,exc_eb,0.0,0.0,1.0
0.95,0.012500000000000011,K2,2,477,0.06465377981761336,exc_bet,0.0,0.0,1.0
0.95,0.012500000000000011,K2,2,477,0.06465377981761336,counts_exact,0.0295,0.0035,0.967
0.95,0.012500000000000011,K2,2,477,0.06465377981761336,norm_bet,0.0,0.0,1.0
0.95,0.012500000000000011,K2,2,616,0.08349418944999965,cdf_eb,0.0,0.0,1.0
0.95,0.012500000000000011,K2,2,616,0.08349418944999965,cdf_exact,0.0325,0.0115,0.956
0.95,0.012500000000000011,K2,2,616,0.08349418944999965,exc_eb,0.0,0.0,1.0
0.95,0.012500000000000011,K2,2,616,0.08349418944999965,exc_bet,0.0,0.0,1.0
0.95,0.012500000000000011,K2,2,616,0.08349418944999965,counts_exact,0.051,0.0055,0.9435
0.95,0.012500000000000011,K2,2,616,0.08349418944999965,norm_bet,0.0,0.0,1.0
0.95,0.012500000000000011,K2,2,797,0.10802738472670408,cdf_eb,0.0,0.0,1.0
0.95,0.012500000000000011,K2,2,797,0.10802738472670408,cdf_exact,0.0325,0.0185,0.949
0.95,0.012500000000000011,K2,2,797,0.10802738472670408,exc_eb,0.0,0.0,1.0
0.95,0.012500000000000011,K2,2,797,0.10802738472670408,exc_bet,0.0015,0.0,0.9985
0.95,0.012500000000000011,K2,2,797,0.10802738472670408,counts_exact,0.0715,0.0065,0.922
0.95,0.012500000000000011,K2,2,797,0.10802738472670408,norm_bet,0.001,0.0,0.999
0.95,0.012500000000000011,K2,2,1030,0.13960879080113575,cdf_eb,0.0,0.0,1.0
0.95,0.012500000000000011,K2,2,1030,0.13960879080113575,cdf_exact,0.038,0.0185,0.9435
0.95,0.012500000000000011,K2,2,1030,0.13960879080113575,exc_eb,0.001,0.0,0.999
0.95,0.012500000000000011,K2,2,1030,0.13960879080113575,exc_bet,0.004,0.0,0.996
0.95,0.012500000000000011,K2,2,1030,0.13960879080113575,counts_exact,0.079,0.0045,0.9165
0.95,0.012500000000000011,K2,2,1030,0.13960879080113575,norm_bet,0.0065,0.0005,0.993
0.95,0.012500000000000011,K2,2,1332,0.18054263043409013,cdf_eb,0.001,0.0,0.999
0.95,0.012500000000000011,K2,2,1332,0.18054263043409013,cdf_exact,0.033,0.0195,0.9475
0.95,0.012500000000000011,K2,2,1332,0.18054263043409013,exc_eb,0.0,0.0,1.0
0.95,0.012500000000000011,K2,2,1332,0.18054263043409013,exc_bet,0.017,0.0005,0.9825
0.95,0.012500000000000011,K2,2,1332,0.18054263043409013,counts_exact,0.115,0.004,0.881
0.95,0.012500000000000011,K2,2,1332,0.18054263043409013,norm_bet,0.024,0.0005,0.9755
0.95,0.012500000000000011,K2,2,1722,0.23340421141704445,cdf_eb,0.0005,0.0,0.9995
0.95,0.012500000000000011,K2,2,1722,0.23340421141704445,cdf_exact,0.043,0.015,0.942
0.95,0.012500000000000011,K2,2,1722,0.23340421141704445,exc_eb,0.0,0.0,1.0
0.95,0.012500000000000011,K2,2,1722,0.23340421141704445,exc_bet,0.0305,0.0,0.9695
0.95,0.012500000000000011,K2,2,1722,0.23340421141704445,counts_exact,0.148,0.003,0.849
0.95,0.012500000000000011,K2,2,1722,0.23340421141704445,norm_bet,0.038,0.0,0.962
0.95,0.012500000000000011,K2,2,2226,0.30171763914886235,cdf_eb,0.0,0.0,1.0
0.95,0.012500000000000011,K2,2,2226,0.30171763914886235,cdf_exact,0.042,0.0175,0.9405
0.95,0.012500000000000011,K2,2,2226,0.30171763914886235,exc_eb,0.001,0.0,0.999
0.95,0.012500000000000011,K2,2,2226,0.30171763914886235,exc_bet,0.071,0.0005,0.9285
0.95,0.012500000000000011,K2,2,2226,0.30171763914886235,counts_exact,0.214,0.0035,0.7825
0.95,0.012500000000000011,K2,2,2226,0.30171763914886235,norm_bet,0.061,0.0005,0.9385
0.95,0.012500000000000011,K2,2,2878,0.3900913591511347,cdf_eb,0.0005,0.0,0.9995
0.95,0.012500000000000011,K2,2,2878,0.3900913591511347,cdf_exact,0.05,0.0115,0.9385
0.95,0.012500000000000011,K2,2,2878,0.3900913591511347,exc_eb,0.003,0.0,0.997
0.95,0.012500000000000011,K2,2,2878,0.3900913591511347,exc_bet,0.094,0.0015,0.9045
0.95,0.012500000000000011,K2,2,2878,0.3900913591511347,counts_exact,0.251,0.0025,0.7465
0.95,0.012500000000000011,K2,2,2878,0.3900913591511347,norm_bet,0.09,0.001,0.909
0.95,0.012500000000000011,K2,2,3720,0.5042181570681796,cdf_eb,0.001,0.0,0.999
0.95,0.012500000000000011,K2,2,3720,0.5042181570681796,cdf_exact,0.051,0.0115,0.9375
0.95,0.012500000000000011,K2,2,3720,0.5042181570681796,exc_eb,0.0045,0.0,0.9955
0.95,0.012500000000000011,K2,2,3720,0.5042181570681796,exc_bet,0.1155,0.0,0.8845
0.95,0.012500000000000011,K2,2,3720,0.5042181570681796,counts_exact,0.3365,0.0005,0.663
0.95,0.012500000000000011,K2,2,3720,0.5042181570681796,norm_bet,0.11,0.0,0.89
0.95,0.012500000000000011,K2,2,4809,0.651823956274429,cdf_eb,0.002,0.0005,0.9975
0.95,0.012500000000000011,K2,2,4809,0.651823956274429,cdf_exact,0.063,0.0105,0.9265
0.95,0.012500000000000011,K2,2,4809,0.651823956274429,exc_eb,0.012,0.0,0.988
0.95,0.012500000000000011,K2,2,4809,0.651823956274429,exc_bet,0.1305,0.0,0.8695
0.95,0.012500000000000011,K2,2,4809,0.651823956274429,counts_exact,0.4285,0.001,0.5705
0.95,0.012500000000000011,K2,2,4809,0.651823956274429,norm_bet,0.1375,0.0,0.8625
0.95,0.012500000000000011,K2,2,6217,0.8426678178744282,cdf_eb,0.0005,0.0,0.9995
0.95,0.012500000000000011,K2,2,6217,0.8426678178744282,cdf_exact,0.061,0.0095,0.9295
0.95,0.012500000000000011,K2,2,6217,0.8426678178744282,exc_eb,0.036,0.0,0.964
0.95,0.012500000000000011,K2,2,6217,0.8426678178744282,exc_bet,0.154,0.0,0.846
0.95,0.012500000000000011,K2,2,6217,0.8426678178744282,counts_exact,0.535,0.0005,0.4645
0.95,0.012500000000000011,K2,2,6217,0.8426678178744282,norm_bet,0.151,0.0,0.849
0.95,0.012500000000000011,K2,2,8037,1.0893551957948817,cdf_eb,0.004,0.0,0.996
0.95,0.012500000000000011,K2,2,8037,1.0893551957948817,cdf_exact,0.093,0.0115,0.8955
0.95,0.012500000000000011,K2,2,8037,1.0893551957948817,exc_eb,0.082,0.0,0.918
0.95,0.012500000000000011,K2,2,8037,1.0893551957948817,exc_bet,0.219,0.0,0.781
0.95,0.012500000000000011,K2,2,8037,1.0893551957948817,counts_exact,0.654,0.0,0.346
0.95,0.012500000000000011,K2,2,8037,1.0893551957948817,norm_bet,0.2185,0.0,0.7815
0.95,0.012500000000000011,K2,2,10390,1.4082867343920393,cdf_eb,0.007,0.0005,0.9925
0.95,0.012500000000000011,K2,2,10390,1.4082867343920393,cdf_exact,0.0895,0.008,0.9025
0.95,0.012500000000000011,K2,2,10390,1.4082867343920393,exc_eb,0.168,0.0,0.832
0.95,0.012500000000000011,K2,2,10390,1.4082867343920393,exc_bet,0.303,0.0,0.697
0.95,0.012500000000000011,K2,2,10390,1.4082867343920393,counts_exact,0.7775,0.0,0.2225
0.95,0.012500000000000011,K2,2,10390,1.4082867343920393,norm_bet,0.317,0.0,0.683
0.95,0.012500000000000011,K2,2,13432,1.8206070660590832,cdf_eb,0.005,0.0,0.995
0.95,0.012500000000000011,K2,2,13432,1.8206070660590832,cdf_exact,0.116,0.0115,0.8725
0.95,0.012500000000000011,K2,2,13432,1.8206070660590832,exc_eb,0.3075,0.0,0.6925
0.95,0.012500000000000011,K2,2,13432,1.8206070660590832,exc_bet,0.441,0.0,0.559
0.95,0.012500000000000011,K2,2,13432,1.8206070660590832,counts_exact,0.891,0.0,0.109
0.95,0.012500000000000011,K2,2,13432,1.8206070660590832,norm_bet,0.46,0.0,0.54
0.95,0.012500000000000011,K2,2,17364,2.3535602363795354,cdf_eb,0.0065,0.0,0.9935
0.95,0.012500000000000011,K2,2,17364,2.3535602363795354,cdf_exact,0.128,0.006,0.866
0.95,0.012500000000000011,K2,2,17364,2.3535602363795354,exc_eb,0.4675,0.0,0.5325
0.95,0.012500000000000011,K2,2,17364,2.3535602363795354,exc_bet,0.5805,0.0,0.4195
0.95,0.012500000000000011,K2,2,17364,2.3535602363795354,counts_exact,0.947,0.0,0.053
0.95,0.012500000000000011,K2,2,17364,2.3535602363795354,norm_bet,0.6045,0.0,0.3955
0.95,0.012500000000000011,K2,2,22447,3.042522841857373,cdf_eb,0.0145,0.0,0.9855
0.95,0.012500000000000011,K2,2,22447,3.042522841857373,cdf_exact,0.1595,0.004,0.8365
0.95,0.012500000000000011,K2,2,22447,3.042522841857373,exc_eb,0.716,0.0,0.284
0.95,0.012500000000000011,K2,2,22447,3.042522841857373,exc_bet,0.754,0.0,0.246
0.95,0.012500000000000011,K2,2,22447,3.042522841857373,counts_exact,0.9825,0.0,0.0175
0.95,0.012500000000000011,K2,2,22447,3.042522841857373,norm_bet,0.7745,0.0,0.2255
0.95,0.012500000000000011,K2,2,29019,3.9333082526778242,cdf_eb,0.018,0.0,0.982
0.95,0.012500000000000011,K2,2,29019,3.9333082526778242,cdf_exact,0.1995,0.003,0.7975
0.95,0.012500000000000011,K2,2,29019,3.9333082526778242,exc_eb,0.8725,0.0,0.1275
0.95,0.012500000000000011,K2,2,29019,3.9333082526778242,exc_bet,0.886,0.0,0.114
0.95,0.012500000000000011,K2,2,29019,3.9333082526778242,counts_exact,0.9965,0.0,0.0035
0.95,0.012500000000000011,K2,2,29019,3.9333082526778242,norm_bet,0.9095,0.0,0.0905
0.95,0.012500000000000011,K2,2,37514,5.084741920498842,cdf_eb,0.027,0.0,0.973
0.95,0.012500000000000011,K2,2,37514,5.084741920498842,cdf_exact,0.2385,0.0025,0.759
0.95,0.012500000000000011,K2,2,37514,5.084741920498842,exc_eb,0.9645,0.0,0.0355
0.95,0.012500000000000011,K2,2,37514,5.084741920498842,exc_bet,0.971,0.0,0.029
0.95,0.012500000000000011,K2,2,37514,5.084741920498842,counts_exact,1.0,0.0,0.0
0.95,0.012500000000000011,K2,2,37514,5.084741920498842,norm_bet,0.98,0.0,0.02
0.95,0.012500000000000011,K2,2,48497,6.57340536648804,cdf_eb,0.045,0.0,0.955
0.95,0.012500000000000011,K2,2,48497,6.57340536648804,cdf_exact,0.2945,0.0025,0.703
0.95,0.012500000000000011,K2,2,48497,6.57340536648804,exc_eb,0.995,0.0,0.005
0.95,0.012500000000000011,K2,2,48497,6.57340536648804,exc_bet,0.9965,0.0,0.0035
0.95,0.012500000000000011,K2,2,48497,6.57340536648804,counts_exact,1.0,0.0,0.0
0.95,0.012500000000000011,K2,2,48497,6.57340536648804,norm_bet,0.996,0.0,0.004
0.95,0.012500000000000011,K2,2,62695,8.497837999298259,cdf_eb,0.0645,0.0,0.9355
0.95,0.012500000000000011,K2,2,62695,8.497837999298259,cdf_exact,0.366,0.0005,0.6335
0.95,0.012500000000000011,K2,2,62695,8.497837999298259,exc_eb,1.0,0.0,0.0
0.95,0.012500000000000011,K2,2,62695,8.497837999298259,exc_bet,1.0,0.0,0.0
0.95,0.012500000000000011,K2,2,62695,8.497837999298259,counts_exact,1.0,0.0,0.0
0.95,0.012500000000000011,K2,2,62695,8.497837999298259,norm_bet,0.9995,0.0,0.0005
0.95,0.012500000000000011,K2,2,81049,10.985585325865294,cdf_eb,0.1185,0.0,0.8815
0.95,0.012500000000000011,K2,2,81049,10.985585325865294,cdf_exact,0.446,0.001,0.553
0.95,0.012500000000000011,K2,2,81049,10.985585325865294,exc_eb,1.0,0.0,0.0
0.95,0.012500000000000011,K2,2,81049,10.985585325865294,exc_bet,1.0,0.0,0.0
0.95,0.012500000000000011,K2,2,81049,10.985585325865294,counts_exact,1.0,0.0,0.0
0.95,0.012500000000000011,K2,2,81049,10.985585325865294,norm_bet,1.0,0.0,0.0
0.95,0.012500000000000011,K2,2,104777,14.201738129874371,cdf_eb,0.1615,0.0,0.8385
0.95,0.012500000000000011,K2,2,104777,14.201738129874371,cdf_exact,0.527,0.0005,0.4725
0.95,0.012500000000000011,K2,2,104777,14.201738129874371,exc_eb,1.0,0.0,0.0
0.95,0.012500000000000011,K2,2,104777,14.201738129874371,exc_bet,1.0,0.0,0.0
0.95,0.012500000000000011,K2,2,104777,14.201738129874371,counts_exact,1.0,0.0,0.0
0.95,0.012500000000000011,K2,2,104777,14.201738129874371,norm_bet,1.0,0.0,0.0
0.95,0.012500000000000011,K2,2,135451,18.3593692454414,cdf_eb,0.229,0.0,0.771
0.95,0.012500000000000011,K2,2,135451,18.3593692454414,cdf_exact,0.629,0.0005,0.3705
0.95,0.012500000000000011,K2,2,135451,18.3593692454414,exc_eb,1.0,0.0,0.0
0.95,0.012500000000000011,K2,2,135451,18.3593692454414,exc_bet,1.0,0.0,0.0
0.95,0.012500000000000011,K2,2,135451,18.3593692454414,counts_exact,1.0,0.0,0.0
0.95,0.012500000000000011,K2,2,135451,18.3593692454414,norm_bet,1.0,0.0,0.0
0.95,0.012500000000000011,K2,2,175105,23.734172148769783,cdf_eb,0.3705,0.0,0.6295
0.95,0.012500000000000011,K2,2,175105,23.734172148769783,cdf_exact,0.7685,0.0,0.2315
0.95,0.012500000000000011,K2,2,175105,23.734172148769783,exc_eb,1.0,0.0,0.0
0.95,0.012500000000000011,K2,2,175105,23.734172148769783,exc_bet,1.0,0.0,0.0
0.95,0.012500000000000011,K2,2,175105,23.734172148769783,counts_exact,1.0,0.0,0.0
0.95,0.012500000000000011,K2,2,175105,23.734172148769783,norm_bet,1.0,0.0,0.0
0.95,0.012500000000000011,K2,2,226368,30.682488112690777,cdf_eb,0.5145,0.0,0.4855
0.95,0.012500000000000011,K2,2,226368,30.682488112690777,cdf_exact,0.859,0.0005,0.1405
0.95,0.012500000000000011,K2,2,226368,30.682488112690777,exc_eb,1.0,0.0,0.0
0.95,0.012500000000000011,K2,2,226368,30.682488112690777,exc_bet,1.0,0.0,0.0
0.95,0.012500000000000011,K2,2,226368,30.682488112690777,counts_exact,1.0,0.0,0.0
0.95,0.012500000000000011,K2,2,226368,30.682488112690777,norm_bet,1.0,0.0,0.0
0.95,0.012500000000000011,K2,2,292639,39.66502614684813,cdf_eb,0.6575,0.0,0.3425
0.95,0.012500000000000011,K2,2,292639,39.66502614684813,cdf_exact,0.9295,0.0,0.0705
0.95,0.012500000000000011,K2,2,292639,39.66502614684813,exc_eb,1.0,0.0,0.0
0.95,0.012500000000000011,K2,2,292639,39.66502614684813,exc_bet,1.0,0.0,0.0
0.95,0.012500000000000011,K2,2,292639,39.66502614684813,counts_exact,1.0,0.0,0.0
0.95,0.012500000000000011,K2,2,292639,39.66502614684813,norm_bet,1.0,0.0,0.0
0.95,0.012500000000000011,K2,2,378312,51.27736006364978,cdf_eb,0.82,0.0,0.18
0.95,0.012500000000000011,K2,2,378312,51.27736006364978,cdf_exact,0.9755,0.0,0.0245
0.95,0.012500000000000011,K2,2,378312,51.27736006364978,exc_eb,1.0,0.0,0.0
0.95,0.012500000000000011,K2,2,378312,51.27736006364978,exc_bet,1.0,0.0,0.0
0.95,0.012500000000000011,K2,2,378312,51.27736006364978,counts_exact,1.0,0.0,0.0
0.95,0.012500000000000011,K2,2,378312,51.27736006364978,norm_bet,1.0,0.0,0.0
0.95,0.012500000000000011,K2,2,489065,66.28910026520143,cdf_eb,0.928,0.0,0.072
0.95,0.012500000000000011,K2,2,489065,66.28910026520143,cdf_exact,0.9925,0.0,0.0075
0.95,0.012500000000000011,K2,2,489065,66.28910026520143,exc_eb,1.0,0.0,0.0
0.95,0.012500000000000011,K2,2,489065,66.28910026520143,exc_bet,1.0,0.0,0.0
0.95,0.012500000000000011,K2,2,489065,66.28910026520143,counts_exact,1.0,0.0,0.0
0.95,0.012500000000000011,K2,2,489065,66.28910026520143,norm_bet,1.0,0.0,0.0
0.95,0.012500000000000011,K2,2,632242,85.69567098416668,cdf_eb,0.9785,0.0,0.0215
0.95,0.012500000000000011,K2,2,632242,85.69567098416668,cdf_exact,0.9995,0.0,0.0005
0.95,0.012500000000000011,K2,2,632242,85.69567098416668,exc_eb,1.0,0.0,0.0
0.95,0.012500000000000011,K2,2,632242,85.69567098416668,exc_bet,1.0,0.0,0.0
0.95,0.012500000000000011,K2,2,632242,85.69567098416668,counts_exact,1.0,0.0,0.0
0.95,0.012500000000000011,K2,2,632242,85.69567098416668,norm_bet,1.0,0.0,0.0
0.95,0.012500000000000011,K2,2,817335,110.78364177616146,cdf_eb,0.999,0.0,0.001
0.95,0.012500000000000011,K2,2,817335,110.78364177616146,cdf_exact,1.0,0.0,0.0
0.95,0.012500000000000011,K2,2,817335,110.78364177616146,exc_eb,1.0,0.0,0.0
0.95,0.012500000000000011,K2,2,817335,110.78364177616146,exc_bet,1.0,0.0,0.0
0.95,0.012500000000000011,K2,2,817335,110.78364177616146,counts_exact,1.0,0.0,0.0
0.95,0.012500000000000011,K2,2,817335,110.78364177616146,norm_bet,1.0,0.0,0.0
0.95,0.012500000000000011,K2,2,1056616,143.21639038944937,cdf_eb,1.0,0.0,0.0
0.95,0.012500000000000011,K2,2,1056616,143.21639038944937,cdf_exact,1.0,0.0,0.0
0.95,0.012500000000000011,K2,2,1056616,143.21639038944937,exc_eb,1.0,0.0,0.0
0.95,0.012500000000000011,K2,2,1056616,143.21639038944937,exc_bet,1.0,0.0,0.0
0.95,0.012500000000000011,K2,2,1056616,143.21639038944937,counts_exact,1.0,0.0,0.0
0.95,0.012500000000000011,K2,2,1056616,143.21639038944937,norm_bet,1.0,0.0,0.0
0.95,0.012500000000000011,K2,2,1365947,185.14389220236797,cdf_eb,1.0,0.0,0.0
0.95,0.012500000000000011,K2,2,1365947,185.14389220236797,cdf_exact,1.0,0.0,0.0
0.95,0.012500000000000011,K2,2,1365947,185.14389220236797,exc_eb,1.0,0.0,0.0
0.95,0.012500000000000011,K2,2,1365947,185.14389220236797,exc_bet,1.0,0.0,0.0
0.95,0.012500000000000011,K2,2,1365947,185.14389220236797,counts_exact,1.0,0.0,0.0
0.95,0.012500000000000011,K2,2,1365947,185.14389220236797,norm_bet,1.0,0.0,0.0
0.95,0.012500000000000011,K2,2,1765838,239.3461242045592,cdf_eb,1.0,0.0,0.0
0.95,0.012500000000000011,K2,2,1765838,239.3461242045592,cdf_exact,1.0,0.0,0.0
0.95,0.012500000000000011,K2,2,1765838,239.3461242045592,exc_eb,1.0,0.0,0.0
0.95,0.012500000000000011,K2,2,1765838,239.3461242045592,exc_bet,1.0,0.0,0.0
0.95,0.012500000000000011,K2,2,1765838,239.3461242045592,counts_exact,1.0,0.0,0.0
0.95,0.012500000000000011,K2,2,1765838,239.3461242045592,norm_bet,1.0,0.0,0.0
0.95,0.012500000000000011,K2,2,2282799,309.4163184777106,cdf_eb,1.0,0.0,0.0
0.95,0.012500000000000011,K2,2,2282799,309.4163184777106,cdf_exact,1.0,0.0,0.0
0.95,0.012500000000000011,K2,2,2282799,309.4163184777106,exc_eb,1.0,0.0,0.0
0.95,0.012500000000000011,K2,2,2282799,309.4163184777106,exc_bet,1.0,0.0,0.0
0.95,0.012500000000000011,K2,2,2282799,309.4163184777106,counts_exact,1.0,0.0,0.0
0.95,0.012500000000000011,K2,2,2282799,309.4163184777106,norm_bet,1.0,0.0,0.0
0.95,0.012500000000000011,K2,2,2951104,400.00005919261645,cdf_eb,1.0,0.0,0.0
0.95,0.012500000000000011,K2,2,2951104,400.00005919261645,cdf_exact,1.0,0.0,0.0
0.95,0.012500000000000011,K2,2,2951104,400.00005919261645,exc_eb,1.0,0.0,0.0
0.95,0.012500000000000011,K2,2,2951104,400.00005919261645,exc_bet,1.0,0.0,0.0
0.95,0.012500000000000011,K2,2,2951104,400.00005919261645,counts_exact,1.0,0.0,0.0
0.95,0.012500000000000011,K2,2,2951104,400.00005919261645,norm_bet,1.0,0.0,0.0
0.95,0.012500000000000011,K5,5,461,0.05005243903934981,cdf_eb,0.0,0.0,1.0
0.95,0.012500000000000011,K5,5,461,0.05005243903934981,cdf_exact,0.0155,0.0215,0.963
0.95,0.012500000000000011,K5,5,461,0.05005243903934981,exc_eb,0.0,0.0,1.0
0.95,0.012500000000000011,K5,5,461,0.05005243903934981,exc_bet,0.0,0.0,1.0
0.95,0.012500000000000011,K5,5,461,0.05005243903934981,counts_exact,0.016,0.0105,0.9735
0.95,0.012500000000000011,K5,5,461,0.05005243903934981,norm_bet,0.0,0.0,1.0
0.95,0.012500000000000011,K5,5,595,0.06460130418310876,cdf_eb,0.0,0.0,1.0
0.95,0.012500000000000011,K5,5,595,0.06460130418310876,cdf_exact,0.0125,0.021,0.9665
0.95,0.012500000000000011,K5,5,595,0.06460130418310876,exc_eb,0.0,0.0,1.0
0.95,0.012500000000000011,K5,5,595,0.06460130418310876,exc_bet,0.0,0.0,1.0
0.95,0.012500000000000011,K5,5,595,0.06460130418310876,counts_exact,0.0165,0.0055,0.978
0.95,0.012500000000000011,K5,5,595,0.06460130418310876,norm_bet,0.0,0.0,1.0
0.95,0.012500000000000011,K5,5,770,0.08360168776637604,cdf_eb,0.0,0.0,1.0
0.95,0.012500000000000011,K5,5,770,0.08360168776637604,cdf_exact,0.016,0.031,0.953
0.95,0.012500000000000011,K5,5,770,0.08360168776637604,exc_eb,0.0,0.0,1.0
0.95,0.012500000000000011,K5,5,770,0.08360168776637604,exc_bet,0.0,0.0,1.0
0.95,0.012500000000000011,K5,5,770,0.08360168776637604,counts_exact,0.023,0.008,0.969
0.95,0.012500000000000011,K5,5,770,0.08360168776637604,norm_bet,0.0,0.0,1.0
0.95,0.012500000000000011,K5,5,995,0.10803075237343397,cdf_eb,0.0,0.0,1.0
0.95,0.012500000000000011,K5,5,995,0.10803075237343397,cdf_exact,0.021,0.028,0.951
0.95,0.012500000000000011,K5,5,995,0.10803075237343397,exc_eb,0.0,0.0,1.0
0.95,0.012500000000000011,K5,5,995,0.10803075237343397,exc_bet,0.0005,0.0,0.9995
0.95,0.012500000000000011,K5,5,995,0.10803075237343397,counts_exact,0.0425,0.0055,0.952
0.95,0.012500000000000011,K5,5,995,0.10803075237343397,norm_bet,0.0005,0.0,0.9995
0.95,0.012500000000000011,K5,5,1286,0.13962567593189557,cdf_eb,0.0,0.0,1.0
0.95,0.012500000000000011,K5,5,1286,0.13962567593189557,cdf_exact,0.019,0.0195,0.9615
0.95,0.012500000000000011,K5,5,1286,0.13962567593189557,exc_eb,0.0,0.0,1.0
0.95,0.012500000000000011,K5,5,1286,0.13962567593189557,exc_bet,0.006,0.0005,0.9935
0.95,0.012500000000000011,K5,5,1286,0.13962567593189557,counts_exact,0.0545,0.005,0.9405
0.95,0.012500000000000011,K5,5,1286,0.13962567593189557,norm_bet,0.004,0.0,0.996
0.95,0.012500000000000011,K5,5,1663,0.18055793085127708,cdf_eb,0.0,0.0,1.0
0.95,0.012500000000000011,K5,5,1663,0.18055793085127708,cdf_exact,0.0175,0.0215,0.961
0.95,0.012500000000000011,K5,5,1663,0.18055793085127708,exc_eb,0.0,0.0,1.0
0.95,0.012500000000000011,K5,5,1663,0.18055793085127708,exc_bet,0.019,0.0,0.981
0.95,0.012500000000000011,K5,5,1663,0.18055793085127708,counts_exact,0.0845,0.004,0.9115
0.95,0.012500000000000011,K5,5,1663,0.18055793085127708,norm_bet,0.0145,0.0,0.9855
0.95,0.012500000000000011,K5,5,2150,0.23343328402299804,cdf_eb,0.0005,0.0,0.9995
0.95,0.012500000000000011,K5,5,2150,0.23343328402299804,cdf_exact,0.0215,0.02,0.9585
0.95,0.012500000000000011,K5,5,2150,0.23343328402299804,exc_eb,0.0005,0.0,0.9995
0.95,0.012500000000000011,K5,5,2150,0.23343328402299804,exc_bet,0.028,0.0,0.972
0.95,0.012500000000000011,K5,5,2150,0.23343328402299804,counts_exact,0.1035,0.0025,0.894
0.95,0.012500000000000011,K5,5,2150,0.23343328402299804,norm_bet,0.024,0.0,0.976
0.95,0.012500000000000011,K5,5,2779,0.30172609130228445,cdf_eb,0.0005,0.0,0.9995
0.95,0.012500000000000011,K5,5,2779,0.30172609130228445,cdf_exact,0.014,0.024,0.962
0.95,0.012500000000000011,K5,5,2779,0.30172609130228445,exc_eb,0.0,0.0,1.0
0.95,0.012500000000000011,K5,5,2779,0.30172609130228445,exc_bet,0.0465,0.0,0.9535
0.95,0.012500000000000011,K5,5,2779,0.30172609130228445,counts_exact,0.1445,0.001,0.8545
0.95,0.012500000000000011,K5,5,2779,0.30172609130228445,norm_bet,0.04,0.0,0.96
0.95,0.012500000000000011,K5,5,3592,0.38999644474912043,cdf_eb,0.0,0.0,1.0
0.95,0.012500000000000011,K5,5,3592,0.38999644474912043,cdf_exact,0.0255,0.014,0.9605
0.95,0.012500000000000011,K5,5,3592,0.38999644474912043,exc_eb,0.0025,0.0,0.9975
0.95,0.012500000000000011,K5,5,3592,0.38999644474912043,exc_bet,0.052,0.0,0.948
0.95,0.012500000000000011,K5,5,3592,0.38999644474912043,counts_exact,0.194,0.001,0.805
0.95,0.012500000000000011,K5,5,3592,0.38999644474912043,norm_bet,0.0565,0.0,0.9435
0.95,0.012500000000000011,K5,5,4644,0.5042158934896758,cdf_eb,0.0005,0.0,0.9995
0.95,0.012500000000000011,K5,5,4644,0.5042158934896758,cdf_exact,0.026,0.0155,0.9585
0.95,0.012500000000000011,K5,5,4644,0.5042158934896758,exc_eb,0.001,0.0,0.999
0.95,0.012500000000000011,K5,5,4644,0.5042158934896758,exc_bet,0.0795,0.0,0.9205
0.95,0.012500000000000011,K5,5,4644,0.5042158934896758,counts_exact,0.2585,0.0025,0.739
0.95,0.012500000000000011,K5,5,4644,0.5042158934896758,norm_bet,0.081,0.0,0.919
0.95,0.012500000000000011,K5,5,6004,0.6518760173367815,cdf_eb,0.0,0.0,1.0
0.95,0.012500000000000011,K5,5,6004,0.6518760173367815,cdf_exact,0.0265,0.0145,0.959
0.95,0.012500000000000011,K5,5,6004,0.6518760173367815,exc_eb,0.009,0.0,0.991
0.95,0.012500000000000011,K5,5,6004,0.6518760173367815,exc_bet,0.093,0.0,0.907
0.95,0.012500000000000011,K5,5,6004,0.6518760173367815,counts_exact,0.367,0.001,0.632
0.95,0.012500000000000011,K5,5,6004,0.6518760173367815,norm_bet,0.0885,0.0,0.9115
0.95,0.012500000000000011,K5,5,7761,0.842639868512785,cdf_eb,0.0005,0.0005,0.999
0.95,0.012500000000000011,K5,5,7761,0.842639868512785,cdf_exact,0.032,0.012,0.956
0.95,0.012500000000000011,K5,5,7761,0.842639868512785,exc_eb,0.028,0.0,0.972
0.95,0.012500000000000011,K5,5,7761,0.842639868512785,exc_bet,0.1495,0.0,0.8505
0.95,0.012500000000000011,K5,5,7761,0.842639868512785,counts_exact,0.472,0.0,0.528
0.95,0.012500000000000011,K5,5,7761,0.842639868512785,norm_bet,0.15,0.0,0.85
0.95,0.012500000000000011,K5,5,10033,1.0893191342338322,cdf_eb,0.0015,0.0,0.9985
0.95,0.012500000000000011,K5,5,10033,1.0893191342338322,cdf_exact,0.046,0.0125,0.9415
0.95,0.012500000000000011,K5,5,10033,1.0893191342338322,exc_eb,0.065,0.0,0.935
0.95,0.012500000000000011,K5,5,10033,1.0893191342338322,exc_bet,0.195,0.0,0.805
0.95,0.012500000000000011,K5,5,10033,1.0893191342338322,counts_exact,0.639,0.0005,0.3605
0.95,0.012500000000000011,K5,5,10033,1.0893191342338322,norm_bet,0.2015,0.0,0.7985
0.95,0.012500000000000011,K5,5,12971,1.408308431191771,cdf_eb,0.0005,0.0,0.9995
0.95,0.012500000000000011,K5,5,12971,1.408308431191771,cdf_exact,0.0485,0.009,0.9425
0.95,0.012500000000000011,K5,5,12971,1.408308431191771,exc_eb,0.157,0.0,0.843
0.95,0.012500000000000011,K5,5,12971,1.408308431191771,exc_bet,0.28,0.0,0.72
0.95,0.012500000000000011,K5,5,12971,1.408308431191771,counts_exact,0.7615,0.0,0.2385
0.95,0.012500000000000011,K5,5,12971,1.408308431191771,norm_bet,0.289,0.0,0.711
0.95,0.012500000000000011,K5,5,16768,1.8205624681384331,cdf_eb,0.003,0.0,0.997
0.95,0.012500000000000011,K5,5,16768,1.8205624681384331,cdf_exact,0.061,0.005,0.934
0.95,0.012500000000000011,K5,5,16768,1.8205624681384331,exc_eb,0.2945,0.0,0.7055
0.95,0.012500000000000011,K5,5,16768,1.8205624681384331,exc_bet,0.445,0.0,0.555
0.95,0.012500000000000011,K5,5,16768,1.8205624681384331,counts_exact,0.8685,0.0,0.1315
0.95,0.012500000000000011,K5,5,16768,1.8205624681384331,norm_bet,0.4605,0.0,0.5395
0.95,0.012500000000000011,K5,5,21677,2.353550371054199,cdf_eb,0.0065,0.0,0.9935
0.95,0.012500000000000011,K5,5,21677,2.353550371054199,cdf_exact,0.083,0.009,0.908
0.95,0.012500000000000011,K5,5,21677,2.353550371054199,exc_eb,0.516,0.0,0.484
0.95,0.012500000000000011,K5,5,21677,2.353550371054199,exc_bet,0.604,0.0,0.396
0.95,0.012500000000000011,K5,5,21677,2.353550371054199,counts_exact,0.9515,0.0,0.0485
0.95,0.012500000000000011,K5,5,21677,2.353550371054199,norm_bet,0.6205,0.0,0.3795
0.95,0.012500000000000011,K5,5,28023,3.042558566593709,cdf_eb,0.007,0.0,0.993
0.95,0.012500000000000011,K5,5,28023,3.042558566593709,cdf_exact,0.101,0.0055,0.8935
0.95,0.012500000000000011,K5,5,28023,3.042558566593709,exc_eb,0.7575,0.0,0.2425
0.95,0.012500000000000011,K5,5,28023,3.042558566593709,exc_bet,0.803,0.0,0.197
0.95,0.012500000000000011,K5,5,28023,3.042558566593709,counts_exact,0.984,0.0,0.016
0.95,0.012500000000000011,K5,5,28023,3.042558566593709,norm_bet,0.8235,0.0,0.1765
0.95,0.012500000000000011,K5,5,36227,3.933296548977279,cdf_eb,0.013,0.0,0.987
0.95,0.012500000000000011,K5,5,36227,3.933296548977279,cdf_exact,0.127,0.002,0.871
0.95,0.012500000000000011,K5,5,36227,3.933296548977279,exc_eb,0.9315,0.0,0.0685
0.95,0.012500000000000011,K5,5,36227,3.933296548977279,exc_bet,0.937,0.0,0.063
0.95,0.012500000000000011,K5,5,36227,3.933296548977279,counts_exact,0.9975,0.0,0.0025
0.95,0.012500000000000011,K5,5,36227,3.933296548977279,norm_bet,0.943,0.0,0.057
0.95,0.012500000000000011,K5,5,46833,5.084828367743752,cdf_eb,0.0165,0.0,0.9835
0.95,0.012500000000000011,K5,5,46833,5.084828367743752,cdf_exact,0.164,0.0045,0.8315
0.95,0.012500000000000011,K5,5,46833,5.084828367743752,exc_eb,0.9835,0.0,0.0165
0.95,0.012500000000000011,K5,5,46833,5.084828367743752,exc_bet,0.981,0.0,0.019
0.95,0.012500000000000011,K5,5,46833,5.084828367743752,counts_exact,1.0,0.0,0.0
0.95,0.012500000000000011,K5,5,46833,5.084828367743752,norm_bet,0.9845,0.0,0.0155
0.95,0.012500000000000011,K5,5,60543,6.573372704467149,cdf_eb,0.033,0.0,0.967
0.95,0.012500000000000011,K5,5,60543,6.573372704467149,cdf_exact,0.2335,0.0035,0.763
0.95,0.012500000000000011,K5,5,60543,6.573372704467149,exc_eb,0.999,0.0,0.001
0.95,0.012500000000000011,K5,5,60543,6.573372704467149,exc_bet,0.998,0.0,0.002
0.95,0.012500000000000011,K5,5,60543,6.573372704467149,counts_exact,1.0,0.0,0.0
0.95,0.012500000000000011,K5,5,60543,6.573372704467149,norm_bet,0.9995,0.0,0.0005
0.95,0.012500000000000011,K5,5,78268,8.497840127400936,cdf_eb,0.0565,0.0,0.9435
0.95,0.012500000000000011,K5,5,78268,8.497840127400936,cdf_exact,0.294,0.0,0.706
0.95,0.012500000000000011,K5,5,78268,8.497840127400936,exc_eb,1.0,0.0,0.0
0.95,0.012500000000000011,K5,5,78268,8.497840127400936,exc_bet,0.9995,0.0,0.0005
0.95,0.012500000000000011,K5,5,78268,8.497840127400936,counts_exact,1.0,0.0,0.0
0.95,0.012500000000000011,K5,5,78268,8.497840127400936,norm_bet,1.0,0.0,0.0
0.95,0.012500000000000011,K5,5,101181,10.985587493363239,cdf_eb,0.0895,0.0,0.9105
0.95,0.012500000000000011,K5,5,101181,10.985587493363239,cdf_exact,0.366,0.001,0.633
0.95,0.012500000000000011,K5,5,101181,10.985587493363239,exc_eb,1.0,0.0,0.0
0.95,0.012500000000000011,K5,5,101181,10.985587493363239,exc_bet,1.0,0.0,0.0
0.95,0.012500000000000011,K5,5,101181,10.985587493363239,counts_exact,1.0,0.0,0.0
0.95,0.012500000000000011,K5,5,101181,10.985587493363239,norm_bet,1.0,0.0,0.0
0.95,0.012500000000000011,K5,5,130803,14.201755279097773,cdf_eb,0.147,0.0,0.853
0.95,0.012500000000000011,K5,5,130803,14.201755279097773,cdf_exact,0.494,0.001,0.505
0.95,0.012500000000000011,K5,5,130803,14.201755279097773,exc_eb,1.0,0.0,0.0
0.95,0.012500000000000011,K5,5,130803,14.201755279097773,exc_bet,1.0,0.0,0.0
0.95,0.012500000000000011,K5,5,130803,14.201755279097773,counts_exact,1.0,0.0,0.0
0.95,0.012500000000000011,K5,5,130803,14.201755279097773,norm_bet,1.0,0.0,0.0
0.95,0.012500000000000011,K5,5,169096,18.35936492797808,cdf_eb,0.2335,0.0,0.7665
0.95,0.012500000000000011,K5,5,169096,18.35936492797808,cdf_exact,0.607,0.0,0.393
0.95,0.012500000000000011,K5,5,169096,18.35936492797808,exc_eb,1.0,0.0,0.0
0.95,0.012500000000000011,K5,5,169096,18.35936492797808,exc_bet,1.0,0.0,0.0
0.95,0.012500000000000011,K5,5,169096,18.35936492797808,counts_exact,1.0,0.0,0.0
0.95,0.012500000000000011,K5,5,169096,18.35936492797808,norm_bet,1.0,0.0,0.0
0.95,0.012500000000000011,K5,5,218600,23.73419343601273,cdf_eb,0.35,0.0,0.65
0.95,0.012500000000000011,K5,5,218600,23.73419343601273,cdf_exact,0.744,0.0,0.256
0.95,0.012500000000000011,K5,5,218600,23.73419343601273,exc_eb,1.0,0.0,0.0
0.95,0.012500000000000011,K5,5,218600,23.73419343601273,exc_bet,1.0,0.0,0.0
0.95,0.012500000000000011,K5,5,218600,23.73419343601273,counts_exact,1.0,0.0,0.0
0.95,0.012500000000000011,K5,5,218600,23.73419343601273,norm_bet,1.0,0.0,0.0
0.95,0.012500000000000011,K5,5,282597,30.68257942560334,cdf_eb,0.5365,0.0,0.4635
0.95,0.012500000000000011,K5,5,282597,30.68257942560334,cdf_exact,0.856,0.0,0.144
0.95,0.012500000000000011,K5,5,282597,30.68257942560334,exc_eb,1.0,0.0,0.0
0.95,0.012500000000000011,K5,5,282597,30.68257942560334,exc_bet,1.0,0.0,0.0
0.95,0.012500000000000011,K5,5,282597,30.68257942560334,counts_exact,1.0,0.0,0.0
0.95,0.012500000000000011,K5,5,282597,30.68257942560334,norm_bet,1.0,0.0,0.0
0.95,0.012500000000000011,K5,5,365329,39.6650921948083,cdf_eb,0.7155,0.0,0.2845
0.95,0.012500000000000011,K5,5,365329,39.6650921948083,cdf_exact,0.944,0.0,0.056
0.95,0.012500000000000011,K5,5,365329,39.6650921948083,exc_eb,1.0,0.0,0.0
0.95,0.012500000000000011,K5,5,365329,39.6650921948083,exc_bet,1.0,0.0,0.0
0.95,0.012500000000000011,K5,5,365329,39.6650921948083,counts_exact,1.0,0.0,0.0
0.95,0.012500000000000011,K5,5,365329,39.6650921948083,norm_bet,1.0,0.0,0.0
0.95,0.012500000000000011,K5,5,472281,51.27725805193746,cdf_eb,0.858,0.0,0.142
0.95,0.012500000000000011,K5,5,472281,51.27725805193746,cdf_exact,0.9805,0.0,0.0195
0.95,0.012500000000000011,K5,5,472281,51.27725805193746,exc_eb,1.0,0.0,0.0
0.95,0.012500000000000011,K5,5,472281,51.27725805193746,exc_bet,1.0,0.0,0.0
0.95,0.012500000000000011,K5,5,472281,51.27725805193746,counts_exact,1.0,0.0,0.0
0.95,0.012500000000000011,K5,5,472281,51.27725805193746,norm_bet,1.0,0.0,0.0
0.95,0.012500000000000011,K5,5,610545,66.28908111340527,cdf_eb,0.9585,0.0,0.0415
0.95,0.012500000000000011,K5,5,610545,66.28908111340527,cdf_exact,0.995,0.0,0.005
0.95,0.012500000000000011,K5,5,610545,66.28908111340527,exc_eb,1.0,0.0,0.0
0.95,0.012500000000000011,K5,5,610545,66.28908111340527,exc_bet,1.0,0.0,0.0
0.95,0.012500000000000011,K5,5,610545,66.28908111340527,counts_exact,1.0,0.0,0.0
0.95,0.012500000000000011,K5,5,610545,66.28908111340527,norm_bet,1.0,0.0,0.0
0.95,0.012500000000000011,K5,5,789286,85.69563861087258,cdf_eb,0.989,0.0,0.011
0.95,0.012500000000000011,K5,5,789286,85.69563861087258,cdf_exact,0.999,0.0,0.001
0.95,0.012500000000000011,K5,5,789286,85.69563861087258,exc_eb,1.0,0.0,0.0
0.95,0.012500000000000011,K5,5,789286,85.69563861087258,exc_bet,1.0,0.0,0.0
0.95,0.012500000000000011,K5,5,789286,85.69563861087258,counts_exact,1.0,0.0,0.0
0.95,0.012500000000000011,K5,5,789286,85.69563861087258,norm_bet,1.0,0.0,0.0
0.95,0.012500000000000011,K5,5,1020355,110.78363652059822,cdf_eb,0.998,0.0,0.002
0.95,0.012500000000000011,K5,5,1020355,110.78363652059822,cdf_exact,1.0,0.0,0.0
0.95,0.012500000000000011,K5,5,1020355,110.78363652059822,exc_eb,1.0,0.0,0.0
0.95,0.012500000000000011,K5,5,1020355,110.78363652059822,exc_bet,1.0,0.0,0.0
0.95,0.012500000000000011,K5,5,1020355,110.78363652059822,counts_exact,1.0,0.0,0.0
0.95,0.012500000000000011,K5,5,1020355,110.78363652059822,norm_bet,1.0,0.0,0.0
0.95,0.012500000000000011,K5,5,1319071,143.21631413465118,cdf_eb,1.0,0.0,0.0
0.95,0.012500000000000011,K5,5,1319071,143.21631413465118,cdf_exact,1.0,0.0,0.0
0.95,0.012500000000000011,K5,5,1319071,143.21631413465118,exc_eb,1.0,0.0,0.0
0.95,0.012500000000000011,K5,5,1319071,143.21631413465118,exc_bet,1.0,0.0,0.0
0.95,0.012500000000000011,K5,5,1319071,143.21631413465118,counts_exact,1.0,0.0,0.0
0.95,0.012500000000000011,K5,5,1319071,143.21631413465118,norm_bet,1.0,0.0,0.0
0.95,0.012500000000000011,K5,5,1705238,185.1438634329345,cdf_eb,1.0,0.0,0.0
0.95,0.012500000000000011,K5,5,1705238,185.1438634329345,cdf_exact,1.0,0.0,0.0
0.95,0.012500000000000011,K5,5,1705238,185.1438634329345,exc_eb,1.0,0.0,0.0
0.95,0.012500000000000011,K5,5,1705238,185.1438634329345,exc_bet,1.0,0.0,0.0
0.95,0.012500000000000011,K5,5,1705238,185.1438634329345,counts_exact,1.0,0.0,0.0
0.95,0.012500000000000011,K5,5,1705238,185.1438634329345,norm_bet,1.0,0.0,0.0
0.95,0.012500000000000011,K5,5,2204459,239.34609482049035,cdf_eb,1.0,0.0,0.0
0.95,0.012500000000000011,K5,5,2204459,239.34609482049035,cdf_exact,1.0,0.0,0.0
0.95,0.012500000000000011,K5,5,2204459,239.34609482049035,exc_eb,1.0,0.0,0.0
0.95,0.012500000000000011,K5,5,2204459,239.34609482049035,exc_bet,1.0,0.0,0.0
0.95,0.012500000000000011,K5,5,2204459,239.34609482049035,counts_exact,1.0,0.0,0.0
0.95,0.012500000000000011,K5,5,2204459,239.34609482049035,norm_bet,1.0,0.0,0.0
0.95,0.012500000000000011,K5,5,2849829,309.4162522669658,cdf_eb,1.0,0.0,0.0
0.95,0.012500000000000011,K5,5,2849829,309.4162522669658,cdf_exact,1.0,0.0,0.0
0.95,0.012500000000000011,K5,5,2849829,309.4162522669658,exc_eb,1.0,0.0,0.0
0.95,0.012500000000000011,K5,5,2849829,309.4162522669658,exc_bet,1.0,0.0,0.0
0.95,0.012500000000000011,K5,5,2849829,309.4162522669658,counts_exact,1.0,0.0,0.0
0.95,0.012500000000000011,K5,5,2849829,309.4162522669658,norm_bet,1.0,0.0,0.0
0.95,0.012500000000000011,K5,5,3684136,399.99998384528,cdf_eb,1.0,0.0,0.0
0.95,0.012500000000000011,K5,5,3684136,399.99998384528,cdf_exact,1.0,0.0,0.0
0.95,0.012500000000000011,K5,5,3684136,399.99998384528,exc_eb,1.0,0.0,0.0
0.95,0.012500000000000011,K5,5,3684136,399.99998384528,exc_bet,1.0,0.0,0.0
0.95,0.012500000000000011,K5,5,3684136,399.99998384528,counts_exact,1.0,0.0,0.0
0.95,0.012500000000000011,K5,5,3684136,399.99998384528,norm_bet,1.0,0.0,0.0
0.95,0.012500000000000011,K10,10,530,0.050015878941705075,cdf_eb,0.0,0.0,1.0
0.95,0.012500000000000011,K10,10,530,0.050015878941705075,cdf_exact,0.004,0.0255,0.9705
0.95,0.012500000000000011,K10,10,530,0.050015878941705075,exc_eb,0.0,0.0,1.0
0.95,0.012500000000000011,K10,10,530,0.050015878941705075,exc_bet,0.0,0.0,1.0
0.95,0.012500000000000011,K10,10,530,0.050015878941705075,counts_exact,0.01,0.0065,0.9835
0.95,0.012500000000000011,K10,10,530,0.050015878941705075,norm_bet,0.0,0.0,1.0
0.95,0.012500000000000011,K10,10,685,0.06464316429258109,cdf_eb,0.0,0.0,1.0
0.95,0.012500000000000011,K10,10,685,0.06464316429258109,cdf_exact,0.0055,0.034,0.9605
0.95,0.012500000000000011,K10,10,685,0.06464316429258109,exc_eb,0.0,0.0,1.0
0.95,0.012500000000000011,K10,10,685,0.06464316429258109,exc_bet,0.0,0.0,1.0
0.95,0.012500000000000011,K10,10,685,0.06464316429258109,counts_exact,0.01,0.0055,0.9845
0.95,0.012500000000000011,K10,10,685,0.06464316429258109,norm_bet,0.0,0.0,1.0
0.95,0.012500000000000011,K10,10,885,0.0835170808743566,cdf_eb,0.0,0.0,1.0
0.95,0.012500000000000011,K10,10,885,0.0835170808743566,cdf_exact,0.009,0.028,0.963
0.95,0.012500000000000011,K10,10,885,0.0835170808743566,exc_eb,0.0,0.0,1.0
0.95,0.012500000000000011,K10,10,885,0.0835170808743566,exc_bet,0.0,0.0,1.0
0.95,0.012500000000000011,K10,10,885,0.0835170808743566,counts_exact,0.015,0.0065,0.9785
0.95,0.012500000000000011,K10,10,885,0.0835170808743566,norm_bet,0.0,0.0,1.0
0.95,0.012500000000000011,K10,10,1145,0.10805317243066474,cdf_eb,0.0,0.0,1.0
0.95,0.012500000000000011,K10,10,1145,0.10805317243066474,cdf_exact,0.0125,0.0255,0.962
0.95,0.012500000000000011,K10,10,1145,0.10805317243066474,exc_eb,0.0,0.0,1.0
0.95,0.012500000000000011,K10,10,1145,0.10805317243066474,exc_bet,0.0,0.0,1.0
0.95,0.012500000000000011,K10,10,1145,0.10805317243066474,counts_exact,0.0245,0.0035,0.972
0.95,0.012500000000000011,K10,10,1145,0.10805317243066474,norm_bet,0.0,0.0,1.0
0.95,0.012500000000000011,K10,10,1480,0.1396669827051387,cdf_eb,0.0,0.0,1.0
0.95,0.012500000000000011,K10,10,1480,0.1396669827051387,cdf_exact,0.0065,0.018,0.9755
0.95,0.012500000000000011,K10,10,1480,0.1396669827051387,exc_eb,0.0,0.0,1.0
0.95,0.012500000000000011,K10,10,1480,0.1396669827051387,exc_bet,0.0015,0.0,0.9985
0.95,0.012500000000000011,K10,10,1480,0.1396669827051387,counts_exact,0.0365,0.0055,0.958
0.95,0.012500000000000011,K10,10,1480,0.1396669827051387,norm_bet,0.001,0.0,0.999
0.95,0.012500000000000011,K10,10,1913,0.18052901210468267,cdf_eb,0.0,0.0,1.0
0.95,0.012500000000000011,K10,10,1913,0.18052901210468267,cdf_exact,0.011,0.026,0.963
0.95,0.012500000000000011,K10,10,1913,0.18052901210468267,exc_eb,0.0,0.0,1.0
0.95,0.012500000000000011,K10,10,1913,0.18052901210468267,exc_bet,0.0065,0.0,0.9935
0.95,0.012500000000000011,K10,10,1913,0.18052901210468267,counts_exact,0.046,0.0035,0.9505
0.95,0.012500000000000011,K10,10,1913,0.18052901210468267,norm_bet,0.0075,0.0,0.9925
0.95,0.012500000000000011,K10,10,2473,0.23337597853365408,cdf_eb,0.0,0.0,1.0
0.95,0.012500000000000011,K10,10,2473,0.23337597853365408,cdf_exact,0.0095,0.028,0.9625
0.95,0.012500000000000011,K10,10,2473,0.23337597853365408,exc_eb,0.0,0.0,1.0
0.95,0.012500000000000011,K10,10,2473,0.23337597853365408,exc_bet,0.013,0.0,0.987
0.95,0.012500000000000011,K10,10,2473,0.23337597853365408,counts_exact,0.0715,0.002,0.9265
0.95,0.012500000000000011,K10,10,2473,0.23337597853365408,norm_bet,0.0155,0.0,0.9845
0.95,0.012500000000000011,K10,10,3197,0.3016995565596814,cdf_eb,0.0,0.0,1.0
0.95,0.012500000000000011,K10,10,3197,0.3016995565596814,cdf_exact,0.0105,0.0195,0.97
0.95,0.012500000000000011,K10,10,3197,0.3016995565596814,exc_eb,0.0005,0.0,0.9995
0.95,0.012500000000000011,K10,10,3197,0.3016995565596814,exc_bet,0.035,0.0,0.965
0.95,0.012500000000000011,K10,10,3197,0.3016995565596814,counts_exact,0.1175,0.0015,0.881
0.95,0.012500000000000011,K10,10,3197,0.3016995565596814,norm_bet,0.027,0.0,0.973
0.95,0.012500000000000011,K10,10,4133,0.39002948616239075,cdf_eb,0.0,0.0,1.0
0.95,0.012500000000000011,K10,10,4133,0.39002948616239075,cdf_exact,0.014,0.0175,0.9685
0.95,0.012500000000000011,K10,10,4133,0.39002948616239075,exc_eb,0.0005,0.0,0.9995
0.95,0.012500000000000011,K10,10,4133,0.39002948616239075,exc_bet,0.043,0.0,0.957
0.95,0.012500000000000011,K10,10,4133,0.39002948616239075,counts_exact,0.174,0.0015,0.8245
0.95,0.012500000000000011,K10,10,4133,0.39002948616239075,norm_bet,0.047,0.0,0.953
0.95,0.012500000000000011,K10,10,5343,0.5042166814821325,cdf_eb,0.0005,0.0,0.9995
0.95,0.012500000000000011,K10,10,5343,0.5042166814821325,cdf_exact,0.0125,0.02,0.9675
0.95,0.012500000000000011,K10,10,5343,0.5042166814821325,exc_eb,0.0025,0.0,0.9975
0.95,0.012500000000000011,K10,10,5343,0.5042166814821325,exc_bet,0.0725,0.0005,0.927
0.95,0.012500000000000011,K10,10,5343,0.5042166814821325,counts_exact,0.25,0.0015,0.7485
0.95,0.012500000000000011,K10,10,5343,0.5042166814821325,norm_bet,0.0685,0.0005,0.931
0.95,0.012500000000000011,K10,10,6907,0.6518107091516169,cdf_eb,0.0005,0.0,0.9995
0.95,0.012500000000000011,K10,10,6907,0.6518107091516169,cdf_exact,0.022,0.022,0.956
0.95,0.012500000000000011,K10,10,6907,0.6518107091516169,exc_eb,0.005,0.0,0.995
0.95,0.012500000000000011,K10,10,6907,0.6518107091516169,exc_bet,0.087,0.0,0.913
0.95,0.012500000000000011,K10,10,6907,0.6518107091516169,counts_exact,0.3425,0.0005,0.657
0.95,0.012500000000000011,K10,10,6907,0.6518107091516169,norm_bet,0.0845,0.0,0.9155
0.95,0.012500000000000011,K10,10,8929,0.8426260057933672,cdf_eb,0.001,0.0005,0.9985
0.95,0.012500000000000011,K10,10,8929,0.8426260057933672,cdf_exact,0.024,0.0115,0.9645
0.95,0.012500000000000011,K10,10,8929,0.8426260057933672,exc_eb,0.017,0.0,0.983
0.95,0.012500000000000011,K10,10,8929,0.8426260057933672,exc_bet,0.115,0.0,0.885
0.95,0.012500000000000011,K10,10,8929,0.8426260057933672,counts_exact,0.4485,0.0,0.5515
0.95,0.012500000000000011,K10,10,8929,0.8426260057933672,norm_bet,0.1175,0.0,0.8825
0.95,0.012500000000000011,K10,10,11544,1.089402465100082,cdf_eb,0.001,0.0,0.999
0.95,0.012500000000000011,K10,10,11544,1.089402465100082,cdf_exact,0.029,0.0145,0.9565
0.95,0.012500000000000011,K10,10,11544,1.089402465100082,exc_eb,0.0645,0.0,0.9355
0.95,0.012500000000000011,K10,10,11544,1.089402465100082,exc_bet,0.1855,0.0,0.8145
0.95,0.012500000000000011,K10,10,11544,1.089402465100082,counts_exact,0.6205,0.0,0.3795
0.95,0.012500000000000011,K10,10,11544,1.089402465100082,norm_bet,0.194,0.0,0.806
0.95,0.012500000000000011,K10,10,14923,1.408277285749179,cdf_eb,0.0015,0.0,0.9985
0.95,0.012500000000000011,K10,10,14923,1.408277285749179,cdf_exact,0.033,0.007,0.96
0.95,0.012500000000000011,K10,10,14923,1.408277285749179,exc_eb,0.1445,0.0,0.8555
0.95,0.012500000000000011,K10,10,14923,1.408277285749179,exc_bet,0.284,0.0,0.716
0.95,0.012500000000000011,K10,10,14923,1.408277285749179,counts_exact,0.7565,0.0,0.2435
0.95,0.012500000000000011,K10,10,14923,1.408277285749179,norm_bet,0.289,0.0,0.711
0.95,0.012500000000000011,K10,10,19292,1.8205779934780648,cdf_eb,0.0015,0.0,0.9985
0.95,0.012500000000000011,K10,10,19292,1.8205779934780648,cdf_exact,0.0425,0.007,0.9505
0.95,0.012500000000000011,K10,10,19292,1.8205779934780648,exc_eb,0.303,0.0,0.697
0.95,0.012500000000000011,K10,10,19292,1.8205779934780648,exc_bet,0.428,0.0,0.572
0.95,0.012500000000000011,K10,10,19292,1.8205779934780648,counts_exact,0.871,0.0,0.129
0.95,0.012500000000000011,K10,10,19292,1.8205779934780648,norm_bet,0.436,0.0,0.564
0.95,0.012500000000000011,K10,10,24940,2.353577397747405,cdf_eb,0.003,0.0,0.997
0.95,0.012500000000000011,K10,10,24940,2.353577397747405,cdf_exact,0.0585,0.006,0.9355
0.95,0.012500000000000011,K10,10,24940,2.353577397747405,exc_eb,0.552,0.0,0.448
0.95,0.012500000000000011,K10,10,24940,2.353577397747405,exc_bet,0.6205,0.0,0.3795
0.95,0.012500000000000011,K10,10,24940,2.353577397747405,counts_exact,0.949,0.0,0.051
0.95,0.012500000000000011,K10,10,24940,2.353577397747405,norm_bet,0.6495,0.0,0.3505
0.95,0.012500000000000011,K10,10,32241,3.0425697225651196,cdf_eb,0.0065,0.0005,0.993
0.95,0.012500000000000011,K10,10,32241,3.0425697225651196,cdf_exact,0.083,0.0065,0.9105
0.95,0.012500000000000011,K10,10,32241,3.0425697225651196,exc_eb,0.7675,0.0,0.2325
0.95,0.012500000000000011,K10,10,32241,3.0425697225651196,exc_bet,0.8,0.0,0.2
0.95,0.012500000000000011,K10,10,32241,3.0425697225651196,counts_exact,0.988,0.0,0.012
0.95,0.012500000000000011,K10,10,32241,3.0425697225651196,norm_bet,0.82,0.0,0.18
0.95,0.012500000000000011,K10,10,41680,3.9333242156420143,cdf_eb,0.01,0.0,0.99
0.95,0.012500000000000011,K10,10,41680,3.9333242156420143,cdf_exact,0.111,0.003,0.886
0.95,0.012500000000000011,K10,10,41680,3.9333242156420143,exc_eb,0.9355,0.0,0.0645
0.95,0.012500000000000011,K10,10,41680,3.9333242156420143,exc_bet,0.935,0.0,0.065
0.95,0.012500000000000011,K10,10,41680,3.9333242156420143,counts_exact,0.9985,0.0,0.0015
0.95,0.012500000000000011,K10,10,41680,3.9333242156420143,norm_bet,0.947,0.0,0.053
0.95,0.012500000000000011,K10,10,53882,5.084821866296138,cdf_eb,0.0125,0.0,0.9875
0.95,0.012500000000000011,K10,10,53882,5.084821866296138,cdf_exact,0.131,0.0015,0.8675
0.95,0.012500000000000011,K10,10,53882,5.084821866296138,exc_eb,0.9905,0.0,0.0095
0.95,0.012500000000000011,K10,10,53882,5.084821866296138,exc_bet,0.988,0.0,0.012
0.95,0.012500000000000011,K10,10,53882,5.084821866296138,counts_exact,1.0,0.0,0.0
0.95,0.012500000000000011,K10,10,53882,5.084821866296138,norm_bet,0.9915,0.0,0.0085
0.95,0.012500000000000011,K10,10,69656,6.5734076671007715,cdf_eb,0.032,0.0,0.968
0.95,0.012500000000000011,K10,10,69656,6.5734076671007715,cdf_exact,0.1965,0.0015,0.802
0.95,0.012500000000000011,K10,10,69656,6.5734076671007715,exc_eb,1.0,0.0,0.0
0.95,0.012500000000000011,K10,10,69656,6.5734076671007715,exc_bet,0.999,0.0,0.001
0.95,0.012500000000000011,K10,10,69656,6.5734076671007715,counts_exact,1.0,0.0,0.0
0.95,0.012500000000000011,K10,10,69656,6.5734076671007715,norm_bet,0.999,0.0,0.001
0.95,0.012500000000000011,K10,10,90048,8.497792201778601,cdf_eb,0.038,0.0,0.962
0.95,0.012500000000000011,K10,10,90048,8.497792201778601,cdf_exact,0.251,0.0,0.749
0.95,0.012500000000000011,K10,10,90048,8.497792201778601,exc_eb,0.9995,0.0,0.0005
0.95,0.012500000000000011,K10,10,90048,8.497792201778601,exc_bet,0.9995,0.0,0.0005
0.95,0.012500000000000011,K10,10,90048,8.497792201778601,counts_exact,1.0,0.0,0.0
0.95,0.012500000000000011,K10,10,90048,8.497792201778601,norm_bet,0.9995,0.0,0.0005
0.95,0.012500000000000011,K10,10,116410,10.98556314642243,cdf_eb,0.073,0.0,0.927
0.95,0.012500000000000011,K10,10,116410,10.98556314642243,cdf_exact,0.3365,0.0005,0.663
0.95,0.012500000000000011,K10,10,116410,10.98556314642243,exc_eb,1.0,0.0,0.0
0.95,0.012500000000000011,K10,10,116410,10.98556314642243,exc_bet,1.0,0.0,0.0
0.95,0.012500000000000011,K10,10,116410,10.98556314642243,counts_exact,1.0,0.0,0.0
0.95,0.012500000000000011,K10,10,116410,10.98556314642243,norm_bet,1.0,0.0,0.0
0.95,0.012500000000000011,K10,10,150490,14.201678531956976,cdf_eb,0.141,0.0,0.859
0.95,0.012500000000000011,K10,10,150490,14.201678531956976,cdf_exact,0.472,0.0,0.528
0.95,0.012500000000000011,K10,10,150490,14.201678531956976,exc_eb,1.0,0.0,0.0
0.95,0.012500000000000011,K10,10,150490,14.201678531956976,exc_bet,1.0,0.0,0.0
0.95,0.012500000000000011,K10,10,150490,14.201678531956976,counts_exact,1.0,0.0,0.0
0.95,0.012500000000000011,K10,10,150490,14.201678531956976,norm_bet,1.0,0.0,0.0
0.95,0.012500000000000011,K10,10,194548,18.3594136157563,cdf_eb,0.225,0.0,0.775
0.95,0.012500000000000011,K10,10,194548,18.3594136157563,cdf_exact,0.582,0.0,0.418
0.95,0.012500000000000011,K10,10,194548,18.3594136157563,exc_eb,1.0,0.0,0.0
0.95,0.012500000000000011,K10,10,194548,18.3594136157563,exc_bet,1.0,0.0,0.0
0.95,0.012500000000000011,K10,10,194548,18.3594136157563,counts_exact,1.0,0.0,0.0
0.95,0.012500000000000011,K10,10,194548,18.3594136157563,norm_bet,1.0,0.0,0.0
0.95,0.012500000000000011,K10,10,251503,23.734233210331418,cdf_eb,0.352,0.0,0.648
0.95,0.012500000000000011,K10,10,251503,23.734233210331418,cdf_exact,0.718,0.0,0.282
0.95,0.012500000000000011,K10,10,251503,23.734233210331418,exc_eb,1.0,0.0,0.0
0.95,0.012500000000000011,K10,10,251503,23.734233210331418,exc_bet,1.0,0.0,0.0
0.95,0.012500000000000011,K10,10,251503,23.734233210331418,counts_exact,1.0,0.0,0.0
0.95,0.012500000000000011,K10,10,251503,23.734233210331418,norm_bet,1.0,0.0,0.0
0.95,0.012500000000000011,K10,10,325132,30.68257123032916,cdf_eb,0.547,0.0,0.453
0.95,0.012500000000000011,K10,10,325132,30.68257123032916,cdf_exact,0.865,0.0,0.135
0.95,0.012500000000000011,K10,10,325132,30.68257123032916,exc_eb,1.0,0.0,0.0
0.95,0.012500000000000011,K10,10,325132,30.68257123032916,exc_bet,1.0,0.0,0.0
0.95,0.012500000000000011,K10,10,325132,30.68257123032916,counts_exact,1.0,0.0,0.0
0.95,0.012500000000000011,K10,10,325132,30.68257123032916,norm_bet,1.0,0.0,0.0
0.95,0.012500000000000011,K10,10,420316,39.66504560992776,cdf_eb,0.721,0.0,0.279
0.95,0.012500000000000011,K10,10,420316,39.66504560992776,cdf_exact,0.9355,0.0,0.0645
0.95,0.012500000000000011,K10,10,420316,39.66504560992776,exc_eb,1.0,0.0,0.0
0.95,0.012500000000000011,K10,10,420316,39.66504560992776,exc_bet,1.0,0.0,0.0
0.95,0.012500000000000011,K10,10,420316,39.66504560992776,counts_exact,1.0,0.0,0.0
0.95,0.012500000000000011,K10,10,420316,39.66504560992776,norm_bet,1.0,0.0,0.0
0.95,0.012500000000000011,K10,10,543367,51.27731715644804,cdf_eb,0.8845,0.0,0.1155
0.95,0.012500000000000011,K10,10,543367,51.27731715644804,cdf_exact,0.987,0.0,0.013
0.95,0.012500000000000011,K10,10,543367,51.27731715644804,exc_eb,1.0,0.0,0.0
0.95,0.012500000000000011,K10,10,543367,51.27731715644804,exc_bet,1.0,0.0,0.0
0.95,0.012500000000000011,K10,10,543367,51.27731715644804,counts_exact,1.0,0.0,0.0
0.95,0.012500000000000011,K10,10,543367,51.27731715644804,norm_bet,1.0,0.0,0.0
0.95,0.012500000000000011,K10,10,702441,66.28906418809483,cdf_eb,0.958,0.0,0.042
0.95,0.012500000000000011,K10,10,702441,66.28906418809483,cdf_exact,0.9965,0.0,0.0035
0.95,0.012500000000000011,K10,10,702441,66.28906418809483,exc_eb,1.0,0.0,0.0
0.95,0.012500000000000011,K10,10,702441,66.28906418809483,exc_bet,1.0,0.0,0.0
0.95,0.012500000000000011,K10,10,702441,66.28906418809483,counts_exact,1.0,0.0,0.0
0.95,0.012500000000000011,K10,10,702441,66.28906418809483,norm_bet,1.0,0.0,0.0
0.95,0.012500000000000011,K10,10,908086,85.69569706539093,cdf_eb,0.995,0.0,0.005
0.95,0.012500000000000011,K10,10,908086,85.69569706539093,cdf_exact,1.0,0.0,0.0
0.95,0.012500000000000011,K10,10,908086,85.69569706539093,exc_eb,1.0,0.0,0.0
0.95,0.012500000000000011,K10,10,908086,85.69569706539093,exc_bet,1.0,0.0,0.0
0.95,0.012500000000000011,K10,10,908086,85.69569706539093,counts_exact,1.0,0.0,0.0
0.95,0.012500000000000011,K10,10,908086,85.69569706539093,norm_bet,1.0,0.0,0.0
0.95,0.012500000000000011,K10,10,1173934,110.78366194255021,cdf_eb,0.998,0.0,0.002
0.95,0.012500000000000011,K10,10,1173934,110.78366194255021,cdf_exact,1.0,0.0,0.0
0.95,0.012500000000000011,K10,10,1173934,110.78366194255021,exc_eb,1.0,0.0,0.0
0.95,0.012500000000000011,K10,10,1173934,110.78366194255021,exc_bet,1.0,0.0,0.0
0.95,0.012500000000000011,K10,10,1173934,110.78366194255021,counts_exact,1.0,0.0,0.0
0.95,0.012500000000000011,K10,10,1173934,110.78366194255021,norm_bet,1.0,0.0,0.0
0.95,0.012500000000000011,K10,10,1517611,143.2163170879245,cdf_eb,1.0,0.0,0.0
0.95,0.012500000000000011,K10,10,1517611,143.2163170879245,cdf_exact,1.0,0.0,0.0
0.95,0.012500000000000011,K10,10,1517611,143.2163170879245,exc_eb,1.0,0.0,0.0
0.95,0.012500000000000011,K10,10,1517611,143.2163170879245,exc_bet,1.0,0.0,0.0
0.95,0.012500000000000011,K10,10,1517611,143.2163170879245,counts_exact,1.0,0.0,0.0
0.95,0.012500000000000011,K10,10,1517611,143.2163170879245,norm_bet,1.0,0.0,0.0
0.95,0.012500000000000011,K10,10,1961902,185.1438734480926,cdf_eb,1.0,0.0,0.0
0.95,0.012500000000000011,K10,10,1961902,185.1438734480926,cdf_exact,1.0,0.0,0.0
0.95,0.012500000000000011,K10,10,1961902,185.1438734480926,exc_eb,1.0,0.0,0.0
0.95,0.012500000000000011,K10,10,1961902,185.1438734480926,exc_bet,1.0,0.0,0.0
0.95,0.012500000000000011,K10,10,1961902,185.1438734480926,counts_exact,1.0,0.0,0.0
0.95,0.012500000000000011,K10,10,1961902,185.1438734480926,norm_bet,1.0,0.0,0.0
0.95,0.012500000000000011,K10,10,2536263,239.3460814572184,cdf_eb,1.0,0.0,0.0
0.95,0.012500000000000011,K10,10,2536263,239.3460814572184,cdf_exact,1.0,0.0,0.0
0.95,0.012500000000000011,K10,10,2536263,239.3460814572184,exc_eb,1.0,0.0,0.0
0.95,0.012500000000000011,K10,10,2536263,239.3460814572184,exc_bet,1.0,0.0,0.0
0.95,0.012500000000000011,K10,10,2536263,239.3460814572184,counts_exact,1.0,0.0,0.0
0.95,0.012500000000000011,K10,10,2536263,239.3460814572184,norm_bet,1.0,0.0,0.0
0.95,0.012500000000000011,K10,10,3278771,309.4162517237232,cdf_eb,1.0,0.0,0.0
0.95,0.012500000000000011,K10,10,3278771,309.4162517237232,cdf_exact,1.0,0.0,0.0
0.95,0.012500000000000011,K10,10,3278771,309.4162517237232,exc_eb,1.0,0.0,0.0
0.95,0.012500000000000011,K10,10,3278771,309.4162517237232,exc_bet,1.0,0.0,0.0
0.95,0.012500000000000011,K10,10,3278771,309.4162517237232,counts_exact,1.0,0.0,0.0
0.95,0.012500000000000011,K10,10,3278771,309.4162517237232,norm_bet,1.0,0.0,0.0
0.95,0.012500000000000011,K10,10,4238654,400.0000100750453,cdf_eb,1.0,0.0,0.0
0.95,0.012500000000000011,K10,10,4238654,400.0000100750453,cdf_exact,1.0,0.0,0.0
0.95,0.012500000000000011,K10,10,4238654,400.0000100750453,exc_eb,1.0,0.0,0.0
0.95,0.012500000000000011,K10,10,4238654,400.0000100750453,exc_bet,1.0,0.0,0.0
0.95,0.012500000000000011,K10,10,4238654,400.0000100750453,counts_exact,1.0,0.0,0.0
0.95,0.012500000000000011,K10,10,4238654,400.0000100750453,norm_bet,1.0,0.0,0.0
0.95,0.012500000000000011,K25,25,621,0.049962925269387816,cdf_eb,0.0,0.0,1.0
0.95,0.012500000000000011,K25,25,621,0.049962925269387816,cdf_exact,0.0005,0.0255,0.974
0.95,0.012500000000000011,K25,25,621,0.049962925269387816,exc_eb,0.0,0.0,1.0
0.95,0.012500000000000011,K25,25,621,0.049962925269387816,exc_bet,0.0,0.0,1.0
0.95,0.012500000000000011,K25,25,621,0.049962925269387816,counts_exact,0.004,0.009,0.987
0.95,0.012500000000000011,K25,25,621,0.049962925269387816,norm_bet,0.0,0.0,1.0
0.95,0.012500000000000011,K25,25,803,0.06460584378634206,cdf_eb,0.0,0.0,1.0
0.95,0.012500000000000011,K25,25,803,0.06460584378634206,cdf_exact,0.0045,0.0295,0.966
0.95,0.012500000000000011,K25,25,803,0.06460584378634206,exc_eb,0.0,0.0,1.0
0.95,0.012500000000000011,K25,25,803,0.06460584378634206,exc_bet,0.0,0.0,1.0
0.95,0.012500000000000011,K25,25,803,0.06460584378634206,counts_exact,0.003,0.0055,0.9915
0.95,0.012500000000000011,K25,25,803,0.06460584378634206,norm_bet,0.0,0.0,1.0
0.95,0.012500000000000011,K25,25,1039,0.08359336450063436,cdf_eb,0.0,0.0,1.0
0.95,0.012500000000000011,K25,25,1039,0.08359336450063436,cdf_exact,0.0035,0.0295,0.967
0.95,0.012500000000000011,K25,25,1039,0.08359336450063436,exc_eb,0.0,0.0,1.0
0.95,0.012500000000000011,K25,25,1039,0.08359336450063436,exc_bet,0.0,0.0,1.0
0.95,0.012500000000000011,K25,25,1039,0.08359336450063436,counts_exact,0.01,0.004,0.986
0.95,0.012500000000000011,K25,25,1039,0.08359336450063436,norm_bet,0.0,0.0,1.0
0.95,0.012500000000000011,K25,25,1343,0.10805186575972275,cdf_eb,0.0,0.0,1.0
0.95,0.012500000000000011,K25,25,1343,0.10805186575972275,cdf_exact,0.003,0.0255,0.9715
0.95,0.012500000000000011,K25,25,1343,0.10805186575972275,exc_eb,0.0,0.0,1.0
0.95,0.012500000000000011,K25,25,1343,0.10805186575972275,exc_bet,0.0,0.0,1.0
0.95,0.012500000000000011,K25,25,1343,0.10805186575972275,counts_exact,0.02,0.0025,0.9775
0.95,0.012500000000000011,K25,25,1343,0.10805186575972275,norm_bet,0.0,0.0,1.0
0.95,0.012500000000000011,K25,25,1736,0.1396709150847943,cdf_eb,0.0,0.0,1.0
0.95,0.012500000000000011,K25,25,1736,0.1396709150847943,cdf_exact,0.002,0.0195,0.9785
0.95,0.012500000000000011,K25,25,1736,0.1396709150847943,exc_eb,0.0,0.0,1.0
0.95,0.012500000000000011,K25,25,1736,0.1396709150847943,exc_bet,0.0005,0.0,0.9995
0.95,0.012500000000000011,K25,25,1736,0.1396709150847943,counts_exact,0.0275,0.0045,0.968
0.95,0.012500000000000011,K25,25,1736,0.1396709150847943,norm_bet,0.001,0.0,0.999
0.95,0.012500000000000011,K25,25,2244,0.18054235797827095,cdf_eb,0.0,0.0,1.0
0.95,0.012500000000000011,K25,25,2244,0.18054235797827095,cdf_exact,0.0045,0.023,0.9725
0.95,0.012500000000000011,K25,25,2244,0.18054235797827095,exc_eb,0.0,0.0,1.0
0.95,0.012500000000000011,K25,25,2244,0.18054235797827095,exc_bet,0.001,0.0,0.999
0.95,0.012500000000000011,K25,25,2244,0.18054235797827095,counts_exact,0.038,0.002,0.96
0.95,0.012500000000000011,K25,25,2244,0.18054235797827095,norm_bet,0.003,0.0,0.997
0.95,0.012500000000000011,K25,25,2901,0.2334016847125508,cdf_eb,0.0,0.0,1.0
0.95,0.012500000000000011,K25,25,2901,0.2334016847125508,cdf_exact,0.0045,0.0225,0.973
0.95,0.012500000000000011,K25,25,2901,0.2334016847125508,exc_eb,0.0,0.0,1.0
0.95,0.012500000000000011,K25,25,2901,0.2334016847125508,exc_bet,0.011,0.0,0.989
0.95,0.012500000000000011,K25,25,2901,0.2334016847125508,counts_exact,0.0575,0.0025,0.94
0.95,0.012500000000000011,K25,25,2901,0.2334016847125508,norm_bet,0.0135,0.0,0.9865
0.95,0.012500000000000011,K25,25,3750,0.30170848592625493,cdf_eb,0.0,0.0,1.0
0.95,0.012500000000000011,K25,25,3750,0.30170848592625493,cdf_exact,0.0085,0.023,0.9685
0.95,0.012500000000000011,K25,25,3750,0.30170848592625493,exc_eb,0.0,0.0,1.0
0.95,0.012500000000000011,K25,25,3750,0.30170848592625493,exc_bet,0.014,0.0005,0.9855
0.95,0.012500000000000011,K25,25,3750,0.30170848592625493,counts_exact,0.0725,0.002,0.9255
0.95,0.012500000000000011,K25,25,3750,0.30170848592625493,norm_bet,0.013,0.0,0.987
0.95,0.012500000000000011,K25,25,4848,0.39004873060546236,cdf_eb,0.0,0.0,1.0
0.95,0.012500000000000011,K25,25,4848,0.39004873060546236,cdf_exact,0.008,0.015,0.977
0.95,0.012500000000000011,K25,25,4848,0.39004873060546236,exc_eb,0.0,0.0,1.0
0.95,0.012500000000000011,K25,25,4848,0.39004873060546236,exc_bet,0.0265,0.0,0.9735
0.95,0.012500000000000011,K25,25,4848,0.39004873060546236,counts_exact,0.1085,0.0005,0.891
0.95,0.012500000000000011,K25,25,4848,0.39004873060546236,norm_bet,0.024,0.0,0.976
0.95,0.012500000000000011,K25,25,6267,0.5042152216799572,cdf_eb,0.0,0.0,1.0
0.95,0.012500000000000011,K25,25,6267,0.5042152216799572,cdf_exact,0.0095,0.0185,0.972
0.95,0.012500000000000011,K25,25,6267,0.5042152216799572,exc_eb,0.002,0.0,0.998
0.95,0.012500000000000011,K25,25,6267,0.5042152216799572,exc_bet,0.0485,0.0,0.9515
0.95,0.012500000000000011,K25,25,6267,0.5042152216799572,counts_exact,0.1995,0.0005,0.8
0.95,0.012500000000000011,K25,25,6267,0.5042152216799572,norm_bet,0.05,0.0,0.95
0.95,0.012500000000000011,K25,25,8102,0.6518512407932047,cdf_eb,0.0,0.0,1.0
0.95,0.012500000000000011,K25,25,8102,0.6518512407932047,cdf_exact,0.011,0.016,0.973
0.95,0.012500000000000011,K25,25,8102,0.6518512407932047,exc_eb,0.0055,0.0,0.9945
0.95,0.012500000000000011,K25,25,8102,0.6518512407932047,exc_bet,0.073,0.0,0.927
0.95,0.012500000000000011,K25,25,8102,0.6518512407932047,counts_exact,0.3005,0.0,0.6995
0.95,0.012500000000000011,K25,25,8102,0.6518512407932047,norm_bet,0.07,0.0,0.93
0.95,0.012500000000000011,K25,25,10474,0.8426919150910918,cdf_eb,0.0,0.0,1.0
0.95,0.012500000000000011,K25,25,10474,0.8426919150910918,cdf_exact,0.018,0.009,0.973
0.95,0.012500000000000011,K25,25,10474,0.8426919150910918,exc_eb,0.0085,0.0,0.9915
0.95,0.012500000000000011,K25,25,10474,0.8426919150910918,exc_bet,0.085,0.0,0.915
0.95,0.012500000000000011,K25,25,10474,0.8426919150910918,counts_exact,0.4245,0.0,0.5755
0.95,0.012500000000000011,K25,25,10474,0.8426919150910918,norm_bet,0.085,0.0,0.915
0.95,0.012500000000000011,K25,25,13540,1.0893687731843977,cdf_eb,0.0,0.0,1.0
0.95,0.012500000000000011,K25,25,13540,1.0893687731843977,cdf_exact,0.0115,0.0095,0.979
0.95,0.012500000000000011,K25,25,13540,1.0893687731843977,exc_eb,0.047,0.0,0.953
0.95,0.012500000000000011,K25,25,13540,1.0893687731843977,exc_bet,0.1605,0.0,0.8395
0.95,0.012500000000000011,K25,25,13540,1.0893687731843977,counts_exact,0.603,0.0,0.397
0.95,0.012500000000000011,K25,25,13540,1.0893687731843977,norm_bet,0.16,0.0,0.84
0.95,0.012500000000000011,K25,25,17504,1.408294756707511,cdf_eb,0.0005,0.0,0.9995
0.95,0.012500000000000011,K25,25,17504,1.408294756707511,cdf_exact,0.018,0.005,0.977
0.95,0.012500000000000011,K25,25,17504,1.408294756707511,exc_eb,0.131,0.0,0.869
0.95,0.012500000000000011,K25,25,17504,1.408294756707511,exc_bet,0.269,0.0,0.731
0.95,0.012500000000000011,K25,25,17504,1.408294756707511,counts_exact,0.746,0.0,0.254
0.95,0.012500000000000011,K25,25,17504,1.408294756707511,norm_bet,0.2815,0.0,0.7185
0.95,0.012500000000000011,K25,25,22628,1.8205492318771457,cdf_eb,0.0015,0.0,0.9985
0.95,0.012500000000000011,K25,25,22628,1.8205492318771457,cdf_exact,0.025,0.0055,0.9695
0.95,0.012500000000000011,K25,25,22628,1.8205492318771457,exc_eb,0.2985,0.0,0.7015
0.95,0.012500000000000011,K25,25,22628,1.8205492318771457,exc_bet,0.436,0.0,0.564
0.95,0.012500000000000011,K25,25,22628,1.8205492318771457,counts_exact,0.883,0.0,0.117
0.95,0.012500000000000011,K25,25,22628,1.8205492318771457,norm_bet,0.4655,0.0,0.5345
0.95,0.012500000000000011,K25,25,29253,2.3535675570135295,cdf_eb,0.001,0.0005,0.9985
0.95,0.012500000000000011,K25,25,29253,2.3535675570135295,cdf_exact,0.0345,0.007,0.9585
0.95,0.012500000000000011,K25,25,29253,2.3535675570135295,exc_eb,0.5775,0.0,0.4225
0.95,0.012500000000000011,K25,25,29253,2.3535675570135295,exc_bet,0.6395,0.0,0.3605
0.95,0.012500000000000011,K25,25,29253,2.3535675570135295,counts_exact,0.9565,0.0,0.0435
0.95,0.012500000000000011,K25,25,29253,2.3535675570135295,norm_bet,0.6635,0.0,0.3365
0.95,0.012500000000000011,K25,25,37817,3.0425892832728487,cdf_eb,0.003,0.0,0.997
0.95,0.012500000000000011,K25,25,37817,3.0425892832728487,cdf_exact,0.055,0.0045,0.9405
0.95,0.012500000000000011,K25,25,37817,3.0425892832728487,exc_eb,0.811,0.0,0.189
0.95,0.012500000000000011,K25,25,37817,3.0425892832728487,exc_bet,0.8205,0.0,0.1795
0.95,0.012500000000000011,K25,25,37817,3.0425892832728487,counts_exact,0.9895,0.0,0.0105
0.95,0.012500000000000011,K25,25,37817,3.0425892832728487,norm_bet,0.844,0.0,0.156
0.95,0.012500000000000011,K25,25,48888,3.9333131893234,cdf_eb,0.0085,0.0,0.9915
0.95,0.012500000000000011,K25,25,48888,3.9333131893234,cdf_exact,0.068,0.0025,0.9295
0.95,0.012500000000000011,K25,25,48888,3.9333131893234,exc_eb,0.948,0.0,0.052
0.95,0.012500000000000011,K25,25,48888,3.9333131893234,exc_bet,0.945,0.0,0.055
0.95,0.012500000000000011,K25,25,48888,3.9333131893234,counts_exact,0.999,0.0,0.001
0.95,0.012500000000000011,K25,25,48888,3.9333131893234,norm_bet,0.9525,0.0,0.0475
0.95,0.012500000000000011,K25,25,63200,5.084793682810483,cdf_eb,0.007,0.0,0.993
0.95,0.012500000000000011,K25,25,63200,5.084793682810483,cdf_exact,0.101,0.001,0.898
0.95,0.012500000000000011,K25,25,63200,5.084793682810483,exc_eb,0.9985,0.0,0.0015
0.95,0.012500000000000011,K25,25,63200,5.084793682810483,exc_bet,0.995,0.0,0.005
0.95,0.012500000000000011,K25,25,63200,5.084793682810483,counts_exact,1.0,0.0,0.0
0.95,0.012500000000000011,K25,25,63200,5.084793682810483,norm_bet,0.997,0.0,0.003
0.95,0.012500000000000011,K25,25,81702,6.573383124572501,cdf_eb,0.0235,0.0,0.9765
0.95,0.012500000000000011,K25,25,81702,6.573383124572501,cdf_exact,0.1415,0.001,0.8575
0.95,0.012500000000000011,K25,25,81702,6.573383124572501,exc_eb,0.999,0.0,0.001
0.95,0.012500000000000011,K25,25,81702,6.573383124572501,exc_bet,0.999,0.0,0.001
0.95,0.012500000000000011,K25,25,81702,6.573383124572501,counts_exact,1.0,0.0,0.0
0.95,0.012500000000000011,K25,25,81702,6.573383124572501,norm_bet,0.999,0.0,0.001
0.95,0.012500000000000011,K25,25,105621,8.497800531204525,cdf_eb,0.03,0.0,0.97
0.95,0.012500000000000011,K25,25,105621,8.497800531204525,cdf_exact,0.1925,0.0005,0.807
0.95,0.012500000000000011,K25,25,105621,8.497800531204525,exc_eb,1.0,0.0,0.0
0.95,0.012500000000000011,K25,25,105621,8.497800531204525,exc_bet,1.0,0.0,0.0
0.95,0.012500000000000011,K25,25,105621,8.497800531204525,counts_exact,1.0,0.0,0.0
0.95,0.012500000000000011,K25,25,105621,8.497800531204525,norm_bet,1.0,0.0,0.0
0.95,0.012500000000000011,K25,25,136542,10.985568022758052,cdf_eb,0.0695,0.0,0.9305
0.95,0.012500000000000011,K25,25,136542,10.985568022758052,cdf_exact,0.3025,0.0,0.6975
0.95,0.012500000000000011,K25,25,136542,10.985568022758052,exc_eb,1.0,0.0,0.0
0.95,0.012500000000000011,K25,25,136542,10.985568022758052,exc_bet,1.0,0.0,0.0
0.95,0.012500000000000011,K25,25,136542,10.985568022758052,counts_exact,1.0,0.0,0.0
0.95,0.012500000000000011,K25,25,136542,10.985568022758052,norm_bet,1.0,0.0,0.0
0.95,0.012500000000000011,K25,25,176516,14.201700027135683,cdf_eb,0.1245,0.0,0.8755
0.95,0.012500000000000011,K25,25,176516,14.201700027135683,cdf_exact,0.446,0.0,0.554
0.95,0.012500000000000011,K25,25,176516,14.201700027135683,exc_eb,1.0,0.0,0.0
0.95,0.012500000000000011,K25,25,176516,14.201700027135683,exc_bet,1.0,0.0,0.0
0.95,0.012500000000000011,K25,25,176516,14.201700027135683,counts_exact,1.0,0.0,0.0
0.95,0.012500000000000011,K25,25,176516,14.201700027135683,norm_bet,1.0,0.0,0.0
0.95,0.012500000000000011,K25,25,228193,18.35940387439197,cdf_eb,0.2265,0.0,0.7735
0.95,0.012500000000000011,K25,25,228193,18.35940387439197,cdf_exact,0.5585,0.0,0.4415
0.95,0.012500000000000011,K25,25,228193,18.35940387439197,exc_eb,1.0,0.0,0.0
0.95,0.012500000000000011,K25,25,228193,18.35940387439197,exc_bet,1.0,0.0,0.0
0.95,0.012500000000000011,K25,25,228193,18.35940387439197,counts_exact,1.0,0.0,0.0
0.95,0.012500000000000011,K25,25,228193,18.35940387439197,norm_bet,1.0,0.0,0.0
0.95,0.012500000000000011,K25,25,294997,23.734159526076645,cdf_eb,0.3775,0.0,0.6225
0.95,0.012500000000000011,K25,25,294997,23.734159526076645,cdf_exact,0.728,0.0,0.272
0.95,0.012500000000000011,K25,25,294997,23.734159526076645,exc_eb,1.0,0.0,0.0
0.95,0.012500000000000011,K25,25,294997,23.734159526076645,exc_bet,1.0,0.0,0.0
0.95,0.012500000000000011,K25,25,294997,23.734159526076645,counts_exact,1.0,0.0,0.0
0.95,0.012500000000000011,K25,25,294997,23.734159526076645,norm_bet,1.0,0.0,0.0
0.95,0.012500000000000011,K25,25,381360,30.68254618475642,cdf_eb,0.5575,0.0,0.4425
0.95,0.012500000000000011,K25,25,381360,30.68254618475642,cdf_exact,0.847,0.0,0.153
0.95,0.012500000000000011,K25,25,381360,30.68254618475642,exc_eb,1.0,0.0,0.0
0.95,0.012500000000000011,K25,25,381360,30.68254618475642,exc_bet,1.0,0.0,0.0
0.95,0.012500000000000011,K25,25,381360,30.68254618475642,counts_exact,1.0,0.0,0.0
0.95,0.012500000000000011,K25,25,381360,30.68254618475642,norm_bet,1.0,0.0,0.0
0.95,0.012500000000000011,K25,25,493006,39.665091683349125,cdf_eb,0.754,0.0,0.246
0.95,0.012500000000000011,K25,25,493006,39.665091683349125,cdf_exact,0.934,0.0,0.066
0.95,0.012500000000000011,K25,25,493006,39.665091683349125,exc_eb,1.0,0.0,0.0
0.95,0.012500000000000011,K25,25,493006,39.665091683349125,exc_bet,1.0,0.0,0.0
0.95,0.012500000000000011,K25,25,493006,39.665091683349125,counts_exact,1.0,0.0,0.0
0.95,0.012500000000000011,K25,25,493006,39.665091683349125,norm_bet,1.0,0.0,0.0
0.95,0.012500000000000011,K25,25,637337,51.27732834527507,cdf_eb,0.893,0.0,0.107
0.95,0.012500000000000011,K25,25,637337,51.27732834527507,cdf_exact,0.976,0.0,0.024
0.95,0.012500000000000011,K25,25,637337,51.27732834527507,exc_eb,1.0,0.0,0.0
0.95,0.012500000000000011,K25,25,637337,51.27732834527507,exc_bet,1.0,0.0,0.0
0.95,0.012500000000000011,K25,25,637337,51.27732834527507,counts_exact,1.0,0.0,0.0
0.95,0.012500000000000011,K25,25,637337,51.27732834527507,norm_bet,1.0,0.0,0.0
0.95,0.012500000000000011,K25,25,823921,66.28905531542557,cdf_eb,0.9815,0.0,0.0185
0.95,0.012500000000000011,K25,25,823921,66.28905531542557,cdf_exact,0.9985,0.0,0.0015
0.95,0.012500000000000011,K25,25,823921,66.28905531542557,exc_eb,1.0,0.0,0.0
0.95,0.012500000000000011,K25,25,823921,66.28905531542557,exc_bet,1.0,0.0,0.0
0.95,0.012500000000000011,K25,25,823921,66.28905531542557,counts_exact,1.0,0.0,0.0
0.95,0.012500000000000011,K25,25,823921,66.28905531542557,norm_bet,1.0,0.0,0.0
0.95,0.012500000000000011,K25,25,1065130,85.69566923056851,cdf_eb,0.998,0.0,0.002
0.95,0.012500000000000011,K25,25,1065130,85.69566923056851,cdf_exact,1.0,0.0,0.0
0.95,0.012500000000000011,K25,25,1065130,85.69566923056851,exc_eb,1.0,0.0,0.0
0.95,0.012500000000000011,K25,25,1065130,85.69566923056851,exc_bet,1.0,0.0,0.0
0.95,0.012500000000000011,K25,25,1065130,85.69566923056851,counts_exact,1.0,0.0,0.0
0.95,0.012500000000000011,K25,25,1065130,85.69566923056851,norm_bet,1.0,0.0,0.0
0.95,0.012500000000000011,K25,25,1376954,110.78365507469344,cdf_eb,0.9995,0.0,0.0005
0.95,0.012500000000000011,K25,25,1376954,110.78365507469344,cdf_exact,1.0,0.0,0.0
0.95,0.012500000000000011,K25,25,1376954,110.78365507469344,exc_eb,1.0,0.0,0.0
0.95,0.012500000000000011,K25,25,1376954,110.78365507469344,exc_bet,1.0,0.0,0.0
0.95,0.012500000000000011,K25,25,1376954,110.78365507469344,counts_exact,1.0,0.0,0.0
0.95,0.012500000000000011,K25,25,1376954,110.78365507469344,norm_bet,1.0,0.0,0.0
0.95,0.012500000000000011,K25,25,1780067,143.21635184461087,cdf_eb,1.0,0.0,0.0
0.95,0.012500000000000011,K25,25,1780067,143.21635184461087,cdf_exact,1.0,0.0,0.0
0.95,0.012500000000000011,K25,25,1780067,143.21635184461087,exc_eb,1.0,0.0,0.0
0.95,0.012500000000000011,K25,25,1780067,143.21635184461087,exc_bet,1.0,0.0,0.0
0.95,0.012500000000000011,K25,25,1780067,143.21635184461087,counts_exact,1.0,0.0,0.0
0.95,0.012500000000000011,K25,25,1780067,143.21635184461087,norm_bet,1.0,0.0,0.0
0.95,0.012500000000000011,K25,25,2301194,185.14393535002193,cdf_eb,1.0,0.0,0.0
0.95,0.012500000000000011,K25,25,2301194,185.14393535002193,cdf_exact,1.0,0.0,0.0
0.95,0.012500000000000011,K25,25,2301194,185.14393535002193,exc_eb,1.0,0.0,0.0
0.95,0.012500000000000011,K25,25,2301194,185.14393535002193,exc_bet,1.0,0.0,0.0
0.95,0.012500000000000011,K25,25,2301194,185.14393535002193,counts_exact,1.0,0.0,0.0
0.95,0.012500000000000011,K25,25,2301194,185.14393535002193,norm_bet,1.0,0.0,0.0
0.95,0.012500000000000011,K25,25,2974884,239.34606598566424,cdf_eb,1.0,0.0,0.0
0.95,0.012500000000000011,K25,25,2974884,239.34606598566424,cdf_exact,1.0,0.0,0.0
0.95,0.012500000000000011,K25,25,2974884,239.34606598566424,exc_eb,1.0,0.0,0.0
0.95,0.012500000000000011,K25,25,2974884,239.34606598566424,exc_bet,1.0,0.0,0.0
0.95,0.012500000000000011,K25,25,2974884,239.34606598566424,counts_exact,1.0,0.0,0.0
0.95,0.012500000000000011,K25,25,2974884,239.34606598566424,norm_bet,1.0,0.0,0.0
0.95,0.012500000000000011,K25,25,3845802,309.4162929579101,cdf_eb,1.0,0.0,0.0
0.95,0.012500000000000011,K25,25,3845802,309.4162929579101,cdf_exact,1.0,0.0,0.0
0.95,0.012500000000000011,K25,25,3845802,309.4162929579101,exc_eb,1.0,0.0,0.0
0.95,0.012500000000000011,K25,25,3845802,309.4162929579101,exc_bet,1.0,0.0,0.0
0.95,0.012500000000000011,K25,25,3845802,309.4162929579101,counts_exact,1.0,0.0,0.0
0.95,0.012500000000000011,K25,25,3845802,309.4162929579101,norm_bet,1.0,0.0,0.0
0.95,0.012500000000000011,K25,25,4971686,399.99996148286897,cdf_eb,1.0,0.0,0.0
0.95,0.012500000000000011,K25,25,4971686,399.99996148286897,cdf_exact,1.0,0.0,0.0
0.95,0.012500000000000011,K25,25,4971686,399.99996148286897,exc_eb,1.0,0.0,0.0
0.95,0.012500000000000011,K25,25,4971686,399.99996148286897,exc_bet,1.0,0.0,0.0
0.95,0.012500000000000011,K25,25,4971686,399.99996148286897,counts_exact,1.0,0.0,0.0
0.95,0.012500000000000011,K25,25,4971686,399.99996148286897,norm_bet,1.0,0.0,0.0
0.95,0.012500000000000011,K50,50,691,0.05001624783252455,cdf_eb,0.0,0.0,1.0
0.95,0.012500000000000011,K50,50,691,0.05001624783252455,cdf_exact,0.0015,0.0295,0.969
0.95,0.012500000000000011,K50,50,691,0.05001624783252455,exc_eb,0.0,0.0,1.0
0.95,0.012500000000000011,K50,50,691,0.05001624783252455,exc_bet,0.0,0.0,1.0
0.95,0.012500000000000011,K50,50,691,0.05001624783252455,counts_exact,0.0035,0.0055,0.991
0.95,0.012500000000000011,K50,50,691,0.05001624783252455,norm_bet,0.0,0.0,1.0
0.95,0.012500000000000011,K50,50,893,0.06463749538993405,cdf_eb,0.0,0.0,1.0
0.95,0.012500000000000011,K50,50,893,0.06463749538993405,cdf_exact,0.0005,0.02,0.9795
0.95,0.012500000000000011,K50,50,893,0.06463749538993405,exc_eb,0.0,0.0,1.0
0.95,0.012500000000000011,K50,50,893,0.06463749538993405,exc_bet,0.0,0.0,1.0
0.95,0.012500000000000011,K50,50,893,0.06463749538993405,counts_exact,0.0005,0.006,0.9935
0.95,0.012500000000000011,K50,50,893,0.06463749538993405,norm_bet,0.0,0.0,1.0
0.95,0.012500000000000011,K50,50,1154,0.08352930535272551,cdf_eb,0.0,0.0,1.0
0.95,0.012500000000000011,K50,50,1154,0.08352930535272551,cdf_exact,0.0025,0.025,0.9725
0.95,0.012500000000000011,K50,50,1154,0.08352930535272551,exc_eb,0.0,0.0,1.0
0.95,0.012500000000000011,K50,50,1154,0.08352930535272551,exc_bet,0.0,0.0,1.0
0.95,0.012500000000000011,K50,50,1154,0.08352930535272551,counts_exact,0.0065,0.0075,0.986
0.95,0.012500000000000011,K50,50,1154,0.08352930535272551,norm_bet,0.0,0.0,1.0
0.95,0.012500000000000011,K50,50,1492,0.10799456116660873,cdf_eb,0.0,0.0,1.0
0.95,0.012500000000000011,K50,50,1492,0.10799456116660873,cdf_exact,0.0015,0.022,0.9765
0.95,0.012500000000000011,K50,50,1492,0.10799456116660873,exc_eb,0.0,0.0,1.0
0.95,0.012500000000000011,K50,50,1492,0.10799456116660873,exc_bet,0.0005,0.0,0.9995
0.95,0.012500000000000011,K50,50,1492,0.10799456116660873,counts_exact,0.008,0.004,0.988
0.95,0.012500000000000011,K50,50,1492,0.10799456116660873,norm_bet,0.0,0.0,1.0
0.95,0.012500000000000011,K50,50,1929,0.1396256759318956,cdf_eb,0.0,0.0,1.0
0.95,0.012500000000000011,K50,50,1929,0.1396256759318956,cdf_exact,0.003,0.017,0.98
0.95,0.012500000000000011,K50,50,1929,0.1396256759318956,exc_eb,0.0,0.0,1.0
0.95,0.012500000000000011,K50,50,1929,0.1396256759318956,exc_bet,0.0,0.0,1.0
0.95,0.012500000000000011,K50,50,1929,0.1396256759318956,counts_exact,0.0155,0.0065,0.978
0.95,0.012500000000000011,K50,50,1929,0.1396256759318956,norm_bet,0.0,0.0,1.0
0.95,0.012500000000000011,K50,50,2494,0.18052173964445187,cdf_eb,0.0,0.0,1.0
0.95,0.012500000000000011,K50,50,2494,0.18052173964445187,cdf_exact,0.0025,0.0175,0.98
0.95,0.012500000000000011,K50,50,2494,0.18052173964445187,exc_eb,0.0,0.0,1.0
0.95,0.012500000000000011,K50,50,2494,0.18052173964445187,exc_bet,0.003,0.0,0.997
0.95,0.012500000000000011,K50,50,2494,0.18052173964445187,counts_exact,0.029,0.0005,0.9705
0.95,0.012500000000000011,K50,50,2494,0.18052173964445187,norm_bet,0.0015,0.0,0.9985
0.95,0.012500000000000011,K50,50,3224,0.23336090160934755,cdf_eb,0.0,0.0,1.0
0.95,0.012500000000000011,K50,50,3224,0.23336090160934755,cdf_exact,0.0025,0.0225,0.975
0.95,0.012500000000000011,K50,50,3224,0.23336090160934755,exc_eb,0.0,0.0,1.0
0.95,0.012500000000000011,K50,50,3224,0.23336090160934755,exc_bet,0.0045,0.0005,0.995
0.95,0.012500000000000011,K50,50,3224,0.23336090160934755,counts_exact,0.0385,0.001,0.9605
0.95,0.012500000000000011,K50,50,3224,0.23336090160934755,norm_bet,0.0045,0.001,0.9945
0.95,0.012500000000000011,K50,50,4168,0.3016899000954592,cdf_eb,0.0,0.0,1.0
0.95,0.012500000000000011,K50,50,4168,0.3016899000954592,cdf_exact,0.005,0.0165,0.9785
0.95,0.012500000000000011,K50,50,4168,0.3016899000954592,exc_eb,0.0,0.0,1.0
0.95,0.012500000000000011,K50,50,4168,0.3016899000954592,exc_bet,0.015,0.0005,0.9845
0.95,0.012500000000000011,K50,50,4168,0.3016899000954592,counts_exact,0.0705,0.0015,0.928
0.95,0.012500000000000011,K50,50,4168,0.3016899000954592,norm_bet,0.0145,0.0005,0.985
0.95,0.012500000000000011,K50,50,5389,0.3900688271627711,cdf_eb,0.0,0.0,1.0
0.95,0.012500000000000011,K50,50,5389,0.3900688271627711,cdf_exact,0.007,0.019,0.974
0.95,0.012500000000000011,K50,50,5389,0.3900688271627711,exc_eb,0.0,0.0,1.0
0.95,0.012500000000000011,K50,50,5389,0.3900688271627711,exc_bet,0.0235,0.0,0.9765
0.95,0.012500000000000011,K50,50,5389,0.3900688271627711,counts_exact,0.1015,0.0,0.8985
0.95,0.012500000000000011,K50,50,5389,0.3900688271627711,norm_bet,0.023,0.0,0.977
0.95,0.012500000000000011,K50,50,6966,0.5042158934896759,cdf_eb,0.0,0.0,1.0
0.95,0.012500000000000011,K50,50,6966,0.5042158934896759,cdf_exact,0.006,0.009,0.985
0.95,0.012500000000000011,K50,50,6966,0.5042158934896759,exc_eb,0.0005,0.0,0.9995
0.95,0.012500000000000011,K50,50,6966,0.5042158934896759,exc_bet,0.047,0.0,0.953
0.95,0.012500000000000011,K50,50,6966,0.5042158934896759,counts_exact,0.175,0.0005,0.8245
0.95,0.012500000000000011,K50,50,6966,0.5042158934896759,norm_bet,0.051,0.0,0.949
0.95,0.012500000000000011,K50,50,9005,0.6518036349231311,cdf_eb,0.0,0.0,1.0
0.95,0.012500000000000011,K50,50,9005,0.6518036349231311,cdf_exact,0.0075,0.0095,0.983
0.95,0.012500000000000011,K50,50,9005,0.6518036349231311,exc_eb,0.0025,0.0,0.9975
0.95,0.012500000000000011,K50,50,9005,0.6518036349231311,exc_bet,0.066,0.0,0.934
0.95,0.012500000000000011,K50,50,9005,0.6518036349231311,counts_exact,0.2945,0.0,0.7055
0.95,0.012500000000000011,K50,50,9005,0.6518036349231311,norm_bet,0.066,0.0,0.934
0.95,0.012500000000000011,K50,50,11642,0.8426760597196105,cdf_eb,0.0,0.0,1.0
0.95,0.012500000000000011,K50,50,11642,0.8426760597196105,cdf_exact,0.006,0.0075,0.9865
0.95,0.012500000000000011,K50,50,11642,0.8426760597196105,exc_eb,0.0105,0.0,0.9895
0.95,0.012500000000000011,K50,50,11642,0.8426760597196105,exc_bet,0.0845,0.0,0.9155
0.95,0.012500000000000011,K50,50,11642,0.8426760597196105,counts_exact,0.405,0.0,0.595
0.95,0.012500000000000011,K50,50,11642,0.8426760597196105,norm_bet,0.087,0.0,0.913
0.95,0.012500000000000011,K50,50,15050,1.0893553254406578,cdf_eb,0.0,0.0,1.0
0.95,0.012500000000000011,K50,50,15050,1.0893553254406578,cdf_exact,0.0075,0.01,0.9825
0.95,0.012500000000000011,K50,50,15050,1.0893553254406578,exc_eb,0.05,0.0,0.95
0.95,0.012500000000000011,K50,50,15050,1.0893553254406578,exc_bet,0.1705,0.0,0.8295
0.95,0.012500000000000011,K50,50,15050,1.0893553254406578,counts_exact,0.5765,0.0,0.4235
0.95,0.012500000000000011,K50,50,15050,1.0893553254406578,norm_bet,0.1725,0.0,0.8275
0.95,0.012500000000000011,K50,50,19456,1.4082722399849459,cdf_eb,0.0,0.0,1.0
0.95,0.012500000000000011,K50,50,19456,1.4082722399849459,cdf_exact,0.016,0.0045,0.9795
0.95,0.012500000000000011,K50,50,19456,1.4082722399849459,exc_eb,0.145,0.0,0.855
0.95,0.012500000000000011,K50,50,19456,1.4082722399849459,exc_bet,0.2675,0.0,0.7325
0.95,0.012500000000000011,K50,50,19456,1.4082722399849459,counts_exact,0.729,0.0,0.271
0.95,0.012500000000000011,K50,50,19456,1.4082722399849459,norm_bet,0.273,0.0,0.727
0.95,0.012500000000000011,K50,50,25152,1.8205624681384334,cdf_eb,0.0,0.0,1.0
0.95,0.012500000000000011,K50,50,25152,1.8205624681384334,cdf_exact,0.0195,0.003,0.9775
0.95,0.012500000000000011,K50,50,25152,1.8205624681384334,exc_eb,0.284,0.0,0.716
0.95,0.012500000000000011,K50,50,25152,1.8205624681384334,exc_bet,0.409,0.0,0.591
0.95,0.012500000000000011,K50,50,25152,1.8205624681384334,counts_exact,0.886,0.0,0.114
0.95,0.012500000000000011,K50,50,25152,1.8205624681384334,norm_bet,0.4345,0.0,0.5655
0.95,0.012500000000000011,K50,50,32515,2.3535141798473744,cdf_eb,0.001,0.0,0.999
0.95,0.012500000000000011,K50,50,32515,2.3535141798473744,cdf_exact,0.0255,0.003,0.9715
0.95,0.012500000000000011,K50,50,32515,2.3535141798473744,exc_eb,0.5725,0.0,0.4275
0.95,0.012500000000000011,K50,50,32515,2.3535141798473744,exc_bet,0.6455,0.0,0.3545
0.95,0.012500000000000011,K50,50,32515,2.3535141798473744,counts_exact,0.9585,0.0,0.0415
0.95,0.012500000000000011,K50,50,32515,2.3535141798473744,norm_bet,0.667,0.0,0.333
0.95,0.012500000000000011,K50,50,42035,3.0425947578005346,cdf_eb,0.002,0.0,0.998
0.95,0.012500000000000011,K50,50,42035,3.0425947578005346,cdf_exact,0.0365,0.0015,0.962
0.95,0.012500000000000011,K50,50,42035,3.0425947578005346,exc_eb,0.824,0.0,0.176
0.95,0.012500000000000011,K50,50,42035,3.0425947578005346,exc_bet,0.844,0.0,0.156
0.95,0.012500000000000011,K50,50,42035,3.0425947578005346,counts_exact,0.993,0.0,0.007
0.95,0.012500000000000011,K50,50,42035,3.0425947578005346,norm_bet,0.8715,0.0,0.1285
0.95,0.012500000000000011,K50,50,54340,3.933260357770455,cdf_eb,0.0065,0.0,0.9935
0.95,0.012500000000000011,K50,50,54340,3.933260357770455,cdf_exact,0.059,0.0025,0.9385
0.95,0.012500000000000011,K50,50,54340,3.933260357770455,exc_eb,0.96,0.0,0.04
0.95,0.012500000000000011,K50,50,54340,3.933260357770455,exc_bet,0.9585,0.0,0.0415
0.95,0.012500000000000011,K50,50,54340,3.933260357770455,counts_exact,1.0,0.0,0.0
0.95,0.012500000000000011,K50,50,54340,3.933260357770455,norm_bet,0.97,0.0,0.03
0.95,0.012500000000000011,K50,50,70249,5.084792176536928,cdf_eb,0.013,0.0,0.987
0.95,0.012500000000000011,K50,50,70249,5.084792176536928,cdf_exact,0.084,0.0005,0.9155
0.95,0.012500000000000011,K50,50,70249,5.084792176536928,exc_eb,0.996,0.0,0.004
0.95,0.012500000000000011,K50,50,70249,5.084792176536928,exc_bet,0.993,0.0,0.007
0.95,0.012500000000000011,K50,50,70249,5.084792176536928,counts_exact,1.0,0.0,0.0
0.95,0.012500000000000011,K50,50,70249,5.084792176536928,norm_bet,0.994,0.0,0.006
0.95,0.012500000000000011,K50,50,90815,6.573408895673976,cdf_eb,0.013,0.0,0.987
0.95,0.012500000000000011,K50,50,90815,6.573408895673976,cdf_exact,0.1225,0.0015,0.876
0.95,0.012500000000000011,K50,50,90815,6.573408895673976,exc_eb,1.0,0.0,0.0
0.95,0.012500000000000011,K50,50,90815,6.573408895673976,exc_bet,1.0,0.0,0.0
0.95,0.012500000000000011,K50,50,90815,6.573408895673976,counts_exact,1.0,0.0,0.0
0.95,0.012500000000000011,K50,50,90815,6.573408895673976,norm_bet,1.0,0.0,0.0
0.95,0.012500000000000011,K50,50,117402,8.497840127400936,cdf_eb,0.039,0.0,0.961
0.95,0.012500000000000011,K50,50,117402,8.497840127400936,cdf_exact,0.1875,0.0005,0.812
0.95,0.012500000000000011,K50,50,117402,8.497840127400936,exc_eb,1.0,0.0,0.0
0.95,0.012500000000000011,K50,50,117402,8.497840127400936,exc_bet,1.0,0.0,0.0
0.95,0.012500000000000011,K50,50,117402,8.497840127400936,counts_exact,1.0,0.0,0.0
0.95,0.012500000000000011,K50,50,117402,8.497840127400936,norm_bet,1.0,0.0,0.0
0.95,0.012500000000000011,K50,50,151772,10.985623684570067,cdf_eb,0.067,0.0,0.933
0.95,0.012500000000000011,K50,50,151772,10.985623684570067,cdf_exact,0.2715,0.0,0.7285
0.95,0.012500000000000011,K50,50,151772,10.985623684570067,exc_eb,1.0,0.0,0.0
0.95,0.012500000000000011,K50,50,151772,10.985623684570067,exc_bet,1.0,0.0,0.0
0.95,0.012500000000000011,K50,50,151772,10.985623684570067,counts_exact,1.0,0.0,0.0
0.95,0.012500000000000011,K50,50,151772,10.985623684570067,norm_bet,1.0,0.0,0.0
0.95,0.012500000000000011,K50,50,196204,14.20171908789095,cdf_eb,0.113,0.0,0.887
0.95,0.012500000000000011,K50,50,196204,14.20171908789095,cdf_exact,0.4065,0.0,0.5935
0.95,0.012500000000000011,K50,50,196204,14.20171908789095,exc_eb,1.0,0.0,0.0
0.95,0.012500000000000011,K50,50,196204,14.20171908789095,exc_bet,1.0,0.0,0.0
0.95,0.012500000000000011,K50,50,196204,14.20171908789095,counts_exact,1.0,0.0,0.0
0.95,0.012500000000000011,K50,50,196204,14.20171908789095,norm_bet,1.0,0.0,0.0
0.95,0.012500000000000011,K50,50,253644,18.359364927978085,cdf_eb,0.2195,0.0,0.7805
0.95,0.012500000000000011,K50,50,253644,18.359364927978085,cdf_exact,0.553,0.0,0.447
0.95,0.012500000000000011,K50,50,253644,18.359364927978085,exc_eb,1.0,0.0,0.0
0.95,0.012500000000000011,K50,50,253644,18.359364927978085,exc_bet,1.0,0.0,0.0
0.95,0.012500000000000011,K50,50,253644,18.359364927978085,counts_exact,1.0,0.0,0.0
0.95,0.012500000000000011,K50,50,253644,18.359364927978085,norm_bet,1.0,0.0,0.0
0.95,0.012500000000000011,K50,50,327900,23.734193436012735,cdf_eb,0.3755,0.0,0.6245
0.95,0.012500000000000011,K50,50,327900,23.734193436012735,cdf_exact,0.712,0.0,0.288
0.95,0.012500000000000011,K50,50,327900,23.734193436012735,exc_eb,1.0,0.0,0.0
0.95,0.012500000000000011,K50,50,327900,23.734193436012735,exc_bet,1.0,0.0,0.0
0.95,0.012500000000000011,K50,50,327900,23.734193436012735,counts_exact,1.0,0.0,0.0
0.95,0.012500000000000011,K50,50,327900,23.734193436012735,norm_bet,1.0,0.0,0.0
0.95,0.012500000000000011,K50,50,423895,30.68254323439652,cdf_eb,0.5525,0.0,0.4475
0.95,0.012500000000000011,K50,50,423895,30.68254323439652,cdf_exact,0.8395,0.0,0.1605
0.95,0.012500000000000011,K50,50,423895,30.68254323439652,exc_eb,1.0,0.0,0.0
0.95,0.012500000000000011,K50,50,423895,30.68254323439652,exc_bet,1.0,0.0,0.0
0.95,0.012500000000000011,K50,50,423895,30.68254323439652,counts_exact,1.0,0.0,0.0
0.95,0.012500000000000011,K50,50,423895,30.68254323439652,norm_bet,1.0,0.0,0.0
0.95,0.012500000000000011,K50,50,547993,39.665056003601485,cdf_eb,0.757,0.0,0.243
0.95,0.012500000000000011,K50,50,547993,39.665056003601485,cdf_exact,0.943,0.0,0.057
0.95,0.012500000000000011,K50,50,547993,39.665056003601485,exc_eb,1.0,0.0,0.0
0.95,0.012500000000000011,K50,50,547993,39.665056003601485,exc_bet,1.0,0.0,0.0
0.95,0.012500000000000011,K50,50,547993,39.665056003601485,counts_exact,1.0,0.0,0.0
0.95,0.012500000000000011,K50,50,547993,39.665056003601485,norm_bet,1.0,0.0,0.0
0.95,0.012500000000000011,K50,50,708422,51.2772942431443,cdf_eb,0.9135,0.0,0.0865
0.95,0.012500000000000011,K50,50,708422,51.2772942431443,cdf_exact,0.9915,0.0,0.0085
0.95,0.012500000000000011,K50,50,708422,51.2772942431443,exc_eb,1.0,0.0,0.0
0.95,0.012500000000000011,K50,50,708422,51.2772942431443,exc_bet,1.0,0.0,0.0
0.95,0.012500000000000011,K50,50,708422,51.2772942431443,counts_exact,1.0,0.0,0.0
0.95,0.012500000000000011,K50,50,708422,51.2772942431443,norm_bet,1.0,0.0,0.0
0.95,0.012500000000000011,K50,50,915817,66.28904492219846,cdf_eb,0.985,0.0,0.015
0.95,0.012500000000000011,K50,50,915817,66.28904492219846,cdf_exact,0.999,0.0,0.001
0.95,0.012500000000000011,K50,50,915817,66.28904492219846,exc_eb,1.0,0.0,0.0
0.95,0.012500000000000011,K50,50,915817,66.28904492219846,exc_bet,1.0,0.0,0.0
0.95,0.012500000000000011,K50,50,915817,66.28904492219846,counts_exact,1.0,0.0,0.0
0.95,0.012500000000000011,K50,50,915817,66.28904492219846,norm_bet,1.0,0.0,0.0
0.95,0.012500000000000011,K50,50,1183929,85.69563861087259,cdf_eb,0.9985,0.0,0.0015
0.95,0.012500000000000011,K50,50,1183929,85.69563861087259,cdf_exact,1.0,0.0,0.0
0.95,0.012500000000000011,K50,50,1183929,85.69563861087259,exc_eb,1.0,0.0,0.0
0.95,0.012500000000000011,K50,50,1183929,85.69563861087259,exc_bet,1.0,0.0,0.0
0.95,0.012500000000000011,K50,50,1183929,85.69563861087259,counts_exact,1.0,0.0,0.0
0.95,0.012500000000000011,K50,50,1183929,85.69563861087259,norm_bet,1.0,0.0,0.0
0.95,0.012500000000000011,K50,50,1530533,110.78367271180507,cdf_eb,0.9995,0.0,0.0005
0.95,0.012500000000000011,K50,50,1530533,110.78367271180507,cdf_exact,1.0,0.0,0.0
0.95,0.012500000000000011,K50,50,1530533,110.78367271180507,exc_eb,1.0,0.0,0.0
0.95,0.012500000000000011,K50,50,1530533,110.78367271180507,exc_bet,1.0,0.0,0.0
0.95,0.012500000000000011,K50,50,1530533,110.78367271180507,counts_exact,1.0,0.0,0.0
0.95,0.012500000000000011,K50,50,1530533,110.78367271180507,norm_bet,1.0,0.0,0.0
0.95,0.012500000000000011,K50,50,1978607,143.21635032585803,cdf_eb,1.0,0.0,0.0
0.95,0.012500000000000011,K50,50,1978607,143.21635032585803,cdf_exact,1.0,0.0,0.0
0.95,0.012500000000000011,K50,50,1978607,143.21635032585803,exc_eb,1.0,0.0,0.0
0.95,0.012500000000000011,K50,50,1978607,143.21635032585803,exc_bet,1.0,0.0,0.0
0.95,0.012500000000000011,K50,50,1978607,143.21635032585803,counts_exact,1.0,0.0,0.0
0.95,0.012500000000000011,K50,50,1978607,143.21635032585803,norm_bet,1.0,0.0,0.0
0.95,0.012500000000000011,K50,50,2557858,185.14393581534816,cdf_eb,1.0,0.0,0.0
0.95,0.012500000000000011,K50,50,2557858,185.14393581534816,cdf_exact,1.0,0.0,0.0
0.95,0.012500000000000011,K50,50,2557858,185.14393581534816,exc_eb,1.0,0.0,0.0
0.95,0.012500000000000011,K50,50,2557858,185.14393581534816,exc_bet,1.0,0.0,0.0
0.95,0.012500000000000011,K50,50,2557858,185.14393581534816,counts_exact,1.0,0.0,0.0
0.95,0.012500000000000011,K50,50,2557858,185.14393581534816,norm_bet,1.0,0.0,0.0
0.95,0.012500000000000011,K50,50,3306688,239.34605862928356,cdf_eb,1.0,0.0,0.0
0.95,0.012500000000000011,K50,50,3306688,239.34605862928356,cdf_exact,1.0,0.0,0.0
0.95,0.012500000000000011,K50,50,3306688,239.34605862928356,exc_eb,1.0,0.0,0.0
0.95,0.012500000000000011,K50,50,3306688,239.34605862928356,exc_bet,1.0,0.0,0.0
0.95,0.012500000000000011,K50,50,3306688,239.34605862928356,counts_exact,1.0,0.0,0.0
0.95,0.012500000000000011,K50,50,3306688,239.34605862928356,norm_bet,1.0,0.0,0.0
0.95,0.012500000000000011,K50,50,4274744,309.4162884581727,cdf_eb,1.0,0.0,0.0
0.95,0.012500000000000011,K50,50,4274744,309.4162884581727,cdf_exact,1.0,0.0,0.0
0.95,0.012500000000000011,K50,50,4274744,309.4162884581727,exc_eb,1.0,0.0,0.0
0.95,0.012500000000000011,K50,50,4274744,309.4162884581727,exc_bet,1.0,0.0,0.0
0.95,0.012500000000000011,K50,50,4274744,309.4162884581727,counts_exact,1.0,0.0,0.0
0.95,0.012500000000000011,K50,50,4274744,309.4162884581727,norm_bet,1.0,0.0,0.0
0.95,0.012500000000000011,K50,50,5526204,399.99998384528004,cdf_eb,1.0,0.0,0.0
0.95,0.012500000000000011,K50,50,5526204,399.99998384528004,cdf_exact,1.0,0.0,0.0
0.95,0.012500000000000011,K50,50,5526204,399.99998384528004,exc_eb,1.0,0.0,0.0
0.95,0.012500000000000011,K50,50,5526204,399.99998384528004,exc_bet,1.0,0.0,0.0
0.95,0.012500000000000011,K50,50,5526204,399.99998384528004,counts_exact,1.0,0.0,0.0
0.95,0.012500000000000011,K50,50,5526204,399.99998384528004,norm_bet,1.0,0.0,0.0
0.95,0.012500000000000011,K125,125,782,0.04997414374320735,cdf_eb,0.0,0.0,1.0
0.95,0.012500000000000011,K125,125,782,0.04997414374320735,cdf_exact,0.0005,0.032,0.9675
0.95,0.012500000000000011,K125,125,782,0.04997414374320735,exc_eb,0.0,0.0,1.0
0.95,0.012500000000000011,K125,125,782,0.04997414374320735,exc_bet,0.0,0.0,1.0
0.95,0.012500000000000011,K125,125,782,0.04997414374320735,counts_exact,0.002,0.007,0.991
0.95,0.012500000000000011,K125,125,782,0.04997414374320735,norm_bet,0.0,0.0,1.0
0.95,0.012500000000000011,K125,125,1011,0.06460851576008009,cdf_eb,0.0,0.0,1.0
0.95,0.012500000000000011,K125,125,1011,0.06460851576008009,cdf_exact,0.0005,0.0305,0.969
0.95,0.012500000000000011,K125,125,1011,0.06460851576008009,exc_eb,0.0,0.0,1.0
0.95,0.012500000000000011,K125,125,1011,0.06460851576008009,exc_bet,0.0,0.0,1.0
0.95,0.012500000000000011,K125,125,1011,0.06460851576008009,counts_exact,0.001,0.0025,0.9965
0.95,0.012500000000000011,K125,125,1011,0.06460851576008009,norm_bet,0.0,0.0,1.0
0.95,0.012500000000000011,K125,125,1308,0.08358846549375347,cdf_eb,0.0,0.0,1.0
0.95,0.012500000000000011,K125,125,1308,0.08358846549375347,cdf_exact,0.0005,0.0275,0.972
0.95,0.012500000000000011,K125,125,1308,0.08358846549375347,exc_eb,0.0,0.0,1.0
0.95,0.012500000000000011,K125,125,1308,0.08358846549375347,exc_bet,0.0,0.0,1.0
0.95,0.012500000000000011,K125,125,1308,0.08358846549375347,counts_exact,0.0035,0.003,0.9935
0.95,0.012500000000000011,K125,125,1308,0.08358846549375347,norm_bet,0.0,0.0,1.0
0.95,0.012500000000000011,K125,125,1690,0.10800038737342764,cdf_eb,0.0,0.0,1.0
0.95,0.012500000000000011,K125,125,1690,0.10800038737342764,cdf_exact,0.001,0.022,0.977
0.95,0.012500000000000011,K125,125,1690,0.10800038737342764,exc_eb,0.0,0.0,1.0
0.95,0.012500000000000011,K125,125,1690,0.10800038737342764,exc_bet,0.0,0.0,1.0
0.95,0.012500000000000011,K125,125,1690,0.10800038737342764,counts_exact,0.004,0.0015,0.9945
0.95,0.012500000000000011,K125,125,1690,0.10800038737342764,norm_bet,0.0,0.0,1.0
0.95,0.012500000000000011,K125,125,2185,0.13963363692954994,cdf_eb,0.0,0.0,1.0
0.95,0.012500000000000011,K125,125,2185,0.13963363692954994,cdf_exact,0.002,0.0215,0.9765
0.95,0.012500000000000011,K125,125,2185,0.13963363692954994,exc_eb,0.0,0.0,1.0
0.95,0.012500000000000011,K125,125,2185,0.13963363692954994,exc_bet,0.0,0.0,1.0
0.95,0.012500000000000011,K125,125,2185,0.13963363692954994,counts_exact,0.01,0.0005,0.9895
0.95,0.012500000000000011,K125,125,2185,0.13963363692954994,norm_bet,0.0,0.0,1.0
0.95,0.012500000000000011,K125,125,2825,0.180533191911203,cdf_eb,0.0,0.0,1.0
0.95,0.012500000000000011,K125,125,2825,0.180533191911203,cdf_exact,0.0015,0.021,0.9775
0.95,0.012500000000000011,K125,125,2825,0.180533191911203,exc_eb,0.0,0.0,1.0
0.95,0.012500000000000011,K125,125,2825,0.180533191911203,exc_bet,0.003,0.0005,0.9965
0.95,0.012500000000000011,K125,125,2825,0.180533191911203,counts_exact,0.021,0.0025,0.9765
0.95,0.012500000000000011,K125,125,2825,0.180533191911203,norm_bet,0.003,0.0005,0.9965
0.95,0.012500000000000011,K125,125,3652,0.23338308561405785,cdf_eb,0.0,0.0,1.0
0.95,0.012500000000000011,K125,125,3652,0.23338308561405785,cdf_exact,0.001,0.0215,0.9775
0.95,0.012500000000000011,K125,125,3652,0.23338308561405785,exc_eb,0.0,0.0,1.0
0.95,0.012500000000000011,K125,125,3652,0.23338308561405785,exc_bet,0.004,0.0,0.996
0.95,0.012500000000000011,K125,125,3652,0.23338308561405785,counts_exact,0.0285,0.0015,0.97
0.95,0.012500000000000011,K125,125,3652,0.23338308561405785,norm_bet,0.002,0.0,0.998
0.95,0.012500000000000011,K125,125,4721,0.3016981235443502,cdf_eb,0.0,0.0,1.0
0.95,0.012500000000000011,K125,125,4721,0.3016981235443502,cdf_exact,0.002,0.017,0.981
0.95,0.012500000000000011,K125,125,4721,0.3016981235443502,exc_eb,0.0,0.0,1.0
0.95,0.012500000000000011,K125,125,4721,0.3016981235443502,exc_bet,0.013,0.0,0.987
0.95,0.012500000000000011,K125,125,4721,0.3016981235443502,counts_exact,0.0505,0.001,0.9485
0.95,0.012500000000000011,K125,125,4721,0.3016981235443502,norm_bet,0.015,0.0,0.985
0.95,0.012500000000000011,K125,125,6103,0.39001560008285735,cdf_eb,0.0,0.0,1.0
0.95,0.012500000000000011,K125,125,6103,0.39001560008285735,cdf_exact,0.0025,0.0195,0.978
0.95,0.012500000000000011,K125,125,6103,0.39001560008285735,exc_eb,0.0,0.0,1.0
0.95,0.012500000000000011,K125,125,6103,0.39001560008285735,exc_bet,0.027,0.0,0.973
0.95,0.012500000000000011,K125,125,6103,0.39001560008285735,counts_exact,0.0855,0.0,0.9145
0.95,0.012500000000000011,K125,125,6103,0.39001560008285735,norm_bet,0.0245,0.0,0.9755
0.95,0.012500000000000011,K125,125,7890,0.5042148262581918,cdf_eb,0.0,0.0005,0.9995
0.95,0.012500000000000011,K125,125,7890,0.5042148262581918,cdf_exact,0.004,0.0145,0.9815
0.95,0.012500000000000011,K125,125,7890,0.5042148262581918,exc_eb,0.0,0.0,1.0
0.95,0.012500000000000011,K125,125,7890,0.5042148262581918,exc_bet,0.033,0.0,0.967
0.95,0.012500000000000011,K125,125,7890,0.5042148262581918,counts_exact,0.129,0.0,0.871
0.95,0.012500000000000011,K125,125,7890,0.5042148262581918,norm_bet,0.032,0.0,0.968
0.95,0.012500000000000011,K125,125,10200,0.6518366575200958,cdf_eb,0.0,0.0,1.0
0.95,0.012500000000000011,K125,125,10200,0.6518366575200958,cdf_exact,0.0015,0.0145,0.984
0.95,0.012500000000000011,K125,125,10200,0.6518366575200958,exc_eb,0.0,0.0,1.0
0.95,0.012500000000000011,K125,125,10200,0.6518366575200958,exc_bet,0.053,0.0,0.947
0.95,0.012500000000000011,K125,125,10200,0.6518366575200958,counts_exact,0.2245,0.0,0.7755
0.95,0.012500000000000011,K125,125,10200,0.6518366575200958,norm_bet,0.0545,0.0,0.9455
0.95,0.012500000000000011,K125,125,13186,0.8426586437313709,cdf_eb,0.0,0.0,1.0
0.95,0.012500000000000011,K125,125,13186,0.8426586437313709,cdf_exact,0.003,0.008,0.989
0.95,0.012500000000000011,K125,125,13186,0.8426586437313709,exc_eb,0.0115,0.0,0.9885
0.95,0.012500000000000011,K125,125,13186,0.8426586437313709,exc_bet,0.072,0.0,0.928
0.95,0.012500000000000011,K125,125,13186,0.8426586437313709,counts_exact,0.357,0.0,0.643
0.95,0.012500000000000011,K125,125,13186,0.8426586437313709,norm_bet,0.073,0.0,0.927
0.95,0.012500000000000011,K125,125,17046,1.089334084714466,cdf_eb,0.0,0.0,1.0
0.95,0.012500000000000011,K125,125,17046,1.089334084714466,cdf_exact,0.0095,0.006,0.9845
0.95,0.012500000000000011,K125,125,17046,1.089334084714466,exc_eb,0.03,0.0,0.97
0.95,0.012500000000000011,K125,125,17046,1.089334084714466,exc_bet,0.1355,0.0,0.8645
0.95,0.012500000000000011,K125,125,17046,1.089334084714466,counts_exact,0.5345,0.0,0.4655
0.95,0.012500000000000011,K125,125,17046,1.089334084714466,norm_bet,0.1415,0.0,0.8585
0.95,0.012500000000000011,K125,125,22037,1.4082867080167012,cdf_eb,0.0,0.0,1.0
0.95,0.012500000000000011,K125,125,22037,1.4082867080167012,cdf_exact,0.0065,0.007,0.9865
0.95,0.012500000000000011,K125,125,22037,1.4082867080167012,exc_eb,0.1245,0.0,0.8755
0.95,0.012500000000000011,K125,125,22037,1.4082867080167012,exc_bet,0.2425,0.0,0.7575
0.95,0.012500000000000011,K125,125,22037,1.4082867080167012,counts_exact,0.7565,0.0,0.2435
0.95,0.012500000000000011,K125,125,22037,1.4082867080167012,norm_bet,0.253,0.0,0.747
0.95,0.012500000000000011,K125,125,28488,1.8205414411208323,cdf_eb,0.0005,0.0,0.9995
0.95,0.012500000000000011,K125,125,28488,1.8205414411208323,cdf_exact,0.0155,0.0035,0.981
0.95,0.012500000000000011,K125,125,28488,1.8205414411208323,exc_eb,0.2905,0.0,0.7095
0.95,0.012500000000000011,K125,125,28488,1.8205414411208323,exc_bet,0.4325,0.0,0.5675
0.95,0.012500000000000011,K125,125,28488,1.8205414411208323,counts_exact,0.891,0.0,0.109
0.95,0.012500000000000011,K125,125,28488,1.8205414411208323,norm_bet,0.457,0.0,0.543
0.95,0.012500000000000011,K125,125,36829,2.353577672530158,cdf_eb,0.0005,0.0,0.9995
0.95,0.012500000000000011,K125,125,36829,2.353577672530158,cdf_exact,0.0135,0.0,0.9865
0.95,0.012500000000000011,K125,125,36829,2.353577672530158,exc_eb,0.5725,0.0,0.4275
0.95,0.012500000000000011,K125,125,36829,2.353577672530158,exc_bet,0.6475,0.0,0.3525
0.95,0.012500000000000011,K125,125,36829,2.353577672530158,counts_exact,0.9635,0.0,0.0365
0.95,0.012500000000000011,K125,125,36829,2.353577672530158,norm_bet,0.6715,0.0,0.3285
0.95,0.012500000000000011,K125,125,47610,3.0425434573070356,cdf_eb,0.002,0.0,0.998
0.95,0.012500000000000011,K125,125,47610,3.0425434573070356,cdf_exact,0.0255,0.001,0.9735
0.95,0.012500000000000011,K125,125,47610,3.0425434573070356,exc_eb,0.858,0.0,0.142
0.95,0.012500000000000011,K125,125,47610,3.0425434573070356,exc_bet,0.8665,0.0,0.1335
0.95,0.012500000000000011,K125,125,47610,3.0425434573070356,counts_exact,0.9945,0.0,0.0055
0.95,0.012500000000000011,K125,125,47610,3.0425434573070356,norm_bet,0.881,0.0,0.119
0.95,0.012500000000000011,K125,125,61549,3.933322983696508,cdf_eb,0.003,0.0,0.997
0.95,0.012500000000000011,K125,125,61549,3.933322983696508,cdf_exact,0.0365,0.001,0.9625
0.95,0.012500000000000011,K125,125,61549,3.933322983696508,exc_eb,0.9775,0.0,0.0225
0.95,0.012500000000000011,K125,125,61549,3.933322983696508,exc_bet,0.97,0.0,0.03
0.95,0.012500000000000011,K125,125,61549,3.933322983696508,counts_exact,0.9995,0.0,0.0005
0.95,0.012500000000000011,K125,125,61549,3.933322983696508,norm_bet,0.9765,0.0,0.0235
0.95,0.012500000000000011,K125,125,79567,5.084773267539359,cdf_eb,0.0055,0.0,0.9945
0.95,0.012500000000000011,K125,125,79567,5.084773267539359,cdf_exact,0.0555,0.001,0.9435
0.95,0.012500000000000011,K125,125,79567,5.084773267539359,exc_eb,0.9995,0.0,0.0005
0.95,0.012500000000000011,K125,125,79567,5.084773267539359,exc_bet,0.997,0.0,0.003
0.95,0.012500000000000011,K125,125,79567,5.084773267539359,counts_exact,1.0,0.0,0.0
0.95,0.012500000000000011,K125,125,79567,5.084773267539359,norm_bet,0.9995,0.0,0.0005
0.95,0.012500000000000011,K125,125,102861,6.573389257762213,cdf_eb,0.0075,0.0,0.9925
0.95,0.012500000000000011,K125,125,102861,6.573389257762213,cdf_exact,0.0895,0.0,0.9105
0.95,0.012500000000000011,K125,125,102861,6.573389257762213,exc_eb,1.0,0.0,0.0
0.95,0.012500000000000011,K125,125,102861,6.573389257762213,exc_bet,1.0,0.0,0.0
0.95,0.012500000000000011,K125,125,102861,6.573389257762213,counts_exact,1.0,0.0,0.0
0.95,0.012500000000000011,K125,125,102861,6.573389257762213,norm_bet,1.0,0.0,0.0
0.95,0.012500000000000011,K125,125,132975,8.497841130758308,cdf_eb,0.024,0.0,0.976
0.95,0.012500000000000011,K125,125,132975,8.497841130758308,cdf_exact,0.1545,0.0,0.8455
0.95,0.012500000000000011,K125,125,132975,8.497841130758308,exc_eb,1.0,0.0,0.0
0.95,0.012500000000000011,K125,125,132975,8.497841130758308,exc_bet,1.0,0.0,0.0
0.95,0.012500000000000011,K125,125,132975,8.497841130758308,counts_exact,1.0,0.0,0.0
0.95,0.012500000000000011,K125,125,132975,8.497841130758308,norm_bet,1.0,0.0,0.0
0.95,0.012500000000000011,K125,125,171904,10.985620468072016,cdf_eb,0.054,0.0,0.946
0.95,0.012500000000000011,K125,125,171904,10.985620468072016,cdf_exact,0.2415,0.0,0.7585
0.95,0.012500000000000011,K125,125,171904,10.985620468072016,exc_eb,1.0,0.0,0.0
0.95,0.012500000000000011,K125,125,171904,10.985620468072016,exc_bet,1.0,0.0,0.0
0.95,0.012500000000000011,K125,125,171904,10.985620468072016,counts_exact,1.0,0.0,0.0
0.95,0.012500000000000011,K125,125,171904,10.985620468072016,norm_bet,1.0,0.0,0.0
0.95,0.012500000000000011,K125,125,222230,14.20173141183244,cdf_eb,0.099,0.0,0.901
0.95,0.012500000000000011,K125,125,222230,14.20173141183244,cdf_exact,0.346,0.0,0.654
0.95,0.012500000000000011,K125,125,222230,14.20173141183244,exc_eb,1.0,0.0,0.0
0.95,0.012500000000000011,K125,125,222230,14.20173141183244,exc_bet,1.0,0.0,0.0
0.95,0.012500000000000011,K125,125,222230,14.20173141183244,counts_exact,1.0,0.0,0.0
0.95,0.012500000000000011,K125,125,222230,14.20173141183244,norm_bet,1.0,0.0,0.0
0.95,0.012500000000000011,K125,125,287289,18.35936289238145,cdf_eb,0.207,0.0,0.793
0.95,0.012500000000000011,K125,125,287289,18.35936289238145,cdf_exact,0.5415,0.0,0.4585
0.95,0.012500000000000011,K125,125,287289,18.35936289238145,exc_eb,1.0,0.0,0.0
0.95,0.012500000000000011,K125,125,287289,18.35936289238145,exc_bet,1.0,0.0,0.0
0.95,0.012500000000000011,K125,125,287289,18.35936289238145,counts_exact,1.0,0.0,0.0
0.95,0.012500000000000011,K125,125,287289,18.35936289238145,norm_bet,1.0,0.0,0.0
0.95,0.012500000000000011,K125,125,371395,23.734203472517255,cdf_eb,0.372,0.0,0.628
0.95,0.012500000000000011,K125,125,371395,23.734203472517255,cdf_exact,0.6935,0.0,0.3065
0.95,0.012500000000000011,K125,125,371395,23.734203472517255,exc_eb,1.0,0.0,0.0
0.95,0.012500000000000011,K125,125,371395,23.734203472517255,exc_bet,1.0,0.0,0.0
0.95,0.012500000000000011,K125,125,371395,23.734203472517255,counts_exact,1.0,0.0,0.0
0.95,0.012500000000000011,K125,125,371395,23.734203472517255,norm_bet,1.0,0.0,0.0
0.95,0.012500000000000011,K125,125,480123,30.68252661946284,cdf_eb,0.574,0.0,0.426
0.95,0.012500000000000011,K125,125,480123,30.68252661946284,cdf_exact,0.865,0.0,0.135
0.95,0.012500000000000011,K125,125,480123,30.68252661946284,exc_eb,1.0,0.0,0.0
0.95,0.012500000000000011,K125,125,480123,30.68252661946284,exc_bet,1.0,0.0,0.0
0.95,0.012500000000000011,K125,125,480123,30.68252661946284,counts_exact,1.0,0.0,0.0
0.95,0.012500000000000011,K125,125,480123,30.68252661946284,norm_bet,1.0,0.0,0.0
0.95,0.012500000000000011,K125,125,620683,39.6650913823084,cdf_eb,0.792,0.0,0.208
0.95,0.012500000000000011,K125,125,620683,39.6650913823084,cdf_exact,0.957,0.0,0.043
0.95,0.012500000000000011,K125,125,620683,39.6650913823084,exc_eb,1.0,0.0,0.0
0.95,0.012500000000000011,K125,125,620683,39.6650913823084,exc_bet,1.0,0.0,0.0
0.95,0.012500000000000011,K125,125,620683,39.6650913823084,counts_exact,1.0,0.0,0.0
0.95,0.012500000000000011,K125,125,620683,39.6650913823084,norm_bet,1.0,0.0,0.0
0.95,0.012500000000000011,K125,125,802392,51.277305813810266,cdf_eb,0.932,0.0,0.068
0.95,0.012500000000000011,K125,125,802392,51.277305813810266,cdf_exact,0.99,0.0,0.01
0.95,0.012500000000000011,K125,125,802392,51.277305813810266,exc_eb,1.0,0.0,0.0
0.95,0.012500000000000011,K125,125,802392,51.277305813810266,exc_bet,1.0,0.0,0.0
0.95,0.012500000000000011,K125,125,802392,51.277305813810266,counts_exact,1.0,0.0,0.0
0.95,0.012500000000000011,K125,125,802392,51.277305813810266,norm_bet,1.0,0.0,0.0
0.95,0.012500000000000011,K125,125,1037298,66.28910403649807,cdf_eb,0.99,0.0,0.01
0.95,0.012500000000000011,K125,125,1037298,66.28910403649807,cdf_exact,0.999,0.0,0.001
0.95,0.012500000000000011,K125,125,1037298,66.28910403649807,exc_eb,1.0,0.0,0.0
0.95,0.012500000000000011,K125,125,1037298,66.28910403649807,exc_bet,1.0,0.0,0.0
0.95,0.012500000000000011,K125,125,1037298,66.28910403649807,counts_exact,1.0,0.0,0.0
0.95,0.012500000000000011,K125,125,1037298,66.28910403649807,norm_bet,1.0,0.0,0.0
0.95,0.012500000000000011,K125,125,1340974,85.69568725307383,cdf_eb,0.9995,0.0,0.0005
0.95,0.012500000000000011,K125,125,1340974,85.69568725307383,cdf_exact,1.0,0.0,0.0
0.95,0.012500000000000011,K125,125,1340974,85.69568725307383,exc_eb,1.0,0.0,0.0
0.95,0.012500000000000011,K125,125,1340974,85.69568725307383,exc_bet,1.0,0.0,0.0
0.95,0.012500000000000011,K125,125,1340974,85.69568725307383,counts_exact,1.0,0.0,0.0
0.95,0.012500000000000011,K125,125,1340974,85.69568725307383,norm_bet,1.0,0.0,0.0
0.95,0.012500000000000011,K125,125,1733553,110.78366599548379,cdf_eb,1.0,0.0,0.0
0.95,0.012500000000000011,K125,125,1733553,110.78366599548379,cdf_exact,1.0,0.0,0.0
0.95,0.012500000000000011,K125,125,1733553,110.78366599548379,exc_eb,1.0,0.0,0.0
0.95,0.012500000000000011,K125,125,1733553,110.78366599548379,exc_bet,1.0,0.0,0.0
0.95,0.012500000000000011,K125,125,1733553,110.78366599548379,counts_exact,1.0,0.0,0.0
0.95,0.012500000000000011,K125,125,1733553,110.78366599548379,norm_bet,1.0,0.0,0.0
0.95,0.012500000000000011,K125,125,2241062,143.21631013483344,cdf_eb,1.0,0.0,0.0
0.95,0.012500000000000011,K125,125,2241062,143.21631013483344,cdf_exact,1.0,0.0,0.0
0.95,0.012500000000000011,K125,125,2241062,143.21631013483344,exc_eb,1.0,0.0,0.0
0.95,0.012500000000000011,K125,125,2241062,143.21631013483344,exc_bet,1.0,0.0,0.0
0.95,0.012500000000000011,K125,125,2241062,143.21631013483344,counts_exact,1.0,0.0,0.0
0.95,0.012500000000000011,K125,125,2241062,143.21631013483344,norm_bet,1.0,0.0,0.0
0.95,0.012500000000000011,K125,125,2897149,185.14391377428313,cdf_eb,1.0,0.0,0.0
0.95,0.012500000000000011,K125,125,2897149,185.14391377428313,cdf_exact,1.0,0.0,0.0
0.95,0.012500000000000011,K125,125,2897149,185.14391377428313,exc_eb,1.0,0.0,0.0
0.95,0.012500000000000011,K125,125,2897149,185.14391377428313,exc_bet,1.0,0.0,0.0
0.95,0.012500000000000011,K125,125,2897149,185.14391377428313,counts_exact,1.0,0.0,0.0
0.95,0.012500000000000011,K125,125,2897149,185.14391377428313,norm_bet,1.0,0.0,0.0
0.95,0.012500000000000011,K125,125,3745309,239.34604901371887,cdf_eb,1.0,0.0,0.0
0.95,0.012500000000000011,K125,125,3745309,239.34604901371887,cdf_exact,1.0,0.0,0.0
0.95,0.012500000000000011,K125,125,3745309,239.34604901371887,exc_eb,1.0,0.0,0.0
0.95,0.012500000000000011,K125,125,3745309,239.34604901371887,exc_bet,1.0,0.0,0.0
0.95,0.012500000000000011,K125,125,3745309,239.34604901371887,counts_exact,1.0,0.0,0.0
0.95,0.012500000000000011,K125,125,3745309,239.34604901371887,norm_bet,1.0,0.0,0.0
0.95,0.012500000000000011,K125,125,4841774,309.41625300271613,cdf_eb,1.0,0.0,0.0
0.95,0.012500000000000011,K125,125,4841774,309.41625300271613,cdf_exact,1.0,0.0,0.0
0.95,0.012500000000000011,K125,125,4841774,309.41625300271613,exc_eb,1.0,0.0,0.0
0.95,0.012500000000000011,K125,125,4841774,309.41625300271613,exc_bet,1.0,0.0,0.0
0.95,0.012500000000000011,K125,125,4841774,309.41625300271613,counts_exact,1.0,0.0,0.0
0.95,0.012500000000000011,K125,125,4841774,309.41625300271613,norm_bet,1.0,0.0,0.0
0.95,0.012500000000000011,K125,125,6259237,400.00001222608944,cdf_eb,1.0,0.0,0.0
0.95,0.012500000000000011,K125,125,6259237,400.00001222608944,cdf_exact,1.0,0.0,0.0
0.95,0.012500000000000011,K125,125,6259237,400.00001222608944,exc_eb,1.0,0.0,0.0
0.95,0.012500000000000011,K125,125,6259237,400.00001222608944,exc_bet,1.0,0.0,0.0
0.95,0.012500000000000011,K125,125,6259237,400.00001222608944,counts_exact,1.0,0.0,0.0
0.95,0.012500000000000011,K125,125,6259237,400.00001222608944,norm_bet,1.0,0.0,0.0
0.95,0.012500000000000011,dup125,125,782,0.04997414374320735,cdf_eb,0.0,0.0,1.0
0.95,0.012500000000000011,dup125,125,782,0.04997414374320735,cdf_exact,0.0005,0.0015,0.998
0.95,0.012500000000000011,dup125,125,782,0.04997414374320735,exc_eb,0.0,0.0,1.0
0.95,0.012500000000000011,dup125,125,782,0.04997414374320735,exc_bet,0.0,0.0,1.0
0.95,0.012500000000000011,dup125,125,782,0.04997414374320735,counts_exact,0.002,0.0,0.998
0.95,0.012500000000000011,dup125,125,782,0.04997414374320735,norm_bet,0.0,0.0,1.0
0.95,0.012500000000000011,dup125,125,1011,0.06460851576008009,cdf_eb,0.0,0.0,1.0
0.95,0.012500000000000011,dup125,125,1011,0.06460851576008009,cdf_exact,0.0005,0.0,0.9995
0.95,0.012500000000000011,dup125,125,1011,0.06460851576008009,exc_eb,0.0,0.0,1.0
0.95,0.012500000000000011,dup125,125,1011,0.06460851576008009,exc_bet,0.0,0.0,1.0
0.95,0.012500000000000011,dup125,125,1011,0.06460851576008009,counts_exact,0.0025,0.0,0.9975
0.95,0.012500000000000011,dup125,125,1011,0.06460851576008009,norm_bet,0.0,0.0,1.0
0.95,0.012500000000000011,dup125,125,1308,0.08358846549375347,cdf_eb,0.0,0.0,1.0
0.95,0.012500000000000011,dup125,125,1308,0.08358846549375347,cdf_exact,0.001,0.001,0.998
0.95,0.012500000000000011,dup125,125,1308,0.08358846549375347,exc_eb,0.0,0.0,1.0
0.95,0.012500000000000011,dup125,125,1308,0.08358846549375347,exc_bet,0.0,0.0,1.0
0.95,0.012500000000000011,dup125,125,1308,0.08358846549375347,counts_exact,0.002,0.0,0.998
0.95,0.012500000000000011,dup125,125,1308,0.08358846549375347,norm_bet,0.0,0.0,1.0
0.95,0.012500000000000011,dup125,125,1690,0.10800038737342764,cdf_eb,0.0,0.0,1.0
0.95,0.012500000000000011,dup125,125,1690,0.10800038737342764,cdf_exact,0.002,0.002,0.996
0.95,0.012500000000000011,dup125,125,1690,0.10800038737342764,exc_eb,0.0,0.0,1.0
0.95,0.012500000000000011,dup125,125,1690,0.10800038737342764,exc_bet,0.0,0.0,1.0
0.95,0.012500000000000011,dup125,125,1690,0.10800038737342764,counts_exact,0.0045,0.0,0.9955
0.95,0.012500000000000011,dup125,125,1690,0.10800038737342764,norm_bet,0.0,0.0,1.0
0.95,0.012500000000000011,dup125,125,2185,0.13963363692954994,cdf_eb,0.0,0.0,1.0
0.95,0.012500000000000011,dup125,125,2185,0.13963363692954994,cdf_exact,0.0005,0.001,0.9985
0.95,0.012500000000000011,dup125,125,2185,0.13963363692954994,exc_eb,0.0,0.0,1.0
0.95,0.012500000000000011,dup125,125,2185,0.13963363692954994,exc_bet,0.0015,0.0,0.9985
0.95,0.012500000000000011,dup125,125,2185,0.13963363692954994,counts_exact,0.01,0.0005,0.9895
0.95,0.012500000000000011,dup125,125,2185,0.13963363692954994,norm_bet,0.0005,0.0,0.9995
0.95,0.012500000000000011,dup125,125,2825,0.180533191911203,cdf_eb,0.0,0.0,1.0
0.95,0.012500000000000011,dup125,125,2825,0.180533191911203,cdf_exact,0.0005,0.001,0.9985
0.95,0.012500000000000011,dup125,125,2825,0.180533191911203,exc_eb,0.0,0.0,1.0
0.95,0.012500000000000011,dup125,125,2825,0.180533191911203,exc_bet,0.0005,0.0,0.9995
0.95,0.012500000000000011,dup125,125,2825,0.180533191911203,counts_exact,0.0125,0.0,0.9875
0.95,0.012500000000000011,dup125,125,2825,0.180533191911203,norm_bet,0.001,0.0,0.999
0.95,0.012500000000000011,dup125,125,3652,0.23338308561405785,cdf_eb,0.0,0.0,1.0
0.95,0.012500000000000011,dup125,125,3652,0.23338308561405785,cdf_exact,0.0015,0.0015,0.997
0.95,0.012500000000000011,dup125,125,3652,0.23338308561405785,exc_eb,0.0,0.0,1.0
0.95,0.012500000000000011,dup125,125,3652,0.23338308561405785,exc_bet,0.0035,0.0,0.9965
0.95,0.012500000000000011,dup125,125,3652,0.23338308561405785,counts_exact,0.033,0.0,0.967
0.95,0.012500000000000011,dup125,125,3652,0.23338308561405785,norm_bet,0.0035,0.0,0.9965
0.95,0.012500000000000011,dup125,125,4721,0.3016981235443502,cdf_eb,0.0,0.0,1.0
0.95,0.012500000000000011,dup125,125,4721,0.3016981235443502,cdf_exact,0.0025,0.0005,0.997
0.95,0.012500000000000011,dup125,125,4721,0.3016981235443502,exc_eb,0.0,0.0,1.0
0.95,0.012500000000000011,dup125,125,4721,0.3016981235443502,exc_bet,0.0155,0.0,0.9845
0.95,0.012500000000000011,dup125,125,4721,0.3016981235443502,counts_exact,0.0505,0.0,0.9495
0.95,0.012500000000000011,dup125,125,4721,0.3016981235443502,norm_bet,0.014,0.0,0.986
0.95,0.012500000000000011,dup125,125,6103,0.39001560008285735,cdf_eb,0.0,0.0,1.0
0.95,0.012500000000000011,dup125,125,6103,0.39001560008285735,cdf_exact,0.0035,0.0,0.9965
0.95,0.012500000000000011,dup125,125,6103,0.39001560008285735,exc_eb,0.0005,0.0,0.9995
0.95,0.012500000000000011,dup125,125,6103,0.39001560008285735,exc_bet,0.0225,0.0,0.9775
0.95,0.012500000000000011,dup125,125,6103,0.39001560008285735,counts_exact,0.0845,0.0,0.9155
0.95,0.012500000000000011,dup125,125,6103,0.39001560008285735,norm_bet,0.0245,0.0,0.9755
0.95,0.012500000000000011,dup125,125,7890,0.5042148262581918,cdf_eb,0.0,0.0,1.0
0.95,0.012500000000000011,dup125,125,7890,0.5042148262581918,cdf_exact,0.0025,0.0005,0.997
0.95,0.012500000000000011,dup125,125,7890,0.5042148262581918,exc_eb,0.0,0.0,1.0
0.95,0.012500000000000011,dup125,125,7890,0.5042148262581918,exc_bet,0.033,0.0,0.967
0.95,0.012500000000000011,dup125,125,7890,0.5042148262581918,counts_exact,0.138,0.0,0.862
0.95,0.012500000000000011,dup125,125,7890,0.5042148262581918,norm_bet,0.029,0.0,0.971
0.95,0.012500000000000011,dup125,125,10200,0.6518366575200958,cdf_eb,0.0,0.0,1.0
0.95,0.012500000000000011,dup125,125,10200,0.6518366575200958,cdf_exact,0.0035,0.001,0.9955
0.95,0.012500000000000011,dup125,125,10200,0.6518366575200958,exc_eb,0.0,0.0,1.0
0.95,0.012500000000000011,dup125,125,10200,0.6518366575200958,exc_bet,0.044,0.0,0.956
0.95,0.012500000000000011,dup125,125,10200,0.6518366575200958,counts_exact,0.22,0.0,0.78
0.95,0.012500000000000011,dup125,125,10200,0.6518366575200958,norm_bet,0.048,0.0,0.952
0.95,0.012500000000000011,dup125,125,13186,0.8426586437313709,cdf_eb,0.0,0.0,1.0
0.95,0.012500000000000011,dup125,125,13186,0.8426586437313709,cdf_exact,0.0045,0.0005,0.995
0.95,0.012500000000000011,dup125,125,13186,0.8426586437313709,exc_eb,0.0115,0.0,0.9885
0.95,0.012500000000000011,dup125,125,13186,0.8426586437313709,exc_bet,0.081,0.0,0.919
0.95,0.012500000000000011,dup125,125,13186,0.8426586437313709,counts_exact,0.3625,0.0,0.6375
0.95,0.012500000000000011,dup125,125,13186,0.8426586437313709,norm_bet,0.085,0.0,0.915
0.95,0.012500000000000011,dup125,125,17046,1.089334084714466,cdf_eb,0.0,0.0,1.0
0.95,0.012500000000000011,dup125,125,17046,1.089334084714466,cdf_exact,0.0055,0.0,0.9945
0.95,0.012500000000000011,dup125,125,17046,1.089334084714466,exc_eb,0.0325,0.0,0.9675
0.95,0.012500000000000011,dup125,125,17046,1.089334084714466,exc_bet,0.125,0.0,0.875
0.95,0.012500000000000011,dup125,125,17046,1.089334084714466,counts_exact,0.542,0.0,0.458
0.95,0.012500000000000011,dup125,125,17046,1.089334084714466,norm_bet,0.1295,0.0,0.8705
0.95,0.012500000000000011,dup125,125,22037,1.4082867080167012,cdf_eb,0.0,0.0,1.0
0.95,0.012500000000000011,dup125,125,22037,1.4082867080167012,cdf_exact,0.0075,0.0005,0.992
0.95,0.012500000000000011,dup125,125,22037,1.4082867080167012,exc_eb,0.119,0.0,0.881
0.95,0.012500000000000011,dup125,125,22037,1.4082867080167012,exc_bet,0.2375,0.0,0.7625
0.95,0.012500000000000011,dup125,125,22037,1.4082867080167012,counts_exact,0.7185,0.0,0.2815
0.95,0.012500000000000011,dup125,125,22037,1.4082867080167012,norm_bet,0.254,0.0,0.746
0.95,0.012500000000000011,dup125,125,28488,1.8205414411208323,cdf_eb,0.001,0.0,0.999
0.95,0.012500000000000011,dup125,125,28488,1.8205414411208323,cdf_exact,0.0095,0.0005,0.99
0.95,0.012500000000000011,dup125,125,28488,1.8205414411208323,exc_eb,0.2885,0.0,0.7115
0.95,0.012500000000000011,dup125,125,28488,1.8205414411208323,exc_bet,0.4265,0.0,0.5735
0.95,0.012500000000000011,dup125,125,28488,1.8205414411208323,counts_exact,0.8725,0.0,0.1275
0.95,0.012500000000000011,dup125,125,28488,1.8205414411208323,norm_bet,0.447,0.0,0.553
0.95,0.012500000000000011,dup125,125,36829,2.353577672530158,cdf_eb,0.0005,0.0,0.9995
0.95,0.012500000000000011,dup125,125,36829,2.353577672530158,cdf_exact,0.018,0.0,0.982
0.95,0.012500000000000011,dup125,125,36829,2.353577672530158,exc_eb,0.588,0.0,0.412
0.95,0.012500000000000011,dup125,125,36829,2.353577672530158,exc_bet,0.671,0.0,0.329
0.95,0.012500000000000011,dup125,125,36829,2.353577672530158,counts_exact,0.97,0.0,0.03
0.95,0.012500000000000011,dup125,125,36829,2.353577672530158,norm_bet,0.69,0.0,0.31
0.95,0.012500000000000011,dup125,125,47610,3.0425434573070356,cdf_eb,0.0015,0.0,0.9985
0.95,0.012500000000000011,dup125,125,47610,3.0425434573070356,cdf_exact,0.025,0.0,0.975
0.95,0.012500000000000011,dup125,125,47610,3.0425434573070356,exc_eb,0.8445,0.0,0.1555
0.95,0.012500000000000011,dup125,125,47610,3.0425434573070356,exc_bet,0.856,0.0,0.144
0.95,0.012500000000000011,dup125,125,47610,3.0425434573070356,counts_exact,0.9925,0.0,0.0075
0.95,0.012500000000000011,dup125,125,47610,3.0425434573070356,norm_bet,0.878,0.0,0.122
0.95,0.012500000000000011,dup125,125,61549,3.933322983696508,cdf_eb,0.005,0.0,0.995
0.95,0.012500000000000011,dup125,125,61549,3.933322983696508,cdf_exact,0.0395,0.0,0.9605
0.95,0.012500000000000011,dup125,125,61549,3.933322983696508,exc_eb,0.9695,0.0,0.0305
0.95,0.012500000000000011,dup125,125,61549,3.933322983696508,exc_bet,0.965,0.0,0.035
0.95,0.012500000000000011,dup125,125,61549,3.933322983696508,counts_exact,0.9995,0.0,0.0005
0.95,0.012500000000000011,dup125,125,61549,3.933322983696508,norm_bet,0.9725,0.0,0.0275
0.95,0.012500000000000011,dup125,125,79567,5.084773267539359,cdf_eb,0.006,0.0,0.994
0.95,0.012500000000000011,dup125,125,79567,5.084773267539359,cdf_exact,0.056,0.0,0.944
0.95,0.012500000000000011,dup125,125,79567,5.084773267539359,exc_eb,0.998,0.0,0.002
0.95,0.012500000000000011,dup125,125,79567,5.084773267539359,exc_bet,0.9955,0.0,0.0045
0.95,0.012500000000000011,dup125,125,79567,5.084773267539359,counts_exact,1.0,0.0,0.0
0.95,0.012500000000000011,dup125,125,79567,5.084773267539359,norm_bet,0.998,0.0,0.002
0.95,0.012500000000000011,dup125,125,102861,6.573389257762213,cdf_eb,0.013,0.0,0.987
0.95,0.012500000000000011,dup125,125,102861,6.573389257762213,cdf_exact,0.1015,0.0,0.8985
0.95,0.012500000000000011,dup125,125,102861,6.573389257762213,exc_eb,1.0,0.0,0.0
0.95,0.012500000000000011,dup125,125,102861,6.573389257762213,exc_bet,1.0,0.0,0.0
0.95,0.012500000000000011,dup125,125,102861,6.573389257762213,counts_exact,1.0,0.0,0.0
0.95,0.012500000000000011,dup125,125,102861,6.573389257762213,norm_bet,1.0,0.0,0.0
0.95,0.012500000000000011,dup125,125,132975,8.497841130758308,cdf_eb,0.035,0.0,0.965
0.95,0.012500000000000011,dup125,125,132975,8.497841130758308,cdf_exact,0.1495,0.0,0.8505
0.95,0.012500000000000011,dup125,125,132975,8.497841130758308,exc_eb,1.0,0.0,0.0
0.95,0.012500000000000011,dup125,125,132975,8.497841130758308,exc_bet,1.0,0.0,0.0
0.95,0.012500000000000011,dup125,125,132975,8.497841130758308,counts_exact,1.0,0.0,0.0
0.95,0.012500000000000011,dup125,125,132975,8.497841130758308,norm_bet,1.0,0.0,0.0
0.95,0.012500000000000011,dup125,125,171904,10.985620468072016,cdf_eb,0.05,0.0,0.95
0.95,0.012500000000000011,dup125,125,171904,10.985620468072016,cdf_exact,0.243,0.0,0.757
0.95,0.012500000000000011,dup125,125,171904,10.985620468072016,exc_eb,1.0,0.0,0.0
0.95,0.012500000000000011,dup125,125,171904,10.985620468072016,exc_bet,1.0,0.0,0.0
0.95,0.012500000000000011,dup125,125,171904,10.985620468072016,counts_exact,1.0,0.0,0.0
0.95,0.012500000000000011,dup125,125,171904,10.985620468072016,norm_bet,1.0,0.0,0.0
0.95,0.012500000000000011,dup125,125,222230,14.20173141183244,cdf_eb,0.1025,0.0,0.8975
0.95,0.012500000000000011,dup125,125,222230,14.20173141183244,cdf_exact,0.366,0.0,0.634
0.95,0.012500000000000011,dup125,125,222230,14.20173141183244,exc_eb,1.0,0.0,0.0
0.95,0.012500000000000011,dup125,125,222230,14.20173141183244,exc_bet,1.0,0.0,0.0
0.95,0.012500000000000011,dup125,125,222230,14.20173141183244,counts_exact,1.0,0.0,0.0
0.95,0.012500000000000011,dup125,125,222230,14.20173141183244,norm_bet,1.0,0.0,0.0
0.95,0.012500000000000011,dup125,125,287289,18.35936289238145,cdf_eb,0.201,0.0,0.799
0.95,0.012500000000000011,dup125,125,287289,18.35936289238145,cdf_exact,0.527,0.0,0.473
0.95,0.012500000000000011,dup125,125,287289,18.35936289238145,exc_eb,1.0,0.0,0.0
0.95,0.012500000000000011,dup125,125,287289,18.35936289238145,exc_bet,1.0,0.0,0.0
0.95,0.012500000000000011,dup125,125,287289,18.35936289238145,counts_exact,1.0,0.0,0.0
0.95,0.012500000000000011,dup125,125,287289,18.35936289238145,norm_bet,1.0,0.0,0.0
0.95,0.012500000000000011,dup125,125,371395,23.734203472517255,cdf_eb,0.374,0.0,0.626
0.95,0.012500000000000011,dup125,125,371395,23.734203472517255,cdf_exact,0.7025,0.0,0.2975
0.95,0.012500000000000011,dup125,125,371395,23.734203472517255,exc_eb,1.0,0.0,0.0
0.95,0.012500000000000011,dup125,125,371395,23.734203472517255,exc_bet,1.0,0.0,0.0
0.95,0.012500000000000011,dup125,125,371395,23.734203472517255,counts_exact,1.0,0.0,0.0
0.95,0.012500000000000011,dup125,125,371395,23.734203472517255,norm_bet,1.0,0.0,0.0
0.95,0.012500000000000011,dup125,125,480123,30.68252661946284,cdf_eb,0.5875,0.0,0.4125
0.95,0.012500000000000011,dup125,125,480123,30.68252661946284,cdf_exact,0.8505,0.0,0.1495
0.95,0.012500000000000011,dup125,125,480123,30.68252661946284,exc_eb,1.0,0.0,0.0
0.95,0.012500000000000011,dup125,125,480123,30.68252661946284,exc_bet,1.0,0.0,0.0
0.95,0.012500000000000011,dup125,125,480123,30.68252661946284,counts_exact,1.0,0.0,0.0
0.95,0.012500000000000011,dup125,125,480123,30.68252661946284,norm_bet,1.0,0.0,0.0
0.95,0.012500000000000011,dup125,125,620683,39.6650913823084,cdf_eb,0.787,0.0,0.213
0.95,0.012500000000000011,dup125,125,620683,39.6650913823084,cdf_exact,0.953,0.0,0.047
0.95,0.012500000000000011,dup125,125,620683,39.6650913823084,exc_eb,1.0,0.0,0.0
0.95,0.012500000000000011,dup125,125,620683,39.6650913823084,exc_bet,1.0,0.0,0.0
0.95,0.012500000000000011,dup125,125,620683,39.6650913823084,counts_exact,1.0,0.0,0.0
0.95,0.012500000000000011,dup125,125,620683,39.6650913823084,norm_bet,1.0,0.0,0.0
0.95,0.012500000000000011,dup125,125,802392,51.277305813810266,cdf_eb,0.9315,0.0,0.0685
0.95,0.012500000000000011,dup125,125,802392,51.277305813810266,cdf_exact,0.991,0.0,0.009
0.95,0.012500000000000011,dup125,125,802392,51.277305813810266,exc_eb,1.0,0.0,0.0
0.95,0.012500000000000011,dup125,125,802392,51.277305813810266,exc_bet,1.0,0.0,0.0
0.95,0.012500000000000011,dup125,125,802392,51.277305813810266,counts_exact,1.0,0.0,0.0
0.95,0.012500000000000011,dup125,125,802392,51.277305813810266,norm_bet,1.0,0.0,0.0
0.95,0.012500000000000011,dup125,125,1037298,66.28910403649807,cdf_eb,0.987,0.0,0.013
0.95,0.012500000000000011,dup125,125,1037298,66.28910403649807,cdf_exact,0.9985,0.0,0.0015
0.95,0.012500000000000011,dup125,125,1037298,66.28910403649807,exc_eb,1.0,0.0,0.0
0.95,0.012500000000000011,dup125,125,1037298,66.28910403649807,exc_bet,1.0,0.0,0.0
0.95,0.012500000000000011,dup125,125,1037298,66.28910403649807,counts_exact,1.0,0.0,0.0
0.95,0.012500000000000011,dup125,125,1037298,66.28910403649807,norm_bet,1.0,0.0,0.0
0.95,0.012500000000000011,dup125,125,1340974,85.69568725307383,cdf_eb,0.999,0.0,0.001
0.95,0.012500000000000011,dup125,125,1340974,85.69568725307383,cdf_exact,1.0,0.0,0.0
0.95,0.012500000000000011,dup125,125,1340974,85.69568725307383,exc_eb,1.0,0.0,0.0
0.95,0.012500000000000011,dup125,125,1340974,85.69568725307383,exc_bet,1.0,0.0,0.0
0.95,0.012500000000000011,dup125,125,1340974,85.69568725307383,counts_exact,1.0,0.0,0.0
0.95,0.012500000000000011,dup125,125,1340974,85.69568725307383,norm_bet,1.0,0.0,0.0
0.95,0.012500000000000011,dup125,125,1733553,110.78366599548379,cdf_eb,1.0,0.0,0.0
0.95,0.012500000000000011,dup125,125,1733553,110.78366599548379,cdf_exact,1.0,0.0,0.0
0.95,0.012500000000000011,dup125,125,1733553,110.78366599548379,exc_eb,1.0,0.0,0.0
0.95,0.012500000000000011,dup125,125,1733553,110.78366599548379,exc_bet,1.0,0.0,0.0
0.95,0.012500000000000011,dup125,125,1733553,110.78366599548379,counts_exact,1.0,0.0,0.0
0.95,0.012500000000000011,dup125,125,1733553,110.78366599548379,norm_bet,1.0,0.0,0.0
0.95,0.012500000000000011,dup125,125,2241062,143.21631013483344,cdf_eb,1.0,0.0,0.0
0.95,0.012500000000000011,dup125,125,2241062,143.21631013483344,cdf_exact,1.0,0.0,0.0
0.95,0.012500000000000011,dup125,125,2241062,143.21631013483344,exc_eb,1.0,0.0,0.0
0.95,0.012500000000000011,dup125,125,2241062,143.21631013483344,exc_bet,1.0,0.0,0.0
0.95,0.012500000000000011,dup125,125,2241062,143.21631013483344,counts_exact,1.0,0.0,0.0
0.95,0.012500000000000011,dup125,125,2241062,143.21631013483344,norm_bet,1.0,0.0,0.0
0.95,0.012500000000000011,dup125,125,2897149,185.14391377428313,cdf_eb,1.0,0.0,0.0
0.95,0.012500000000000011,dup125,125,2897149,185.14391377428313,cdf_exact,1.0,0.0,0.0
0.95,0.012500000000000011,dup125,125,2897149,185.14391377428313,exc_eb,1.0,0.0,0.0
0.95,0.012500000000000011,dup125,125,2897149,185.14391377428313,exc_bet,1.0,0.0,0.0
0.95,0.012500000000000011,dup125,125,2897149,185.14391377428313,counts_exact,1.0,0.0,0.0
0.95,0.012500000000000011,dup125,125,2897149,185.14391377428313,norm_bet,1.0,0.0,0.0
0.95,0.012500000000000011,dup125,125,3745309,239.34604901371887,cdf_eb,1.0,0.0,0.0
0.95,0.012500000000000011,dup125,125,3745309,239.34604901371887,cdf_exact,1.0,0.0,0.0
0.95,0.012500000000000011,dup125,125,3745309,239.34604901371887,exc_eb,1.0,0.0,0.0
0.95,0.012500000000000011,dup125,125,3745309,239.34604901371887,exc_bet,1.0,0.0,0.0
0.95,0.012500000000000011,dup125,125,3745309,239.34604901371887,counts_exact,1.0,0.0,0.0
0.95,0.012500000000000011,dup125,125,3745309,239.34604901371887,norm_bet,1.0,0.0,0.0
0.95,0.012500000000000011,dup125,125,4841774,309.41625300271613,cdf_eb,1.0,0.0,0.0
0.95,0.012500000000000011,dup125,125,4841774,309.41625300271613,cdf_exact,1.0,0.0,0.0
0.95,0.012500000000000011,dup125,125,4841774,309.41625300271613,exc_eb,1.0,0.0,0.0
0.95,0.012500000000000011,dup125,125,4841774,309.41625300271613,exc_bet,1.0,0.0,0.0
0.95,0.012500000000000011,dup125,125,4841774,309.41625300271613,counts_exact,1.0,0.0,0.0
0.95,0.012500000000000011,dup125,125,4841774,309.41625300271613,norm_bet,1.0,0.0,0.0
0.95,0.012500000000000011,dup125,125,6259237,400.00001222608944,cdf_eb,1.0,0.0,0.0
0.95,0.012500000000000011,dup125,125,6259237,400.00001222608944,cdf_exact,1.0,0.0,0.0
0.95,0.012500000000000011,dup125,125,6259237,400.00001222608944,exc_eb,1.0,0.0,0.0
0.95,0.012500000000000011,dup125,125,6259237,400.00001222608944,exc_bet,1.0,0.0,0.0
0.95,0.012500000000000011,dup125,125,6259237,400.00001222608944,counts_exact,1.0,0.0,0.0
0.95,0.012500000000000011,dup125,125,6259237,400.00001222608944,norm_bet,1.0,0.0,0.0
0.9,0.024999999999999994,K2,2,184,0.049879645645454274,cdf_eb,0.0,0.0,1.0
0.9,0.024999999999999994,K2,2,184,0.049879645645454274,cdf_exact,0.024,0.01,0.966
0.9,0.024999999999999994,K2,2,184,0.049879645645454274,exc_eb,0.0,0.0,1.0
0.9,0.024999999999999994,K2,2,184,0.049879645645454274,exc_bet,0.0,0.0,1.0
0.9,0.024999999999999994,K2,2,184,0.049879645645454274,counts_exact,0.0295,0.0055,0.965
0.9,0.024999999999999994,K2,2,184,0.049879645645454274,norm_bet,0.0,0.0,1.0
0.9,0.024999999999999994,K2,2,238,0.06451823730227238,cdf_eb,0.0,0.0,1.0
0.9,0.024999999999999994,K2,2,238,0.06451823730227238,cdf_exact,0.0275,0.0145,0.958
0.9,0.024999999999999994,K2,2,238,0.06451823730227238,exc_eb,0.0,0.0,1.0
0.9,0.024999999999999994,K2,2,238,0.06451823730227238,exc_bet,0.0,0.0,1.0
0.9,0.024999999999999994,K2,2,238,0.06451823730227238,counts_exact,0.0355,0.002,0.9625
0.9,0.024999999999999994,K2,2,238,0.06451823730227238,norm_bet,0.0,0.0,1.0
0.9,0.024999999999999994,K2,2,308,0.08349418944999955,cdf_eb,0.0,0.0,1.0
0.9,0.024999999999999994,K2,2,308,0.08349418944999955,cdf_exact,0.0395,0.0125,0.948
0.9,0.024999999999999994,K2,2,308,0.08349418944999955,exc_eb,0.0,0.0,1.0
0.9,0.024999999999999994,K2,2,308,0.08349418944999955,exc_bet,0.0,0.0,1.0
0.9,0.024999999999999994,K2,2,308,0.08349418944999955,counts_exact,0.0485,0.0055,0.946
0.9,0.024999999999999994,K2,2,308,0.08349418944999955,norm_bet,0.0,0.0,1.0
0.9,0.024999999999999994,K2,2,398,0.10789184221136305,cdf_eb,0.0,0.0,1.0
0.9,0.024999999999999994,K2,2,398,0.10789184221136305,cdf_exact,0.041,0.0115,0.9475
0.9,0.024999999999999994,K2,2,398,0.10789184221136305,exc_eb,0.0,0.0,1.0
0.9,0.024999999999999994,K2,2,398,0.10789184221136305,exc_bet,0.0,0.0,1.0
0.9,0.024999999999999994,K2,2,398,0.10789184221136305,counts_exact,0.0675,0.0045,0.928
0.9,0.024999999999999994,K2,2,398,0.10789184221136305,norm_bet,0.001,0.0,0.999
0.9,0.024999999999999994,K2,2,515,0.1396087908011356,cdf_eb,0.0005,0.0,0.9995
0.9,0.024999999999999994,K2,2,515,0.1396087908011356,cdf_exact,0.037,0.014,0.949
0.9,0.024999999999999994,K2,2,515,0.1396087908011356,exc_eb,0.0,0.0,1.0
0.9,0.024999999999999994,K2,2,515,0.1396087908011356,exc_bet,0.006,0.0,0.994
0.9,0.024999999999999994,K2,2,515,0.1396087908011356,counts_exact,0.093,0.0065,0.9005
0.9,0.024999999999999994,K2,2,515,0.1396087908011356,norm_bet,0.0035,0.0,0.9965
0.9,0.024999999999999994,K2,2,666,0.18054263043408994,cdf_eb,0.0005,0.0,0.9995
0.9,0.024999999999999994,K2,2,666,0.18054263043408994,cdf_exact,0.039,0.009,0.952
0.9,0.024999999999999994,K2,2,666,0.18054263043408994,exc_eb,0.0,0.0,1.0
0.9,0.024999999999999994,K2,2,666,0.18054263043408994,exc_bet,0.017,0.0005,0.9825
0.9,0.024999999999999994,K2,2,666,0.18054263043408994,counts_exact,0.112,0.004,0.884
0.9,0.024999999999999994,K2,2,666,0.18054263043408994,norm_bet,0.016,0.0,0.984
0.9,0.024999999999999994,K2,2,861,0.2334042114170442,cdf_eb,0.0,0.0,1.0
0.9,0.024999999999999994,K2,2,861,0.2334042114170442,cdf_exact,0.056,0.0125,0.9315
0.9,0.024999999999999994,K2,2,861,0.2334042114170442,exc_eb,0.0005,0.0,0.9995
0.9,0.024999999999999994,K2,2,861,0.2334042114170442,exc_bet,0.03,0.001,0.969
0.9,0.024999999999999994,K2,2,861,0.2334042114170442,counts_exact,0.145,0.0035,0.8515
0.9,0.024999999999999994,K2,2,861,0.2334042114170442,norm_bet,0.026,0.0005,0.9735
0.9,0.024999999999999994,K2,2,1113,0.301717639148862,cdf_eb,0.0,0.0,1.0
0.9,0.024999999999999994,K2,2,1113,0.301717639148862,cdf_exact,0.059,0.012,0.929
0.9,0.024999999999999994,K2,2,1113,0.301717639148862,exc_eb,0.0015,0.0,0.9985
0.9,0.024999999999999994,K2,2,1113,0.301717639148862,exc_bet,0.062,0.0,0.938
0.9,0.024999999999999994,K2,2,1113,0.301717639148862,counts_exact,0.212,0.0025,0.7855
0.9,0.024999999999999994,K2,2,1113,0.301717639148862,norm_bet,0.056,0.0005,0.9435
0.9,0.024999999999999994,K2,2,1439,0.39009135915113424,cdf_eb,0.0015,0.0,0.9985
0.9,0.024999999999999994,K2,2,1439,0.39009135915113424,cdf_exact,0.067,0.007,0.926
0.9,0.024999999999999994,K2,2,1439,0.39009135915113424,exc_eb,0.0025,0.0,0.9975
0.9,0.024999999999999994,K2,2,1439,0.39009135915113424,exc_bet,0.0815,0.0005,0.918
0.9,0.024999999999999994,K2,2,1439,0.39009135915113424,counts_exact,0.2815,0.0015,0.717
0.9,0.024999999999999994,K2,2,1439,0.39009135915113424,norm_bet,0.0875,0.0,0.9125
0.9,0.024999999999999994,K2,2,1860,0.5042181570681791,cdf_eb,0.0005,0.0,0.9995
0.9,0.024999999999999994,K2,2,1860,0.5042181570681791,cdf_exact,0.0715,0.008,0.9205
0.9,0.024999999999999994,K2,2,1860,0.5042181570681791,exc_eb,0.0085,0.0,0.9915
0.9,0.024999999999999994,K2,2,1860,0.5042181570681791,exc_bet,0.0975,0.0005,0.902
0.9,0.024999999999999994,K2,2,1860,0.5042181570681791,counts_exact,0.342,0.0005,0.6575
0.9,0.024999999999999994,K2,2,1860,0.5042181570681791,norm_bet,0.1055,0.0,0.8945
0.9,0.024999999999999994,K2,2,2405,0.6519594987897692,cdf_eb,0.001,0.0,0.999
0.9,0.024999999999999994,K2,2,2405,0.6519594987897692,cdf_exact,0.093,0.008,0.899
0.9,0.024999999999999994,K2,2,2405,0.6519594987897692,exc_eb,0.013,0.0,0.987
0.9,0.024999999999999994,K2,2,2405,0.6519594987897692,exc_bet,0.1175,0.0,0.8825
0.9,0.024999999999999994,K2,2,2405,0.6519594987897692,counts_exact,0.416,0.001,0.583
0.9,0.024999999999999994,K2,2,2405,0.6519594987897692,norm_bet,0.121,0.0,0.879
0.9,0.024999999999999994,K2,2,3108,0.8425322753590864,cdf_eb,0.0025,0.0,0.9975
0.9,0.024999999999999994,K2,2,3108,0.8425322753590864,cdf_exact,0.0985,0.006,0.8955
0.9,0.024999999999999994,K2,2,3108,0.8425322753590864,exc_eb,0.0305,0.0,0.9695
0.9,0.024999999999999994,K2,2,3108,0.8425322753590864,exc_bet,0.1595,0.0,0.8405
0.9,0.024999999999999994,K2,2,3108,0.8425322753590864,counts_exact,0.5485,0.0,0.4515
0.9,0.024999999999999994,K2,2,3108,0.8425322753590864,norm_bet,0.1715,0.0,0.8285
0.9,0.024999999999999994,K2,2,4019,1.0894907383102215,cdf_eb,0.003,0.0005,0.9965
0.9,0.024999999999999994,K2,2,4019,1.0894907383102215,cdf_exact,0.1265,0.007,0.8665
0.9,0.024999999999999994,K2,2,4019,1.0894907383102215,exc_eb,0.073,0.0,0.927
0.9,0.024999999999999994,K2,2,4019,1.0894907383102215,exc_bet,0.1975,0.0,0.8025
0.9,0.024999999999999994,K2,2,4019,1.0894907383102215,counts_exact,0.662,0.0005,0.3375
0.9,0.024999999999999994,K2,2,4019,1.0894907383102215,norm_bet,0.216,0.0,0.784
0.9,0.024999999999999994,K2,2,5195,1.4082867343920378,cdf_eb,0.005,0.0,0.995
0.9,0.024999999999999994,K2,2,5195,1.4082867343920378,cdf_exact,0.1395,0.0035,0.857
0.9,0.024999999999999994,K2,2,5195,1.4082867343920378,exc_eb,0.1695,0.0,0.8305
0.9,0.024999999999999994,K2,2,5195,1.4082867343920378,exc_bet,0.316,0.0,0.684
0.9,0.024999999999999994,K2,2,5195,1.4082867343920378,counts_exact,0.794,0.0,0.206
0.9,0.024999999999999994,K2,2,5195,1.4082867343920378,norm_bet,0.332,0.0,0.668
0.9,0.024999999999999994,K2,2,6716,1.8206070660590812,cdf_eb,0.01,0.0,0.99
0.9,0.024999999999999994,K2,2,6716,1.8206070660590812,cdf_exact,0.1805,0.002,0.8175
0.9,0.024999999999999994,K2,2,6716,1.8206070660590812,exc_eb,0.312,0.0,0.688
0.9,0.024999999999999994,K2,2,6716,1.8206070660590812,exc_bet,0.4405,0.0,0.5595
0.9,0.024999999999999994,K2,2,6716,1.8206070660590812,counts_exact,0.8845,0.0,0.1155
0.9,0.024999999999999994,K2,2,6716,1.8206070660590812,norm_bet,0.4815,0.0,0.5185
0.9,0.024999999999999994,K2,2,8682,2.3535602363795327,cdf_eb,0.0175,0.0,0.9825
0.9,0.024999999999999994,K2,2,8682,2.3535602363795327,cdf_exact,0.219,0.0035,0.7775
0.9,0.024999999999999994,K2,2,8682,2.3535602363795327,exc_eb,0.4575,0.0,0.5425
0.9,0.024999999999999994,K2,2,8682,2.3535602363795327,exc_bet,0.5805,0.0,0.4195
0.9,0.024999999999999994,K2,2,8682,2.3535602363795327,counts_exact,0.9505,0.0,0.0495
0.9,0.024999999999999994,K2,2,8682,2.3535602363795327,norm_bet,0.618,0.0,0.382
0.9,0.024999999999999994,K2,2,11224,3.042658384372711,cdf_eb,0.031,0.0,0.969
0.9,0.024999999999999994,K2,2,11224,3.042658384372711,cdf_exact,0.291,0.0035,0.7055
0.9,0.024999999999999994,K2,2,11224,3.042658384372711,exc_eb,0.7015,0.0,0.2985
0.9,0.024999999999999994,K2,2,11224,3.042658384372711,exc_bet,0.7605,0.0,0.2395
0.9,0.024999999999999994,K2,2,11224,3.042658384372711,counts_exact,0.982,0.0,0.018
0.9,0.024999999999999994,K2,2,11224,3.042658384372711,norm_bet,0.803,0.0,0.197
0.9,0.024999999999999994,K2,2,14509,3.933172710162479,cdf_eb,0.05,0.0,0.95
0.9,0.024999999999999994,K2,2,14509,3.933172710162479,cdf_exact,0.34,0.0005,0.6595
0.9,0.024999999999999994,K2,2,14509,3.933172710162479,exc_eb,0.8775,0.0,0.1225
0.9,0.024999999999999994,K2,2,14509,3.933172710162479,exc_bet,0.895,0.0,0.105
0.9,0.024999999999999994,K2,2,14509,3.933172710162479,counts_exact,0.999,0.0,0.001
0.9,0.024999999999999994,K2,2,14509,3.933172710162479,norm_bet,0.915,0.0,0.085
0.9,0.024999999999999994,K2,2,18757,5.084741920498836,cdf_eb,0.085,0.0,0.915
0.9,0.024999999999999994,K2,2,18757,5.084741920498836,cdf_exact,0.4275,0.0,0.5725
0.9,0.024999999999999994,K2,2,18757,5.084741920498836,exc_eb,0.9775,0.0,0.0225
0.9,0.024999999999999994,K2,2,18757,5.084741920498836,exc_bet,0.979,0.0,0.021
0.9,0.024999999999999994,K2,2,18757,5.084741920498836,counts_exact,1.0,0.0,0.0
0.9,0.024999999999999994,K2,2,18757,5.084741920498836,norm_bet,0.987,0.0,0.013
0.9,0.024999999999999994,K2,2,24248,6.573269823972692,cdf_eb,0.1265,0.0,0.8735
0.9,0.024999999999999994,K2,2,24248,6.573269823972692,cdf_exact,0.5175,0.0005,0.482
0.9,0.024999999999999994,K2,2,24248,6.573269823972692,exc_eb,0.992,0.0,0.008
0.9,0.024999999999999994,K2,2,24248,6.573269823972692,exc_bet,0.992,0.0,0.008
0.9,0.024999999999999994,K2,2,24248,6.573269823972692,counts_exact,1.0,0.0,0.0
0.9,0.024999999999999994,K2,2,24248,6.573269823972692,norm_bet,0.9965,0.0,0.0035
0.9,0.024999999999999994,K2,2,31347,8.497702456782909,cdf_eb,0.202,0.0,0.798
0.9,0.024999999999999994,K2,2,31347,8.497702456782909,cdf_exact,0.628,0.0,0.372
0.9,0.024999999999999994,K2,2,31347,8.497702456782909,exc_eb,1.0,0.0,0.0
0.9,0.024999999999999994,K2,2,31347,8.497702456782909,exc_bet,1.0,0.0,0.0
0.9,0.024999999999999994,K2,2,31347,8.497702456782909,counts_exact,1.0,0.0,0.0
0.9,0.024999999999999994,K2,2,31347,8.497702456782909,norm_bet,1.0,0.0,0.0
0.9,0.024999999999999994,K2,2,40525,10.985720868380623,cdf_eb,0.314,0.0,0.686
0.9,0.024999999999999994,K2,2,40525,10.985720868380623,cdf_exact,0.7355,0.0005,0.264
0.9,0.024999999999999994,K2,2,40525,10.985720868380623,exc_eb,1.0,0.0,0.0
0.9,0.024999999999999994,K2,2,40525,10.985720868380623,exc_bet,1.0,0.0,0.0
0.9,0.024999999999999994,K2,2,40525,10.985720868380623,counts_exact,1.0,0.0,0.0
0.9,0.024999999999999994,K2,2,40525,10.985720868380623,norm_bet,1.0,0.0,0.0
0.9,0.024999999999999994,K2,2,52388,14.201602587359014,cdf_eb,0.457,0.0,0.543
0.9,0.024999999999999994,K2,2,52388,14.201602587359014,cdf_exact,0.832,0.0005,0.1675
0.9,0.024999999999999994,K2,2,52388,14.201602587359014,exc_eb,1.0,0.0,0.0
0.9,0.024999999999999994,K2,2,52388,14.201602587359014,exc_bet,1.0,0.0,0.0
0.9,0.024999999999999994,K2,2,52388,14.201602587359014,counts_exact,1.0,0.0,0.0
0.9,0.024999999999999994,K2,2,52388,14.201602587359014,norm_bet,1.0,0.0,0.0
0.9,0.024999999999999994,K2,2,67725,18.359233702926037,cdf_eb,0.62,0.0,0.38
0.9,0.024999999999999994,K2,2,67725,18.359233702926037,cdf_exact,0.9165,0.0,0.0835
0.9,0.024999999999999994,K2,2,67725,18.359233702926037,exc_eb,1.0,0.0,0.0
0.9,0.024999999999999994,K2,2,67725,18.359233702926037,exc_bet,1.0,0.0,0.0
0.9,0.024999999999999994,K2,2,67725,18.359233702926037,counts_exact,1.0,0.0,0.0
0.9,0.024999999999999994,K2,2,67725,18.359233702926037,norm_bet,1.0,0.0,0.0
0.9,0.024999999999999994,K2,2,87553,23.7343076912851,cdf_eb,0.7545,0.0,0.2455
0.9,0.024999999999999994,K2,2,87553,23.7343076912851,cdf_exact,0.968,0.0,0.032
0.9,0.024999999999999994,K2,2,87553,23.7343076912851,exc_eb,1.0,0.0,0.0
0.9,0.024999999999999994,K2,2,87553,23.7343076912851,exc_bet,1.0,0.0,0.0
0.9,0.024999999999999994,K2,2,87553,23.7343076912851,counts_exact,1.0,0.0,0.0
0.9,0.024999999999999994,K2,2,87553,23.7343076912851,norm_bet,1.0,0.0,0.0
0.9,0.024999999999999994,K2,2,113184,30.682488112690745,cdf_eb,0.905,0.0,0.095
0.9,0.024999999999999994,K2,2,113184,30.682488112690745,cdf_exact,0.993,0.0,0.007
0.9,0.024999999999999994,K2,2,113184,30.682488112690745,exc_eb,1.0,0.0,0.0
0.9,0.024999999999999994,K2,2,113184,30.682488112690745,exc_bet,1.0,0.0,0.0
0.9,0.024999999999999994,K2,2,113184,30.682488112690745,counts_exact,1.0,0.0,0.0
0.9,0.024999999999999994,K2,2,113184,30.682488112690745,norm_bet,1.0,0.0,0.0
0.9,0.024999999999999994,K2,2,146320,39.66516168936342,cdf_eb,0.958,0.0,0.042
0.9,0.024999999999999994,K2,2,146320,39.66516168936342,cdf_exact,0.9975,0.0,0.0025
0.9,0.024999999999999994,K2,2,146320,39.66516168936342,exc_eb,1.0,0.0,0.0
0.9,0.024999999999999994,K2,2,146320,39.66516168936342,exc_bet,1.0,0.0,0.0
0.9,0.024999999999999994,K2,2,146320,39.66516168936342,counts_exact,1.0,0.0,0.0
0.9,0.024999999999999994,K2,2,146320,39.66516168936342,norm_bet,1.0,0.0,0.0
0.9,0.024999999999999994,K2,2,189156,51.27736006364972,cdf_eb,0.994,0.0,0.006
0.9,0.024999999999999994,K2,2,189156,51.27736006364972,cdf_exact,1.0,0.0,0.0
0.9,0.024999999999999994,K2,2,189156,51.27736006364972,exc_eb,1.0,0.0,0.0
0.9,0.024999999999999994,K2,2,189156,51.27736006364972,exc_bet,1.0,0.0,0.0
0.9,0.024999999999999994,K2,2,189156,51.27736006364972,counts_exact,1.0,0.0,0.0
0.9,0.024999999999999994,K2,2,189156,51.27736006364972,norm_bet,1.0,0.0,0.0
0.9,0.024999999999999994,K2,2,244532,66.288964722686,cdf_eb,0.9995,0.0,0.0005
0.9,0.024999999999999994,K2,2,244532,66.288964722686,cdf_exact,1.0,0.0,0.0
0.9,0.024999999999999994,K2,2,244532,66.288964722686,exc_eb,1.0,0.0,0.0
0.9,0.024999999999999994,K2,2,244532,66.288964722686,exc_bet,1.0,0.0,0.0
0.9,0.024999999999999994,K2,2,244532,66.288964722686,counts_exact,1.0,0.0,0.0
0.9,0.024999999999999994,K2,2,244532,66.288964722686,norm_bet,1.0,0.0,0.0
0.9,0.024999999999999994,K2,2,316121,85.69567098416658,cdf_eb,1.0,0.0,0.0
0.9,0.024999999999999994,K2,2,316121,85.69567098416658,cdf_exact,1.0,0.0,0.0
0.9,0.024999999999999994,K2,2,316121,85.69567098416658,exc_eb,1.0,0.0,0.0
0.9,0.024999999999999994,K2,2,316121,85.69567098416658,exc_bet,1.0,0.0,0.0
0.9,0.024999999999999994,K2,2,316121,85.69567098416658,counts_exact,1.0,0.0,0.0
0.9,0.024999999999999994,K2,2,316121,85.69567098416658,norm_bet,1.0,0.0,0.0
0.9,0.024999999999999994,K2,2,408668,110.78377731867667,cdf_eb,1.0,0.0,0.0
0.9,0.024999999999999994,K2,2,408668,110.78377731867667,cdf_exact,1.0,0.0,0.0
0.9,0.024999999999999994,K2,2,408668,110.78377731867667,exc_eb,1.0,0.0,0.0
0.9,0.024999999999999994,K2,2,408668,110.78377731867667,exc_bet,1.0,0.0,0.0
0.9,0.024999999999999994,K2,2,408668,110.78377731867667,counts_exact,1.0,0.0,0.0
0.9,0.024999999999999994,K2,2,408668,110.78377731867667,norm_bet,1.0,0.0,0.0
0.9,0.024999999999999994,K2,2,528308,143.21639038944923,cdf_eb,1.0,0.0,0.0
0.9,0.024999999999999994,K2,2,528308,143.21639038944923,cdf_exact,1.0,0.0,0.0
0.9,0.024999999999999994,K2,2,528308,143.21639038944923,exc_eb,1.0,0.0,0.0
0.9,0.024999999999999994,K2,2,528308,143.21639038944923,exc_bet,1.0,0.0,0.0
0.9,0.024999999999999994,K2,2,528308,143.21639038944923,counts_exact,1.0,0.0,0.0
0.9,0.024999999999999994,K2,2,528308,143.21639038944923,norm_bet,1.0,0.0,0.0
0.9,0.024999999999999994,K2,2,682974,185.1440277448831,cdf_eb,1.0,0.0,0.0
0.9,0.024999999999999994,K2,2,682974,185.1440277448831,cdf_exact,1.0,0.0,0.0
0.9,0.024999999999999994,K2,2,682974,185.1440277448831,exc_eb,1.0,0.0,0.0
0.9,0.024999999999999994,K2,2,682974,185.1440277448831,exc_bet,1.0,0.0,0.0
0.9,0.024999999999999994,K2,2,682974,185.1440277448831,counts_exact,1.0,0.0,0.0
0.9,0.024999999999999994,K2,2,682974,185.1440277448831,norm_bet,1.0,0.0,0.0
0.9,0.024999999999999994,K2,2,882919,239.34612420455895,cdf_eb,1.0,0.0,0.0
0.9,0.024999999999999994,K2,2,882919,239.34612420455895,cdf_exact,1.0,0.0,0.0
0.9,0.024999999999999994,K2,2,882919,239.34612420455895,exc_eb,1.0,0.0,0.0
0.9,0.024999999999999994,K2,2,882919,239.34612420455895,exc_bet,1.0,0.0,0.0
0.9,0.024999999999999994,K2,2,882919,239.34612420455895,counts_exact,1.0,0.0,0.0
0.9,0.024999999999999994,K2,2,882919,239.34612420455895,norm_bet,1.0,0.0,0.0
0.9,0.024999999999999994,K2,2,1141399,309.4161829351949,cdf_eb,1.0,0.0,0.0
0.9,0.024999999999999994,K2,2,1141399,309.4161829351949,cdf_exact,1.0,0.0,0.0
0.9,0.024999999999999994,K2,2,1141399,309.4161829351949,exc_eb,1.0,0.0,0.0
0.9,0.024999999999999994,K2,2,1141399,309.4161829351949,exc_bet,1.0,0.0,0.0
0.9,0.024999999999999994,K2,2,1141399,309.4161829351949,counts_exact,1.0,0.0,0.0
0.9,0.024999999999999994,K2,2,1141399,309.4161829351949,norm_bet,1.0,0.0,0.0
0.9,0.024999999999999994,K2,2,1475552,400.00005919261605,cdf_eb,1.0,0.0,0.0
0.9,0.024999999999999994,K2,2,1475552,400.00005919261605,cdf_exact,1.0,0.0,0.0
0.9,0.024999999999999994,K2,2,1475552,400.00005919261605,exc_eb,1.0,0.0,0.0
0.9,0.024999999999999994,K2,2,1475552,400.00005919261605,exc_bet,1.0,0.0,0.0
0.9,0.024999999999999994,K2,2,1475552,400.00005919261605,counts_exact,1.0,0.0,0.0
0.9,0.024999999999999994,K2,2,1475552,400.00005919261605,norm_bet,1.0,0.0,0.0
0.9,0.024999999999999994,K5,5,230,0.04994386541887394,cdf_eb,0.0,0.0,1.0
0.9,0.024999999999999994,K5,5,230,0.04994386541887394,cdf_exact,0.0125,0.0245,0.963
0.9,0.024999999999999994,K5,5,230,0.04994386541887394,exc_eb,0.0,0.0,1.0
0.9,0.024999999999999994,K5,5,230,0.04994386541887394,exc_bet,0.0,0.0,1.0
0.9,0.024999999999999994,K5,5,230,0.04994386541887394,counts_exact,0.012,0.007,0.981
0.9,0.024999999999999994,K5,5,230,0.04994386541887394,norm_bet,0.0,0.0,1.0
0.9,0.024999999999999994,K5,5,298,0.0647098778035845,cdf_eb,0.0,0.0,1.0
0.9,0.024999999999999994,K5,5,298,0.0647098778035845,cdf_exact,0.012,0.0155,0.9725
0.9,0.024999999999999994,K5,5,298,0.0647098778035845,exc_eb,0.0,0.0,1.0
0.9,0.024999999999999994,K5,5,298,0.0647098778035845,exc_bet,0.0,0.0,1.0
0.9,0.024999999999999994,K5,5,298,0.0647098778035845,counts_exact,0.0165,0.007,0.9765
0.9,0.024999999999999994,K5,5,298,0.0647098778035845,norm_bet,0.0,0.0,1.0
0.9,0.024999999999999994,K5,5,385,0.08360168776637594,cdf_eb,0.0,0.0,1.0
0.9,0.024999999999999994,K5,5,385,0.08360168776637594,cdf_exact,0.013,0.0225,0.9645
0.9,0.024999999999999994,K5,5,385,0.08360168776637594,exc_eb,0.0,0.0,1.0
0.9,0.024999999999999994,K5,5,385,0.08360168776637594,exc_bet,0.0,0.0,1.0
0.9,0.024999999999999994,K5,5,385,0.08360168776637594,counts_exact,0.0335,0.007,0.9595
0.9,0.024999999999999994,K5,5,385,0.08360168776637594,norm_bet,0.0,0.0,1.0
0.9,0.024999999999999994,K5,5,497,0.10792217875295804,cdf_eb,0.0,0.0,1.0
0.9,0.024999999999999994,K5,5,497,0.10792217875295804,cdf_exact,0.0105,0.0175,0.972
0.9,0.024999999999999994,K5,5,497,0.10792217875295804,exc_eb,0.0,0.0,1.0
0.9,0.024999999999999994,K5,5,497,0.10792217875295804,exc_bet,0.001,0.0,0.999
0.9,0.024999999999999994,K5,5,497,0.10792217875295804,counts_exact,0.037,0.005,0.958
0.9,0.024999999999999994,K5,5,497,0.10792217875295804,norm_bet,0.0,0.0,1.0
0.9,0.024999999999999994,K5,5,643,0.1396256759318954,cdf_eb,0.0,0.0,1.0
0.9,0.024999999999999994,K5,5,643,0.1396256759318954,cdf_exact,0.0255,0.022,0.9525
0.9,0.024999999999999994,K5,5,643,0.1396256759318954,exc_eb,0.0,0.0,1.0
0.9,0.024999999999999994,K5,5,643,0.1396256759318954,exc_bet,0.0025,0.001,0.9965
0.9,0.024999999999999994,K5,5,643,0.1396256759318954,counts_exact,0.051,0.007,0.942
0.9,0.024999999999999994,K5,5,643,0.1396256759318954,norm_bet,0.001,0.0,0.999
0.9,0.024999999999999994,K5,5,831,0.18044935723080105,cdf_eb,0.0,0.0,1.0
0.9,0.024999999999999994,K5,5,831,0.18044935723080105,cdf_exact,0.0245,0.0195,0.956
0.9,0.024999999999999994,K5,5,831,0.18044935723080105,exc_eb,0.0,0.0,1.0
0.9,0.024999999999999994,K5,5,831,0.18044935723080105,exc_bet,0.0085,0.001,0.9905
0.9,0.024999999999999994,K5,5,831,0.18044935723080105,counts_exact,0.0835,0.004,0.9125
0.9,0.024999999999999994,K5,5,831,0.18044935723080105,norm_bet,0.0085,0.001,0.9905
0.9,0.024999999999999994,K5,5,1075,0.23343328402299776,cdf_eb,0.0,0.0,1.0
0.9,0.024999999999999994,K5,5,1075,0.23343328402299776,cdf_exact,0.0255,0.017,0.9575
0.9,0.024999999999999994,K5,5,1075,0.23343328402299776,exc_eb,0.0,0.0,1.0
0.9,0.024999999999999994,K5,5,1075,0.23343328402299776,exc_bet,0.0225,0.0,0.9775
0.9,0.024999999999999994,K5,5,1075,0.23343328402299776,counts_exact,0.107,0.0045,0.8885
0.9,0.024999999999999994,K5,5,1075,0.23343328402299776,norm_bet,0.021,0.0,0.979
0.9,0.024999999999999994,K5,5,1389,0.3016175176818083,cdf_eb,0.0,0.0,1.0
0.9,0.024999999999999994,K5,5,1389,0.3016175176818083,cdf_exact,0.032,0.0135,0.9545
0.9,0.024999999999999994,K5,5,1389,0.3016175176818083,exc_eb,0.0,0.0,1.0
0.9,0.024999999999999994,K5,5,1389,0.3016175176818083,exc_bet,0.0425,0.0015,0.956
0.9,0.024999999999999994,K5,5,1389,0.3016175176818083,counts_exact,0.1495,0.0025,0.848
0.9,0.024999999999999994,K5,5,1389,0.3016175176818083,norm_bet,0.0335,0.0005,0.966
0.9,0.024999999999999994,K5,5,1796,0.38999644474912,cdf_eb,0.0,0.0,1.0
0.9,0.024999999999999994,K5,5,1796,0.38999644474912,cdf_exact,0.0345,0.011,0.9545
0.9,0.024999999999999994,K5,5,1796,0.38999644474912,exc_eb,0.0005,0.0,0.9995
0.9,0.024999999999999994,K5,5,1796,0.38999644474912,exc_bet,0.0585,0.0,0.9415
0.9,0.024999999999999994,K5,5,1796,0.38999644474912,counts_exact,0.2125,0.003,0.7845
0.9,0.024999999999999994,K5,5,1796,0.38999644474912,norm_bet,0.054,0.0,0.946
0.9,0.024999999999999994,K5,5,2322,0.5042158934896752,cdf_eb,0.0,0.0,1.0
0.9,0.024999999999999994,K5,5,2322,0.5042158934896752,cdf_exact,0.0465,0.0145,0.939
0.9,0.024999999999999994,K5,5,2322,0.5042158934896752,exc_eb,0.003,0.0,0.997
0.9,0.024999999999999994,K5,5,2322,0.5042158934896752,exc_bet,0.079,0.0,0.921
0.9,0.024999999999999994,K5,5,2322,0.5042158934896752,counts_exact,0.268,0.0005,0.7315
0.9,0.024999999999999994,K5,5,2322,0.5042158934896752,norm_bet,0.075,0.0,0.925
0.9,0.024999999999999994,K5,5,3002,0.6518760173367807,cdf_eb,0.0005,0.0,0.9995
0.9,0.024999999999999994,K5,5,3002,0.6518760173367807,cdf_exact,0.053,0.0095,0.9375
0.9,0.024999999999999994,K5,5,3002,0.6518760173367807,exc_eb,0.0075,0.0,0.9925
0.9,0.024999999999999994,K5,5,3002,0.6518760173367807,exc_bet,0.1055,0.0005,0.894
0.9,0.024999999999999994,K5,5,3002,0.6518760173367807,counts_exact,0.4125,0.004,0.5835
0.9,0.024999999999999994,K5,5,3002,0.6518760173367807,norm_bet,0.1115,0.0,0.8885
0.9,0.024999999999999994,K5,5,3881,0.8427484421332598,cdf_eb,0.001,0.0,0.999
0.9,0.024999999999999994,K5,5,3881,0.8427484421332598,cdf_exact,0.057,0.0075,0.9355
0.9,0.024999999999999994,K5,5,3881,0.8427484421332598,exc_eb,0.0255,0.0,0.9745
0.9,0.024999999999999994,K5,5,3881,0.8427484421332598,exc_bet,0.1315,0.0,0.8685
0.9,0.024999999999999994,K5,5,3881,0.8427484421332598,counts_exact,0.5145,0.0005,0.485
0.9,0.024999999999999994,K5,5,3881,0.8427484421332598,norm_bet,0.14,0.0,0.86
0.9,0.024999999999999994,K5,5,5017,1.0894277078543069,cdf_eb,0.003,0.0,0.997
0.9,0.024999999999999994,K5,5,5017,1.0894277078543069,cdf_exact,0.077,0.005,0.918
0.9,0.024999999999999994,K5,5,5017,1.0894277078543069,exc_eb,0.0635,0.0,0.9365
0.9,0.024999999999999994,K5,5,5017,1.0894277078543069,exc_bet,0.204,0.0,0.796
0.9,0.024999999999999994,K5,5,5017,1.0894277078543069,counts_exact,0.6665,0.0,0.3335
0.9,0.024999999999999994,K5,5,5017,1.0894277078543069,norm_bet,0.2145,0.0,0.7855
0.9,0.024999999999999994,K5,5,6485,1.4081998575712935,cdf_eb,0.002,0.0,0.998
0.9,0.024999999999999994,K5,5,6485,1.4081998575712935,cdf_exact,0.0935,0.0035,0.903
0.9,0.024999999999999994,K5,5,6485,1.4081998575712935,exc_eb,0.15,0.0,0.85
0.9,0.024999999999999994,K5,5,6485,1.4081998575712935,exc_bet,0.2955,0.0,0.7045
0.9,0.024999999999999994,K5,5,6485,1.4081998575712935,counts_exact,0.7775,0.0,0.2225
0.9,0.024999999999999994,K5,5,6485,1.4081998575712935,norm_bet,0.321,0.0,0.679
0.9,0.024999999999999994,K5,5,8384,1.820562468138431,cdf_eb,0.007,0.0,0.993
0.9,0.024999999999999994,K5,5,8384,1.820562468138431,cdf_exact,0.129,0.003,0.868
0.9,0.024999999999999994,K5,5,8384,1.820562468138431,exc_eb,0.277,0.0,0.723
0.9,0.024999999999999994,K5,5,8384,1.820562468138431,exc_bet,0.4365,0.0,0.5635
0.9,0.024999999999999994,K5,5,8384,1.820562468138431,counts_exact,0.89,0.0,0.11
0.9,0.024999999999999994,K5,5,8384,1.820562468138431,norm_bet,0.466,0.0,0.534
0.9,0.024999999999999994,K5,5,10838,2.3534417974337205,cdf_eb,0.013,0.0,0.987
0.9,0.024999999999999994,K5,5,10838,2.3534417974337205,cdf_exact,0.1565,0.0035,0.84
0.9,0.024999999999999994,K5,5,10838,2.3534417974337205,exc_eb,0.5375,0.0,0.4625
0.9,0.024999999999999994,K5,5,10838,2.3534417974337205,exc_bet,0.622,0.0,0.378
0.9,0.024999999999999994,K5,5,10838,2.3534417974337205,counts_exact,0.954,0.0,0.046
0.9,0.024999999999999994,K5,5,10838,2.3534417974337205,norm_bet,0.66,0.0,0.34
0.9,0.024999999999999994,K5,5,14012,3.042667140214181,cdf_eb,0.023,0.0,0.977
0.9,0.024999999999999994,K5,5,14012,3.042667140214181,cdf_exact,0.21,0.0025,0.7875
0.9,0.024999999999999994,K5,5,14012,3.042667140214181,exc_eb,0.7405,0.0,0.2595
0.9,0.024999999999999994,K5,5,14012,3.042667140214181,exc_bet,0.786,0.0,0.214
0.9,0.024999999999999994,K5,5,14012,3.042667140214181,counts_exact,0.9885,0.0,0.0115
0.9,0.024999999999999994,K5,5,14012,3.042667140214181,norm_bet,0.828,0.0,0.172
0.9,0.024999999999999994,K5,5,18113,3.9331879753567986,cdf_eb,0.039,0.0,0.961
0.9,0.024999999999999994,K5,5,18113,3.9331879753567986,cdf_exact,0.2865,0.001,0.7125
0.9,0.024999999999999994,K5,5,18113,3.9331879753567986,exc_eb,0.914,0.0,0.086
0.9,0.024999999999999994,K5,5,18113,3.9331879753567986,exc_bet,0.9175,0.0,0.0825
0.9,0.024999999999999994,K5,5,18113,3.9331879753567986,counts_exact,0.9985,0.0,0.0015
0.9,0.024999999999999994,K5,5,18113,3.9331879753567986,norm_bet,0.938,0.0,0.062
0.9,0.024999999999999994,K5,5,23416,5.08471979412327,cdf_eb,0.053,0.0,0.947
0.9,0.024999999999999994,K5,5,23416,5.08471979412327,cdf_exact,0.3535,0.0005,0.646
0.9,0.024999999999999994,K5,5,23416,5.08471979412327,exc_eb,0.985,0.0,0.015
0.9,0.024999999999999994,K5,5,23416,5.08471979412327,exc_bet,0.9825,0.0,0.0175
0.9,0.024999999999999994,K5,5,23416,5.08471979412327,counts_exact,1.0,0.0,0.0
0.9,0.024999999999999994,K5,5,23416,5.08471979412327,norm_bet,0.9895,0.0,0.0105
0.9,0.024999999999999994,K5,5,30272,6.573481278087617,cdf_eb,0.1265,0.0,0.8735
0.9,0.024999999999999994,K5,5,30272,6.573481278087617,cdf_exact,0.465,0.0,0.535
0.9,0.024999999999999994,K5,5,30272,6.573481278087617,exc_eb,0.9995,0.0,0.0005
0.9,0.024999999999999994,K5,5,30272,6.573481278087617,exc_bet,0.999,0.0,0.001
0.9,0.024999999999999994,K5,5,30272,6.573481278087617,counts_exact,1.0,0.0,0.0
0.9,0.024999999999999994,K5,5,30272,6.573481278087617,norm_bet,0.9995,0.0,0.0005
0.9,0.024999999999999994,K5,5,39134,8.497840127400925,cdf_eb,0.198,0.0,0.802
0.9,0.024999999999999994,K5,5,39134,8.497840127400925,cdf_exact,0.6165,0.0005,0.383
0.9,0.024999999999999994,K5,5,39134,8.497840127400925,exc_eb,1.0,0.0,0.0
0.9,0.024999999999999994,K5,5,39134,8.497840127400925,exc_bet,1.0,0.0,0.0
0.9,0.024999999999999994,K5,5,39134,8.497840127400925,counts_exact,1.0,0.0,0.0
0.9,0.024999999999999994,K5,5,39134,8.497840127400925,norm_bet,1.0,0.0,0.0
0.9,0.024999999999999994,K5,5,50591,10.985696066983703,cdf_eb,0.3155,0.0,0.6845
0.9,0.024999999999999994,K5,5,50591,10.985696066983703,cdf_exact,0.731,0.0,0.269
0.9,0.024999999999999994,K5,5,50591,10.985696066983703,exc_eb,1.0,0.0,0.0
0.9,0.024999999999999994,K5,5,50591,10.985696066983703,exc_bet,1.0,0.0,0.0
0.9,0.024999999999999994,K5,5,50591,10.985696066983703,counts_exact,1.0,0.0,0.0
0.9,0.024999999999999994,K5,5,50591,10.985696066983703,norm_bet,1.0,0.0,0.0
0.9,0.024999999999999994,K5,5,65401,14.20164670547728,cdf_eb,0.4875,0.0,0.5125
0.9,0.024999999999999994,K5,5,65401,14.20164670547728,cdf_exact,0.8505,0.0,0.1495
0.9,0.024999999999999994,K5,5,65401,14.20164670547728,exc_eb,1.0,0.0,0.0
0.9,0.024999999999999994,K5,5,65401,14.20164670547728,exc_bet,1.0,0.0,0.0
0.9,0.024999999999999994,K5,5,65401,14.20164670547728,counts_exact,1.0,0.0,0.0
0.9,0.024999999999999994,K5,5,65401,14.20164670547728,norm_bet,1.0,0.0,0.0
0.9,0.024999999999999994,K5,5,84548,18.35936492797806,cdf_eb,0.6475,0.0,0.3525
0.9,0.024999999999999994,K5,5,84548,18.35936492797806,cdf_exact,0.9165,0.0,0.0835
0.9,0.024999999999999994,K5,5,84548,18.35936492797806,exc_eb,1.0,0.0,0.0
0.9,0.024999999999999994,K5,5,84548,18.35936492797806,exc_bet,1.0,0.0,0.0
0.9,0.024999999999999994,K5,5,84548,18.35936492797806,counts_exact,1.0,0.0,0.0
0.9,0.024999999999999994,K5,5,84548,18.35936492797806,norm_bet,1.0,0.0,0.0
0.9,0.024999999999999994,K5,5,109300,23.734193436012703,cdf_eb,0.813,0.0,0.187
0.9,0.024999999999999994,K5,5,109300,23.734193436012703,cdf_exact,0.976,0.0,0.024
0.9,0.024999999999999994,K5,5,109300,23.734193436012703,exc_eb,1.0,0.0,0.0
0.9,0.024999999999999994,K5,5,109300,23.734193436012703,exc_bet,1.0,0.0,0.0
0.9,0.024999999999999994,K5,5,109300,23.734193436012703,counts_exact,1.0,0.0,0.0
0.9,0.024999999999999994,K5,5,109300,23.734193436012703,norm_bet,1.0,0.0,0.0
0.9,0.024999999999999994,K5,5,141298,30.682470851982828,cdf_eb,0.9345,0.0,0.0655
0.9,0.024999999999999994,K5,5,141298,30.682470851982828,cdf_exact,0.9955,0.0,0.0045
0.9,0.024999999999999994,K5,5,141298,30.682470851982828,exc_eb,1.0,0.0,0.0
0.9,0.024999999999999994,K5,5,141298,30.682470851982828,exc_bet,1.0,0.0,0.0
0.9,0.024999999999999994,K5,5,141298,30.682470851982828,counts_exact,1.0,0.0,0.0
0.9,0.024999999999999994,K5,5,141298,30.682470851982828,norm_bet,1.0,0.0,0.0
0.9,0.024999999999999994,K5,5,182664,39.66498362118778,cdf_eb,0.9905,0.0,0.0095
0.9,0.024999999999999994,K5,5,182664,39.66498362118778,cdf_exact,0.9975,0.0,0.0025
0.9,0.024999999999999994,K5,5,182664,39.66498362118778,exc_eb,1.0,0.0,0.0
0.9,0.024999999999999994,K5,5,182664,39.66498362118778,exc_bet,1.0,0.0,0.0
0.9,0.024999999999999994,K5,5,182664,39.66498362118778,counts_exact,1.0,0.0,0.0
0.9,0.024999999999999994,K5,5,182664,39.66498362118778,norm_bet,1.0,0.0,0.0
0.9,0.024999999999999994,K5,5,236141,51.277366625557875,cdf_eb,0.998,0.0,0.002
0.9,0.024999999999999994,K5,5,236141,51.277366625557875,cdf_exact,1.0,0.0,0.0
0.9,0.024999999999999994,K5,5,236141,51.277366625557875,exc_eb,1.0,0.0,0.0
0.9,0.024999999999999994,K5,5,236141,51.277366625557875,exc_bet,1.0,0.0,0.0
0.9,0.024999999999999994,K5,5,236141,51.277366625557875,counts_exact,1.0,0.0,0.0
0.9,0.024999999999999994,K5,5,236141,51.277366625557875,norm_bet,1.0,0.0,0.0
0.9,0.024999999999999994,K5,5,305272,66.28897253978472,cdf_eb,1.0,0.0,0.0
0.9,0.024999999999999994,K5,5,305272,66.28897253978472,cdf_exact,1.0,0.0,0.0
0.9,0.024999999999999994,K5,5,305272,66.28897253978472,exc_eb,1.0,0.0,0.0
0.9,0.024999999999999994,K5,5,305272,66.28897253978472,exc_bet,1.0,0.0,0.0
0.9,0.024999999999999994,K5,5,305272,66.28897253978472,counts_exact,1.0,0.0,0.0
0.9,0.024999999999999994,K5,5,305272,66.28897253978472,norm_bet,1.0,0.0,0.0
0.9,0.024999999999999994,K5,5,394643,85.69563861087248,cdf_eb,1.0,0.0,0.0
0.9,0.024999999999999994,K5,5,394643,85.69563861087248,cdf_exact,1.0,0.0,0.0
0.9,0.024999999999999994,K5,5,394643,85.69563861087248,exc_eb,1.0,0.0,0.0
0.9,0.024999999999999994,K5,5,394643,85.69563861087248,exc_bet,1.0,0.0,0.0
0.9,0.024999999999999994,K5,5,394643,85.69563861087248,counts_exact,1.0,0.0,0.0
0.9,0.024999999999999994,K5,5,394643,85.69563861087248,norm_bet,1.0,0.0,0.0
0.9,0.024999999999999994,K5,5,510178,110.78374509421856,cdf_eb,1.0,0.0,0.0
0.9,0.024999999999999994,K5,5,510178,110.78374509421856,cdf_exact,1.0,0.0,0.0
0.9,0.024999999999999994,K5,5,510178,110.78374509421856,exc_eb,1.0,0.0,0.0
0.9,0.024999999999999994,K5,5,510178,110.78374509421856,exc_bet,1.0,0.0,0.0
0.9,0.024999999999999994,K5,5,510178,110.78374509421856,counts_exact,1.0,0.0,0.0
0.9,0.024999999999999994,K5,5,510178,110.78374509421856,norm_bet,1.0,0.0,0.0
0.9,0.024999999999999994,K5,5,659536,143.2164227082715,cdf_eb,1.0,0.0,0.0
0.9,0.024999999999999994,K5,5,659536,143.2164227082715,cdf_exact,1.0,0.0,0.0
0.9,0.024999999999999994,K5,5,659536,143.2164227082715,exc_eb,1.0,0.0,0.0
0.9,0.024999999999999994,K5,5,659536,143.2164227082715,exc_bet,1.0,0.0,0.0
0.9,0.024999999999999994,K5,5,659536,143.2164227082715,counts_exact,1.0,0.0,0.0
0.9,0.024999999999999994,K5,5,659536,143.2164227082715,norm_bet,1.0,0.0,0.0
0.9,0.024999999999999994,K5,5,852619,185.14386343293427,cdf_eb,1.0,0.0,0.0
0.9,0.024999999999999994,K5,5,852619,185.14386343293427,cdf_exact,1.0,0.0,0.0
0.9,0.024999999999999994,K5,5,852619,185.14386343293427,exc_eb,1.0,0.0,0.0
0.9,0.024999999999999994,K5,5,852619,185.14386343293427,exc_bet,1.0,0.0,0.0
0.9,0.024999999999999994,K5,5,852619,185.14386343293427,counts_exact,1.0,0.0,0.0
0.9,0.024999999999999994,K5,5,852619,185.14386343293427,norm_bet,1.0,0.0,0.0
0.9,0.024999999999999994,K5,5,1102229,239.3459862468696,cdf_eb,1.0,0.0,0.0
0.9,0.024999999999999994,K5,5,1102229,239.3459862468696,cdf_exact,1.0,0.0,0.0
0.9,0.024999999999999994,K5,5,1102229,239.3459862468696,exc_eb,1.0,0.0,0.0
0.9,0.024999999999999994,K5,5,1102229,239.3459862468696,exc_bet,1.0,0.0,0.0
0.9,0.024999999999999994,K5,5,1102229,239.3459862468696,counts_exact,1.0,0.0,0.0
0.9,0.024999999999999994,K5,5,1102229,239.3459862468696,norm_bet,1.0,0.0,0.0
0.9,0.024999999999999994,K5,5,1424915,309.4163608405859,cdf_eb,1.0,0.0,0.0
0.9,0.024999999999999994,K5,5,1424915,309.4163608405859,cdf_exact,1.0,0.0,0.0
0.9,0.024999999999999994,K5,5,1424915,309.4163608405859,exc_eb,1.0,0.0,0.0
0.9,0.024999999999999994,K5,5,1424915,309.4163608405859,exc_bet,1.0,0.0,0.0
0.9,0.024999999999999994,K5,5,1424915,309.4163608405859,counts_exact,1.0,0.0,0.0
0.9,0.024999999999999994,K5,5,1424915,309.4163608405859,norm_bet,1.0,0.0,0.0
0.9,0.024999999999999994,K5,5,1842068,399.9999838452795,cdf_eb,1.0,0.0,0.0
0.9,0.024999999999999994,K5,5,1842068,399.9999838452795,cdf_exact,1.0,0.0,0.0
0.9,0.024999999999999994,K5,5,1842068,399.9999838452795,exc_eb,1.0,0.0,0.0
0.9,0.024999999999999994,K5,5,1842068,399.9999838452795,exc_bet,1.0,0.0,0.0
0.9,0.024999999999999994,K5,5,1842068,399.9999838452795,counts_exact,1.0,0.0,0.0
0.9,0.024999999999999994,K5,5,1842068,399.9999838452795,norm_bet,1.0,0.0,0.0
0.9,0.024999999999999994,K10,10,265,0.05001587894170502,cdf_eb,0.0,0.0,1.0
0.9,0.024999999999999994,K10,10,265,0.05001587894170502,cdf_exact,0.0075,0.035,0.9575
0.9,0.024999999999999994,K10,10,265,0.05001587894170502,exc_eb,0.0,0.0,1.0
0.9,0.024999999999999994,K10,10,265,0.05001587894170502,exc_bet,0.0,0.0,1.0
0.9,0.024999999999999994,K10,10,265,0.05001587894170502,counts_exact,0.008,0.0085,0.9835
0.9,0.024999999999999994,K10,10,265,0.05001587894170502,norm_bet,0.0,0.0,1.0
0.9,0.024999999999999994,K10,10,342,0.06454879470967213,cdf_eb,0.0,0.0,1.0
0.9,0.024999999999999994,K10,10,342,0.06454879470967213,cdf_exact,0.008,0.028,0.964
0.9,0.024999999999999994,K10,10,342,0.06454879470967213,exc_eb,0.0,0.0,1.0
0.9,0.024999999999999994,K10,10,342,0.06454879470967213,exc_bet,0.0,0.0,1.0
0.9,0.024999999999999994,K10,10,342,0.06454879470967213,counts_exact,0.0135,0.0045,0.982
0.9,0.024999999999999994,K10,10,342,0.06454879470967213,norm_bet,0.0,0.0,1.0
0.9,0.024999999999999994,K10,10,443,0.08361145045726537,cdf_eb,0.0,0.0,1.0
0.9,0.024999999999999994,K10,10,443,0.08361145045726537,cdf_exact,0.0065,0.0225,0.971
0.9,0.024999999999999994,K10,10,443,0.08361145045726537,exc_eb,0.0,0.0,1.0
0.9,0.024999999999999994,K10,10,443,0.08361145045726537,exc_bet,0.0,0.0,1.0
0.9,0.024999999999999994,K10,10,443,0.08361145045726537,counts_exact,0.0155,0.005,0.9795
0.9,0.024999999999999994,K10,10,443,0.08361145045726537,norm_bet,0.0,0.0,1.0
0.9,0.024999999999999994,K10,10,572,0.10795880284775573,cdf_eb,0.0,0.0,1.0
0.9,0.024999999999999994,K10,10,572,0.10795880284775573,cdf_exact,0.009,0.0205,0.9705
0.9,0.024999999999999994,K10,10,572,0.10795880284775573,exc_eb,0.0,0.0,1.0
0.9,0.024999999999999994,K10,10,572,0.10795880284775573,exc_bet,0.0005,0.0,0.9995
0.9,0.024999999999999994,K10,10,572,0.10795880284775573,counts_exact,0.0225,0.0055,0.972
0.9,0.024999999999999994,K10,10,572,0.10795880284775573,norm_bet,0.0,0.0,1.0
0.9,0.024999999999999994,K10,10,740,0.13966698270513853,cdf_eb,0.0,0.0,1.0
0.9,0.024999999999999994,K10,10,740,0.13966698270513853,cdf_exact,0.0075,0.0185,0.974
0.9,0.024999999999999994,K10,10,740,0.13966698270513853,exc_eb,0.0,0.0,1.0
0.9,0.024999999999999994,K10,10,740,0.13966698270513853,exc_bet,0.001,0.0,0.999
0.9,0.024999999999999994,K10,10,740,0.13966698270513853,counts_exact,0.037,0.0055,0.9575
0.9,0.024999999999999994,K10,10,740,0.13966698270513853,norm_bet,0.001,0.0,0.999
0.9,0.024999999999999994,K10,10,957,0.18062338168759132,cdf_eb,0.0,0.0,1.0
0.9,0.024999999999999994,K10,10,957,0.18062338168759132,cdf_exact,0.0175,0.015,0.9675
0.9,0.024999999999999994,K10,10,957,0.18062338168759132,exc_eb,0.0,0.0,1.0
0.9,0.024999999999999994,K10,10,957,0.18062338168759132,exc_bet,0.0055,0.0,0.9945
0.9,0.024999999999999994,K10,10,957,0.18062338168759132,counts_exact,0.0615,0.0015,0.937
0.9,0.024999999999999994,K10,10,957,0.18062338168759132,norm_bet,0.0035,0.0,0.9965
0.9,0.024999999999999994,K10,10,1237,0.23347034811656267,cdf_eb,0.0,0.0,1.0
0.9,0.024999999999999994,K10,10,1237,0.23347034811656267,cdf_exact,0.02,0.013,0.967
0.9,0.024999999999999994,K10,10,1237,0.23347034811656267,exc_eb,0.0,0.0,1.0
0.9,0.024999999999999994,K10,10,1237,0.23347034811656267,exc_bet,0.017,0.0,0.983
0.9,0.024999999999999994,K10,10,1237,0.23347034811656267,counts_exact,0.0785,0.0005,0.921
0.9,0.024999999999999994,K10,10,1237,0.23347034811656267,norm_bet,0.012,0.0,0.988
0.9,0.024999999999999994,K10,10,1599,0.3017939261425899,cdf_eb,0.0,0.0,1.0
0.9,0.024999999999999994,K10,10,1599,0.3017939261425899,cdf_exact,0.0205,0.0185,0.961
0.9,0.024999999999999994,K10,10,1599,0.3017939261425899,exc_eb,0.0005,0.0,0.9995
0.9,0.024999999999999994,K10,10,1599,0.3017939261425899,exc_bet,0.0305,0.0,0.9695
0.9,0.024999999999999994,K10,10,1599,0.3017939261425899,counts_exact,0.118,0.0025,0.8795
0.9,0.024999999999999994,K10,10,1599,0.3017939261425899,norm_bet,0.0315,0.0,0.9685
0.9,0.024999999999999994,K10,10,2067,0.3901238557452991,cdf_eb,0.0,0.0,1.0
0.9,0.024999999999999994,K10,10,2067,0.3901238557452991,cdf_exact,0.0205,0.014,0.9655
0.9,0.024999999999999994,K10,10,2067,0.3901238557452991,exc_eb,0.0005,0.0,0.9995
0.9,0.024999999999999994,K10,10,2067,0.3901238557452991,exc_bet,0.0515,0.0,0.9485
0.9,0.024999999999999994,K10,10,2067,0.3901238557452991,counts_exact,0.1775,0.0005,0.822
0.9,0.024999999999999994,K10,10,2067,0.3901238557452991,norm_bet,0.0445,0.0,0.9555
0.9,0.024999999999999994,K10,10,2672,0.5043110510650408,cdf_eb,0.0,0.0,1.0
0.9,0.024999999999999994,K10,10,2672,0.5043110510650408,cdf_exact,0.026,0.0105,0.9635
0.9,0.024999999999999994,K10,10,2672,0.5043110510650408,exc_eb,0.001,0.0,0.999
0.9,0.024999999999999994,K10,10,2672,0.5043110510650408,exc_bet,0.0795,0.0,0.9205
0.9,0.024999999999999994,K10,10,2672,0.5043110510650408,counts_exact,0.2525,0.0,0.7475
0.9,0.024999999999999994,K10,10,2672,0.5043110510650408,norm_bet,0.077,0.0,0.923
0.9,0.024999999999999994,K10,10,3454,0.651905078734525,cdf_eb,0.0,0.0,1.0
0.9,0.024999999999999994,K10,10,3454,0.651905078734525,cdf_exact,0.034,0.0115,0.9545
0.9,0.024999999999999994,K10,10,3454,0.651905078734525,exc_eb,0.004,0.0,0.996
0.9,0.024999999999999994,K10,10,3454,0.651905078734525,exc_bet,0.085,0.0005,0.9145
0.9,0.024999999999999994,K10,10,3454,0.651905078734525,counts_exact,0.3355,0.001,0.6635
0.9,0.024999999999999994,K10,10,3454,0.651905078734525,norm_bet,0.095,0.0005,0.9045
0.9,0.024999999999999994,K10,10,4465,0.8427203753762751,cdf_eb,0.0005,0.0,0.9995
0.9,0.024999999999999994,K10,10,4465,0.8427203753762751,cdf_exact,0.044,0.009,0.947
0.9,0.024999999999999994,K10,10,4465,0.8427203753762751,exc_eb,0.0185,0.0,0.9815
0.9,0.024999999999999994,K10,10,4465,0.8427203753762751,exc_bet,0.112,0.0,0.888
0.9,0.024999999999999994,K10,10,4465,0.8427203753762751,counts_exact,0.4755,0.0005,0.524
0.9,0.024999999999999994,K10,10,4465,0.8427203753762751,norm_bet,0.126,0.0,0.874
0.9,0.024999999999999994,K10,10,5772,1.0894024651000807,cdf_eb,0.0015,0.0,0.9985
0.9,0.024999999999999994,K10,10,5772,1.0894024651000807,cdf_exact,0.0555,0.008,0.9365
0.9,0.024999999999999994,K10,10,5772,1.0894024651000807,exc_eb,0.0625,0.0,0.9375
0.9,0.024999999999999994,K10,10,5772,1.0894024651000807,exc_bet,0.1955,0.0,0.8045
0.9,0.024999999999999994,K10,10,5772,1.0894024651000807,counts_exact,0.6405,0.0005,0.359
0.9,0.024999999999999994,K10,10,5772,1.0894024651000807,norm_bet,0.2095,0.0,0.7905
0.9,0.024999999999999994,K10,10,7462,1.4083716553320862,cdf_eb,0.0,0.0005,0.9995
0.9,0.024999999999999994,K10,10,7462,1.4083716553320862,cdf_exact,0.0685,0.0075,0.924
0.9,0.024999999999999994,K10,10,7462,1.4083716553320862,exc_eb,0.1355,0.0,0.8645
0.9,0.024999999999999994,K10,10,7462,1.4083716553320862,exc_bet,0.282,0.0,0.718
0.9,0.024999999999999994,K10,10,7462,1.4083716553320862,counts_exact,0.7605,0.0,0.2395
0.9,0.024999999999999994,K10,10,7462,1.4083716553320862,norm_bet,0.3,0.0,0.7
0.9,0.024999999999999994,K10,10,9646,1.8205779934780626,cdf_eb,0.004,0.0,0.996
0.9,0.024999999999999994,K10,10,9646,1.8205779934780626,cdf_exact,0.106,0.002,0.892
0.9,0.024999999999999994,K10,10,9646,1.8205779934780626,exc_eb,0.3125,0.0,0.6875
0.9,0.024999999999999994,K10,10,9646,1.8205779934780626,exc_bet,0.438,0.0,0.562
0.9,0.024999999999999994,K10,10,9646,1.8205779934780626,counts_exact,0.89,0.0,0.11
0.9,0.024999999999999994,K10,10,9646,1.8205779934780626,norm_bet,0.4865,0.0,0.5135
0.9,0.024999999999999994,K10,10,12470,2.353577397747402,cdf_eb,0.0065,0.0,0.9935
0.9,0.024999999999999994,K10,10,12470,2.353577397747402,cdf_exact,0.133,0.0015,0.8655
0.9,0.024999999999999994,K10,10,12470,2.353577397747402,exc_eb,0.5575,0.0,0.4425
0.9,0.024999999999999994,K10,10,12470,2.353577397747402,exc_bet,0.632,0.0,0.368
0.9,0.024999999999999994,K10,10,12470,2.353577397747402,counts_exact,0.9615,0.0,0.0385
0.9,0.024999999999999994,K10,10,12470,2.353577397747402,norm_bet,0.6735,0.0,0.3265
0.9,0.024999999999999994,K10,10,16120,3.042475352982207,cdf_eb,0.017,0.0,0.983
0.9,0.024999999999999994,K10,10,16120,3.042475352982207,cdf_exact,0.177,0.002,0.821
0.9,0.024999999999999994,K10,10,16120,3.042475352982207,exc_eb,0.7885,0.0,0.2115
0.9,0.024999999999999994,K10,10,16120,3.042475352982207,exc_bet,0.8225,0.0,0.1775
0.9,0.024999999999999994,K10,10,16120,3.042475352982207,counts_exact,0.993,0.0,0.007
0.9,0.024999999999999994,K10,10,16120,3.042475352982207,norm_bet,0.8605,0.0,0.1395
0.9,0.024999999999999994,K10,10,20840,3.93332421564201,cdf_eb,0.0265,0.0,0.9735
0.9,0.024999999999999994,K10,10,20840,3.93332421564201,cdf_exact,0.233,0.0015,0.7655
0.9,0.024999999999999994,K10,10,20840,3.93332421564201,exc_eb,0.931,0.0,0.069
0.9,0.024999999999999994,K10,10,20840,3.93332421564201,exc_bet,0.936,0.0,0.064
0.9,0.024999999999999994,K10,10,20840,3.93332421564201,counts_exact,0.9995,0.0,0.0005
0.9,0.024999999999999994,K10,10,20840,3.93332421564201,norm_bet,0.9585,0.0,0.0415
0.9,0.024999999999999994,K10,10,26941,5.0848218662961315,cdf_eb,0.056,0.0,0.944
0.9,0.024999999999999994,K10,10,26941,5.0848218662961315,cdf_exact,0.312,0.0005,0.6875
0.9,0.024999999999999994,K10,10,26941,5.0848218662961315,exc_eb,0.9925,0.0,0.0075
0.9,0.024999999999999994,K10,10,26941,5.0848218662961315,exc_bet,0.992,0.0,0.008
0.9,0.024999999999999994,K10,10,26941,5.0848218662961315,counts_exact,1.0,0.0,0.0
0.9,0.024999999999999994,K10,10,26941,5.0848218662961315,norm_bet,0.9955,0.0,0.0045
0.9,0.024999999999999994,K10,10,34828,6.5734076671007635,cdf_eb,0.1125,0.0,0.8875
0.9,0.024999999999999994,K10,10,34828,6.5734076671007635,cdf_exact,0.4415,0.0,0.5585
0.9,0.024999999999999994,K10,10,34828,6.5734076671007635,exc_eb,0.9995,0.0,0.0005
0.9,0.024999999999999994,K10,10,34828,6.5734076671007635,exc_bet,0.9985,0.0,0.0015
0.9,0.024999999999999994,K10,10,34828,6.5734076671007635,counts_exact,1.0,0.0,0.0
0.9,0.024999999999999994,K10,10,34828,6.5734076671007635,norm_bet,0.9995,0.0,0.0005
0.9,0.024999999999999994,K10,10,45024,8.49779220177859,cdf_eb,0.1985,0.0,0.8015
0.9,0.024999999999999994,K10,10,45024,8.49779220177859,cdf_exact,0.5735,0.0005,0.426
0.9,0.024999999999999994,K10,10,45024,8.49779220177859,exc_eb,1.0,0.0,0.0
0.9,0.024999999999999994,K10,10,45024,8.49779220177859,exc_bet,1.0,0.0,0.0
0.9,0.024999999999999994,K10,10,45024,8.49779220177859,counts_exact,1.0,0.0,0.0
0.9,0.024999999999999994,K10,10,45024,8.49779220177859,norm_bet,1.0,0.0,0.0
0.9,0.024999999999999994,K10,10,58205,10.985563146422416,cdf_eb,0.3175,0.0,0.6825
0.9,0.024999999999999994,K10,10,58205,10.985563146422416,cdf_exact,0.732,0.0,0.268
0.9,0.024999999999999994,K10,10,58205,10.985563146422416,exc_eb,1.0,0.0,0.0
0.9,0.024999999999999994,K10,10,58205,10.985563146422416,exc_bet,1.0,0.0,0.0
0.9,0.024999999999999994,K10,10,58205,10.985563146422416,counts_exact,1.0,0.0,0.0
0.9,0.024999999999999994,K10,10,58205,10.985563146422416,norm_bet,1.0,0.0,0.0
0.9,0.024999999999999994,K10,10,75245,14.201678531956958,cdf_eb,0.4795,0.0,0.5205
0.9,0.024999999999999994,K10,10,75245,14.201678531956958,cdf_exact,0.841,0.0,0.159
0.9,0.024999999999999994,K10,10,75245,14.201678531956958,exc_eb,1.0,0.0,0.0
0.9,0.024999999999999994,K10,10,75245,14.201678531956958,exc_bet,1.0,0.0,0.0
0.9,0.024999999999999994,K10,10,75245,14.201678531956958,counts_exact,1.0,0.0,0.0
0.9,0.024999999999999994,K10,10,75245,14.201678531956958,norm_bet,1.0,0.0,0.0
0.9,0.024999999999999994,K10,10,97274,18.359413615756278,cdf_eb,0.679,0.0,0.321
0.9,0.024999999999999994,K10,10,97274,18.359413615756278,cdf_exact,0.9285,0.0,0.0715
0.9,0.024999999999999994,K10,10,97274,18.359413615756278,exc_eb,1.0,0.0,0.0
0.9,0.024999999999999994,K10,10,97274,18.359413615756278,exc_bet,1.0,0.0,0.0
0.9,0.024999999999999994,K10,10,97274,18.359413615756278,counts_exact,1.0,0.0,0.0
0.9,0.024999999999999994,K10,10,97274,18.359413615756278,norm_bet,1.0,0.0,0.0
0.9,0.024999999999999994,K10,10,125751,23.734138840748482,cdf_eb,0.833,0.0,0.167
0.9,0.024999999999999994,K10,10,125751,23.734138840748482,cdf_exact,0.983,0.0,0.017
0.9,0.024999999999999994,K10,10,125751,23.734138840748482,exc_eb,1.0,0.0,0.0
0.9,0.024999999999999994,K10,10,125751,23.734138840748482,exc_bet,1.0,0.0,0.0
0.9,0.024999999999999994,K10,10,125751,23.734138840748482,counts_exact,1.0,0.0,0.0
0.9,0.024999999999999994,K10,10,125751,23.734138840748482,norm_bet,1.0,0.0,0.0
0.9,0.024999999999999994,K10,10,162566,30.682571230329124,cdf_eb,0.958,0.0,0.042
0.9,0.024999999999999994,K10,10,162566,30.682571230329124,cdf_exact,0.997,0.0,0.003
0.9,0.024999999999999994,K10,10,162566,30.682571230329124,exc_eb,1.0,0.0,0.0
0.9,0.024999999999999994,K10,10,162566,30.682571230329124,exc_bet,1.0,0.0,0.0
0.9,0.024999999999999994,K10,10,162566,30.682571230329124,counts_exact,1.0,0.0,0.0
0.9,0.024999999999999994,K10,10,162566,30.682571230329124,norm_bet,1.0,0.0,0.0
0.9,0.024999999999999994,K10,10,210158,39.66504560992771,cdf_eb,0.991,0.0,0.009
0.9,0.024999999999999994,K10,10,210158,39.66504560992771,cdf_exact,0.999,0.0,0.001
0.9,0.024999999999999994,K10,10,210158,39.66504560992771,exc_eb,1.0,0.0,0.0
0.9,0.024999999999999994,K10,10,210158,39.66504560992771,exc_bet,1.0,0.0,0.0
0.9,0.024999999999999994,K10,10,210158,39.66504560992771,counts_exact,1.0,0.0,0.0
0.9,0.024999999999999994,K10,10,210158,39.66504560992771,norm_bet,1.0,0.0,0.0
0.9,0.024999999999999994,K10,10,271683,51.277222786865075,cdf_eb,0.999,0.0,0.001
0.9,0.024999999999999994,K10,10,271683,51.277222786865075,cdf_exact,1.0,0.0,0.0
0.9,0.024999999999999994,K10,10,271683,51.277222786865075,exc_eb,1.0,0.0,0.0
0.9,0.024999999999999994,K10,10,271683,51.277222786865075,exc_bet,1.0,0.0,0.0
0.9,0.024999999999999994,K10,10,271683,51.277222786865075,counts_exact,1.0,0.0,0.0
0.9,0.024999999999999994,K10,10,271683,51.277222786865075,norm_bet,1.0,0.0,0.0
0.9,0.024999999999999994,K10,10,351221,66.28915855767765,cdf_eb,1.0,0.0,0.0
0.9,0.024999999999999994,K10,10,351221,66.28915855767765,cdf_exact,1.0,0.0,0.0
0.9,0.024999999999999994,K10,10,351221,66.28915855767765,exc_eb,1.0,0.0,0.0
0.9,0.024999999999999994,K10,10,351221,66.28915855767765,exc_bet,1.0,0.0,0.0
0.9,0.024999999999999994,K10,10,351221,66.28915855767765,counts_exact,1.0,0.0,0.0
0.9,0.024999999999999994,K10,10,351221,66.28915855767765,norm_bet,1.0,0.0,0.0
0.9,0.024999999999999994,K10,10,454043,85.69569706539083,cdf_eb,1.0,0.0,0.0
0.9,0.024999999999999994,K10,10,454043,85.69569706539083,cdf_exact,1.0,0.0,0.0
0.9,0.024999999999999994,K10,10,454043,85.69569706539083,exc_eb,1.0,0.0,0.0
0.9,0.024999999999999994,K10,10,454043,85.69569706539083,exc_bet,1.0,0.0,0.0
0.9,0.024999999999999994,K10,10,454043,85.69569706539083,counts_exact,1.0,0.0,0.0
0.9,0.024999999999999994,K10,10,454043,85.69569706539083,norm_bet,1.0,0.0,0.0
0.9,0.024999999999999994,K10,10,586967,110.78366194255007,cdf_eb,1.0,0.0,0.0
0.9,0.024999999999999994,K10,10,586967,110.78366194255007,cdf_exact,1.0,0.0,0.0
0.9,0.024999999999999994,K10,10,586967,110.78366194255007,exc_eb,1.0,0.0,0.0
0.9,0.024999999999999994,K10,10,586967,110.78366194255007,exc_bet,1.0,0.0,0.0
0.9,0.024999999999999994,K10,10,586967,110.78366194255007,counts_exact,1.0,0.0,0.0
0.9,0.024999999999999994,K10,10,586967,110.78366194255007,norm_bet,1.0,0.0,0.0
0.9,0.024999999999999994,K10,10,758806,143.21641145750723,cdf_eb,1.0,0.0,0.0
0.9,0.024999999999999994,K10,10,758806,143.21641145750723,cdf_exact,1.0,0.0,0.0
0.9,0.024999999999999994,K10,10,758806,143.21641145750723,exc_eb,1.0,0.0,0.0
0.9,0.024999999999999994,K10,10,758806,143.21641145750723,exc_bet,1.0,0.0,0.0
0.9,0.024999999999999994,K10,10,758806,143.21641145750723,counts_exact,1.0,0.0,0.0
0.9,0.024999999999999994,K10,10,758806,143.21641145750723,norm_bet,1.0,0.0,0.0
0.9,0.024999999999999994,K10,10,980951,185.14387344809236,cdf_eb,1.0,0.0,0.0
0.9,0.024999999999999994,K10,10,980951,185.14387344809236,cdf_exact,1.0,0.0,0.0
0.9,0.024999999999999994,K10,10,980951,185.14387344809236,exc_eb,1.0,0.0,0.0
0.9,0.024999999999999994,K10,10,980951,185.14387344809236,exc_bet,1.0,0.0,0.0
0.9,0.024999999999999994,K10,10,980951,185.14387344809236,counts_exact,1.0,0.0,0.0
0.9,0.024999999999999994,K10,10,980951,185.14387344809236,norm_bet,1.0,0.0,0.0
0.9,0.024999999999999994,K10,10,1268131,239.3459870876352,cdf_eb,1.0,0.0,0.0
0.9,0.024999999999999994,K10,10,1268131,239.3459870876352,cdf_exact,1.0,0.0,0.0
0.9,0.024999999999999994,K10,10,1268131,239.3459870876352,exc_eb,1.0,0.0,0.0
0.9,0.024999999999999994,K10,10,1268131,239.3459870876352,exc_bet,1.0,0.0,0.0
0.9,0.024999999999999994,K10,10,1268131,239.3459870876352,counts_exact,1.0,0.0,0.0
0.9,0.024999999999999994,K10,10,1268131,239.3459870876352,norm_bet,1.0,0.0,0.0
0.9,0.024999999999999994,K10,10,1639386,309.4163460933057,cdf_eb,1.0,0.0,0.0
0.9,0.024999999999999994,K10,10,1639386,309.4163460933057,cdf_exact,1.0,0.0,0.0
0.9,0.024999999999999994,K10,10,1639386,309.4163460933057,exc_eb,1.0,0.0,0.0
0.9,0.024999999999999994,K10,10,1639386,309.4163460933057,exc_bet,1.0,0.0,0.0
0.9,0.024999999999999994,K10,10,1639386,309.4163460933057,counts_exact,1.0,0.0,0.0
0.9,0.024999999999999994,K10,10,1639386,309.4163460933057,norm_bet,1.0,0.0,0.0
0.9,0.024999999999999994,K10,10,2119327,400.00001007504477,cdf_eb,1.0,0.0,0.0
0.9,0.024999999999999994,K10,10,2119327,400.00001007504477,cdf_exact,1.0,0.0,0.0
0.9,0.024999999999999994,K10,10,2119327,400.00001007504477,exc_eb,1.0,0.0,0.0
0.9,0.024999999999999994,K10,10,2119327,400.00001007504477,exc_bet,1.0,0.0,0.0
0.9,0.024999999999999994,K10,10,2119327,400.00001007504477,counts_exact,1.0,0.0,0.0
0.9,0.024999999999999994,K10,10,2119327,400.00001007504477,norm_bet,1.0,0.0,0.0
0.9,0.024999999999999994,K25,25,311,0.05004338086563476,cdf_eb,0.0,0.0,1.0
0.9,0.024999999999999994,K25,25,311,0.05004338086563476,cdf_exact,0.0045,0.0185,0.977
0.9,0.024999999999999994,K25,25,311,0.05004338086563476,exc_eb,0.0,0.0,1.0
0.9,0.024999999999999994,K25,25,311,0.05004338086563476,exc_bet,0.0,0.0,1.0
0.9,0.024999999999999994,K25,25,311,0.05004338086563476,counts_exact,0.006,0.0075,0.9865
0.9,0.024999999999999994,K25,25,311,0.05004338086563476,norm_bet,0.0,0.0,1.0
0.9,0.024999999999999994,K25,25,402,0.06468629938258898,cdf_eb,0.0,0.0,1.0
0.9,0.024999999999999994,K25,25,402,0.06468629938258898,cdf_exact,0.0025,0.027,0.9705
0.9,0.024999999999999994,K25,25,402,0.06468629938258898,exc_eb,0.0,0.0,1.0
0.9,0.024999999999999994,K25,25,402,0.06468629938258898,exc_bet,0.0,0.0,1.0
0.9,0.024999999999999994,K25,25,402,0.06468629938258898,counts_exact,0.0075,0.004,0.9885
0.9,0.024999999999999994,K25,25,402,0.06468629938258898,norm_bet,0.0,0.0,1.0
0.9,0.024999999999999994,K25,25,519,0.08351290890438726,cdf_eb,0.0,0.0,1.0
0.9,0.024999999999999994,K25,25,519,0.08351290890438726,cdf_exact,0.003,0.0255,0.9715
0.9,0.024999999999999994,K25,25,519,0.08351290890438726,exc_eb,0.0,0.0,1.0
0.9,0.024999999999999994,K25,25,519,0.08351290890438726,exc_bet,0.0,0.0,1.0
0.9,0.024999999999999994,K25,25,519,0.08351290890438726,counts_exact,0.0085,0.008,0.9835
0.9,0.024999999999999994,K25,25,519,0.08351290890438726,norm_bet,0.0,0.0,1.0
0.9,0.024999999999999994,K25,25,671,0.10797141016347564,cdf_eb,0.0,0.0,1.0
0.9,0.024999999999999994,K25,25,671,0.10797141016347564,cdf_exact,0.003,0.0215,0.9755
0.9,0.024999999999999994,K25,25,671,0.10797141016347564,exc_eb,0.0,0.0,1.0
0.9,0.024999999999999994,K25,25,671,0.10797141016347564,exc_bet,0.0,0.0,1.0
0.9,0.024999999999999994,K25,25,671,0.10797141016347564,counts_exact,0.0125,0.003,0.9845
0.9,0.024999999999999994,K25,25,671,0.10797141016347564,norm_bet,0.0,0.0,1.0
0.9,0.024999999999999994,K25,25,868,0.13967091508479412,cdf_eb,0.0,0.0,1.0
0.9,0.024999999999999994,K25,25,868,0.13967091508479412,cdf_exact,0.0045,0.0135,0.982
0.9,0.024999999999999994,K25,25,868,0.13967091508479412,exc_eb,0.0,0.0,1.0
0.9,0.024999999999999994,K25,25,868,0.13967091508479412,exc_bet,0.0015,0.0,0.9985
0.9,0.024999999999999994,K25,25,868,0.13967091508479412,counts_exact,0.019,0.005,0.976
0.9,0.024999999999999994,K25,25,868,0.13967091508479412,norm_bet,0.0005,0.0,0.9995
0.9,0.024999999999999994,K25,25,1122,0.18054235797827073,cdf_eb,0.0,0.0,1.0
0.9,0.024999999999999994,K25,25,1122,0.18054235797827073,cdf_exact,0.0095,0.012,0.9785
0.9,0.024999999999999994,K25,25,1122,0.18054235797827073,exc_eb,0.0,0.0,1.0
0.9,0.024999999999999994,K25,25,1122,0.18054235797827073,exc_bet,0.0045,0.0,0.9955
0.9,0.024999999999999994,K25,25,1122,0.18054235797827073,counts_exact,0.039,0.003,0.958
0.9,0.024999999999999994,K25,25,1122,0.18054235797827073,norm_bet,0.0025,0.0,0.9975
0.9,0.024999999999999994,K25,25,1450,0.23332122911630354,cdf_eb,0.0,0.0,1.0
0.9,0.024999999999999994,K25,25,1450,0.23332122911630354,cdf_exact,0.009,0.0165,0.9745
0.9,0.024999999999999994,K25,25,1450,0.23332122911630354,exc_eb,0.0,0.0,1.0
0.9,0.024999999999999994,K25,25,1450,0.23332122911630354,exc_bet,0.011,0.0005,0.9885
0.9,0.024999999999999994,K25,25,1450,0.23332122911630354,counts_exact,0.0555,0.0005,0.944
0.9,0.024999999999999994,K25,25,1450,0.23332122911630354,norm_bet,0.005,0.0,0.995
0.9,0.024999999999999994,K25,25,1875,0.30170848592625454,cdf_eb,0.0,0.0,1.0
0.9,0.024999999999999994,K25,25,1875,0.30170848592625454,cdf_exact,0.008,0.0105,0.9815
0.9,0.024999999999999994,K25,25,1875,0.30170848592625454,exc_eb,0.0,0.0,1.0
0.9,0.024999999999999994,K25,25,1875,0.30170848592625454,exc_bet,0.031,0.0005,0.9685
0.9,0.024999999999999994,K25,25,1875,0.30170848592625454,counts_exact,0.093,0.0015,0.9055
0.9,0.024999999999999994,K25,25,1875,0.30170848592625454,norm_bet,0.0205,0.0,0.9795
0.9,0.024999999999999994,K25,25,2424,0.3900487306054619,cdf_eb,0.0,0.0,1.0
0.9,0.024999999999999994,K25,25,2424,0.3900487306054619,cdf_exact,0.011,0.0095,0.9795
0.9,0.024999999999999994,K25,25,2424,0.3900487306054619,exc_eb,0.0,0.0,1.0
0.9,0.024999999999999994,K25,25,2424,0.3900487306054619,exc_bet,0.0365,0.0,0.9635
0.9,0.024999999999999994,K25,25,2424,0.3900487306054619,counts_exact,0.1305,0.0005,0.869
0.9,0.024999999999999994,K25,25,2424,0.3900487306054619,norm_bet,0.032,0.0,0.968
0.9,0.024999999999999994,K25,25,3134,0.5042956772762036,cdf_eb,0.0,0.0,1.0
0.9,0.024999999999999994,K25,25,3134,0.5042956772762036,cdf_exact,0.014,0.0105,0.9755
0.9,0.024999999999999994,K25,25,3134,0.5042956772762036,exc_eb,0.001,0.0,0.999
0.9,0.024999999999999994,K25,25,3134,0.5042956772762036,exc_bet,0.049,0.0,0.951
0.9,0.024999999999999994,K25,25,3134,0.5042956772762036,counts_exact,0.2065,0.0005,0.793
0.9,0.024999999999999994,K25,25,3134,0.5042956772762036,norm_bet,0.05,0.0,0.95
0.9,0.024999999999999994,K25,25,4051,0.6518512407932039,cdf_eb,0.0005,0.0,0.9995
0.9,0.024999999999999994,K25,25,4051,0.6518512407932039,cdf_exact,0.0225,0.0095,0.968
0.9,0.024999999999999994,K25,25,4051,0.6518512407932039,exc_eb,0.006,0.0,0.994
0.9,0.024999999999999994,K25,25,4051,0.6518512407932039,exc_bet,0.073,0.0,0.927
0.9,0.024999999999999994,K25,25,4051,0.6518512407932039,counts_exact,0.3005,0.0,0.6995
0.9,0.024999999999999994,K25,25,4051,0.6518512407932039,norm_bet,0.076,0.0,0.924
0.9,0.024999999999999994,K25,25,5237,0.8426919150910908,cdf_eb,0.0,0.0,1.0
0.9,0.024999999999999994,K25,25,5237,0.8426919150910908,cdf_exact,0.0255,0.0095,0.965
0.9,0.024999999999999994,K25,25,5237,0.8426919150910908,exc_eb,0.01,0.0,0.99
0.9,0.024999999999999994,K25,25,5237,0.8426919150910908,exc_bet,0.0965,0.0,0.9035
0.9,0.024999999999999994,K25,25,5237,0.8426919150910908,counts_exact,0.443,0.0005,0.5565
0.9,0.024999999999999994,K25,25,5237,0.8426919150910908,norm_bet,0.0995,0.0,0.9005
0.9,0.024999999999999994,K25,25,6770,1.0893687731843964,cdf_eb,0.0,0.0,1.0
0.9,0.024999999999999994,K25,25,6770,1.0893687731843964,cdf_exact,0.039,0.0025,0.9585
0.9,0.024999999999999994,K25,25,6770,1.0893687731843964,exc_eb,0.044,0.0,0.956
0.9,0.024999999999999994,K25,25,6770,1.0893687731843964,exc_bet,0.1505,0.0,0.8495
0.9,0.024999999999999994,K25,25,6770,1.0893687731843964,counts_exact,0.603,0.0,0.397
0.9,0.024999999999999994,K25,25,6770,1.0893687731843964,norm_bet,0.1615,0.0,0.8385
0.9,0.024999999999999994,K25,25,8752,1.4082947567075093,cdf_eb,0.0025,0.0,0.9975
0.9,0.024999999999999994,K25,25,8752,1.4082947567075093,cdf_exact,0.043,0.0015,0.9555
0.9,0.024999999999999994,K25,25,8752,1.4082947567075093,exc_eb,0.137,0.0,0.863
0.9,0.024999999999999994,K25,25,8752,1.4082947567075093,exc_bet,0.288,0.0,0.712
0.9,0.024999999999999994,K25,25,8752,1.4082947567075093,counts_exact,0.763,0.0,0.237
0.9,0.024999999999999994,K25,25,8752,1.4082947567075093,norm_bet,0.3085,0.0,0.6915
0.9,0.024999999999999994,K25,25,11314,1.8205492318771435,cdf_eb,0.0035,0.0,0.9965
0.9,0.024999999999999994,K25,25,11314,1.8205492318771435,cdf_exact,0.0655,0.003,0.9315
0.9,0.024999999999999994,K25,25,11314,1.8205492318771435,exc_eb,0.3295,0.0,0.6705
0.9,0.024999999999999994,K25,25,11314,1.8205492318771435,exc_bet,0.4345,0.0,0.5655
0.9,0.024999999999999994,K25,25,11314,1.8205492318771435,counts_exact,0.902,0.0,0.098
0.9,0.024999999999999994,K25,25,11314,1.8205492318771435,norm_bet,0.473,0.0,0.527
0.9,0.024999999999999994,K25,25,14626,2.35348710141728,cdf_eb,0.0045,0.0,0.9955
0.9,0.024999999999999994,K25,25,14626,2.35348710141728,cdf_exact,0.101,0.0015,0.8975
0.9,0.024999999999999994,K25,25,14626,2.35348710141728,exc_eb,0.5485,0.0,0.4515
0.9,0.024999999999999994,K25,25,14626,2.35348710141728,exc_bet,0.6165,0.0,0.3835
0.9,0.024999999999999994,K25,25,14626,2.35348710141728,counts_exact,0.969,0.0,0.031
0.9,0.024999999999999994,K25,25,14626,2.35348710141728,norm_bet,0.6695,0.0,0.3305
0.9,0.024999999999999994,K25,25,18908,3.042508827676598,cdf_eb,0.0085,0.0,0.9915
0.9,0.024999999999999994,K25,25,18908,3.042508827676598,cdf_exact,0.135,0.001,0.864
0.9,0.024999999999999994,K25,25,18908,3.042508827676598,exc_eb,0.817,0.0,0.183
0.9,0.024999999999999994,K25,25,18908,3.042508827676598,exc_bet,0.833,0.0,0.167
0.9,0.024999999999999994,K25,25,18908,3.042508827676598,counts_exact,0.996,0.0,0.004
0.9,0.024999999999999994,K25,25,18908,3.042508827676598,norm_bet,0.8705,0.0,0.1295
0.9,0.024999999999999994,K25,25,24444,3.9333131893233957,cdf_eb,0.023,0.0,0.977
0.9,0.024999999999999994,K25,25,24444,3.9333131893233957,cdf_exact,0.1885,0.0,0.8115
0.9,0.024999999999999994,K25,25,24444,3.9333131893233957,exc_eb,0.9525,0.0,0.0475
0.9,0.024999999999999994,K25,25,24444,3.9333131893233957,exc_bet,0.9495,0.0,0.0505
0.9,0.024999999999999994,K25,25,24444,3.9333131893233957,counts_exact,0.9995,0.0,0.0005
0.9,0.024999999999999994,K25,25,24444,3.9333131893233957,norm_bet,0.963,0.0,0.037
0.9,0.024999999999999994,K25,25,31600,5.084793682810477,cdf_eb,0.046,0.0,0.954
0.9,0.024999999999999994,K25,25,31600,5.084793682810477,cdf_exact,0.295,0.0005,0.7045
0.9,0.024999999999999994,K25,25,31600,5.084793682810477,exc_eb,0.9955,0.0,0.0045
0.9,0.024999999999999994,K25,25,31600,5.084793682810477,exc_bet,0.995,0.0,0.005
0.9,0.024999999999999994,K25,25,31600,5.084793682810477,counts_exact,1.0,0.0,0.0
0.9,0.024999999999999994,K25,25,31600,5.084793682810477,norm_bet,0.998,0.0,0.002
0.9,0.024999999999999994,K25,25,40851,6.573383124572493,cdf_eb,0.0895,0.0,0.9105
0.9,0.024999999999999994,K25,25,40851,6.573383124572493,cdf_exact,0.4035,0.0005,0.596
0.9,0.024999999999999994,K25,25,40851,6.573383124572493,exc_eb,1.0,0.0,0.0
0.9,0.024999999999999994,K25,25,40851,6.573383124572493,exc_bet,0.9995,0.0,0.0005
0.9,0.024999999999999994,K25,25,40851,6.573383124572493,counts_exact,1.0,0.0,0.0
0.9,0.024999999999999994,K25,25,40851,6.573383124572493,norm_bet,1.0,0.0,0.0
0.9,0.024999999999999994,K25,25,52811,8.497880986800762,cdf_eb,0.169,0.0,0.831
0.9,0.024999999999999994,K25,25,52811,8.497880986800762,cdf_exact,0.531,0.0,0.469
0.9,0.024999999999999994,K25,25,52811,8.497880986800762,exc_eb,1.0,0.0,0.0
0.9,0.024999999999999994,K25,25,52811,8.497880986800762,exc_bet,1.0,0.0,0.0
0.9,0.024999999999999994,K25,25,52811,8.497880986800762,counts_exact,1.0,0.0,0.0
0.9,0.024999999999999994,K25,25,52811,8.497880986800762,norm_bet,1.0,0.0,0.0
0.9,0.024999999999999994,K25,25,68271,10.98556802275804,cdf_eb,0.3065,0.0,0.6935
0.9,0.024999999999999994,K25,25,68271,10.98556802275804,cdf_exact,0.7065,0.0,0.2935
0.9,0.024999999999999994,K25,25,68271,10.98556802275804,exc_eb,1.0,0.0,0.0
0.9,0.024999999999999994,K25,25,68271,10.98556802275804,exc_bet,1.0,0.0,0.0
0.9,0.024999999999999994,K25,25,68271,10.98556802275804,counts_exact,1.0,0.0,0.0
0.9,0.024999999999999994,K25,25,68271,10.98556802275804,norm_bet,1.0,0.0,0.0
0.9,0.024999999999999994,K25,25,88258,14.201700027135667,cdf_eb,0.4955,0.0,0.5045
0.9,0.024999999999999994,K25,25,88258,14.201700027135667,cdf_exact,0.8445,0.0,0.1555
0.9,0.024999999999999994,K25,25,88258,14.201700027135667,exc_eb,1.0,0.0,0.0
0.9,0.024999999999999994,K25,25,88258,14.201700027135667,exc_bet,1.0,0.0,0.0
0.9,0.024999999999999994,K25,25,88258,14.201700027135667,counts_exact,1.0,0.0,0.0
0.9,0.024999999999999994,K25,25,88258,14.201700027135667,norm_bet,1.0,0.0,0.0
0.9,0.024999999999999994,K25,25,114096,18.3593234187957,cdf_eb,0.688,0.0,0.312
0.9,0.024999999999999994,K25,25,114096,18.3593234187957,cdf_exact,0.9385,0.0,0.0615
0.9,0.024999999999999994,K25,25,114096,18.3593234187957,exc_eb,1.0,0.0,0.0
0.9,0.024999999999999994,K25,25,114096,18.3593234187957,exc_bet,1.0,0.0,0.0
0.9,0.024999999999999994,K25,25,114096,18.3593234187957,counts_exact,1.0,0.0,0.0
0.9,0.024999999999999994,K25,25,114096,18.3593234187957,norm_bet,1.0,0.0,0.0
0.9,0.024999999999999994,K25,25,147499,23.734239981672864,cdf_eb,0.8725,0.0,0.1275
0.9,0.024999999999999994,K25,25,147499,23.734239981672864,cdf_exact,0.9815,0.0,0.0185
0.9,0.024999999999999994,K25,25,147499,23.734239981672864,exc_eb,1.0,0.0,0.0
0.9,0.024999999999999994,K25,25,147499,23.734239981672864,exc_bet,1.0,0.0,0.0
0.9,0.024999999999999994,K25,25,147499,23.734239981672864,counts_exact,1.0,0.0,0.0
0.9,0.024999999999999994,K25,25,147499,23.734239981672864,norm_bet,1.0,0.0,0.0
0.9,0.024999999999999994,K25,25,190680,30.682546184756383,cdf_eb,0.9605,0.0,0.0395
0.9,0.024999999999999994,K25,25,190680,30.682546184756383,cdf_exact,0.9955,0.0,0.0045
0.9,0.024999999999999994,K25,25,190680,30.682546184756383,exc_eb,1.0,0.0,0.0
0.9,0.024999999999999994,K25,25,190680,30.682546184756383,exc_bet,1.0,0.0,0.0
0.9,0.024999999999999994,K25,25,190680,30.682546184756383,counts_exact,1.0,0.0,0.0
0.9,0.024999999999999994,K25,25,190680,30.682546184756383,norm_bet,1.0,0.0,0.0
0.9,0.024999999999999994,K25,25,246503,39.66509168334908,cdf_eb,0.996,0.0,0.004
0.9,0.024999999999999994,K25,25,246503,39.66509168334908,cdf_exact,0.9995,0.0,0.0005
0.9,0.024999999999999994,K25,25,246503,39.66509168334908,exc_eb,1.0,0.0,0.0
0.9,0.024999999999999994,K25,25,246503,39.66509168334908,exc_bet,1.0,0.0,0.0
0.9,0.024999999999999994,K25,25,246503,39.66509168334908,counts_exact,1.0,0.0,0.0
0.9,0.024999999999999994,K25,25,246503,39.66509168334908,norm_bet,1.0,0.0,0.0
0.9,0.024999999999999994,K25,25,318668,51.27724788967877,cdf_eb,1.0,0.0,0.0
0.9,0.024999999999999994,K25,25,318668,51.27724788967877,cdf_exact,1.0,0.0,0.0
0.9,0.024999999999999994,K25,25,318668,51.27724788967877,exc_eb,1.0,0.0,0.0
0.9,0.024999999999999994,K25,25,318668,51.27724788967877,exc_bet,1.0,0.0,0.0
0.9,0.024999999999999994,K25,25,318668,51.27724788967877,counts_exact,1.0,0.0,0.0
0.9,0.024999999999999994,K25,25,318668,51.27724788967877,norm_bet,1.0,0.0,0.0
0.9,0.024999999999999994,K25,25,411961,66.28913577102173,cdf_eb,1.0,0.0,0.0
0.9,0.024999999999999994,K25,25,411961,66.28913577102173,cdf_exact,1.0,0.0,0.0
0.9,0.024999999999999994,K25,25,411961,66.28913577102173,exc_eb,1.0,0.0,0.0
0.9,0.024999999999999994,K25,25,411961,66.28913577102173,exc_bet,1.0,0.0,0.0
0.9,0.024999999999999994,K25,25,411961,66.28913577102173,counts_exact,1.0,0.0,0.0
0.9,0.024999999999999994,K25,25,411961,66.28913577102173,norm_bet,1.0,0.0,0.0
0.9,0.024999999999999994,K25,25,532565,85.69566923056841,cdf_eb,1.0,0.0,0.0
0.9,0.024999999999999994,K25,25,532565,85.69566923056841,cdf_exact,1.0,0.0,0.0
0.9,0.024999999999999994,K25,25,532565,85.69566923056841,exc_eb,1.0,0.0,0.0
0.9,0.024999999999999994,K25,25,532565,85.69566923056841,exc_bet,1.0,0.0,0.0
0.9,0.024999999999999994,K25,25,532565,85.69566923056841,counts_exact,1.0,0.0,0.0
0.9,0.024999999999999994,K25,25,532565,85.69566923056841,norm_bet,1.0,0.0,0.0
0.9,0.024999999999999994,K25,25,688477,110.78365507469331,cdf_eb,1.0,0.0,0.0
0.9,0.024999999999999994,K25,25,688477,110.78365507469331,cdf_exact,1.0,0.0,0.0
0.9,0.024999999999999994,K25,25,688477,110.78365507469331,exc_eb,1.0,0.0,0.0
0.9,0.024999999999999994,K25,25,688477,110.78365507469331,exc_bet,1.0,0.0,0.0
0.9,0.024999999999999994,K25,25,688477,110.78365507469331,counts_exact,1.0,0.0,0.0
0.9,0.024999999999999994,K25,25,688477,110.78365507469331,norm_bet,1.0,0.0,0.0
0.9,0.024999999999999994,K25,25,890033,143.21627138901448,cdf_eb,1.0,0.0,0.0
0.9,0.024999999999999994,K25,25,890033,143.21627138901448,cdf_exact,1.0,0.0,0.0
0.9,0.024999999999999994,K25,25,890033,143.21627138901448,exc_eb,1.0,0.0,0.0
0.9,0.024999999999999994,K25,25,890033,143.21627138901448,exc_bet,1.0,0.0,0.0
0.9,0.024999999999999994,K25,25,890033,143.21627138901448,counts_exact,1.0,0.0,0.0
0.9,0.024999999999999994,K25,25,890033,143.21627138901448,norm_bet,1.0,0.0,0.0
0.9,0.024999999999999994,K25,25,1150597,185.1439353500217,cdf_eb,1.0,0.0,0.0
0.9,0.024999999999999994,K25,25,1150597,185.1439353500217,cdf_exact,1.0,0.0,0.0
0.9,0.024999999999999994,K25,25,1150597,185.1439353500217,exc_eb,1.0,0.0,0.0
0.9,0.024999999999999994,K25,25,1150597,185.1439353500217,exc_bet,1.0,0.0,0.0
0.9,0.024999999999999994,K25,25,1150597,185.1439353500217,counts_exact,1.0,0.0,0.0
0.9,0.024999999999999994,K25,25,1150597,185.1439353500217,norm_bet,1.0,0.0,0.0
0.9,0.024999999999999994,K25,25,1487442,239.34606598566396,cdf_eb,1.0,0.0,0.0
0.9,0.024999999999999994,K25,25,1487442,239.34606598566396,cdf_exact,1.0,0.0,0.0
0.9,0.024999999999999994,K25,25,1487442,239.34606598566396,exc_eb,1.0,0.0,0.0
0.9,0.024999999999999994,K25,25,1487442,239.34606598566396,exc_bet,1.0,0.0,0.0
0.9,0.024999999999999994,K25,25,1487442,239.34606598566396,counts_exact,1.0,0.0,0.0
0.9,0.024999999999999994,K25,25,1487442,239.34606598566396,norm_bet,1.0,0.0,0.0
0.9,0.024999999999999994,K25,25,1922901,309.4162929579098,cdf_eb,1.0,0.0,0.0
0.9,0.024999999999999994,K25,25,1922901,309.4162929579098,cdf_exact,1.0,0.0,0.0
0.9,0.024999999999999994,K25,25,1922901,309.4162929579098,exc_eb,1.0,0.0,0.0
0.9,0.024999999999999994,K25,25,1922901,309.4162929579098,exc_bet,1.0,0.0,0.0
0.9,0.024999999999999994,K25,25,1922901,309.4162929579098,counts_exact,1.0,0.0,0.0
0.9,0.024999999999999994,K25,25,1922901,309.4162929579098,norm_bet,1.0,0.0,0.0
0.9,0.024999999999999994,K25,25,2485843,399.9999614828685,cdf_eb,1.0,0.0,0.0
0.9,0.024999999999999994,K25,25,2485843,399.9999614828685,cdf_exact,1.0,0.0,0.0
0.9,0.024999999999999994,K25,25,2485843,399.9999614828685,exc_eb,1.0,0.0,0.0
0.9,0.024999999999999994,K25,25,2485843,399.9999614828685,exc_bet,1.0,0.0,0.0
0.9,0.024999999999999994,K25,25,2485843,399.9999614828685,counts_exact,1.0,0.0,0.0
0.9,0.024999999999999994,K25,25,2485843,399.9999614828685,norm_bet,1.0,0.0,0.0
0.9,0.024999999999999994,K50,50,345,0.04994386541887395,cdf_eb,0.0,0.0,1.0
0.9,0.024999999999999994,K50,50,345,0.04994386541887395,cdf_exact,0.004,0.0205,0.9755
0.9,0.024999999999999994,K50,50,345,0.04994386541887395,exc_eb,0.0,0.0,1.0
0.9,0.024999999999999994,K50,50,345,0.04994386541887395,exc_bet,0.0,0.0,1.0
0.9,0.024999999999999994,K50,50,345,0.04994386541887395,counts_exact,0.0045,0.007,0.9885
0.9,0.024999999999999994,K50,50,345,0.04994386541887395,norm_bet,0.0,0.0,1.0
0.9,0.024999999999999994,K50,50,447,0.0647098778035845,cdf_eb,0.0,0.0,1.0
0.9,0.024999999999999994,K50,50,447,0.0647098778035845,cdf_exact,0.0025,0.0215,0.976
0.9,0.024999999999999994,K50,50,447,0.0647098778035845,exc_eb,0.0,0.0,1.0
0.9,0.024999999999999994,K50,50,447,0.0647098778035845,exc_bet,0.0,0.0,1.0
0.9,0.024999999999999994,K50,50,447,0.0647098778035845,counts_exact,0.005,0.006,0.989
0.9,0.024999999999999994,K50,50,447,0.0647098778035845,norm_bet,0.0,0.0,1.0
0.9,0.024999999999999994,K50,50,577,0.08352930535272542,cdf_eb,0.0,0.0,1.0
0.9,0.024999999999999994,K50,50,577,0.08352930535272542,cdf_exact,0.002,0.0215,0.9765
0.9,0.024999999999999994,K50,50,577,0.08352930535272542,exc_eb,0.0,0.0,1.0
0.9,0.024999999999999994,K50,50,577,0.08352930535272542,exc_bet,0.0,0.0,1.0
0.9,0.024999999999999994,K50,50,577,0.08352930535272542,counts_exact,0.0045,0.002,0.9935
0.9,0.024999999999999994,K50,50,577,0.08352930535272542,norm_bet,0.0,0.0,1.0
0.9,0.024999999999999994,K50,50,746,0.1079945611666086,cdf_eb,0.0,0.0,1.0
0.9,0.024999999999999994,K50,50,746,0.1079945611666086,cdf_exact,0.002,0.0175,0.9805
0.9,0.024999999999999994,K50,50,746,0.1079945611666086,exc_eb,0.0,0.0,1.0
0.9,0.024999999999999994,K50,50,746,0.1079945611666086,exc_bet,0.0,0.0,1.0
0.9,0.024999999999999994,K50,50,746,0.1079945611666086,counts_exact,0.0095,0.004,0.9865
0.9,0.024999999999999994,K50,50,746,0.1079945611666086,norm_bet,0.0005,0.0,0.9995
0.9,0.024999999999999994,K50,50,965,0.13969805834554597,cdf_eb,0.0,0.0,1.0
0.9,0.024999999999999994,K50,50,965,0.13969805834554597,cdf_exact,0.0025,0.017,0.9805
0.9,0.024999999999999994,K50,50,965,0.13969805834554597,exc_eb,0.0,0.0,1.0
0.9,0.024999999999999994,K50,50,965,0.13969805834554597,exc_bet,0.0,0.0,1.0
0.9,0.024999999999999994,K50,50,965,0.13969805834554597,counts_exact,0.0165,0.001,0.9825
0.9,0.024999999999999994,K50,50,965,0.13969805834554597,norm_bet,0.0,0.0,1.0
0.9,0.024999999999999994,K50,50,1247,0.18052173964445165,cdf_eb,0.0,0.0,1.0
0.9,0.024999999999999994,K50,50,1247,0.18052173964445165,cdf_exact,0.0055,0.019,0.9755
0.9,0.024999999999999994,K50,50,1247,0.18052173964445165,exc_eb,0.0,0.0,1.0
0.9,0.024999999999999994,K50,50,1247,0.18052173964445165,exc_bet,0.002,0.0,0.998
0.9,0.024999999999999994,K50,50,1247,0.18052173964445165,counts_exact,0.03,0.0025,0.9675
0.9,0.024999999999999994,K50,50,1247,0.18052173964445165,norm_bet,0.0005,0.0,0.9995
0.9,0.024999999999999994,K50,50,1612,0.23336090160934728,cdf_eb,0.0,0.0,1.0
0.9,0.024999999999999994,K50,50,1612,0.23336090160934728,cdf_exact,0.0045,0.015,0.9805
0.9,0.024999999999999994,K50,50,1612,0.23336090160934728,exc_eb,0.0,0.0,1.0
0.9,0.024999999999999994,K50,50,1612,0.23336090160934728,exc_bet,0.0065,0.0,0.9935
0.9,0.024999999999999994,K50,50,1612,0.23336090160934728,counts_exact,0.049,0.002,0.949
0.9,0.024999999999999994,K50,50,1612,0.23336090160934728,norm_bet,0.0045,0.0,0.9955
0.9,0.024999999999999994,K50,50,2084,0.3016899000954589,cdf_eb,0.0,0.0,1.0
0.9,0.024999999999999994,K50,50,2084,0.3016899000954589,cdf_exact,0.004,0.0085,0.9875
0.9,0.024999999999999994,K50,50,2084,0.3016899000954589,exc_eb,0.0,0.0,1.0
0.9,0.024999999999999994,K50,50,2084,0.3016899000954589,exc_bet,0.018,0.0,0.982
0.9,0.024999999999999994,K50,50,2084,0.3016899000954589,counts_exact,0.0705,0.001,0.9285
0.9,0.024999999999999994,K50,50,2084,0.3016899000954589,norm_bet,0.014,0.0,0.986
0.9,0.024999999999999994,K50,50,2694,0.38999644474912004,cdf_eb,0.0,0.0,1.0
0.9,0.024999999999999994,K50,50,2694,0.38999644474912004,cdf_exact,0.007,0.011,0.982
0.9,0.024999999999999994,K50,50,2694,0.38999644474912004,exc_eb,0.0,0.0,1.0
0.9,0.024999999999999994,K50,50,2694,0.38999644474912004,exc_bet,0.0265,0.0,0.9735
0.9,0.024999999999999994,K50,50,2694,0.38999644474912004,counts_exact,0.1065,0.0,0.8935
0.9,0.024999999999999994,K50,50,2694,0.38999644474912004,norm_bet,0.02,0.0,0.98
0.9,0.024999999999999994,K50,50,3483,0.5042158934896753,cdf_eb,0.0,0.0,1.0
0.9,0.024999999999999994,K50,50,3483,0.5042158934896753,cdf_exact,0.009,0.0095,0.9815
0.9,0.024999999999999994,K50,50,3483,0.5042158934896753,exc_eb,0.001,0.0,0.999
0.9,0.024999999999999994,K50,50,3483,0.5042158934896753,exc_bet,0.0395,0.0,0.9605
0.9,0.024999999999999994,K50,50,3483,0.5042158934896753,counts_exact,0.1725,0.0,0.8275
0.9,0.024999999999999994,K50,50,3483,0.5042158934896753,norm_bet,0.04,0.0,0.96
0.9,0.024999999999999994,K50,50,4503,0.6518760173367809,cdf_eb,0.0,0.0,1.0
0.9,0.024999999999999994,K50,50,4503,0.6518760173367809,cdf_exact,0.0145,0.005,0.9805
0.9,0.024999999999999994,K50,50,4503,0.6518760173367809,exc_eb,0.004,0.0,0.996
0.9,0.024999999999999994,K50,50,4503,0.6518760173367809,exc_bet,0.0645,0.0,0.9355
0.9,0.024999999999999994,K50,50,4503,0.6518760173367809,counts_exact,0.2845,0.0,0.7155
0.9,0.024999999999999994,K50,50,4503,0.6518760173367809,norm_bet,0.065,0.0,0.935
0.9,0.024999999999999994,K50,50,5821,0.8426760597196095,cdf_eb,0.0,0.0,1.0
0.9,0.024999999999999994,K50,50,5821,0.8426760597196095,cdf_exact,0.016,0.0055,0.9785
0.9,0.024999999999999994,K50,50,5821,0.8426760597196095,exc_eb,0.013,0.0,0.987
0.9,0.024999999999999994,K50,50,5821,0.8426760597196095,exc_bet,0.096,0.0,0.904
0.9,0.024999999999999994,K50,50,5821,0.8426760597196095,counts_exact,0.442,0.0,0.558
0.9,0.024999999999999994,K50,50,5821,0.8426760597196095,norm_bet,0.096,0.0,0.904
0.9,0.024999999999999994,K50,50,7525,1.0893553254406565,cdf_eb,0.0,0.0,1.0
0.9,0.024999999999999994,K50,50,7525,1.0893553254406565,cdf_exact,0.0255,0.0045,0.97
0.9,0.024999999999999994,K50,50,7525,1.0893553254406565,exc_eb,0.042,0.0,0.958
0.9,0.024999999999999994,K50,50,7525,1.0893553254406565,exc_bet,0.147,0.0,0.853
0.9,0.024999999999999994,K50,50,7525,1.0893553254406565,counts_exact,0.5865,0.0,0.4135
0.9,0.024999999999999994,K50,50,7525,1.0893553254406565,norm_bet,0.1625,0.0,0.8375
0.9,0.024999999999999994,K50,50,9728,1.4082722399849443,cdf_eb,0.001,0.0,0.999
0.9,0.024999999999999994,K50,50,9728,1.4082722399849443,cdf_exact,0.033,0.0035,0.9635
0.9,0.024999999999999994,K50,50,9728,1.4082722399849443,exc_eb,0.134,0.0,0.866
0.9,0.024999999999999994,K50,50,9728,1.4082722399849443,exc_bet,0.266,0.0,0.734
0.9,0.024999999999999994,K50,50,9728,1.4082722399849443,counts_exact,0.7705,0.0,0.2295
0.9,0.024999999999999994,K50,50,9728,1.4082722399849443,norm_bet,0.29,0.0,0.71
0.9,0.024999999999999994,K50,50,12576,1.8205624681384314,cdf_eb,0.003,0.0,0.997
0.9,0.024999999999999994,K50,50,12576,1.8205624681384314,cdf_exact,0.0485,0.0005,0.951
0.9,0.024999999999999994,K50,50,12576,1.8205624681384314,exc_eb,0.2925,0.0,0.7075
0.9,0.024999999999999994,K50,50,12576,1.8205624681384314,exc_bet,0.4175,0.0,0.5825
0.9,0.024999999999999994,K50,50,12576,1.8205624681384314,counts_exact,0.8995,0.0,0.1005
0.9,0.024999999999999994,K50,50,12576,1.8205624681384314,norm_bet,0.469,0.0,0.531
0.9,0.024999999999999994,K50,50,16258,2.353586562261022,cdf_eb,0.0045,0.0,0.9955
0.9,0.024999999999999994,K50,50,16258,2.353586562261022,cdf_exact,0.0755,0.0005,0.924
0.9,0.024999999999999994,K50,50,16258,2.353586562261022,exc_eb,0.58,0.0,0.42
0.9,0.024999999999999994,K50,50,16258,2.353586562261022,exc_bet,0.651,0.0,0.349
0.9,0.024999999999999994,K50,50,16258,2.353586562261022,counts_exact,0.9685,0.0,0.0315
0.9,0.024999999999999994,K50,50,16258,2.353586562261022,norm_bet,0.704,0.0,0.296
0.9,0.024999999999999994,K50,50,21017,3.0425223753868806,cdf_eb,0.01,0.0,0.99
0.9,0.024999999999999994,K50,50,21017,3.0425223753868806,cdf_exact,0.1055,0.001,0.8935
0.9,0.024999999999999994,K50,50,21017,3.0425223753868806,exc_eb,0.8525,0.0,0.1475
0.9,0.024999999999999994,K50,50,21017,3.0425223753868806,exc_bet,0.8595,0.0,0.1405
0.9,0.024999999999999994,K50,50,21017,3.0425223753868806,counts_exact,0.993,0.0,0.007
0.9,0.024999999999999994,K50,50,21017,3.0425223753868806,norm_bet,0.8895,0.0,0.1105
0.9,0.024999999999999994,K50,50,27170,3.93326035777045,cdf_eb,0.0205,0.0,0.9795
0.9,0.024999999999999994,K50,50,27170,3.93326035777045,cdf_exact,0.1665,0.0005,0.833
0.9,0.024999999999999994,K50,50,27170,3.93326035777045,exc_eb,0.9495,0.0,0.0505
0.9,0.024999999999999994,K50,50,27170,3.93326035777045,exc_bet,0.945,0.0,0.055
0.9,0.024999999999999994,K50,50,27170,3.93326035777045,counts_exact,0.999,0.0,0.001
0.9,0.024999999999999994,K50,50,27170,3.93326035777045,norm_bet,0.968,0.0,0.032
0.9,0.024999999999999994,K50,50,35125,5.0848645589505725,cdf_eb,0.041,0.0,0.959
0.9,0.024999999999999994,K50,50,35125,5.0848645589505725,cdf_exact,0.2605,0.0,0.7395
0.9,0.024999999999999994,K50,50,35125,5.0848645589505725,exc_eb,0.998,0.0,0.002
0.9,0.024999999999999994,K50,50,35125,5.0848645589505725,exc_bet,0.996,0.0,0.004
0.9,0.024999999999999994,K50,50,35125,5.0848645589505725,counts_exact,1.0,0.0,0.0
0.9,0.024999999999999994,K50,50,35125,5.0848645589505725,norm_bet,0.9985,0.0,0.0015
0.9,0.024999999999999994,K50,50,45407,6.573336513260317,cdf_eb,0.0755,0.0,0.9245
0.9,0.024999999999999994,K50,50,45407,6.573336513260317,cdf_exact,0.3595,0.0,0.6405
0.9,0.024999999999999994,K50,50,45407,6.573336513260317,exc_eb,1.0,0.0,0.0
0.9,0.024999999999999994,K50,50,45407,6.573336513260317,exc_bet,1.0,0.0,0.0
0.9,0.024999999999999994,K50,50,45407,6.573336513260317,counts_exact,1.0,0.0,0.0
0.9,0.024999999999999994,K50,50,45407,6.573336513260317,norm_bet,1.0,0.0,0.0
0.9,0.024999999999999994,K50,50,58701,8.497840127400927,cdf_eb,0.162,0.0,0.838
0.9,0.024999999999999994,K50,50,58701,8.497840127400927,cdf_exact,0.5015,0.0,0.4985
0.9,0.024999999999999994,K50,50,58701,8.497840127400927,exc_eb,1.0,0.0,0.0
0.9,0.024999999999999994,K50,50,58701,8.497840127400927,exc_bet,1.0,0.0,0.0
0.9,0.024999999999999994,K50,50,58701,8.497840127400927,counts_exact,1.0,0.0,0.0
0.9,0.024999999999999994,K50,50,58701,8.497840127400927,norm_bet,1.0,0.0,0.0
0.9,0.024999999999999994,K50,50,75886,10.985623684570054,cdf_eb,0.308,0.0,0.692
0.9,0.024999999999999994,K50,50,75886,10.985623684570054,cdf_exact,0.6875,0.0,0.3125
0.9,0.024999999999999994,K50,50,75886,10.985623684570054,exc_eb,1.0,0.0,0.0
0.9,0.024999999999999994,K50,50,75886,10.985623684570054,exc_bet,1.0,0.0,0.0
0.9,0.024999999999999994,K50,50,75886,10.985623684570054,counts_exact,1.0,0.0,0.0
0.9,0.024999999999999994,K50,50,75886,10.985623684570054,norm_bet,1.0,0.0,0.0
0.9,0.024999999999999994,K50,50,98102,14.201719087890934,cdf_eb,0.502,0.0,0.498
0.9,0.024999999999999994,K50,50,98102,14.201719087890934,cdf_exact,0.8345,0.0,0.1655
0.9,0.024999999999999994,K50,50,98102,14.201719087890934,exc_eb,1.0,0.0,0.0
0.9,0.024999999999999994,K50,50,98102,14.201719087890934,exc_bet,1.0,0.0,0.0
0.9,0.024999999999999994,K50,50,98102,14.201719087890934,counts_exact,1.0,0.0,0.0
0.9,0.024999999999999994,K50,50,98102,14.201719087890934,norm_bet,1.0,0.0,0.0
0.9,0.024999999999999994,K50,50,126822,18.359364927978064,cdf_eb,0.7055,0.0,0.2945
0.9,0.024999999999999994,K50,50,126822,18.359364927978064,cdf_exact,0.925,0.0,0.075
0.9,0.024999999999999994,K50,50,126822,18.359364927978064,exc_eb,1.0,0.0,0.0
0.9,0.024999999999999994,K50,50,126822,18.359364927978064,exc_bet,1.0,0.0,0.0
0.9,0.024999999999999994,K50,50,126822,18.359364927978064,counts_exact,1.0,0.0,0.0
0.9,0.024999999999999994,K50,50,126822,18.359364927978064,norm_bet,1.0,0.0,0.0
0.9,0.024999999999999994,K50,50,163950,23.734193436012706,cdf_eb,0.8835,0.0,0.1165
0.9,0.024999999999999994,K50,50,163950,23.734193436012706,cdf_exact,0.9855,0.0,0.0145
0.9,0.024999999999999994,K50,50,163950,23.734193436012706,exc_eb,1.0,0.0,0.0
0.9,0.024999999999999994,K50,50,163950,23.734193436012706,exc_bet,1.0,0.0,0.0
0.9,0.024999999999999994,K50,50,163950,23.734193436012706,counts_exact,1.0,0.0,0.0
0.9,0.024999999999999994,K50,50,163950,23.734193436012706,norm_bet,1.0,0.0,0.0
0.9,0.024999999999999994,K50,50,211948,30.682615616810132,cdf_eb,0.9745,0.0,0.0255
0.9,0.024999999999999994,K50,50,211948,30.682615616810132,cdf_exact,0.9975,0.0,0.0025
0.9,0.024999999999999994,K50,50,211948,30.682615616810132,exc_eb,1.0,0.0,0.0
0.9,0.024999999999999994,K50,50,211948,30.682615616810132,exc_bet,1.0,0.0,0.0
0.9,0.024999999999999994,K50,50,211948,30.682615616810132,counts_exact,1.0,0.0,0.0
0.9,0.024999999999999994,K50,50,211948,30.682615616810132,norm_bet,1.0,0.0,0.0
0.9,0.024999999999999994,K50,50,273997,39.66512838601509,cdf_eb,0.9975,0.0,0.0025
0.9,0.024999999999999994,K50,50,273997,39.66512838601509,cdf_exact,0.9995,0.0,0.0005
0.9,0.024999999999999994,K50,50,273997,39.66512838601509,exc_eb,1.0,0.0,0.0
0.9,0.024999999999999994,K50,50,273997,39.66512838601509,exc_bet,1.0,0.0,0.0
0.9,0.024999999999999994,K50,50,273997,39.66512838601509,counts_exact,1.0,0.0,0.0
0.9,0.024999999999999994,K50,50,273997,39.66512838601509,norm_bet,1.0,0.0,0.0
0.9,0.024999999999999994,K50,50,354211,51.27729424314423,cdf_eb,0.9995,0.0,0.0005
0.9,0.024999999999999994,K50,50,354211,51.27729424314423,cdf_exact,1.0,0.0,0.0
0.9,0.024999999999999994,K50,50,354211,51.27729424314423,exc_eb,1.0,0.0,0.0
0.9,0.024999999999999994,K50,50,354211,51.27729424314423,exc_bet,1.0,0.0,0.0
0.9,0.024999999999999994,K50,50,354211,51.27729424314423,counts_exact,1.0,0.0,0.0
0.9,0.024999999999999994,K50,50,354211,51.27729424314423,norm_bet,1.0,0.0,0.0
0.9,0.024999999999999994,K50,50,457909,66.28911730461203,cdf_eb,1.0,0.0,0.0
0.9,0.024999999999999994,K50,50,457909,66.28911730461203,cdf_exact,1.0,0.0,0.0
0.9,0.024999999999999994,K50,50,457909,66.28911730461203,exc_eb,1.0,0.0,0.0
0.9,0.024999999999999994,K50,50,457909,66.28911730461203,exc_bet,1.0,0.0,0.0
0.9,0.024999999999999994,K50,50,457909,66.28911730461203,counts_exact,1.0,0.0,0.0
0.9,0.024999999999999994,K50,50,457909,66.28911730461203,norm_bet,1.0,0.0,0.0
0.9,0.024999999999999994,K50,50,591965,85.69571099328614,cdf_eb,1.0,0.0,0.0
0.9,0.024999999999999994,K50,50,591965,85.69571099328614,cdf_exact,1.0,0.0,0.0
0.9,0.024999999999999994,K50,50,591965,85.69571099328614,exc_eb,1.0,0.0,0.0
0.9,0.024999999999999994,K50,50,591965,85.69571099328614,exc_bet,1.0,0.0,0.0
0.9,0.024999999999999994,K50,50,591965,85.69571099328614,counts_exact,1.0,0.0,0.0
0.9,0.024999999999999994,K50,50,591965,85.69571099328614,norm_bet,1.0,0.0,0.0
0.9,0.024999999999999994,K50,50,765266,110.78360032939128,cdf_eb,1.0,0.0,0.0
0.9,0.024999999999999994,K50,50,765266,110.78360032939128,cdf_exact,1.0,0.0,0.0
0.9,0.024999999999999994,K50,50,765266,110.78360032939128,exc_eb,1.0,0.0,0.0
0.9,0.024999999999999994,K50,50,765266,110.78360032939128,exc_bet,1.0,0.0,0.0
0.9,0.024999999999999994,K50,50,765266,110.78360032939128,counts_exact,1.0,0.0,0.0
0.9,0.024999999999999994,K50,50,765266,110.78360032939128,norm_bet,1.0,0.0,0.0
0.9,0.024999999999999994,K50,50,989303,143.21627794344423,cdf_eb,1.0,0.0,0.0
0.9,0.024999999999999994,K50,50,989303,143.21627794344423,cdf_exact,1.0,0.0,0.0
0.9,0.024999999999999994,K50,50,989303,143.21627794344423,exc_eb,1.0,0.0,0.0
0.9,0.024999999999999994,K50,50,989303,143.21627794344423,exc_bet,1.0,0.0,0.0
0.9,0.024999999999999994,K50,50,989303,143.21627794344423,counts_exact,1.0,0.0,0.0
0.9,0.024999999999999994,K50,50,989303,143.21627794344423,norm_bet,1.0,0.0,0.0
0.9,0.024999999999999994,K50,50,1278929,185.14393581534796,cdf_eb,1.0,0.0,0.0
0.9,0.024999999999999994,K50,50,1278929,185.14393581534796,cdf_exact,1.0,0.0,0.0
0.9,0.024999999999999994,K50,50,1278929,185.14393581534796,exc_eb,1.0,0.0,0.0
0.9,0.024999999999999994,K50,50,1278929,185.14393581534796,exc_bet,1.0,0.0,0.0
0.9,0.024999999999999994,K50,50,1278929,185.14393581534796,counts_exact,1.0,0.0,0.0
0.9,0.024999999999999994,K50,50,1278929,185.14393581534796,norm_bet,1.0,0.0,0.0
0.9,0.024999999999999994,K50,50,1653344,239.34605862928328,cdf_eb,1.0,0.0,0.0
0.9,0.024999999999999994,K50,50,1653344,239.34605862928328,cdf_exact,1.0,0.0,0.0
0.9,0.024999999999999994,K50,50,1653344,239.34605862928328,exc_eb,1.0,0.0,0.0
0.9,0.024999999999999994,K50,50,1653344,239.34605862928328,exc_bet,1.0,0.0,0.0
0.9,0.024999999999999994,K50,50,1653344,239.34605862928328,counts_exact,1.0,0.0,0.0
0.9,0.024999999999999994,K50,50,1653344,239.34605862928328,norm_bet,1.0,0.0,0.0
0.9,0.024999999999999994,K50,50,2137372,309.41628845817235,cdf_eb,1.0,0.0,0.0
0.9,0.024999999999999994,K50,50,2137372,309.41628845817235,cdf_exact,1.0,0.0,0.0
0.9,0.024999999999999994,K50,50,2137372,309.41628845817235,exc_eb,1.0,0.0,0.0
0.9,0.024999999999999994,K50,50,2137372,309.41628845817235,exc_bet,1.0,0.0,0.0
0.9,0.024999999999999994,K50,50,2137372,309.41628845817235,counts_exact,1.0,0.0,0.0
0.9,0.024999999999999994,K50,50,2137372,309.41628845817235,norm_bet,1.0,0.0,0.0
0.9,0.024999999999999994,K50,50,2763102,399.9999838452796,cdf_eb,1.0,0.0,0.0
0.9,0.024999999999999994,K50,50,2763102,399.9999838452796,cdf_exact,1.0,0.0,0.0
0.9,0.024999999999999994,K50,50,2763102,399.9999838452796,exc_eb,1.0,0.0,0.0
0.9,0.024999999999999994,K50,50,2763102,399.9999838452796,exc_bet,1.0,0.0,0.0
0.9,0.024999999999999994,K50,50,2763102,399.9999838452796,counts_exact,1.0,0.0,0.0
0.9,0.024999999999999994,K50,50,2763102,399.9999838452796,norm_bet,1.0,0.0,0.0
0.9,0.024999999999999994,K125,125,391,0.049974143743207286,cdf_eb,0.0,0.0,1.0
0.9,0.024999999999999994,K125,125,391,0.049974143743207286,cdf_exact,0.0015,0.022,0.9765
0.9,0.024999999999999994,K125,125,391,0.049974143743207286,exc_eb,0.0,0.0,1.0
0.9,0.024999999999999994,K125,125,391,0.049974143743207286,exc_bet,0.0,0.0,1.0
0.9,0.024999999999999994,K125,125,391,0.049974143743207286,counts_exact,0.0,0.0045,0.9955
0.9,0.024999999999999994,K125,125,391,0.049974143743207286,norm_bet,0.0,0.0,1.0
0.9,0.024999999999999994,K125,125,506,0.06467242131473884,cdf_eb,0.0,0.0,1.0
0.9,0.024999999999999994,K125,125,506,0.06467242131473884,cdf_exact,0.001,0.0205,0.9785
0.9,0.024999999999999994,K125,125,506,0.06467242131473884,exc_eb,0.0,0.0,1.0
0.9,0.024999999999999994,K125,125,506,0.06467242131473884,exc_bet,0.0,0.0,1.0
0.9,0.024999999999999994,K125,125,506,0.06467242131473884,counts_exact,0.0015,0.006,0.9925
0.9,0.024999999999999994,K125,125,506,0.06467242131473884,norm_bet,0.0,0.0,1.0
0.9,0.024999999999999994,K125,125,654,0.08358846549375337,cdf_eb,0.0,0.0,1.0
0.9,0.024999999999999994,K125,125,654,0.08358846549375337,cdf_exact,0.0005,0.019,0.9805
0.9,0.024999999999999994,K125,125,654,0.08358846549375337,exc_eb,0.0,0.0,1.0
0.9,0.024999999999999994,K125,125,654,0.08358846549375337,exc_bet,0.0,0.0,1.0
0.9,0.024999999999999994,K125,125,654,0.08358846549375337,counts_exact,0.0035,0.003,0.9935
0.9,0.024999999999999994,K125,125,654,0.08358846549375337,norm_bet,0.0,0.0,1.0
0.9,0.024999999999999994,K125,125,845,0.10800038737342751,cdf_eb,0.0,0.0,1.0
0.9,0.024999999999999994,K125,125,845,0.10800038737342751,cdf_exact,0.0,0.0135,0.9865
0.9,0.024999999999999994,K125,125,845,0.10800038737342751,exc_eb,0.0,0.0,1.0
0.9,0.024999999999999994,K125,125,845,0.10800038737342751,exc_bet,0.0,0.0,1.0
0.9,0.024999999999999994,K125,125,845,0.10800038737342751,counts_exact,0.0055,0.0025,0.992
0.9,0.024999999999999994,K125,125,845,0.10800038737342751,norm_bet,0.0,0.0,1.0
0.9,0.024999999999999994,K125,125,1093,0.1396975424842086,cdf_eb,0.0,0.0,1.0
0.9,0.024999999999999994,K125,125,1093,0.1396975424842086,cdf_exact,0.001,0.021,0.978
0.9,0.024999999999999994,K125,125,1093,0.1396975424842086,exc_eb,0.0,0.0,1.0
0.9,0.024999999999999994,K125,125,1093,0.1396975424842086,exc_bet,0.0,0.0,1.0
0.9,0.024999999999999994,K125,125,1093,0.1396975424842086,counts_exact,0.0105,0.001,0.9885
0.9,0.024999999999999994,K125,125,1093,0.1396975424842086,norm_bet,0.0,0.0,1.0
0.9,0.024999999999999994,K125,125,1412,0.18046928635654397,cdf_eb,0.0,0.0,1.0
0.9,0.024999999999999994,K125,125,1412,0.18046928635654397,cdf_exact,0.002,0.015,0.983
0.9,0.024999999999999994,K125,125,1412,0.18046928635654397,exc_eb,0.0,0.0,1.0
0.9,0.024999999999999994,K125,125,1412,0.18046928635654397,exc_bet,0.002,0.0,0.998
0.9,0.024999999999999994,K125,125,1412,0.18046928635654397,counts_exact,0.0205,0.0005,0.979
0.9,0.024999999999999994,K125,125,1412,0.18046928635654397,norm_bet,0.001,0.0,0.999
0.9,0.024999999999999994,K125,125,1826,0.23338308561405757,cdf_eb,0.0,0.0,1.0
0.9,0.024999999999999994,K125,125,1826,0.23338308561405757,cdf_exact,0.0035,0.011,0.9855
0.9,0.024999999999999994,K125,125,1826,0.23338308561405757,exc_eb,0.0,0.0,1.0
0.9,0.024999999999999994,K125,125,1826,0.23338308561405757,exc_bet,0.0045,0.0,0.9955
0.9,0.024999999999999994,K125,125,1826,0.23338308561405757,counts_exact,0.0365,0.0005,0.963
0.9,0.024999999999999994,K125,125,1826,0.23338308561405757,norm_bet,0.0035,0.0,0.9965
0.9,0.024999999999999994,K125,125,2361,0.30176202909900873,cdf_eb,0.0,0.0,1.0
0.9,0.024999999999999994,K125,125,2361,0.30176202909900873,cdf_exact,0.004,0.01,0.986
0.9,0.024999999999999994,K125,125,2361,0.30176202909900873,exc_eb,0.0,0.0,1.0
0.9,0.024999999999999994,K125,125,2361,0.30176202909900873,exc_bet,0.0105,0.0,0.9895
0.9,0.024999999999999994,K125,125,2361,0.30176202909900873,counts_exact,0.0565,0.0005,0.943
0.9,0.024999999999999994,K125,125,2361,0.30176202909900873,norm_bet,0.009,0.0,0.991
0.9,0.024999999999999994,K125,125,3052,0.3900795056375157,cdf_eb,0.0,0.0,1.0
0.9,0.024999999999999994,K125,125,3052,0.3900795056375157,cdf_exact,0.004,0.0085,0.9875
0.9,0.024999999999999994,K125,125,3052,0.3900795056375157,exc_eb,0.0,0.0,1.0
0.9,0.024999999999999994,K125,125,3052,0.3900795056375157,exc_bet,0.0225,0.0,0.9775
0.9,0.024999999999999994,K125,125,3052,0.3900795056375157,counts_exact,0.086,0.0,0.914
0.9,0.024999999999999994,K125,125,3052,0.3900795056375157,norm_bet,0.0185,0.0,0.9815
0.9,0.024999999999999994,K125,125,3945,0.5042148262581911,cdf_eb,0.0005,0.0,0.9995
0.9,0.024999999999999994,K125,125,3945,0.5042148262581911,cdf_exact,0.005,0.0075,0.9875
0.9,0.024999999999999994,K125,125,3945,0.5042148262581911,exc_eb,0.0,0.0,1.0
0.9,0.024999999999999994,K125,125,3945,0.5042148262581911,exc_bet,0.028,0.0,0.972
0.9,0.024999999999999994,K125,125,3945,0.5042148262581911,counts_exact,0.13,0.0005,0.8695
0.9,0.024999999999999994,K125,125,3945,0.5042148262581911,norm_bet,0.0225,0.0,0.9775
0.9,0.024999999999999994,K125,125,5100,0.6518366575200951,cdf_eb,0.0,0.0,1.0
0.9,0.024999999999999994,K125,125,5100,0.6518366575200951,cdf_exact,0.006,0.005,0.989
0.9,0.024999999999999994,K125,125,5100,0.6518366575200951,exc_eb,0.0025,0.0,0.9975
0.9,0.024999999999999994,K125,125,5100,0.6518366575200951,exc_bet,0.0505,0.0,0.9495
0.9,0.024999999999999994,K125,125,5100,0.6518366575200951,counts_exact,0.2455,0.0,0.7545
0.9,0.024999999999999994,K125,125,5100,0.6518366575200951,norm_bet,0.0555,0.0,0.9445
0.9,0.024999999999999994,K125,125,6593,0.84265864373137,cdf_eb,0.0,0.0,1.0
0.9,0.024999999999999994,K125,125,6593,0.84265864373137,cdf_exact,0.011,0.004,0.985
0.9,0.024999999999999994,K125,125,6593,0.84265864373137,exc_eb,0.01,0.0,0.99
0.9,0.024999999999999994,K125,125,6593,0.84265864373137,exc_bet,0.076,0.0,0.924
0.9,0.024999999999999994,K125,125,6593,0.84265864373137,counts_exact,0.4065,0.0,0.5935
0.9,0.024999999999999994,K125,125,6593,0.84265864373137,norm_bet,0.084,0.0,0.916
0.9,0.024999999999999994,K125,125,8523,1.0893340847144648,cdf_eb,0.0,0.0,1.0
0.9,0.024999999999999994,K125,125,8523,1.0893340847144648,cdf_exact,0.017,0.002,0.981
0.9,0.024999999999999994,K125,125,8523,1.0893340847144648,exc_eb,0.0395,0.0,0.9605
0.9,0.024999999999999994,K125,125,8523,1.0893340847144648,exc_bet,0.138,0.0,0.862
0.9,0.024999999999999994,K125,125,8523,1.0893340847144648,counts_exact,0.599,0.0,0.401
0.9,0.024999999999999994,K125,125,8523,1.0893340847144648,norm_bet,0.155,0.0,0.845
0.9,0.024999999999999994,K125,125,11018,1.4082228024620407,cdf_eb,0.0,0.0,1.0
0.9,0.024999999999999994,K125,125,11018,1.4082228024620407,cdf_exact,0.02,0.001,0.979
0.9,0.024999999999999994,K125,125,11018,1.4082228024620407,exc_eb,0.1015,0.0,0.8985
0.9,0.024999999999999994,K125,125,11018,1.4082228024620407,exc_bet,0.2305,0.0,0.7695
0.9,0.024999999999999994,K125,125,11018,1.4082228024620407,counts_exact,0.758,0.0,0.242
0.9,0.024999999999999994,K125,125,11018,1.4082228024620407,norm_bet,0.254,0.0,0.746
0.9,0.024999999999999994,K125,125,14244,1.8205414411208303,cdf_eb,0.001,0.0,0.999
0.9,0.024999999999999994,K125,125,14244,1.8205414411208303,cdf_exact,0.036,0.0025,0.9615
0.9,0.024999999999999994,K125,125,14244,1.8205414411208303,exc_eb,0.2925,0.0,0.7075
0.9,0.024999999999999994,K125,125,14244,1.8205414411208303,exc_bet,0.4085,0.0,0.5915
0.9,0.024999999999999994,K125,125,14244,1.8205414411208303,counts_exact,0.898,0.0,0.102
0.9,0.024999999999999994,K125,125,14244,1.8205414411208303,norm_bet,0.4565,0.0,0.5435
0.9,0.024999999999999994,K125,125,18414,2.353513766975496,cdf_eb,0.0025,0.0,0.9975
0.9,0.024999999999999994,K125,125,18414,2.353513766975496,cdf_exact,0.0545,0.001,0.9445
0.9,0.024999999999999994,K125,125,18414,2.353513766975496,exc_eb,0.58,0.0,0.42
0.9,0.024999999999999994,K125,125,18414,2.353513766975496,exc_bet,0.6565,0.0,0.3435
0.9,0.024999999999999994,K125,125,18414,2.353513766975496,counts_exact,0.979,0.0,0.021
0.9,0.024999999999999994,K125,125,18414,2.353513766975496,norm_bet,0.712,0.0,0.288
0.9,0.024999999999999994,K125,125,23805,3.042543457307032,cdf_eb,0.0065,0.0,0.9935
0.9,0.024999999999999994,K125,125,23805,3.042543457307032,cdf_exact,0.0965,0.0,0.9035
0.9,0.024999999999999994,K125,125,23805,3.042543457307032,exc_eb,0.842,0.0,0.158
0.9,0.024999999999999994,K125,125,23805,3.042543457307032,exc_bet,0.857,0.0,0.143
0.9,0.024999999999999994,K125,125,23805,3.042543457307032,counts_exact,0.995,0.0,0.005
0.9,0.024999999999999994,K125,125,23805,3.042543457307032,norm_bet,0.894,0.0,0.106
0.9,0.024999999999999994,K125,125,30774,3.933259078141844,cdf_eb,0.014,0.0,0.986
0.9,0.024999999999999994,K125,125,30774,3.933259078141844,cdf_exact,0.142,0.0005,0.8575
0.9,0.024999999999999994,K125,125,30774,3.933259078141844,exc_eb,0.9785,0.0,0.0215
0.9,0.024999999999999994,K125,125,30774,3.933259078141844,exc_bet,0.969,0.0,0.031
0.9,0.024999999999999994,K125,125,30774,3.933259078141844,counts_exact,1.0,0.0,0.0
0.9,0.024999999999999994,K125,125,30774,3.933259078141844,norm_bet,0.985,0.0,0.015
0.9,0.024999999999999994,K125,125,39784,5.084837173094012,cdf_eb,0.0285,0.0,0.9715
0.9,0.024999999999999994,K125,125,39784,5.084837173094012,cdf_exact,0.2175,0.0,0.7825
0.9,0.024999999999999994,K125,125,39784,5.084837173094012,exc_eb,0.999,0.0,0.001
0.9,0.024999999999999994,K125,125,39784,5.084837173094012,exc_bet,0.998,0.0,0.002
0.9,0.024999999999999994,K125,125,39784,5.084837173094012,counts_exact,1.0,0.0,0.0
0.9,0.024999999999999994,K125,125,39784,5.084837173094012,norm_bet,0.999,0.0,0.001
0.9,0.024999999999999994,K125,125,51431,6.573453163316865,cdf_eb,0.0775,0.0,0.9225
0.9,0.024999999999999994,K125,125,51431,6.573453163316865,cdf_exact,0.3495,0.0,0.6505
0.9,0.024999999999999994,K125,125,51431,6.573453163316865,exc_eb,1.0,0.0,0.0
0.9,0.024999999999999994,K125,125,51431,6.573453163316865,exc_bet,1.0,0.0,0.0
0.9,0.024999999999999994,K125,125,51431,6.573453163316865,counts_exact,1.0,0.0,0.0
0.9,0.024999999999999994,K125,125,51431,6.573453163316865,norm_bet,1.0,0.0,0.0
0.9,0.024999999999999994,K125,125,66487,8.49777722520364,cdf_eb,0.1465,0.0,0.8535
0.9,0.024999999999999994,K125,125,66487,8.49777722520364,cdf_exact,0.489,0.0,0.511
0.9,0.024999999999999994,K125,125,66487,8.49777722520364,exc_eb,1.0,0.0,0.0
0.9,0.024999999999999994,K125,125,66487,8.49777722520364,exc_bet,1.0,0.0,0.0
0.9,0.024999999999999994,K125,125,66487,8.49777722520364,counts_exact,1.0,0.0,0.0
0.9,0.024999999999999994,K125,125,66487,8.49777722520364,norm_bet,1.0,0.0,0.0
0.9,0.024999999999999994,K125,125,85952,10.985620468072002,cdf_eb,0.296,0.0,0.704
0.9,0.024999999999999994,K125,125,85952,10.985620468072002,cdf_exact,0.6885,0.0,0.3115
0.9,0.024999999999999994,K125,125,85952,10.985620468072002,exc_eb,1.0,0.0,0.0
0.9,0.024999999999999994,K125,125,85952,10.985620468072002,exc_bet,1.0,0.0,0.0
0.9,0.024999999999999994,K125,125,85952,10.985620468072002,counts_exact,1.0,0.0,0.0
0.9,0.024999999999999994,K125,125,85952,10.985620468072002,norm_bet,1.0,0.0,0.0
0.9,0.024999999999999994,K125,125,111115,14.201731411832425,cdf_eb,0.5005,0.0,0.4995
0.9,0.024999999999999994,K125,125,111115,14.201731411832425,cdf_exact,0.8255,0.0,0.1745
0.9,0.024999999999999994,K125,125,111115,14.201731411832425,exc_eb,1.0,0.0,0.0
0.9,0.024999999999999994,K125,125,111115,14.201731411832425,exc_bet,1.0,0.0,0.0
0.9,0.024999999999999994,K125,125,111115,14.201731411832425,counts_exact,1.0,0.0,0.0
0.9,0.024999999999999994,K125,125,111115,14.201731411832425,norm_bet,1.0,0.0,0.0
0.9,0.024999999999999994,K125,125,143645,18.359426797936088,cdf_eb,0.7485,0.0,0.2515
0.9,0.024999999999999994,K125,125,143645,18.359426797936088,cdf_exact,0.941,0.0,0.059
0.9,0.024999999999999994,K125,125,143645,18.359426797936088,exc_eb,1.0,0.0,0.0
0.9,0.024999999999999994,K125,125,143645,18.359426797936088,exc_bet,1.0,0.0,0.0
0.9,0.024999999999999994,K125,125,143645,18.359426797936088,counts_exact,1.0,0.0,0.0
0.9,0.024999999999999994,K125,125,143645,18.359426797936088,norm_bet,1.0,0.0,0.0
0.9,0.024999999999999994,K125,125,185697,23.73413956696257,cdf_eb,0.8945,0.0,0.1055
0.9,0.024999999999999994,K125,125,185697,23.73413956696257,cdf_exact,0.9845,0.0,0.0155
0.9,0.024999999999999994,K125,125,185697,23.73413956696257,exc_eb,1.0,0.0,0.0
0.9,0.024999999999999994,K125,125,185697,23.73413956696257,exc_bet,1.0,0.0,0.0
0.9,0.024999999999999994,K125,125,185697,23.73413956696257,counts_exact,1.0,0.0,0.0
0.9,0.024999999999999994,K125,125,185697,23.73413956696257,norm_bet,1.0,0.0,0.0
0.9,0.024999999999999994,K125,125,240062,30.682590525017464,cdf_eb,0.9865,0.0,0.0135
0.9,0.024999999999999994,K125,125,240062,30.682590525017464,cdf_exact,1.0,0.0,0.0
0.9,0.024999999999999994,K125,125,240062,30.682590525017464,exc_eb,1.0,0.0,0.0
0.9,0.024999999999999994,K125,125,240062,30.682590525017464,exc_bet,1.0,0.0,0.0
0.9,0.024999999999999994,K125,125,240062,30.682590525017464,counts_exact,1.0,0.0,0.0
0.9,0.024999999999999994,K125,125,240062,30.682590525017464,norm_bet,1.0,0.0,0.0
0.9,0.024999999999999994,K125,125,310341,39.66502747675369,cdf_eb,0.999,0.0,0.001
0.9,0.024999999999999994,K125,125,310341,39.66502747675369,cdf_exact,1.0,0.0,0.0
0.9,0.024999999999999994,K125,125,310341,39.66502747675369,exc_eb,1.0,0.0,0.0
0.9,0.024999999999999994,K125,125,310341,39.66502747675369,exc_bet,1.0,0.0,0.0
0.9,0.024999999999999994,K125,125,310341,39.66502747675369,counts_exact,1.0,0.0,0.0
0.9,0.024999999999999994,K125,125,310341,39.66502747675369,norm_bet,1.0,0.0,0.0
0.9,0.024999999999999994,K125,125,401196,51.27730581381021,cdf_eb,1.0,0.0,0.0
0.9,0.024999999999999994,K125,125,401196,51.27730581381021,cdf_exact,1.0,0.0,0.0
0.9,0.024999999999999994,K125,125,401196,51.27730581381021,exc_eb,1.0,0.0,0.0
0.9,0.024999999999999994,K125,125,401196,51.27730581381021,exc_bet,1.0,0.0,0.0
0.9,0.024999999999999994,K125,125,401196,51.27730581381021,counts_exact,1.0,0.0,0.0
0.9,0.024999999999999994,K125,125,401196,51.27730581381021,norm_bet,1.0,0.0,0.0
0.9,0.024999999999999994,K125,125,518649,66.289104036498,cdf_eb,1.0,0.0,0.0
0.9,0.024999999999999994,K125,125,518649,66.289104036498,cdf_exact,1.0,0.0,0.0
0.9,0.024999999999999994,K125,125,518649,66.289104036498,exc_eb,1.0,0.0,0.0
0.9,0.024999999999999994,K125,125,518649,66.289104036498,exc_bet,1.0,0.0,0.0
0.9,0.024999999999999994,K125,125,518649,66.289104036498,counts_exact,1.0,0.0,0.0
0.9,0.024999999999999994,K125,125,518649,66.289104036498,norm_bet,1.0,0.0,0.0
0.9,0.024999999999999994,K125,125,670487,85.69568725307373,cdf_eb,1.0,0.0,0.0
0.9,0.024999999999999994,K125,125,670487,85.69568725307373,cdf_exact,1.0,0.0,0.0
0.9,0.024999999999999994,K125,125,670487,85.69568725307373,exc_eb,1.0,0.0,0.0
0.9,0.024999999999999994,K125,125,670487,85.69568725307373,exc_bet,1.0,0.0,0.0
0.9,0.024999999999999994,K125,125,670487,85.69568725307373,counts_exact,1.0,0.0,0.0
0.9,0.024999999999999994,K125,125,670487,85.69568725307373,norm_bet,1.0,0.0,0.0
0.9,0.024999999999999994,K125,125,866776,110.783602089929,cdf_eb,1.0,0.0,0.0
0.9,0.024999999999999994,K125,125,866776,110.783602089929,cdf_exact,1.0,0.0,0.0
0.9,0.024999999999999994,K125,125,866776,110.783602089929,exc_eb,1.0,0.0,0.0
0.9,0.024999999999999994,K125,125,866776,110.783602089929,exc_bet,1.0,0.0,0.0
0.9,0.024999999999999994,K125,125,866776,110.783602089929,counts_exact,1.0,0.0,0.0
0.9,0.024999999999999994,K125,125,866776,110.783602089929,norm_bet,1.0,0.0,0.0
0.9,0.024999999999999994,K125,125,1120531,143.21631013483326,cdf_eb,1.0,0.0,0.0
0.9,0.024999999999999994,K125,125,1120531,143.21631013483326,cdf_exact,1.0,0.0,0.0
0.9,0.024999999999999994,K125,125,1120531,143.21631013483326,exc_eb,1.0,0.0,0.0
0.9,0.024999999999999994,K125,125,1120531,143.21631013483326,exc_bet,1.0,0.0,0.0
0.9,0.024999999999999994,K125,125,1120531,143.21631013483326,counts_exact,1.0,0.0,0.0
0.9,0.024999999999999994,K125,125,1120531,143.21631013483326,norm_bet,1.0,0.0,0.0
0.9,0.024999999999999994,K125,125,1448574,185.14384986872827,cdf_eb,1.0,0.0,0.0
0.9,0.024999999999999994,K125,125,1448574,185.14384986872827,cdf_exact,1.0,0.0,0.0
0.9,0.024999999999999994,K125,125,1448574,185.14384986872827,exc_eb,1.0,0.0,0.0
0.9,0.024999999999999994,K125,125,1448574,185.14384986872827,exc_bet,1.0,0.0,0.0
0.9,0.024999999999999994,K125,125,1448574,185.14384986872827,counts_exact,1.0,0.0,0.0
0.9,0.024999999999999994,K125,125,1448574,185.14384986872827,norm_bet,1.0,0.0,0.0
0.9,0.024999999999999994,K125,125,1872655,239.34611291927325,cdf_eb,1.0,0.0,0.0
0.9,0.024999999999999994,K125,125,1872655,239.34611291927325,cdf_exact,1.0,0.0,0.0
0.9,0.024999999999999994,K125,125,1872655,239.34611291927325,exc_eb,1.0,0.0,0.0
0.9,0.024999999999999994,K125,125,1872655,239.34611291927325,exc_bet,1.0,0.0,0.0
0.9,0.024999999999999994,K125,125,1872655,239.34611291927325,counts_exact,1.0,0.0,0.0
0.9,0.024999999999999994,K125,125,1872655,239.34611291927325,norm_bet,1.0,0.0,0.0
0.9,0.024999999999999994,K125,125,2420887,309.41625300271573,cdf_eb,1.0,0.0,0.0
0.9,0.024999999999999994,K125,125,2420887,309.41625300271573,cdf_exact,1.0,0.0,0.0
0.9,0.024999999999999994,K125,125,2420887,309.41625300271573,exc_eb,1.0,0.0,0.0
0.9,0.024999999999999994,K125,125,2420887,309.41625300271573,exc_bet,1.0,0.0,0.0
0.9,0.024999999999999994,K125,125,2420887,309.41625300271573,counts_exact,1.0,0.0,0.0
0.9,0.024999999999999994,K125,125,2420887,309.41625300271573,norm_bet,1.0,0.0,0.0
0.9,0.024999999999999994,K125,125,3129618,399.9999483205343,cdf_eb,1.0,0.0,0.0
0.9,0.024999999999999994,K125,125,3129618,399.9999483205343,cdf_exact,1.0,0.0,0.0
0.9,0.024999999999999994,K125,125,3129618,399.9999483205343,exc_eb,1.0,0.0,0.0
0.9,0.024999999999999994,K125,125,3129618,399.9999483205343,exc_bet,1.0,0.0,0.0
0.9,0.024999999999999994,K125,125,3129618,399.9999483205343,counts_exact,1.0,0.0,0.0
0.9,0.024999999999999994,K125,125,3129618,399.9999483205343,norm_bet,1.0,0.0,0.0
0.9,0.024999999999999994,dup125,125,391,0.049974143743207286,cdf_eb,0.0,0.0,1.0
0.9,0.024999999999999994,dup125,125,391,0.049974143743207286,cdf_exact,0.001,0.0,0.999
0.9,0.024999999999999994,dup125,125,391,0.049974143743207286,exc_eb,0.0,0.0,1.0
0.9,0.024999999999999994,dup125,125,391,0.049974143743207286,exc_bet,0.0,0.0,1.0
0.9,0.024999999999999994,dup125,125,391,0.049974143743207286,counts_exact,0.0015,0.0,0.9985
0.9,0.024999999999999994,dup125,125,391,0.049974143743207286,norm_bet,0.0,0.0,1.0
0.9,0.024999999999999994,dup125,125,506,0.06467242131473884,cdf_eb,0.0,0.0,1.0
0.9,0.024999999999999994,dup125,125,506,0.06467242131473884,cdf_exact,0.0015,0.0015,0.997
0.9,0.024999999999999994,dup125,125,506,0.06467242131473884,exc_eb,0.0,0.0,1.0
0.9,0.024999999999999994,dup125,125,506,0.06467242131473884,exc_bet,0.0,0.0,1.0
0.9,0.024999999999999994,dup125,125,506,0.06467242131473884,counts_exact,0.0025,0.0,0.9975
0.9,0.024999999999999994,dup125,125,506,0.06467242131473884,norm_bet,0.0,0.0,1.0
0.9,0.024999999999999994,dup125,125,654,0.08358846549375337,cdf_eb,0.0,0.0,1.0
0.9,0.024999999999999994,dup125,125,654,0.08358846549375337,cdf_exact,0.0015,0.0,0.9985
0.9,0.024999999999999994,dup125,125,654,0.08358846549375337,exc_eb,0.0,0.0,1.0
0.9,0.024999999999999994,dup125,125,654,0.08358846549375337,exc_bet,0.0,0.0,1.0
0.9,0.024999999999999994,dup125,125,654,0.08358846549375337,counts_exact,0.0025,0.0005,0.997
0.9,0.024999999999999994,dup125,125,654,0.08358846549375337,norm_bet,0.0,0.0,1.0
0.9,0.024999999999999994,dup125,125,845,0.10800038737342751,cdf_eb,0.0,0.0,1.0
0.9,0.024999999999999994,dup125,125,845,0.10800038737342751,cdf_exact,0.002,0.0,0.998
0.9,0.024999999999999994,dup125,125,845,0.10800038737342751,exc_eb,0.0,0.0,1.0
0.9,0.024999999999999994,dup125,125,845,0.10800038737342751,exc_bet,0.0,0.0,1.0
0.9,0.024999999999999994,dup125,125,845,0.10800038737342751,counts_exact,0.0055,0.0,0.9945
0.9,0.024999999999999994,dup125,125,845,0.10800038737342751,norm_bet,0.0,0.0,1.0
0.9,0.024999999999999994,dup125,125,1093,0.1396975424842086,cdf_eb,0.0,0.0,1.0
0.9,0.024999999999999994,dup125,125,1093,0.1396975424842086,cdf_exact,0.0005,0.0,0.9995
0.9,0.024999999999999994,dup125,125,1093,0.1396975424842086,exc_eb,0.0,0.0,1.0
0.9,0.024999999999999994,dup125,125,1093,0.1396975424842086,exc_bet,0.0005,0.0,0.9995
0.9,0.024999999999999994,dup125,125,1093,0.1396975424842086,counts_exact,0.0085,0.0,0.9915
0.9,0.024999999999999994,dup125,125,1093,0.1396975424842086,norm_bet,0.0,0.0,1.0
0.9,0.024999999999999994,dup125,125,1412,0.18046928635654397,cdf_eb,0.0,0.0,1.0
0.9,0.024999999999999994,dup125,125,1412,0.18046928635654397,cdf_exact,0.001,0.0,0.999
0.9,0.024999999999999994,dup125,125,1412,0.18046928635654397,exc_eb,0.0,0.0,1.0
0.9,0.024999999999999994,dup125,125,1412,0.18046928635654397,exc_bet,0.002,0.0,0.998
0.9,0.024999999999999994,dup125,125,1412,0.18046928635654397,counts_exact,0.0185,0.0,0.9815
0.9,0.024999999999999994,dup125,125,1412,0.18046928635654397,norm_bet,0.001,0.0,0.999
0.9,0.024999999999999994,dup125,125,1826,0.23338308561405757,cdf_eb,0.0,0.0,1.0
0.9,0.024999999999999994,dup125,125,1826,0.23338308561405757,cdf_exact,0.0045,0.001,0.9945
0.9,0.024999999999999994,dup125,125,1826,0.23338308561405757,exc_eb,0.0,0.0,1.0
0.9,0.024999999999999994,dup125,125,1826,0.23338308561405757,exc_bet,0.0045,0.0,0.9955
0.9,0.024999999999999994,dup125,125,1826,0.23338308561405757,counts_exact,0.028,0.0,0.972
0.9,0.024999999999999994,dup125,125,1826,0.23338308561405757,norm_bet,0.003,0.0,0.997
0.9,0.024999999999999994,dup125,125,2361,0.30176202909900873,cdf_eb,0.0,0.0,1.0
0.9,0.024999999999999994,dup125,125,2361,0.30176202909900873,cdf_exact,0.0035,0.0,0.9965
0.9,0.024999999999999994,dup125,125,2361,0.30176202909900873,exc_eb,0.0,0.0,1.0
0.9,0.024999999999999994,dup125,125,2361,0.30176202909900873,exc_bet,0.0155,0.0,0.9845
0.9,0.024999999999999994,dup125,125,2361,0.30176202909900873,counts_exact,0.05,0.0,0.95
0.9,0.024999999999999994,dup125,125,2361,0.30176202909900873,norm_bet,0.0105,0.0,0.9895
0.9,0.024999999999999994,dup125,125,3052,0.3900795056375157,cdf_eb,0.0,0.0,1.0
0.9,0.024999999999999994,dup125,125,3052,0.3900795056375157,cdf_exact,0.0005,0.0005,0.999
0.9,0.024999999999999994,dup125,125,3052,0.3900795056375157,exc_eb,0.0,0.0,1.0
0.9,0.024999999999999994,dup125,125,3052,0.3900795056375157,exc_bet,0.0225,0.0,0.9775
0.9,0.024999999999999994,dup125,125,3052,0.3900795056375157,counts_exact,0.0885,0.0,0.9115
0.9,0.024999999999999994,dup125,125,3052,0.3900795056375157,norm_bet,0.0225,0.0,0.9775
0.9,0.024999999999999994,dup125,125,3945,0.5042148262581911,cdf_eb,0.0,0.0,1.0
0.9,0.024999999999999994,dup125,125,3945,0.5042148262581911,cdf_exact,0.004,0.0005,0.9955
0.9,0.024999999999999994,dup125,125,3945,0.5042148262581911,exc_eb,0.0,0.0,1.0
0.9,0.024999999999999994,dup125,125,3945,0.5042148262581911,exc_bet,0.034,0.0,0.966
0.9,0.024999999999999994,dup125,125,3945,0.5042148262581911,counts_exact,0.17,0.0,0.83
0.9,0.024999999999999994,dup125,125,3945,0.5042148262581911,norm_bet,0.0315,0.0,0.9685
0.9,0.024999999999999994,dup125,125,5100,0.6518366575200951,cdf_eb,0.0,0.0,1.0
0.9,0.024999999999999994,dup125,125,5100,0.6518366575200951,cdf_exact,0.004,0.0,0.996
0.9,0.024999999999999994,dup125,125,5100,0.6518366575200951,exc_eb,0.002,0.0,0.998
0.9,0.024999999999999994,dup125,125,5100,0.6518366575200951,exc_bet,0.0455,0.0,0.9545
0.9,0.024999999999999994,dup125,125,5100,0.6518366575200951,counts_exact,0.2475,0.0,0.7525
0.9,0.024999999999999994,dup125,125,5100,0.6518366575200951,norm_bet,0.045,0.0,0.955
0.9,0.024999999999999994,dup125,125,6593,0.84265864373137,cdf_eb,0.0,0.0,1.0
0.9,0.024999999999999994,dup125,125,6593,0.84265864373137,cdf_exact,0.0125,0.0,0.9875
0.9,0.024999999999999994,dup125,125,6593,0.84265864373137,exc_eb,0.0085,0.0,0.9915
0.9,0.024999999999999994,dup125,125,6593,0.84265864373137,exc_bet,0.0785,0.0,0.9215
0.9,0.024999999999999994,dup125,125,6593,0.84265864373137,counts_exact,0.417,0.0,0.583
0.9,0.024999999999999994,dup125,125,6593,0.84265864373137,norm_bet,0.0925,0.0,0.9075
0.9,0.024999999999999994,dup125,125,8523,1.0893340847144648,cdf_eb,0.0,0.0,1.0
0.9,0.024999999999999994,dup125,125,8523,1.0893340847144648,cdf_exact,0.017,0.0,0.983
0.9,0.024999999999999994,dup125,125,8523,1.0893340847144648,exc_eb,0.029,0.0,0.971
0.9,0.024999999999999994,dup125,125,8523,1.0893340847144648,exc_bet,0.1245,0.0,0.8755
0.9,0.024999999999999994,dup125,125,8523,1.0893340847144648,counts_exact,0.561,0.0,0.439
0.9,0.024999999999999994,dup125,125,8523,1.0893340847144648,norm_bet,0.142,0.0,0.858
0.9,0.024999999999999994,dup125,125,11018,1.4082228024620407,cdf_eb,0.0,0.0,1.0
0.9,0.024999999999999994,dup125,125,11018,1.4082228024620407,cdf_exact,0.025,0.0,0.975
0.9,0.024999999999999994,dup125,125,11018,1.4082228024620407,exc_eb,0.1195,0.0,0.8805
0.9,0.024999999999999994,dup125,125,11018,1.4082228024620407,exc_bet,0.2495,0.0,0.7505
0.9,0.024999999999999994,dup125,125,11018,1.4082228024620407,counts_exact,0.76,0.0,0.24
0.9,0.024999999999999994,dup125,125,11018,1.4082228024620407,norm_bet,0.278,0.0,0.722
0.9,0.024999999999999994,dup125,125,14244,1.8205414411208303,cdf_eb,0.0,0.0,1.0
0.9,0.024999999999999994,dup125,125,14244,1.8205414411208303,cdf_exact,0.0375,0.0,0.9625
0.9,0.024999999999999994,dup125,125,14244,1.8205414411208303,exc_eb,0.3095,0.0,0.6905
0.9,0.024999999999999994,dup125,125,14244,1.8205414411208303,exc_bet,0.432,0.0,0.568
0.9,0.024999999999999994,dup125,125,14244,1.8205414411208303,counts_exact,0.9,0.0,0.1
0.9,0.024999999999999994,dup125,125,14244,1.8205414411208303,norm_bet,0.4755,0.0,0.5245
0.9,0.024999999999999994,dup125,125,18414,2.353513766975496,cdf_eb,0.0025,0.0,0.9975
0.9,0.024999999999999994,dup125,125,18414,2.353513766975496,cdf_exact,0.0545,0.0,0.9455
0.9,0.024999999999999994,dup125,125,18414,2.353513766975496,exc_eb,0.5925,0.0,0.4075
0.9,0.024999999999999994,dup125,125,18414,2.353513766975496,exc_bet,0.672,0.0,0.328
0.9,0.024999999999999994,dup125,125,18414,2.353513766975496,counts_exact,0.9745,0.0,0.0255
0.9,0.024999999999999994,dup125,125,18414,2.353513766975496,norm_bet,0.7275,0.0,0.2725
0.9,0.024999999999999994,dup125,125,23805,3.042543457307032,cdf_eb,0.0055,0.0,0.9945
0.9,0.024999999999999994,dup125,125,23805,3.042543457307032,cdf_exact,0.088,0.0,0.912
0.9,0.024999999999999994,dup125,125,23805,3.042543457307032,exc_eb,0.8565,0.0,0.1435
0.9,0.024999999999999994,dup125,125,23805,3.042543457307032,exc_bet,0.871,0.0,0.129
0.9,0.024999999999999994,dup125,125,23805,3.042543457307032,counts_exact,0.997,0.0,0.003
0.9,0.024999999999999994,dup125,125,23805,3.042543457307032,norm_bet,0.9105,0.0,0.0895
0.9,0.024999999999999994,dup125,125,30774,3.933259078141844,cdf_eb,0.018,0.0,0.982
0.9,0.024999999999999994,dup125,125,30774,3.933259078141844,cdf_exact,0.1425,0.0,0.8575
0.9,0.024999999999999994,dup125,125,30774,3.933259078141844,exc_eb,0.973,0.0,0.027
0.9,0.024999999999999994,dup125,125,30774,3.933259078141844,exc_bet,0.97,0.0,0.03
0.9,0.024999999999999994,dup125,125,30774,3.933259078141844,counts_exact,0.9995,0.0,0.0005
0.9,0.024999999999999994,dup125,125,30774,3.933259078141844,norm_bet,0.98,0.0,0.02
0.9,0.024999999999999994,dup125,125,39784,5.084837173094012,cdf_eb,0.038,0.0,0.962
0.9,0.024999999999999994,dup125,125,39784,5.084837173094012,cdf_exact,0.2285,0.0,0.7715
0.9,0.024999999999999994,dup125,125,39784,5.084837173094012,exc_eb,0.999,0.0,0.001
0.9,0.024999999999999994,dup125,125,39784,5.084837173094012,exc_bet,0.997,0.0,0.003
0.9,0.024999999999999994,dup125,125,39784,5.084837173094012,counts_exact,1.0,0.0,0.0
0.9,0.024999999999999994,dup125,125,39784,5.084837173094012,norm_bet,0.9995,0.0,0.0005
0.9,0.024999999999999994,dup125,125,51431,6.573453163316865,cdf_eb,0.0715,0.0,0.9285
0.9,0.024999999999999994,dup125,125,51431,6.573453163316865,cdf_exact,0.335,0.0,0.665
0.9,0.024999999999999994,dup125,125,51431,6.573453163316865,exc_eb,1.0,0.0,0.0
0.9,0.024999999999999994,dup125,125,51431,6.573453163316865,exc_bet,1.0,0.0,0.0
0.9,0.024999999999999994,dup125,125,51431,6.573453163316865,counts_exact,1.0,0.0,0.0
0.9,0.024999999999999994,dup125,125,51431,6.573453163316865,norm_bet,1.0,0.0,0.0
0.9,0.024999999999999994,dup125,125,66487,8.49777722520364,cdf_eb,0.1515,0.0,0.8485
0.9,0.024999999999999994,dup125,125,66487,8.49777722520364,cdf_exact,0.4845,0.0,0.5155
0.9,0.024999999999999994,dup125,125,66487,8.49777722520364,exc_eb,1.0,0.0,0.0
0.9,0.024999999999999994,dup125,125,66487,8.49777722520364,exc_bet,1.0,0.0,0.0
0.9,0.024999999999999994,dup125,125,66487,8.49777722520364,counts_exact,1.0,0.0,0.0
0.9,0.024999999999999994,dup125,125,66487,8.49777722520364,norm_bet,1.0,0.0,0.0
0.9,0.024999999999999994,dup125,125,85952,10.985620468072002,cdf_eb,0.289,0.0,0.711
0.9,0.024999999999999994,dup125,125,85952,10.985620468072002,cdf_exact,0.6525,0.0,0.3475
0.9,0.024999999999999994,dup125,125,85952,10.985620468072002,exc_eb,1.0,0.0,0.0
0.9,0.024999999999999994,dup125,125,85952,10.985620468072002,exc_bet,1.0,0.0,0.0
0.9,0.024999999999999994,dup125,125,85952,10.985620468072002,counts_exact,1.0,0.0,0.0
0.9,0.024999999999999994,dup125,125,85952,10.985620468072002,norm_bet,1.0,0.0,0.0
0.9,0.024999999999999994,dup125,125,111115,14.201731411832425,cdf_eb,0.4975,0.0,0.5025
0.9,0.024999999999999994,dup125,125,111115,14.201731411832425,cdf_exact,0.834,0.0,0.166
0.9,0.024999999999999994,dup125,125,111115,14.201731411832425,exc_eb,1.0,0.0,0.0
0.9,0.024999999999999994,dup125,125,111115,14.201731411832425,exc_bet,1.0,0.0,0.0
0.9,0.024999999999999994,dup125,125,111115,14.201731411832425,counts_exact,1.0,0.0,0.0
0.9,0.024999999999999994,dup125,125,111115,14.201731411832425,norm_bet,1.0,0.0,0.0
0.9,0.024999999999999994,dup125,125,143645,18.359426797936088,cdf_eb,0.7455,0.0,0.2545
0.9,0.024999999999999994,dup125,125,143645,18.359426797936088,cdf_exact,0.9535,0.0,0.0465
0.9,0.024999999999999994,dup125,125,143645,18.359426797936088,exc_eb,1.0,0.0,0.0
0.9,0.024999999999999994,dup125,125,143645,18.359426797936088,exc_bet,1.0,0.0,0.0
0.9,0.024999999999999994,dup125,125,143645,18.359426797936088,counts_exact,1.0,0.0,0.0
0.9,0.024999999999999994,dup125,125,143645,18.359426797936088,norm_bet,1.0,0.0,0.0
0.9,0.024999999999999994,dup125,125,185697,23.73413956696257,cdf_eb,0.896,0.0,0.104
0.9,0.024999999999999994,dup125,125,185697,23.73413956696257,cdf_exact,0.986,0.0,0.014
0.9,0.024999999999999994,dup125,125,185697,23.73413956696257,exc_eb,1.0,0.0,0.0
0.9,0.024999999999999994,dup125,125,185697,23.73413956696257,exc_bet,1.0,0.0,0.0
0.9,0.024999999999999994,dup125,125,185697,23.73413956696257,counts_exact,1.0,0.0,0.0
0.9,0.024999999999999994,dup125,125,185697,23.73413956696257,norm_bet,1.0,0.0,0.0
0.9,0.024999999999999994,dup125,125,240062,30.682590525017464,cdf_eb,0.9825,0.0,0.0175
0.9,0.024999999999999994,dup125,125,240062,30.682590525017464,cdf_exact,0.998,0.0,0.002
0.9,0.024999999999999994,dup125,125,240062,30.682590525017464,exc_eb,1.0,0.0,0.0
0.9,0.024999999999999994,dup125,125,240062,30.682590525017464,exc_bet,1.0,0.0,0.0
0.9,0.024999999999999994,dup125,125,240062,30.682590525017464,counts_exact,1.0,0.0,0.0
0.9,0.024999999999999994,dup125,125,240062,30.682590525017464,norm_bet,1.0,0.0,0.0
0.9,0.024999999999999994,dup125,125,310341,39.66502747675369,cdf_eb,1.0,0.0,0.0
0.9,0.024999999999999994,dup125,125,310341,39.66502747675369,cdf_exact,1.0,0.0,0.0
0.9,0.024999999999999994,dup125,125,310341,39.66502747675369,exc_eb,1.0,0.0,0.0
0.9,0.024999999999999994,dup125,125,310341,39.66502747675369,exc_bet,1.0,0.0,0.0
0.9,0.024999999999999994,dup125,125,310341,39.66502747675369,counts_exact,1.0,0.0,0.0
0.9,0.024999999999999994,dup125,125,310341,39.66502747675369,norm_bet,1.0,0.0,0.0
0.9,0.024999999999999994,dup125,125,401196,51.27730581381021,cdf_eb,1.0,0.0,0.0
0.9,0.024999999999999994,dup125,125,401196,51.27730581381021,cdf_exact,1.0,0.0,0.0
0.9,0.024999999999999994,dup125,125,401196,51.27730581381021,exc_eb,1.0,0.0,0.0
0.9,0.024999999999999994,dup125,125,401196,51.27730581381021,exc_bet,1.0,0.0,0.0
0.9,0.024999999999999994,dup125,125,401196,51.27730581381021,counts_exact,1.0,0.0,0.0
0.9,0.024999999999999994,dup125,125,401196,51.27730581381021,norm_bet,1.0,0.0,0.0
0.9,0.024999999999999994,dup125,125,518649,66.289104036498,cdf_eb,1.0,0.0,0.0
0.9,0.024999999999999994,dup125,125,518649,66.289104036498,cdf_exact,1.0,0.0,0.0
0.9,0.024999999999999994,dup125,125,518649,66.289104036498,exc_eb,1.0,0.0,0.0
0.9,0.024999999999999994,dup125,125,518649,66.289104036498,exc_bet,1.0,0.0,0.0
0.9,0.024999999999999994,dup125,125,518649,66.289104036498,counts_exact,1.0,0.0,0.0
0.9,0.024999999999999994,dup125,125,518649,66.289104036498,norm_bet,1.0,0.0,0.0
0.9,0.024999999999999994,dup125,125,670487,85.69568725307373,cdf_eb,1.0,0.0,0.0
0.9,0.024999999999999994,dup125,125,670487,85.69568725307373,cdf_exact,1.0,0.0,0.0
0.9,0.024999999999999994,dup125,125,670487,85.69568725307373,exc_eb,1.0,0.0,0.0
0.9,0.024999999999999994,dup125,125,670487,85.69568725307373,exc_bet,1.0,0.0,0.0
0.9,0.024999999999999994,dup125,125,670487,85.69568725307373,counts_exact,1.0,0.0,0.0
0.9,0.024999999999999994,dup125,125,670487,85.69568725307373,norm_bet,1.0,0.0,0.0
0.9,0.024999999999999994,dup125,125,866776,110.783602089929,cdf_eb,1.0,0.0,0.0
0.9,0.024999999999999994,dup125,125,866776,110.783602089929,cdf_exact,1.0,0.0,0.0
0.9,0.024999999999999994,dup125,125,866776,110.783602089929,exc_eb,1.0,0.0,0.0
0.9,0.024999999999999994,dup125,125,866776,110.783602089929,exc_bet,1.0,0.0,0.0
0.9,0.024999999999999994,dup125,125,866776,110.783602089929,counts_exact,1.0,0.0,0.0
0.9,0.024999999999999994,dup125,125,866776,110.783602089929,norm_bet,1.0,0.0,0.0
0.9,0.024999999999999994,dup125,125,1120531,143.21631013483326,cdf_eb,1.0,0.0,0.0
0.9,0.024999999999999994,dup125,125,1120531,143.21631013483326,cdf_exact,1.0,0.0,0.0
0.9,0.024999999999999994,dup125,125,1120531,143.21631013483326,exc_eb,1.0,0.0,0.0
0.9,0.024999999999999994,dup125,125,1120531,143.21631013483326,exc_bet,1.0,0.0,0.0
0.9,0.024999999999999994,dup125,125,1120531,143.21631013483326,counts_exact,1.0,0.0,0.0
0.9,0.024999999999999994,dup125,125,1120531,143.21631013483326,norm_bet,1.0,0.0,0.0
0.9,0.024999999999999994,dup125,125,1448574,185.14384986872827,cdf_eb,1.0,0.0,0.0
0.9,0.024999999999999994,dup125,125,1448574,185.14384986872827,cdf_exact,1.0,0.0,0.0
0.9,0.024999999999999994,dup125,125,1448574,185.14384986872827,exc_eb,1.0,0.0,0.0
0.9,0.024999999999999994,dup125,125,1448574,185.14384986872827,exc_bet,1.0,0.0,0.0
0.9,0.024999999999999994,dup125,125,1448574,185.14384986872827,counts_exact,1.0,0.0,0.0
0.9,0.024999999999999994,dup125,125,1448574,185.14384986872827,norm_bet,1.0,0.0,0.0
0.9,0.024999999999999994,dup125,125,1872655,239.34611291927325,cdf_eb,1.0,0.0,0.0
0.9,0.024999999999999994,dup125,125,1872655,239.34611291927325,cdf_exact,1.0,0.0,0.0
0.9,0.024999999999999994,dup125,125,1872655,239.34611291927325,exc_eb,1.0,0.0,0.0
0.9,0.024999999999999994,dup125,125,1872655,239.34611291927325,exc_bet,1.0,0.0,0.0
0.9,0.024999999999999994,dup125,125,1872655,239.34611291927325,counts_exact,1.0,0.0,0.0
0.9,0.024999999999999994,dup125,125,1872655,239.34611291927325,norm_bet,1.0,0.0,0.0
0.9,0.024999999999999994,dup125,125,2420887,309.41625300271573,cdf_eb,1.0,0.0,0.0
0.9,0.024999999999999994,dup125,125,2420887,309.41625300271573,cdf_exact,1.0,0.0,0.0
0.9,0.024999999999999994,dup125,125,2420887,309.41625300271573,exc_eb,1.0,0.0,0.0
0.9,0.024999999999999994,dup125,125,2420887,309.41625300271573,exc_bet,1.0,0.0,0.0
0.9,0.024999999999999994,dup125,125,2420887,309.41625300271573,counts_exact,1.0,0.0,0.0
0.9,0.024999999999999994,dup125,125,2420887,309.41625300271573,norm_bet,1.0,0.0,0.0
0.9,0.024999999999999994,dup125,125,3129618,399.9999483205343,cdf_eb,1.0,0.0,0.0
0.9,0.024999999999999994,dup125,125,3129618,399.9999483205343,cdf_exact,1.0,0.0,0.0
0.9,0.024999999999999994,dup125,125,3129618,399.9999483205343,exc_eb,1.0,0.0,0.0
0.9,0.024999999999999994,dup125,125,3129618,399.9999483205343,exc_bet,1.0,0.0,0.0
0.9,0.024999999999999994,dup125,125,3129618,399.9999483205343,counts_exact,1.0,0.0,0.0
0.9,0.024999999999999994,dup125,125,3129618,399.9999483205343,norm_bet,1.0,0.0,0.0
