p,rel_margin,beta,logging,method,n,cert_rate
0.9,0.3,0.03810526315789469,target,exc_betting,200,0.11
0.9,0.3,0.03810526315789469,target,exceedance,200,0.0
0.9,0.3,0.03810526315789469,target,exc_empbernstein,200,0.0
0.9,0.3,0.03810526315789469,target,exc_betting,255,0.18333333333333332
0.9,0.3,0.03810526315789469,target,exceedance,255,0.0
0.9,0.3,0.03810526315789469,target,exc_empbernstein,255,0.01
0.9,0.3,0.03810526315789469,target,exc_betting,326,0.25666666666666665
0.9,0.3,0.03810526315789469,target,exceedance,326,0.006666666666666667
0.9,0.3,0.03810526315789469,target,exc_empbernstein,326,0.02
0.9,0.3,0.03810526315789469,target,exc_betting,417,0.2733333333333333
0.9,0.3,0.03810526315789469,target,exceedance,417,0.0
0.9,0.3,0.03810526315789469,target,exc_empbernstein,417,0.03333333333333333
0.9,0.3,0.03810526315789469,target,exc_betting,533,0.3566666666666667
0.9,0.3,0.03810526315789469,target,exceedance,533,0.03
0.9,0.3,0.03810526315789469,target,exc_empbernstein,533,0.11
0.9,0.3,0.03810526315789469,target,exc_betting,681,0.43
0.9,0.3,0.03810526315789469,target,exceedance,681,0.04
0.9,0.3,0.03810526315789469,target,exc_empbernstein,681,0.17666666666666667
0.9,0.3,0.03810526315789469,target,exc_betting,870,0.56
0.9,0.3,0.03810526315789469,target,exceedance,870,0.056666666666666664
0.9,0.3,0.03810526315789469,target,exc_empbernstein,870,0.33666666666666667
0.9,0.3,0.03810526315789469,target,exc_betting,1112,0.6933333333333334
0.9,0.3,0.03810526315789469,target,exceedance,1112,0.15
0.9,0.3,0.03810526315789469,target,exc_empbernstein,1112,0.51
0.9,0.3,0.03810526315789469,target,exc_betting,1422,0.8733333333333333
0.9,0.3,0.03810526315789469,target,exceedance,1422,0.25
0.9,0.3,0.03810526315789469,target,exc_empbernstein,1422,0.7533333333333333
0.9,0.3,0.03810526315789469,target,exc_betting,1817,0.9566666666666667
0.9,0.3,0.03810526315789469,target,exceedance,1817,0.5633333333333334
0.9,0.3,0.03810526315789469,target,exc_empbernstein,1817,0.9133333333333333
0.9,0.3,0.03810526315789469,target,exc_betting,2322,0.9833333333333333
0.9,0.3,0.03810526315789469,target,exceedance,2322,0.77
0.9,0.3,0.03810526315789469,target,exc_empbernstein,2322,0.98
0.9,0.3,0.03810526315789469,target,exc_betting,2967,1.0
0.9,0.3,0.03810526315789469,target,exceedance,2967,0.92
0.9,0.3,0.03810526315789469,target,exc_empbernstein,2967,0.9966666666666667
0.9,0.3,0.03810526315789469,target,exc_betting,3791,1.0
0.9,0.3,0.03810526315789469,target,exceedance,3791,0.9933333333333333
0.9,0.3,0.03810526315789469,target,exc_empbernstein,3791,1.0
0.9,0.3,0.03810526315789469,target,exc_betting,4845,1.0
0.9,0.3,0.03810526315789469,target,exceedance,4845,1.0
0.9,0.3,0.03810526315789469,target,exc_empbernstein,4845,1.0
0.9,0.3,0.03810526315789469,target,exc_betting,6191,1.0
0.9,0.3,0.03810526315789469,target,exceedance,6191,1.0
0.9,0.3,0.03810526315789469,target,exc_empbernstein,6191,1.0
0.9,0.3,0.03810526315789469,target,exc_betting,7912,1.0
0.9,0.3,0.03810526315789469,target,exceedance,7912,1.0
0.9,0.3,0.03810526315789469,target,exc_empbernstein,7912,1.0
0.9,0.3,0.03810526315789469,target,exc_betting,10110,1.0
0.9,0.3,0.03810526315789469,target,exceedance,10110,1.0
0.9,0.3,0.03810526315789469,target,exc_empbernstein,10110,1.0
0.9,0.3,0.03810526315789469,target,exc_betting,12920,1.0
0.9,0.3,0.03810526315789469,target,exceedance,12920,1.0
0.9,0.3,0.03810526315789469,target,exc_empbernstein,12920,1.0
0.9,0.3,0.03810526315789469,target,exc_betting,16510,1.0
0.9,0.3,0.03810526315789469,target,exceedance,16510,1.0
0.9,0.3,0.03810526315789469,target,exc_empbernstein,16510,1.0
0.9,0.3,0.03810526315789469,target,exc_betting,21098,1.0
0.9,0.3,0.03810526315789469,target,exceedance,21098,1.0
0.9,0.3,0.03810526315789469,target,exc_empbernstein,21098,1.0
0.9,0.3,0.03810526315789469,target,exc_betting,26960,1.0
0.9,0.3,0.03810526315789469,target,exceedance,26960,1.0
0.9,0.3,0.03810526315789469,target,exc_empbernstein,26960,1.0
0.9,0.3,0.03810526315789469,target,exc_betting,34451,1.0
0.9,0.3,0.03810526315789469,target,exceedance,34451,1.0
0.9,0.3,0.03810526315789469,target,exc_empbernstein,34451,1.0
0.9,0.3,0.03810526315789469,target,exc_betting,44024,1.0
0.9,0.3,0.03810526315789469,target,exceedance,44024,1.0
0.9,0.3,0.03810526315789469,target,exc_empbernstein,44024,1.0
0.9,0.3,0.03810526315789469,target,exc_betting,56257,1.0
0.9,0.3,0.03810526315789469,target,exceedance,56257,1.0
0.9,0.3,0.03810526315789469,target,exc_empbernstein,56257,1.0
0.9,0.3,0.03810526315789469,target,exc_betting,71889,1.0
0.9,0.3,0.03810526315789469,target,exceedance,71889,1.0
0.9,0.3,0.03810526315789469,target,exc_empbernstein,71889,1.0
0.9,0.3,0.03810526315789469,target,exc_betting,91865,1.0
0.9,0.3,0.03810526315789469,target,exceedance,91865,1.0
0.9,0.3,0.03810526315789469,target,exc_empbernstein,91865,1.0
0.9,0.3,0.03810526315789469,target,exc_betting,117391,1.0
0.9,0.3,0.03810526315789469,target,exceedance,117391,1.0
0.9,0.3,0.03810526315789469,target,exc_empbernstein,117391,1.0
0.9,0.3,0.03810526315789469,target,exc_betting,150010,1.0
0.9,0.3,0.03810526315789469,target,exceedance,150010,1.0
0.9,0.3,0.03810526315789469,target,exc_empbernstein,150010,1.0
0.9,0.3,0.03810526315789469,target,exc_betting,191692,1.0
0.9,0.3,0.03810526315789469,target,exceedance,191692,1.0
0.9,0.3,0.03810526315789469,target,exc_empbernstein,191692,1.0
0.9,0.3,0.03810526315789469,target,exc_betting,244957,1.0
0.9,0.3,0.03810526315789469,target,exceedance,244957,1.0
0.9,0.3,0.03810526315789469,target,exc_empbernstein,244957,1.0
0.9,0.3,0.03810526315789469,target,exc_betting,313022,1.0
0.9,0.3,0.03810526315789469,target,exceedance,313022,1.0
0.9,0.3,0.03810526315789469,target,exc_empbernstein,313022,1.0
0.9,0.3,0.03810526315789469,target,exc_betting,400000,1.0
0.9,0.3,0.03810526315789469,target,exceedance,400000,1.0
0.9,0.3,0.03810526315789469,target,exc_empbernstein,400000,1.0
0.9,0.3,0.03810526315789469,uniform,exc_betting,200,0.0
0.9,0.3,0.03810526315789469,uniform,exceedance,200,0.0
0.9,0.3,0.03810526315789469,uniform,exc_empbernstein,200,0.0
0.9,0.3,0.03810526315789469,uniform,exc_betting,255,0.0
0.9,0.3,0.03810526315789469,uniform,exceedance,255,0.0
0.9,0.3,0.03810526315789469,uniform,exc_empbernstein,255,0.0
0.9,0.3,0.03810526315789469,uniform,exc_betting,326,0.0
0.9,0.3,0.03810526315789469,uniform,exceedance,326,0.0
0.9,0.3,0.03810526315789469,uniform,exc_empbernstein,326,0.0
0.9,0.3,0.03810526315789469,uniform,exc_betting,417,0.0
0.9,0.3,0.03810526315789469,uniform,exceedance,417,0.0
0.9,0.3,0.03810526315789469,uniform,exc_empbernstein,417,0.0
0.9,0.3,0.03810526315789469,uniform,exc_betting,533,0.006666666666666667
0.9,0.3,0.03810526315789469,uniform,exceedance,533,0.0
0.9,0.3,0.03810526315789469,uniform,exc_empbernstein,533,0.0
0.9,0.3,0.03810526315789469,uniform,exc_betting,681,0.016666666666666666
0.9,0.3,0.03810526315789469,uniform,exceedance,681,0.0
0.9,0.3,0.03810526315789469,uniform,exc_empbernstein,681,0.0
0.9,0.3,0.03810526315789469,uniform,exc_betting,870,0.04666666666666667
0.9,0.3,0.03810526315789469,uniform,exceedance,870,0.0
0.9,0.3,0.03810526315789469,uniform,exc_empbernstein,870,0.0
0.9,0.3,0.03810526315789469,uniform,exc_betting,1112,0.09666666666666666
0.9,0.3,0.03810526315789469,uniform,exceedance,1112,0.0
0.9,0.3,0.03810526315789469,uniform,exc_empbernstein,1112,0.0033333333333333335
0.9,0.3,0.03810526315789469,uniform,exc_betting,1422,0.20333333333333334
0.9,0.3,0.03810526315789469,uniform,exceedance,1422,0.0
0.9,0.3,0.03810526315789469,uniform,exc_empbernstein,1422,0.0033333333333333335
0.9,0.3,0.03810526315789469,uniform,exc_betting,1817,0.27666666666666667
0.9,0.3,0.03810526315789469,uniform,exceedance,1817,0.0
0.9,0.3,0.03810526315789469,uniform,exc_empbernstein,1817,0.0
0.9,0.3,0.03810526315789469,uniform,exc_betting,2322,0.29333333333333333
0.9,0.3,0.03810526315789469,uniform,exceedance,2322,0.0
0.9,0.3,0.03810526315789469,uniform,exc_empbernstein,2322,0.023333333333333334
0.9,0.3,0.03810526315789469,uniform,exc_betting,2967,0.43666666666666665
0.9,0.3,0.03810526315789469,uniform,exceedance,2967,0.0
0.9,0.3,0.03810526315789469,uniform,exc_empbernstein,2967,0.09333333333333334
0.9,0.3,0.03810526315789469,uniform,exc_betting,3791,0.49666666666666665
0.9,0.3,0.03810526315789469,uniform,exceedance,3791,0.0033333333333333335
0.9,0.3,0.03810526315789469,uniform,exc_empbernstein,3791,0.21666666666666667
0.9,0.3,0.03810526315789469,uniform,exc_betting,4845,0.6733333333333333
0.9,0.3,0.03810526315789469,uniform,exceedance,4845,0.03666666666666667
0.9,0.3,0.03810526315789469,uniform,exc_empbernstein,4845,0.33666666666666667
0.9,0.3,0.03810526315789469,uniform,exc_betting,6191,0.7666666666666667
0.9,0.3,0.03810526315789469,uniform,exceedance,6191,0.09
0.9,0.3,0.03810526315789469,uniform,exc_empbernstein,6191,0.56
0.9,0.3,0.03810526315789469,uniform,exc_betting,7912,0.8733333333333333
0.9,0.3,0.03810526315789469,uniform,exceedance,7912,0.2
0.9,0.3,0.03810526315789469,uniform,exc_empbernstein,7912,0.7666666666666667
0.9,0.3,0.03810526315789469,uniform,exc_betting,10110,0.9466666666666667
0.9,0.3,0.03810526315789469,uniform,exceedance,10110,0.44666666666666666
0.9,0.3,0.03810526315789469,uniform,exc_empbernstein,10110,0.8866666666666667
0.9,0.3,0.03810526315789469,uniform,exc_betting,12920,0.9966666666666667
0.9,0.3,0.03810526315789469,uniform,exceedance,12920,0.7
0.9,0.3,0.03810526315789469,uniform,exc_empbernstein,12920,0.9733333333333334
0.9,0.3,0.03810526315789469,uniform,exc_betting,16510,1.0
0.9,0.3,0.03810526315789469,uniform,exceedance,16510,0.9
0.9,0.3,0.03810526315789469,uniform,exc_empbernstein,16510,0.9966666666666667
0.9,0.3,0.03810526315789469,uniform,exc_betting,21098,1.0
0.9,0.3,0.03810526315789469,uniform,exceedance,21098,0.9833333333333333
0.9,0.3,0.03810526315789469,uniform,exc_empbernstein,21098,1.0
0.9,0.3,0.03810526315789469,uniform,exc_betting,26960,1.0
0.9,0.3,0.03810526315789469,uniform,exceedance,26960,0.9966666666666667
0.9,0.3,0.03810526315789469,uniform,exc_empbernstein,26960,1.0
0.9,0.3,0.03810526315789469,uniform,exc_betting,34451,1.0
0.9,0.3,0.03810526315789469,uniform,exceedance,34451,1.0
0.9,0.3,0.03810526315789469,uniform,exc_empbernstein,34451,1.0
0.9,0.3,0.03810526315789469,uniform,exc_betting,44024,1.0
0.9,0.3,0.03810526315789469,uniform,exceedance,44024,1.0
0.9,0.3,0.03810526315789469,uniform,exc_empbernstein,44024,1.0
0.9,0.3,0.03810526315789469,uniform,exc_betting,56257,1.0
0.9,0.3,0.03810526315789469,uniform,exceedance,56257,1.0
0.9,0.3,0.03810526315789469,uniform,exc_empbernstein,56257,1.0
0.9,0.3,0.03810526315789469,uniform,exc_betting,71889,1.0
0.9,0.3,0.03810526315789469,uniform,exceedance,71889,1.0
0.9,0.3,0.03810526315789469,uniform,exc_empbernstein,71889,1.0
0.9,0.3,0.03810526315789469,uniform,exc_betting,91865,1.0
0.9,0.3,0.03810526315789469,uniform,exceedance,91865,1.0
0.9,0.3,0.03810526315789469,uniform,exc_empbernstein,91865,1.0
0.9,0.3,0.03810526315789469,uniform,exc_betting,117391,1.0
0.9,0.3,0.03810526315789469,uniform,exceedance,117391,1.0
0.9,0.3,0.03810526315789469,uniform,exc_empbernstein,117391,1.0
0.9,0.3,0.03810526315789469,uniform,exc_betting,150010,1.0
0.9,0.3,0.03810526315789469,uniform,exceedance,150010,1.0
0.9,0.3,0.03810526315789469,uniform,exc_empbernstein,150010,1.0
0.9,0.3,0.03810526315789469,uniform,exc_betting,191692,1.0
0.9,0.3,0.03810526315789469,uniform,exceedance,191692,1.0
0.9,0.3,0.03810526315789469,uniform,exc_empbernstein,191692,1.0
0.9,0.3,0.03810526315789469,uniform,exc_betting,244957,1.0
0.9,0.3,0.03810526315789469,uniform,exceedance,244957,1.0
0.9,0.3,0.03810526315789469,uniform,exc_empbernstein,244957,1.0
0.9,0.3,0.03810526315789469,uniform,exc_betting,313022,1.0
0.9,0.3,0.03810526315789469,uniform,exceedance,313022,1.0
0.9,0.3,0.03810526315789469,uniform,exc_empbernstein,313022,1.0
0.9,0.3,0.03810526315789469,uniform,exc_betting,400000,1.0
0.9,0.3,0.03810526315789469,uniform,exceedance,400000,1.0
0.9,0.3,0.03810526315789469,uniform,exc_empbernstein,400000,1.0
0.9,0.3,0.03810526315789469,tail-aware,exc_betting,200,0.006666666666666667
0.9,0.3,0.03810526315789469,tail-aware,exceedance,200,0.0
0.9,0.3,0.03810526315789469,tail-aware,exc_empbernstein,200,0.0
0.9,0.3,0.03810526315789469,tail-aware,exc_betting,255,0.08333333333333333
0.9,0.3,0.03810526315789469,tail-aware,exceedance,255,0.0
0.9,0.3,0.03810526315789469,tail-aware,exc_empbernstein,255,0.0
0.9,0.3,0.03810526315789469,tail-aware,exc_betting,326,0.16
0.9,0.3,0.03810526315789469,tail-aware,exceedance,326,0.0
0.9,0.3,0.03810526315789469,tail-aware,exc_empbernstein,326,0.0033333333333333335
0.9,0.3,0.03810526315789469,tail-aware,exc_betting,417,0.29333333333333333
0.9,0.3,0.03810526315789469,tail-aware,exceedance,417,0.0
0.9,0.3,0.03810526315789469,tail-aware,exc_empbernstein,417,0.006666666666666667
0.9,0.3,0.03810526315789469,tail-aware,exc_betting,533,0.42333333333333334
0.9,0.3,0.03810526315789469,tail-aware,exceedance,533,0.0
0.9,0.3,0.03810526315789469,tail-aware,exc_empbernstein,533,0.006666666666666667
0.9,0.3,0.03810526315789469,tail-aware,exc_betting,681,0.6
0.9,0.3,0.03810526315789469,tail-aware,exceedance,681,0.0
0.9,0.3,0.03810526315789469,tail-aware,exc_empbernstein,681,0.11666666666666667
0.9,0.3,0.03810526315789469,tail-aware,exc_betting,870,0.6733333333333333
0.9,0.3,0.03810526315789469,tail-aware,exceedance,870,0.0
0.9,0.3,0.03810526315789469,tail-aware,exc_empbernstein,870,0.22333333333333333
0.9,0.3,0.03810526315789469,tail-aware,exc_betting,1112,0.7933333333333333
0.9,0.3,0.03810526315789469,tail-aware,exceedance,1112,0.0033333333333333335
0.9,0.3,0.03810526315789469,tail-aware,exc_empbernstein,1112,0.39666666666666667
0.9,0.3,0.03810526315789469,tail-aware,exc_betting,1422,0.9233333333333333
0.9,0.3,0.03810526315789469,tail-aware,exceedance,1422,0.07
0.9,0.3,0.03810526315789469,tail-aware,exc_empbernstein,1422,0.68
0.9,0.3,0.03810526315789469,tail-aware,exc_betting,1817,0.9833333333333333
0.9,0.3,0.03810526315789469,tail-aware,exceedance,1817,0.15666666666666668
0.9,0.3,0.03810526315789469,tail-aware,exc_empbernstein,1817,0.8566666666666667
0.9,0.3,0.03810526315789469,tail-aware,exc_betting,2322,0.9966666666666667
0.9,0.3,0.03810526315789469,tail-aware,exceedance,2322,0.36666666666666664
0.9,0.3,0.03810526315789469,tail-aware,exc_empbernstein,2322,0.9733333333333334
0.9,0.3,0.03810526315789469,tail-aware,exc_betting,2967,1.0
0.9,0.3,0.03810526315789469,tail-aware,exceedance,2967,0.64
0.9,0.3,0.03810526315789469,tail-aware,exc_empbernstein,2967,0.9966666666666667
0.9,0.3,0.03810526315789469,tail-aware,exc_betting,3791,1.0
0.9,0.3,0.03810526315789469,tail-aware,exceedance,3791,0.92
0.9,0.3,0.03810526315789469,tail-aware,exc_empbernstein,3791,1.0
0.9,0.3,0.03810526315789469,tail-aware,exc_betting,4845,1.0
0.9,0.3,0.03810526315789469,tail-aware,exceedance,4845,0.99
0.9,0.3,0.03810526315789469,tail-aware,exc_empbernstein,4845,1.0
0.9,0.3,0.03810526315789469,tail-aware,exc_betting,6191,1.0
0.9,0.3,0.03810526315789469,tail-aware,exceedance,6191,0.9966666666666667
0.9,0.3,0.03810526315789469,tail-aware,exc_empbernstein,6191,1.0
0.9,0.3,0.03810526315789469,tail-aware,exc_betting,7912,1.0
0.9,0.3,0.03810526315789469,tail-aware,exceedance,7912,1.0
0.9,0.3,0.03810526315789469,tail-aware,exc_empbernstein,7912,1.0
0.9,0.3,0.03810526315789469,tail-aware,exc_betting,10110,1.0
0.9,0.3,0.03810526315789469,tail-aware,exceedance,10110,1.0
0.9,0.3,0.03810526315789469,tail-aware,exc_empbernstein,10110,1.0
0.9,0.3,0.03810526315789469,tail-aware,exc_betting,12920,1.0
0.9,0.3,0.03810526315789469,tail-aware,exceedance,12920,1.0
0.9,0.3,0.03810526315789469,tail-aware,exc_empbernstein,12920,1.0
0.9,0.3,0.03810526315789469,tail-aware,exc_betting,16510,1.0
0.9,0.3,0.03810526315789469,tail-aware,exceedance,16510,1.0
0.9,0.3,0.03810526315789469,tail-aware,exc_empbernstein,16510,1.0
0.9,0.3,0.03810526315789469,tail-aware,exc_betting,21098,1.0
0.9,0.3,0.03810526315789469,tail-aware,exceedance,21098,1.0
0.9,0.3,0.03810526315789469,tail-aware,exc_empbernstein,21098,1.0
0.9,0.3,0.03810526315789469,tail-aware,exc_betting,26960,1.0
0.9,0.3,0.03810526315789469,tail-aware,exceedance,26960,1.0
0.9,0.3,0.03810526315789469,tail-aware,exc_empbernstein,26960,1.0
0.9,0.3,0.03810526315789469,tail-aware,exc_betting,34451,1.0
0.9,0.3,0.03810526315789469,tail-aware,exceedance,34451,1.0
0.9,0.3,0.03810526315789469,tail-aware,exc_empbernstein,34451,1.0
0.9,0.3,0.03810526315789469,tail-aware,exc_betting,44024,1.0
0.9,0.3,0.03810526315789469,tail-aware,exceedance,44024,1.0
0.9,0.3,0.03810526315789469,tail-aware,exc_empbernstein,44024,1.0
0.9,0.3,0.03810526315789469,tail-aware,exc_betting,56257,1.0
0.9,0.3,0.03810526315789469,tail-aware,exceedance,56257,1.0
0.9,0.3,0.03810526315789469,tail-aware,exc_empbernstein,56257,1.0
0.9,0.3,0.03810526315789469,tail-aware,exc_betting,71889,1.0
0.9,0.3,0.03810526315789469,tail-aware,exceedance,71889,1.0
0.9,0.3,0.03810526315789469,tail-aware,exc_empbernstein,71889,1.0
0.9,0.3,0.03810526315789469,tail-aware,exc_betting,91865,1.0
0.9,0.3,0.03810526315789469,tail-aware,exceedance,91865,1.0
0.9,0.3,0.03810526315789469,tail-aware,exc_empbernstein,91865,1.0
0.9,0.3,0.03810526315789469,tail-aware,exc_betting,117391,1.0
0.9,0.3,0.03810526315789469,tail-aware,exceedance,117391,1.0
0.9,0.3,0.03810526315789469,tail-aware,exc_empbernstein,117391,1.0
0.9,0.3,0.03810526315789469,tail-aware,exc_betting,150010,1.0
0.9,0.3,0.03810526315789469,tail-aware,exceedance,150010,1.0
0.9,0.3,0.03810526315789469,tail-aware,exc_empbernstein,150010,1.0
0.9,0.3,0.03810526315789469,tail-aware,exc_betting,191692,1.0
0.9,0.3,0.03810526315789469,tail-aware,exceedance,191692,1.0
0.9,0.3,0.03810526315789469,tail-aware,exc_empbernstein,191692,1.0
0.9,0.3,0.03810526315789469,tail-aware,exc_betting,244957,1.0
0.9,0.3,0.03810526315789469,tail-aware,exceedance,244957,1.0
0.9,0.3,0.03810526315789469,tail-aware,exc_empbernstein,244957,1.0
0.9,0.3,0.03810526315789469,tail-aware,exc_betting,313022,1.0
0.9,0.3,0.03810526315789469,tail-aware,exceedance,313022,1.0
0.9,0.3,0.03810526315789469,tail-aware,exc_empbernstein,313022,1.0
0.9,0.3,0.03810526315789469,tail-aware,exc_betting,400000,1.0
0.9,0.3,0.03810526315789469,tail-aware,exceedance,400000,1.0
0.9,0.3,0.03810526315789469,tail-aware,exc_empbernstein,400000,1.0
0.9,0.2,0.05873684210526313,target,exc_betting,200,0.03666666666666667
0.9,0.2,0.05873684210526313,target,exceedance,200,0.0
0.9,0.2,0.05873684210526313,target,exc_empbernstein,200,0.0
0.9,0.2,0.05873684210526313,target,exc_betting,255,0.056666666666666664
0.9,0.2,0.05873684210526313,target,exceedance,255,0.0
0.9,0.2,0.05873684210526313,target,exc_empbernstein,255,0.0
0.9,0.2,0.05873684210526313,target,exc_betting,326,0.056666666666666664
0.9,0.2,0.05873684210526313,target,exceedance,326,0.0
0.9,0.2,0.05873684210526313,target,exc_empbernstein,326,0.0
0.9,0.2,0.05873684210526313,target,exc_betting,417,0.08666666666666667
0.9,0.2,0.05873684210526313,target,exceedance,417,0.0
0.9,0.2,0.05873684210526313,target,exc_empbernstein,417,0.0
0.9,0.2,0.05873684210526313,target,exc_betting,533,0.12333333333333334
0.9,0.2,0.05873684210526313,target,exceedance,533,0.0
0.9,0.2,0.05873684210526313,target,exc_empbernstein,533,0.016666666666666666
0.9,0.2,0.05873684210526313,target,exc_betting,681,0.14
0.9,0.2,0.05873684210526313,target,exceedance,681,0.0
0.9,0.2,0.05873684210526313,target,exc_empbernstein,681,0.02666666666666667
0.9,0.2,0.05873684210526313,target,exc_betting,870,0.18
0.9,0.2,0.05873684210526313,target,exceedance,870,0.01
0.9,0.2,0.05873684210526313,target,exc_empbernstein,870,0.04666666666666667
0.9,0.2,0.05873684210526313,target,exc_betting,1112,0.25666666666666665
0.9,0.2,0.05873684210526313,target,exceedance,1112,0.02
0.9,0.2,0.05873684210526313,target,exc_empbernstein,1112,0.14333333333333334
0.9,0.2,0.05873684210526313,target,exc_betting,1422,0.3933333333333333
0.9,0.2,0.05873684210526313,target,exceedance,1422,0.02666666666666667
0.9,0.2,0.05873684210526313,target,exc_empbernstein,1422,0.20666666666666667
0.9,0.2,0.05873684210526313,target,exc_betting,1817,0.43333333333333335
0.9,0.2,0.05873684210526313,target,exceedance,1817,0.06333333333333334
0.9,0.2,0.05873684210526313,target,exc_empbernstein,1817,0.31666666666666665
0.9,0.2,0.05873684210526313,target,exc_betting,2322,0.6233333333333333
0.9,0.2,0.05873684210526313,target,exceedance,2322,0.15333333333333332
0.9,0.2,0.05873684210526313,target,exc_empbernstein,2322,0.5533333333333333
0.9,0.2,0.05873684210526313,target,exc_betting,2967,0.8
0.9,0.2,0.05873684210526313,target,exceedance,2967,0.2966666666666667
0.9,0.2,0.05873684210526313,target,exc_empbernstein,2967,0.7833333333333333
0.9,0.2,0.05873684210526313,target,exc_betting,3791,0.9233333333333333
0.9,0.2,0.05873684210526313,target,exceedance,3791,0.5066666666666667
0.9,0.2,0.05873684210526313,target,exc_empbernstein,3791,0.8933333333333333
0.9,0.2,0.05873684210526313,target,exc_betting,4845,0.97
0.9,0.2,0.05873684210526313,target,exceedance,4845,0.7033333333333334
0.9,0.2,0.05873684210526313,target,exc_empbernstein,4845,0.9666666666666667
0.9,0.2,0.05873684210526313,target,exc_betting,6191,0.99
0.9,0.2,0.05873684210526313,target,exceedance,6191,0.9133333333333333
0.9,0.2,0.05873684210526313,target,exc_empbernstein,6191,0.99
0.9,0.2,0.05873684210526313,target,exc_betting,7912,1.0
0.9,0.2,0.05873684210526313,target,exceedance,7912,0.9666666666666667
0.9,0.2,0.05873684210526313,target,exc_empbernstein,7912,1.0
0.9,0.2,0.05873684210526313,target,exc_betting,10110,1.0
0.9,0.2,0.05873684210526313,target,exceedance,10110,1.0
0.9,0.2,0.05873684210526313,target,exc_empbernstein,10110,1.0
0.9,0.2,0.05873684210526313,target,exc_betting,12920,1.0
0.9,0.2,0.05873684210526313,target,exceedance,12920,1.0
0.9,0.2,0.05873684210526313,target,exc_empbernstein,12920,1.0
0.9,0.2,0.05873684210526313,target,exc_betting,16510,1.0
0.9,0.2,0.05873684210526313,target,exceedance,16510,1.0
0.9,0.2,0.05873684210526313,target,exc_empbernstein,16510,1.0
0.9,0.2,0.05873684210526313,target,exc_betting,21098,1.0
0.9,0.2,0.05873684210526313,target,exceedance,21098,1.0
0.9,0.2,0.05873684210526313,target,exc_empbernstein,21098,1.0
0.9,0.2,0.05873684210526313,target,exc_betting,26960,1.0
0.9,0.2,0.05873684210526313,target,exceedance,26960,1.0
0.9,0.2,0.05873684210526313,target,exc_empbernstein,26960,1.0
0.9,0.2,0.05873684210526313,target,exc_betting,34451,1.0
0.9,0.2,0.05873684210526313,target,exceedance,34451,1.0
0.9,0.2,0.05873684210526313,target,exc_empbernstein,34451,1.0
0.9,0.2,0.05873684210526313,target,exc_betting,44024,1.0
0.9,0.2,0.05873684210526313,target,exceedance,44024,1.0
0.9,0.2,0.05873684210526313,target,exc_empbernstein,44024,1.0
0.9,0.2,0.05873684210526313,target,exc_betting,56257,1.0
0.9,0.2,0.05873684210526313,target,exceedance,56257,1.0
0.9,0.2,0.05873684210526313,target,exc_empbernstein,56257,1.0
0.9,0.2,0.05873684210526313,target,exc_betting,71889,1.0
0.9,0.2,0.05873684210526313,target,exceedance,71889,1.0
0.9,0.2,0.05873684210526313,target,exc_empbernstein,71889,1.0
0.9,0.2,0.05873684210526313,target,exc_betting,91865,1.0
0.9,0.2,0.05873684210526313,target,exceedance,91865,1.0
0.9,0.2,0.05873684210526313,target,exc_empbernstein,91865,1.0
0.9,0.2,0.05873684210526313,target,exc_betting,117391,1.0
0.9,0.2,0.05873684210526313,target,exceedance,117391,1.0
0.9,0.2,0.05873684210526313,target,exc_empbernstein,117391,1.0
0.9,0.2,0.05873684210526313,target,exc_betting,150010,1.0
0.9,0.2,0.05873684210526313,target,exceedance,150010,1.0
0.9,0.2,0.05873684210526313,target,exc_empbernstein,150010,1.0
0.9,0.2,0.05873684210526313,target,exc_betting,191692,1.0
0.9,0.2,0.05873684210526313,target,exceedance,191692,1.0
0.9,0.2,0.05873684210526313,target,exc_empbernstein,191692,1.0
0.9,0.2,0.05873684210526313,target,exc_betting,244957,1.0
0.9,0.2,0.05873684210526313,target,exceedance,244957,1.0
0.9,0.2,0.05873684210526313,target,exc_empbernstein,244957,1.0
0.9,0.2,0.05873684210526313,target,exc_betting,313022,1.0
0.9,0.2,0.05873684210526313,target,exceedance,313022,1.0
0.9,0.2,0.05873684210526313,target,exc_empbernstein,313022,1.0
0.9,0.2,0.05873684210526313,target,exc_betting,400000,1.0
0.9,0.2,0.05873684210526313,target,exceedance,400000,1.0
0.9,0.2,0.05873684210526313,target,exc_empbernstein,400000,1.0
0.9,0.2,0.05873684210526313,uniform,exc_betting,200,0.0
0.9,0.2,0.05873684210526313,uniform,exceedance,200,0.0
0.9,0.2,0.05873684210526313,uniform,exc_empbernstein,200,0.0
0.9,0.2,0.05873684210526313,uniform,exc_betting,255,0.0
0.9,0.2,0.05873684210526313,uniform,exceedance,255,0.0
0.9,0.2,0.05873684210526313,uniform,exc_empbernstein,255,0.0
0.9,0.2,0.05873684210526313,uniform,exc_betting,326,0.0
0.9,0.2,0.05873684210526313,uniform,exceedance,326,0.0
0.9,0.2,0.05873684210526313,uniform,exc_empbernstein,326,0.0
0.9,0.2,0.05873684210526313,uniform,exc_betting,417,0.0
0.9,0.2,0.05873684210526313,uniform,exceedance,417,0.0
0.9,0.2,0.05873684210526313,uniform,exc_empbernstein,417,0.0
0.9,0.2,0.05873684210526313,uniform,exc_betting,533,0.0
0.9,0.2,0.05873684210526313,uniform,exceedance,533,0.0
0.9,0.2,0.05873684210526313,uniform,exc_empbernstein,533,0.0
0.9,0.2,0.05873684210526313,uniform,exc_betting,681,0.006666666666666667
0.9,0.2,0.05873684210526313,uniform,exceedance,681,0.0
0.9,0.2,0.05873684210526313,uniform,exc_empbernstein,681,0.0
0.9,0.2,0.05873684210526313,uniform,exc_betting,870,0.02666666666666667
0.9,0.2,0.05873684210526313,uniform,exceedance,870,0.0
0.9,0.2,0.05873684210526313,uniform,exc_empbernstein,870,0.0
0.9,0.2,0.05873684210526313,uniform,exc_betting,1112,0.043333333333333335
0.9,0.2,0.05873684210526313,uniform,exceedance,1112,0.0
0.9,0.2,0.05873684210526313,uniform,exc_empbernstein,1112,0.0033333333333333335
0.9,0.2,0.05873684210526313,uniform,exc_betting,1422,0.07333333333333333
0.9,0.2,0.05873684210526313,uniform,exceedance,1422,0.0
0.9,0.2,0.05873684210526313,uniform,exc_empbernstein,1422,0.0
0.9,0.2,0.05873684210526313,uniform,exc_betting,1817,0.10666666666666667
0.9,0.2,0.05873684210526313,uniform,exceedance,1817,0.0
0.9,0.2,0.05873684210526313,uniform,exc_empbernstein,1817,0.0033333333333333335
0.9,0.2,0.05873684210526313,uniform,exc_betting,2322,0.17
0.9,0.2,0.05873684210526313,uniform,exceedance,2322,0.0
0.9,0.2,0.05873684210526313,uniform,exc_empbernstein,2322,0.006666666666666667
0.9,0.2,0.05873684210526313,uniform,exc_betting,2967,0.18666666666666668
0.9,0.2,0.05873684210526313,uniform,exceedance,2967,0.0
0.9,0.2,0.05873684210526313,uniform,exc_empbernstein,2967,0.013333333333333334
0.9,0.2,0.05873684210526313,uniform,exc_betting,3791,0.20666666666666667
0.9,0.2,0.05873684210526313,uniform,exceedance,3791,0.0
0.9,0.2,0.05873684210526313,uniform,exc_empbernstein,3791,0.03333333333333333
0.9,0.2,0.05873684210526313,uniform,exc_betting,4845,0.24666666666666667
0.9,0.2,0.05873684210526313,uniform,exceedance,4845,0.0
0.9,0.2,0.05873684210526313,uniform,exc_empbernstein,4845,0.09
0.9,0.2,0.05873684210526313,uniform,exc_betting,6191,0.3433333333333333
0.9,0.2,0.05873684210526313,uniform,exceedance,6191,0.0033333333333333335
0.9,0.2,0.05873684210526313,uniform,exc_empbernstein,6191,0.17
0.9,0.2,0.05873684210526313,uniform,exc_betting,7912,0.42333333333333334
0.9,0.2,0.05873684210526313,uniform,exceedance,7912,0.006666666666666667
0.9,0.2,0.05873684210526313,uniform,exc_empbernstein,7912,0.26666666666666666
0.9,0.2,0.05873684210526313,uniform,exc_betting,10110,0.6
0.9,0.2,0.05873684210526313,uniform,exceedance,10110,0.016666666666666666
0.9,0.2,0.05873684210526313,uniform,exc_empbernstein,10110,0.45
0.9,0.2,0.05873684210526313,uniform,exc_betting,12920,0.75
0.9,0.2,0.05873684210526313,uniform,exceedance,12920,0.056666666666666664
0.9,0.2,0.05873684210526313,uniform,exc_empbernstein,12920,0.65
0.9,0.2,0.05873684210526313,uniform,exc_betting,16510,0.8666666666666667
0.9,0.2,0.05873684210526313,uniform,exceedance,16510,0.22333333333333333
0.9,0.2,0.05873684210526313,uniform,exc_empbernstein,16510,0.8366666666666667
0.9,0.2,0.05873684210526313,uniform,exc_betting,21098,0.9566666666666667
0.9,0.2,0.05873684210526313,uniform,exceedance,21098,0.4033333333333333
0.9,0.2,0.05873684210526313,uniform,exc_empbernstein,21098,0.9433333333333334
0.9,0.2,0.05873684210526313,uniform,exc_betting,26960,0.99
0.9,0.2,0.05873684210526313,uniform,exceedance,26960,0.6733333333333333
0.9,0.2,0.05873684210526313,uniform,exc_empbernstein,26960,0.9866666666666667
0.9,0.2,0.05873684210526313,uniform,exc_betting,34451,1.0
0.9,0.2,0.05873684210526313,uniform,exceedance,34451,0.86
0.9,0.2,0.05873684210526313,uniform,exc_empbernstein,34451,1.0
0.9,0.2,0.05873684210526313,uniform,exc_betting,44024,1.0
0.9,0.2,0.05873684210526313,uniform,exceedance,44024,0.97
0.9,0.2,0.05873684210526313,uniform,exc_empbernstein,44024,1.0
0.9,0.2,0.05873684210526313,uniform,exc_betting,56257,1.0
0.9,0.2,0.05873684210526313,uniform,exceedance,56257,0.9933333333333333
0.9,0.2,0.05873684210526313,uniform,exc_empbernstein,56257,1.0
0.9,0.2,0.05873684210526313,uniform,exc_betting,71889,1.0
0.9,0.2,0.05873684210526313,uniform,exceedance,71889,1.0
0.9,0.2,0.05873684210526313,uniform,exc_empbernstein,71889,1.0
0.9,0.2,0.05873684210526313,uniform,exc_betting,91865,1.0
0.9,0.2,0.05873684210526313,uniform,exceedance,91865,1.0
0.9,0.2,0.05873684210526313,uniform,exc_empbernstein,91865,1.0
0.9,0.2,0.05873684210526313,uniform,exc_betting,117391,1.0
0.9,0.2,0.05873684210526313,uniform,exceedance,117391,1.0
0.9,0.2,0.05873684210526313,uniform,exc_empbernstein,117391,1.0
0.9,0.2,0.05873684210526313,uniform,exc_betting,150010,1.0
0.9,0.2,0.05873684210526313,uniform,exceedance,150010,1.0
0.9,0.2,0.05873684210526313,uniform,exc_empbernstein,150010,1.0
0.9,0.2,0.05873684210526313,uniform,exc_betting,191692,1.0
0.9,0.2,0.05873684210526313,uniform,exceedance,191692,1.0
0.9,0.2,0.05873684210526313,uniform,exc_empbernstein,191692,1.0
0.9,0.2,0.05873684210526313,uniform,exc_betting,244957,1.0
0.9,0.2,0.05873684210526313,uniform,exceedance,244957,1.0
0.9,0.2,0.05873684210526313,uniform,exc_empbernstein,244957,1.0
0.9,0.2,0.05873684210526313,uniform,exc_betting,313022,1.0
0.9,0.2,0.05873684210526313,uniform,exceedance,313022,1.0
0.9,0.2,0.05873684210526313,uniform,exc_empbernstein,313022,1.0
0.9,0.2,0.05873684210526313,uniform,exc_betting,400000,1.0
0.9,0.2,0.05873684210526313,uniform,exceedance,400000,1.0
0.9,0.2,0.05873684210526313,uniform,exc_empbernstein,400000,1.0
0.9,0.2,0.05873684210526313,tail-aware,exc_betting,200,0.0033333333333333335
0.9,0.2,0.05873684210526313,tail-aware,exceedance,200,0.0
0.9,0.2,0.05873684210526313,tail-aware,exc_empbernstein,200,0.0
0.9,0.2,0.05873684210526313,tail-aware,exc_betting,255,0.0033333333333333335
0.9,0.2,0.05873684210526313,tail-aware,exceedance,255,0.0
0.9,0.2,0.05873684210526313,tail-aware,exc_empbernstein,255,0.0
0.9,0.2,0.05873684210526313,tail-aware,exc_betting,326,0.02
0.9,0.2,0.05873684210526313,tail-aware,exceedance,326,0.0
0.9,0.2,0.05873684210526313,tail-aware,exc_empbernstein,326,0.0
0.9,0.2,0.05873684210526313,tail-aware,exc_betting,417,0.06333333333333334
0.9,0.2,0.05873684210526313,tail-aware,exceedance,417,0.0
0.9,0.2,0.05873684210526313,tail-aware,exc_empbernstein,417,0.0
0.9,0.2,0.05873684210526313,tail-aware,exc_betting,533,0.12
0.9,0.2,0.05873684210526313,tail-aware,exceedance,533,0.0
0.9,0.2,0.05873684210526313,tail-aware,exc_empbernstein,533,0.0
0.9,0.2,0.05873684210526313,tail-aware,exc_betting,681,0.18333333333333332
0.9,0.2,0.05873684210526313,tail-aware,exceedance,681,0.0
0.9,0.2,0.05873684210526313,tail-aware,exc_empbernstein,681,0.006666666666666667
0.9,0.2,0.05873684210526313,tail-aware,exc_betting,870,0.25333333333333335
0.9,0.2,0.05873684210526313,tail-aware,exceedance,870,0.0
0.9,0.2,0.05873684210526313,tail-aware,exc_empbernstein,870,0.013333333333333334
0.9,0.2,0.05873684210526313,tail-aware,exc_betting,1112,0.3466666666666667
0.9,0.2,0.05873684210526313,tail-aware,exceedance,1112,0.0
0.9,0.2,0.05873684210526313,tail-aware,exc_empbernstein,1112,0.04
0.9,0.2,0.05873684210526313,tail-aware,exc_betting,1422,0.4266666666666667
0.9,0.2,0.05873684210526313,tail-aware,exceedance,1422,0.0
0.9,0.2,0.05873684210526313,tail-aware,exc_empbernstein,1422,0.07333333333333333
0.9,0.2,0.05873684210526313,tail-aware,exc_betting,1817,0.58
0.9,0.2,0.05873684210526313,tail-aware,exceedance,1817,0.0
0.9,0.2,0.05873684210526313,tail-aware,exc_empbernstein,1817,0.26
0.9,0.2,0.05873684210526313,tail-aware,exc_betting,2322,0.7066666666666667
0.9,0.2,0.05873684210526313,tail-aware,exceedance,2322,0.0033333333333333335
0.9,0.2,0.05873684210526313,tail-aware,exc_empbernstein,2322,0.42333333333333334
0.9,0.2,0.05873684210526313,tail-aware,exc_betting,2967,0.88
0.9,0.2,0.05873684210526313,tail-aware,exceedance,2967,0.01
0.9,0.2,0.05873684210526313,tail-aware,exc_empbernstein,2967,0.6733333333333333
0.9,0.2,0.05873684210526313,tail-aware,exc_betting,3791,0.9566666666666667
0.9,0.2,0.05873684210526313,tail-aware,exceedance,3791,0.03666666666666667
0.9,0.2,0.05873684210526313,tail-aware,exc_empbernstein,3791,0.88
0.9,0.2,0.05873684210526313,tail-aware,exc_betting,4845,0.98
0.9,0.2,0.05873684210526313,tail-aware,exceedance,4845,0.10666666666666667
0.9,0.2,0.05873684210526313,tail-aware,exc_empbernstein,4845,0.9466666666666667
0.9,0.2,0.05873684210526313,tail-aware,exc_betting,6191,0.9966666666666667
0.9,0.2,0.05873684210526313,tail-aware,exceedance,6191,0.3433333333333333
0.9,0.2,0.05873684210526313,tail-aware,exc_empbernstein,6191,0.9833333333333333
0.9,0.2,0.05873684210526313,tail-aware,exc_betting,7912,1.0
0.9,0.2,0.05873684210526313,tail-aware,exceedance,7912,0.6766666666666666
0.9,0.2,0.05873684210526313,tail-aware,exc_empbernstein,7912,1.0
0.9,0.2,0.05873684210526313,tail-aware,exc_betting,10110,1.0
0.9,0.2,0.05873684210526313,tail-aware,exceedance,10110,0.9266666666666666
0.9,0.2,0.05873684210526313,tail-aware,exc_empbernstein,10110,1.0
0.9,0.2,0.05873684210526313,tail-aware,exc_betting,12920,1.0
0.9,0.2,0.05873684210526313,tail-aware,exceedance,12920,0.9933333333333333
0.9,0.2,0.05873684210526313,tail-aware,exc_empbernstein,12920,1.0
0.9,0.2,0.05873684210526313,tail-aware,exc_betting,16510,1.0
0.9,0.2,0.05873684210526313,tail-aware,exceedance,16510,1.0
0.9,0.2,0.05873684210526313,tail-aware,exc_empbernstein,16510,1.0
0.9,0.2,0.05873684210526313,tail-aware,exc_betting,21098,1.0
0.9,0.2,0.05873684210526313,tail-aware,exceedance,21098,1.0
0.9,0.2,0.05873684210526313,tail-aware,exc_empbernstein,21098,1.0
0.9,0.2,0.05873684210526313,tail-aware,exc_betting,26960,1.0
0.9,0.2,0.05873684210526313,tail-aware,exceedance,26960,1.0
0.9,0.2,0.05873684210526313,tail-aware,exc_empbernstein,26960,1.0
0.9,0.2,0.05873684210526313,tail-aware,exc_betting,34451,1.0
0.9,0.2,0.05873684210526313,tail-aware,exceedance,34451,1.0
0.9,0.2,0.05873684210526313,tail-aware,exc_empbernstein,34451,1.0
0.9,0.2,0.05873684210526313,tail-aware,exc_betting,44024,1.0
0.9,0.2,0.05873684210526313,tail-aware,exceedance,44024,1.0
0.9,0.2,0.05873684210526313,tail-aware,exc_empbernstein,44024,1.0
0.9,0.2,0.05873684210526313,tail-aware,exc_betting,56257,1.0
0.9,0.2,0.05873684210526313,tail-aware,exceedance,56257,1.0
0.9,0.2,0.05873684210526313,tail-aware,exc_empbernstein,56257,1.0
0.9,0.2,0.05873684210526313,tail-aware,exc_betting,71889,1.0
0.9,0.2,0.05873684210526313,tail-aware,exceedance,71889,1.0
0.9,0.2,0.05873684210526313,tail-aware,exc_empbernstein,71889,1.0
0.9,0.2,0.05873684210526313,tail-aware,exc_betting,91865,1.0
0.9,0.2,0.05873684210526313,tail-aware,exceedance,91865,1.0
0.9,0.2,0.05873684210526313,tail-aware,exc_empbernstein,91865,1.0
0.9,0.2,0.05873684210526313,tail-aware,exc_betting,117391,1.0
0.9,0.2,0.05873684210526313,tail-aware,exceedance,117391,1.0
0.9,0.2,0.05873684210526313,tail-aware,exc_empbernstein,117391,1.0
0.9,0.2,0.05873684210526313,tail-aware,exc_betting,150010,1.0
0.9,0.2,0.05873684210526313,tail-aware,exceedance,150010,1.0
0.9,0.2,0.05873684210526313,tail-aware,exc_empbernstein,150010,1.0
0.9,0.2,0.05873684210526313,tail-aware,exc_betting,191692,1.0
0.9,0.2,0.05873684210526313,tail-aware,exceedance,191692,1.0
0.9,0.2,0.05873684210526313,tail-aware,exc_empbernstein,191692,1.0
0.9,0.2,0.05873684210526313,tail-aware,exc_betting,244957,1.0
0.9,0.2,0.05873684210526313,tail-aware,exceedance,244957,1.0
0.9,0.2,0.05873684210526313,tail-aware,exc_empbernstein,244957,1.0
0.9,0.2,0.05873684210526313,tail-aware,exc_betting,313022,1.0
0.9,0.2,0.05873684210526313,tail-aware,exceedance,313022,1.0
0.9,0.2,0.05873684210526313,tail-aware,exc_empbernstein,313022,1.0
0.9,0.2,0.05873684210526313,tail-aware,exc_betting,400000,1.0
0.9,0.2,0.05873684210526313,tail-aware,exceedance,400000,1.0
0.9,0.2,0.05873684210526313,tail-aware,exc_empbernstein,400000,1.0
0.9,0.1,0.07936842105263153,target,exc_betting,200,0.02
0.9,0.1,0.07936842105263153,target,exceedance,200,0.0
0.9,0.1,0.07936842105263153,target,exc_empbernstein,200,0.0
0.9,0.1,0.07936842105263153,target,exc_betting,255,0.013333333333333334
0.9,0.1,0.07936842105263153,target,exceedance,255,0.0
0.9,0.1,0.07936842105263153,target,exc_empbernstein,255,0.0
0.9,0.1,0.07936842105263153,target,exc_betting,326,0.013333333333333334
0.9,0.1,0.07936842105263153,target,exceedance,326,0.0
0.9,0.1,0.07936842105263153,target,exc_empbernstein,326,0.0
0.9,0.1,0.07936842105263153,target,exc_betting,417,0.006666666666666667
0.9,0.1,0.07936842105263153,target,exceedance,417,0.0
0.9,0.1,0.07936842105263153,target,exc_empbernstein,417,0.0
0.9,0.1,0.07936842105263153,target,exc_betting,533,0.02
0.9,0.1,0.07936842105263153,target,exceedance,533,0.0033333333333333335
0.9,0.1,0.07936842105263153,target,exc_empbernstein,533,0.0033333333333333335
0.9,0.1,0.07936842105263153,target,exc_betting,681,0.016666666666666666
0.9,0.1,0.07936842105263153,target,exceedance,681,0.0
0.9,0.1,0.07936842105263153,target,exc_empbernstein,681,0.0
0.9,0.1,0.07936842105263153,target,exc_betting,870,0.02
0.9,0.1,0.07936842105263153,target,exceedance,870,0.0
0.9,0.1,0.07936842105263153,target,exc_empbernstein,870,0.0033333333333333335
0.9,0.1,0.07936842105263153,target,exc_betting,1112,0.03666666666666667
0.9,0.1,0.07936842105263153,target,exceedance,1112,0.0
0.9,0.1,0.07936842105263153,target,exc_empbernstein,1112,0.006666666666666667
0.9,0.1,0.07936842105263153,target,exc_betting,1422,0.043333333333333335
0.9,0.1,0.07936842105263153,target,exceedance,1422,0.0033333333333333335
0.9,0.1,0.07936842105263153,target,exc_empbernstein,1422,0.023333333333333334
0.9,0.1,0.07936842105263153,target,exc_betting,1817,0.07666666666666666
0.9,0.1,0.07936842105263153,target,exceedance,1817,0.0033333333333333335
0.9,0.1,0.07936842105263153,target,exc_empbernstein,1817,0.043333333333333335
0.9,0.1,0.07936842105263153,target,exc_betting,2322,0.10666666666666667
0.9,0.1,0.07936842105263153,target,exceedance,2322,0.006666666666666667
0.9,0.1,0.07936842105263153,target,exc_empbernstein,2322,0.07333333333333333
0.9,0.1,0.07936842105263153,target,exc_betting,2967,0.12333333333333334
0.9,0.1,0.07936842105263153,target,exceedance,2967,0.006666666666666667
0.9,0.1,0.07936842105263153,target,exc_empbernstein,2967,0.09333333333333334
0.9,0.1,0.07936842105263153,target,exc_betting,3791,0.18333333333333332
0.9,0.1,0.07936842105263153,target,exceedance,3791,0.013333333333333334
0.9,0.1,0.07936842105263153,target,exc_empbernstein,3791,0.15333333333333332
0.9,0.1,0.07936842105263153,target,exc_betting,4845,0.26666666666666666
0.9,0.1,0.07936842105263153,target,exceedance,4845,0.03666666666666667
0.9,0.1,0.07936842105263153,target,exc_empbernstein,4845,0.25
0.9,0.1,0.07936842105263153,target,exc_betting,6191,0.4066666666666667
0.9,0.1,0.07936842105263153,target,exceedance,6191,0.08
0.9,0.1,0.07936842105263153,target,exc_empbernstein,6191,0.4166666666666667
0.9,0.1,0.07936842105263153,target,exc_betting,7912,0.43666666666666665
0.9,0.1,0.07936842105263153,target,exceedance,7912,0.10666666666666667
0.9,0.1,0.07936842105263153,target,exc_empbernstein,7912,0.4633333333333333
0.9,0.1,0.07936842105263153,target,exc_betting,10110,0.63
0.9,0.1,0.07936842105263153,target,exceedance,10110,0.24
0.9,0.1,0.07936842105263153,target,exc_empbernstein,10110,0.6533333333333333
0.9,0.1,0.07936842105263153,target,exc_betting,12920,0.7866666666666666
0.9,0.1,0.07936842105263153,target,exceedance,12920,0.37
0.9,0.1,0.07936842105263153,target,exc_empbernstein,12920,0.8233333333333334
0.9,0.1,0.07936842105263153,target,exc_betting,16510,0.8866666666666667
0.9,0.1,0.07936842105263153,target,exceedance,16510,0.5366666666666666
0.9,0.1,0.07936842105263153,target,exc_empbernstein,16510,0.9233333333333333
0.9,0.1,0.07936842105263153,target,exc_betting,21098,0.98
0.9,0.1,0.07936842105263153,target,exceedance,21098,0.7933333333333333
0.9,0.1,0.07936842105263153,target,exc_empbernstein,21098,0.9866666666666667
0.9,0.1,0.07936842105263153,target,exc_betting,26960,0.9933333333333333
0.9,0.1,0.07936842105263153,target,exceedance,26960,0.9166666666666666
0.9,0.1,0.07936842105263153,target,exc_empbernstein,26960,1.0
0.9,0.1,0.07936842105263153,target,exc_betting,34451,1.0
0.9,0.1,0.07936842105263153,target,exceedance,34451,0.9866666666666667
0.9,0.1,0.07936842105263153,target,exc_empbernstein,34451,1.0
0.9,0.1,0.07936842105263153,target,exc_betting,44024,1.0
0.9,0.1,0.07936842105263153,target,exceedance,44024,1.0
0.9,0.1,0.07936842105263153,target,exc_empbernstein,44024,1.0
0.9,0.1,0.07936842105263153,target,exc_betting,56257,1.0
0.9,0.1,0.07936842105263153,target,exceedance,56257,1.0
0.9,0.1,0.07936842105263153,target,exc_empbernstein,56257,1.0
0.9,0.1,0.07936842105263153,target,exc_betting,71889,1.0
0.9,0.1,0.07936842105263153,target,exceedance,71889,1.0
0.9,0.1,0.07936842105263153,target,exc_empbernstein,71889,1.0
0.9,0.1,0.07936842105263153,target,exc_betting,91865,1.0
0.9,0.1,0.07936842105263153,target,exceedance,91865,1.0
0.9,0.1,0.07936842105263153,target,exc_empbernstein,91865,1.0
0.9,0.1,0.07936842105263153,target,exc_betting,117391,1.0
0.9,0.1,0.07936842105263153,target,exceedance,117391,1.0
0.9,0.1,0.07936842105263153,target,exc_empbernstein,117391,1.0
0.9,0.1,0.07936842105263153,target,exc_betting,150010,1.0
0.9,0.1,0.07936842105263153,target,exceedance,150010,1.0
0.9,0.1,0.07936842105263153,target,exc_empbernstein,150010,1.0
0.9,0.1,0.07936842105263153,target,exc_betting,191692,1.0
0.9,0.1,0.07936842105263153,target,exceedance,191692,1.0
0.9,0.1,0.07936842105263153,target,exc_empbernstein,191692,1.0
0.9,0.1,0.07936842105263153,target,exc_betting,244957,1.0
0.9,0.1,0.07936842105263153,target,exceedance,244957,1.0
0.9,0.1,0.07936842105263153,target,exc_empbernstein,244957,1.0
0.9,0.1,0.07936842105263153,target,exc_betting,313022,1.0
0.9,0.1,0.07936842105263153,target,exceedance,313022,1.0
0.9,0.1,0.07936842105263153,target,exc_empbernstein,313022,1.0
0.9,0.1,0.07936842105263153,target,exc_betting,400000,1.0
0.9,0.1,0.07936842105263153,target,exceedance,400000,1.0
0.9,0.1,0.07936842105263153,target,exc_empbernstein,400000,1.0
0.9,0.1,0.07936842105263153,uniform,exc_betting,200,0.0
0.9,0.1,0.07936842105263153,uniform,exceedance,200,0.0
0.9,0.1,0.07936842105263153,uniform,exc_empbernstein,200,0.0
0.9,0.1,0.07936842105263153,uniform,exc_betting,255,0.0
0.9,0.1,0.07936842105263153,uniform,exceedance,255,0.0
0.9,0.1,0.07936842105263153,uniform,exc_empbernstein,255,0.0
0.9,0.1,0.07936842105263153,uniform,exc_betting,326,0.0
0.9,0.1,0.07936842105263153,uniform,exceedance,326,0.0
0.9,0.1,0.07936842105263153,uniform,exc_empbernstein,326,0.0
0.9,0.1,0.07936842105263153,uniform,exc_betting,417,0.0
0.9,0.1,0.07936842105263153,uniform,exceedance,417,0.0
0.9,0.1,0.07936842105263153,uniform,exc_empbernstein,417,0.0
0.9,0.1,0.07936842105263153,uniform,exc_betting,533,0.0
0.9,0.1,0.07936842105263153,uniform,exceedance,533,0.0
0.9,0.1,0.07936842105263153,uniform,exc_empbernstein,533,0.0
0.9,0.1,0.07936842105263153,uniform,exc_betting,681,0.0
0.9,0.1,0.07936842105263153,uniform,exceedance,681,0.0
0.9,0.1,0.07936842105263153,uniform,exc_empbernstein,681,0.0
0.9,0.1,0.07936842105263153,uniform,exc_betting,870,0.006666666666666667
0.9,0.1,0.07936842105263153,uniform,exceedance,870,0.0
0.9,0.1,0.07936842105263153,uniform,exc_empbernstein,870,0.0
0.9,0.1,0.07936842105263153,uniform,exc_betting,1112,0.013333333333333334
0.9,0.1,0.07936842105263153,uniform,exceedance,1112,0.0
0.9,0.1,0.07936842105263153,uniform,exc_empbernstein,1112,0.0
0.9,0.1,0.07936842105263153,uniform,exc_betting,1422,0.016666666666666666
0.9,0.1,0.07936842105263153,uniform,exceedance,1422,0.0
0.9,0.1,0.07936842105263153,uniform,exc_empbernstein,1422,0.0
0.9,0.1,0.07936842105263153,uniform,exc_betting,1817,0.03
0.9,0.1,0.07936842105263153,uniform,exceedance,1817,0.0
0.9,0.1,0.07936842105263153,uniform,exc_empbernstein,1817,0.0
0.9,0.1,0.07936842105263153,uniform,exc_betting,2322,0.03
0.9,0.1,0.07936842105263153,uniform,exceedance,2322,0.0
0.9,0.1,0.07936842105263153,uniform,exc_empbernstein,2322,0.0
0.9,0.1,0.07936842105263153,uniform,exc_betting,2967,0.05333333333333334
0.9,0.1,0.07936842105263153,uniform,exceedance,2967,0.0
0.9,0.1,0.07936842105263153,uniform,exc_empbernstein,2967,0.0
0.9,0.1,0.07936842105263153,uniform,exc_betting,3791,0.05
0.9,0.1,0.07936842105263153,uniform,exceedance,3791,0.0
0.9,0.1,0.07936842105263153,uniform,exc_empbernstein,3791,0.0
0.9,0.1,0.07936842105263153,uniform,exc_betting,4845,0.04
0.9,0.1,0.07936842105263153,uniform,exceedance,4845,0.0
0.9,0.1,0.07936842105263153,uniform,exc_empbernstein,4845,0.0033333333333333335
0.9,0.1,0.07936842105263153,uniform,exc_betting,6191,0.06666666666666667
0.9,0.1,0.07936842105263153,uniform,exceedance,6191,0.0
0.9,0.1,0.07936842105263153,uniform,exc_empbernstein,6191,0.02
0.9,0.1,0.07936842105263153,uniform,exc_betting,7912,0.06666666666666667
0.9,0.1,0.07936842105263153,uniform,exceedance,7912,0.0
0.9,0.1,0.07936842105263153,uniform,exc_empbernstein,7912,0.02666666666666667
0.9,0.1,0.07936842105263153,uniform,exc_betting,10110,0.10333333333333333
0.9,0.1,0.07936842105263153,uniform,exceedance,10110,0.0
0.9,0.1,0.07936842105263153,uniform,exc_empbernstein,10110,0.043333333333333335
0.9,0.1,0.07936842105263153,uniform,exc_betting,12920,0.14333333333333334
0.9,0.1,0.07936842105263153,uniform,exceedance,12920,0.0
0.9,0.1,0.07936842105263153,uniform,exc_empbernstein,12920,0.08666666666666667
0.9,0.1,0.07936842105263153,uniform,exc_betting,16510,0.18666666666666668
0.9,0.1,0.07936842105263153,uniform,exceedance,16510,0.0
0.9,0.1,0.07936842105263153,uniform,exc_empbernstein,16510,0.11666666666666667
0.9,0.1,0.07936842105263153,uniform,exc_betting,21098,0.2733333333333333
0.9,0.1,0.07936842105263153,uniform,exceedance,21098,0.0
0.9,0.1,0.07936842105263153,uniform,exc_empbernstein,21098,0.23
0.9,0.1,0.07936842105263153,uniform,exc_betting,26960,0.36
0.9,0.1,0.07936842105263153,uniform,exceedance,26960,0.0
0.9,0.1,0.07936842105263153,uniform,exc_empbernstein,26960,0.32
0.9,0.1,0.07936842105263153,uniform,exc_betting,34451,0.5433333333333333
0.9,0.1,0.07936842105263153,uniform,exceedance,34451,0.02
0.9,0.1,0.07936842105263153,uniform,exc_empbernstein,34451,0.5166666666666667
0.9,0.1,0.07936842105263153,uniform,exc_betting,44024,0.7
0.9,0.1,0.07936842105263153,uniform,exceedance,44024,0.04666666666666667
0.9,0.1,0.07936842105263153,uniform,exc_empbernstein,44024,0.6966666666666667
0.9,0.1,0.07936842105263153,uniform,exc_betting,56257,0.83
0.9,0.1,0.07936842105263153,uniform,exceedance,56257,0.12
0.9,0.1,0.07936842105263153,uniform,exc_empbernstein,56257,0.85
0.9,0.1,0.07936842105263153,uniform,exc_betting,71889,0.9466666666666667
0.9,0.1,0.07936842105263153,uniform,exceedance,71889,0.27666666666666667
0.9,0.1,0.07936842105263153,uniform,exc_empbernstein,71889,0.9533333333333334
0.9,0.1,0.07936842105263153,uniform,exc_betting,91865,0.98
0.9,0.1,0.07936842105263153,uniform,exceedance,91865,0.5233333333333333
0.9,0.1,0.07936842105263153,uniform,exc_empbernstein,91865,0.98
0.9,0.1,0.07936842105263153,uniform,exc_betting,117391,1.0
0.9,0.1,0.07936842105263153,uniform,exceedance,117391,0.76
0.9,0.1,0.07936842105263153,uniform,exc_empbernstein,117391,1.0
0.9,0.1,0.07936842105263153,uniform,exc_betting,150010,1.0
0.9,0.1,0.07936842105263153,uniform,exceedance,150010,0.9233333333333333
0.9,0.1,0.07936842105263153,uniform,exc_empbernstein,150010,1.0
0.9,0.1,0.07936842105263153,uniform,exc_betting,191692,1.0
0.9,0.1,0.07936842105263153,uniform,exceedance,191692,0.99
0.9,0.1,0.07936842105263153,uniform,exc_empbernstein,191692,1.0
0.9,0.1,0.07936842105263153,uniform,exc_betting,244957,1.0
0.9,0.1,0.07936842105263153,uniform,exceedance,244957,1.0
0.9,0.1,0.07936842105263153,uniform,exc_empbernstein,244957,1.0
0.9,0.1,0.07936842105263153,uniform,exc_betting,313022,1.0
0.9,0.1,0.07936842105263153,uniform,exceedance,313022,1.0
0.9,0.1,0.07936842105263153,uniform,exc_empbernstein,313022,1.0
0.9,0.1,0.07936842105263153,uniform,exc_betting,400000,1.0
0.9,0.1,0.07936842105263153,uniform,exceedance,400000,1.0
0.9,0.1,0.07936842105263153,uniform,exc_empbernstein,400000,1.0
0.9,0.1,0.07936842105263153,tail-aware,exc_betting,200,0.0
0.9,0.1,0.07936842105263153,tail-aware,exceedance,200,0.0
0.9,0.1,0.07936842105263153,tail-aware,exc_empbernstein,200,0.0
0.9,0.1,0.07936842105263153,tail-aware,exc_betting,255,0.0
0.9,0.1,0.07936842105263153,tail-aware,exceedance,255,0.0
0.9,0.1,0.07936842105263153,tail-aware,exc_empbernstein,255,0.0
0.9,0.1,0.07936842105263153,tail-aware,exc_betting,326,0.0
0.9,0.1,0.07936842105263153,tail-aware,exceedance,326,0.0
0.9,0.1,0.07936842105263153,tail-aware,exc_empbernstein,326,0.0
0.9,0.1,0.07936842105263153,tail-aware,exc_betting,417,0.013333333333333334
0.9,0.1,0.07936842105263153,tail-aware,exceedance,417,0.0
0.9,0.1,0.07936842105263153,tail-aware,exc_empbernstein,417,0.0
0.9,0.1,0.07936842105263153,tail-aware,exc_betting,533,0.016666666666666666
0.9,0.1,0.07936842105263153,tail-aware,exceedance,533,0.0
0.9,0.1,0.07936842105263153,tail-aware,exc_empbernstein,533,0.0
0.9,0.1,0.07936842105263153,tail-aware,exc_betting,681,0.043333333333333335
0.9,0.1,0.07936842105263153,tail-aware,exceedance,681,0.0
0.9,0.1,0.07936842105263153,tail-aware,exc_empbernstein,681,0.0033333333333333335
0.9,0.1,0.07936842105263153,tail-aware,exc_betting,870,0.023333333333333334
0.9,0.1,0.07936842105263153,tail-aware,exceedance,870,0.0
0.9,0.1,0.07936842105263153,tail-aware,exc_empbernstein,870,0.0
0.9,0.1,0.07936842105263153,tail-aware,exc_betting,1112,0.05333333333333334
0.9,0.1,0.07936842105263153,tail-aware,exceedance,1112,0.0
0.9,0.1,0.07936842105263153,tail-aware,exc_empbernstein,1112,0.0
0.9,0.1,0.07936842105263153,tail-aware,exc_betting,1422,0.06333333333333334
0.9,0.1,0.07936842105263153,tail-aware,exceedance,1422,0.0
0.9,0.1,0.07936842105263153,tail-aware,exc_empbernstein,1422,0.0033333333333333335
0.9,0.1,0.07936842105263153,tail-aware,exc_betting,1817,0.09333333333333334
0.9,0.1,0.07936842105263153,tail-aware,exceedance,1817,0.0
0.9,0.1,0.07936842105263153,tail-aware,exc_empbernstein,1817,0.0033333333333333335
0.9,0.1,0.07936842105263153,tail-aware,exc_betting,2322,0.13333333333333333
0.9,0.1,0.07936842105263153,tail-aware,exceedance,2322,0.0
0.9,0.1,0.07936842105263153,tail-aware,exc_empbernstein,2322,0.01
0.9,0.1,0.07936842105263153,tail-aware,exc_betting,2967,0.19
0.9,0.1,0.07936842105263153,tail-aware,exceedance,2967,0.0
0.9,0.1,0.07936842105263153,tail-aware,exc_empbernstein,2967,0.02
0.9,0.1,0.07936842105263153,tail-aware,exc_betting,3791,0.22
0.9,0.1,0.07936842105263153,tail-aware,exceedance,3791,0.0
0.9,0.1,0.07936842105263153,tail-aware,exc_empbernstein,3791,0.05333333333333334
0.9,0.1,0.07936842105263153,tail-aware,exc_betting,4845,0.35333333333333333
0.9,0.1,0.07936842105263153,tail-aware,exceedance,4845,0.0
0.9,0.1,0.07936842105263153,tail-aware,exc_empbernstein,4845,0.15666666666666668
0.9,0.1,0.07936842105263153,tail-aware,exc_betting,6191,0.5
0.9,0.1,0.07936842105263153,tail-aware,exceedance,6191,0.0
0.9,0.1,0.07936842105263153,tail-aware,exc_empbernstein,6191,0.2966666666666667
0.9,0.1,0.07936842105263153,tail-aware,exc_betting,7912,0.6666666666666666
0.9,0.1,0.07936842105263153,tail-aware,exceedance,7912,0.0
0.9,0.1,0.07936842105263153,tail-aware,exc_empbernstein,7912,0.5033333333333333
0.9,0.1,0.07936842105263153,tail-aware,exc_betting,10110,0.7733333333333333
0.9,0.1,0.07936842105263153,tail-aware,exceedance,10110,0.0
0.9,0.1,0.07936842105263153,tail-aware,exc_empbernstein,10110,0.7
0.9,0.1,0.07936842105263153,tail-aware,exc_betting,12920,0.9033333333333333
0.9,0.1,0.07936842105263153,tail-aware,exceedance,12920,0.006666666666666667
0.9,0.1,0.07936842105263153,tail-aware,exc_empbernstein,12920,0.8566666666666667
0.9,0.1,0.07936842105263153,tail-aware,exc_betting,16510,0.9533333333333334
0.9,0.1,0.07936842105263153,tail-aware,exceedance,16510,0.03
0.9,0.1,0.07936842105263153,tail-aware,exc_empbernstein,16510,0.9233333333333333
0.9,0.1,0.07936842105263153,tail-aware,exc_betting,21098,0.9966666666666667
0.9,0.1,0.07936842105263153,tail-aware,exceedance,21098,0.12666666666666668
0.9,0.1,0.07936842105263153,tail-aware,exc_empbernstein,21098,0.9933333333333333
0.9,0.1,0.07936842105263153,tail-aware,exc_betting,26960,1.0
0.9,0.1,0.07936842105263153,tail-aware,exceedance,26960,0.29
0.9,0.1,0.07936842105263153,tail-aware,exc_empbernstein,26960,1.0
0.9,0.1,0.07936842105263153,tail-aware,exc_betting,34451,1.0
0.9,0.1,0.07936842105263153,tail-aware,exceedance,34451,0.5966666666666667
0.9,0.1,0.07936842105263153,tail-aware,exc_empbernstein,34451,1.0
0.9,0.1,0.07936842105263153,tail-aware,exc_betting,44024,1.0
0.9,0.1,0.07936842105263153,tail-aware,exceedance,44024,0.9466666666666667
0.9,0.1,0.07936842105263153,tail-aware,exc_empbernstein,44024,1.0
0.9,0.1,0.07936842105263153,tail-aware,exc_betting,56257,1.0
0.9,0.1,0.07936842105263153,tail-aware,exceedance,56257,0.99
0.9,0.1,0.07936842105263153,tail-aware,exc_empbernstein,56257,1.0
0.9,0.1,0.07936842105263153,tail-aware,exc_betting,71889,1.0
0.9,0.1,0.07936842105263153,tail-aware,exceedance,71889,1.0
0.9,0.1,0.07936842105263153,tail-aware,exc_empbernstein,71889,1.0
0.9,0.1,0.07936842105263153,tail-aware,exc_betting,91865,1.0
0.9,0.1,0.07936842105263153,tail-aware,exceedance,91865,1.0
0.9,0.1,0.07936842105263153,tail-aware,exc_empbernstein,91865,1.0
0.9,0.1,0.07936842105263153,tail-aware,exc_betting,117391,1.0
0.9,0.1,0.07936842105263153,tail-aware,exceedance,117391,1.0
0.9,0.1,0.07936842105263153,tail-aware,exc_empbernstein,117391,1.0
0.9,0.1,0.07936842105263153,tail-aware,exc_betting,150010,1.0
0.9,0.1,0.07936842105263153,tail-aware,exceedance,150010,1.0
0.9,0.1,0.07936842105263153,tail-aware,exc_empbernstein,150010,1.0
0.9,0.1,0.07936842105263153,tail-aware,exc_betting,191692,1.0
0.9,0.1,0.07936842105263153,tail-aware,exceedance,191692,1.0
0.9,0.1,0.07936842105263153,tail-aware,exc_empbernstein,191692,1.0
0.9,0.1,0.07936842105263153,tail-aware,exc_betting,244957,1.0
0.9,0.1,0.07936842105263153,tail-aware,exceedance,244957,1.0
0.9,0.1,0.07936842105263153,tail-aware,exc_empbernstein,244957,1.0
0.9,0.1,0.07936842105263153,tail-aware,exc_betting,313022,1.0
0.9,0.1,0.07936842105263153,tail-aware,exceedance,313022,1.0
0.9,0.1,0.07936842105263153,tail-aware,exc_empbernstein,313022,1.0
0.9,0.1,0.07936842105263153,tail-aware,exc_betting,400000,1.0
0.9,0.1,0.07936842105263153,tail-aware,exceedance,400000,1.0
0.9,0.1,0.07936842105263153,tail-aware,exc_empbernstein,400000,1.0
0.95,0.5,0.011475409836065644,target,exc_betting,200,0.05333333333333334
0.95,0.5,0.011475409836065644,target,exceedance,200,0.0
0.95,0.5,0.011475409836065644,target,exc_empbernstein,200,0.0033333333333333335
0.95,0.5,0.011475409836065644,target,exc_betting,255,0.21
0.95,0.5,0.011475409836065644,target,exceedance,255,0.0
0.95,0.5,0.011475409836065644,target,exc_empbernstein,255,0.0
0.95,0.5,0.011475409836065644,target,exc_betting,326,0.31333333333333335
0.95,0.5,0.011475409836065644,target,exceedance,326,0.0
0.95,0.5,0.011475409836065644,target,exc_empbernstein,326,0.02
0.95,0.5,0.011475409836065644,target,exc_betting,417,0.46
0.95,0.5,0.011475409836065644,target,exceedance,417,0.0
0.95,0.5,0.011475409836065644,target,exc_empbernstein,417,0.03666666666666667
0.95,0.5,0.011475409836065644,target,exc_betting,533,0.64
0.95,0.5,0.011475409836065644,target,exceedance,533,0.02
0.95,0.5,0.011475409836065644,target,exc_empbernstein,533,0.13333333333333333
0.95,0.5,0.011475409836065644,target,exc_betting,681,0.7833333333333333
0.95,0.5,0.011475409836065644,target,exceedance,681,0.06666666666666667
0.95,0.5,0.011475409836065644,target,exc_empbernstein,681,0.29
0.95,0.5,0.011475409836065644,target,exc_betting,870,0.8733333333333333
0.95,0.5,0.011475409836065644,target,exceedance,870,0.16666666666666666
0.95,0.5,0.011475409836065644,target,exc_empbernstein,870,0.49
0.95,0.5,0.011475409836065644,target,exc_betting,1112,0.9466666666666667
0.95,0.5,0.011475409836065644,target,exceedance,1112,0.4866666666666667
0.95,0.5,0.011475409836065644,target,exc_empbernstein,1112,0.7666666666666667
0.95,0.5,0.011475409836065644,target,exc_betting,1422,0.9733333333333334
0.95,0.5,0.011475409836065644,target,exceedance,1422,0.6566666666666666
0.95,0.5,0.011475409836065644,target,exc_empbernstein,1422,0.9066666666666666
0.95,0.5,0.011475409836065644,target,exc_betting,1817,0.9966666666666667
0.95,0.5,0.011475409836065644,target,exceedance,1817,0.8633333333333333
0.95,0.5,0.011475409836065644,target,exc_empbernstein,1817,0.98
0.95,0.5,0.011475409836065644,target,exc_betting,2322,1.0
0.95,0.5,0.011475409836065644,target,exceedance,2322,0.9733333333333334
0.95,0.5,0.011475409836065644,target,exc_empbernstein,2322,1.0
0.95,0.5,0.011475409836065644,target,exc_betting,2967,1.0
0.95,0.5,0.011475409836065644,target,exceedance,2967,1.0
0.95,0.5,0.011475409836065644,target,exc_empbernstein,2967,1.0
0.95,0.5,0.011475409836065644,target,exc_betting,3791,1.0
0.95,0.5,0.011475409836065644,target,exceedance,3791,1.0
0.95,0.5,0.011475409836065644,target,exc_empbernstein,3791,1.0
0.95,0.5,0.011475409836065644,target,exc_betting,4845,1.0
0.95,0.5,0.011475409836065644,target,exceedance,4845,1.0
0.95,0.5,0.011475409836065644,target,exc_empbernstein,4845,1.0
0.95,0.5,0.011475409836065644,target,exc_betting,6191,1.0
0.95,0.5,0.011475409836065644,target,exceedance,6191,1.0
0.95,0.5,0.011475409836065644,target,exc_empbernstein,6191,1.0
0.95,0.5,0.011475409836065644,target,exc_betting,7912,1.0
0.95,0.5,0.011475409836065644,target,exceedance,7912,1.0
0.95,0.5,0.011475409836065644,target,exc_empbernstein,7912,1.0
0.95,0.5,0.011475409836065644,target,exc_betting,10110,1.0
0.95,0.5,0.011475409836065644,target,exceedance,10110,1.0
0.95,0.5,0.011475409836065644,target,exc_empbernstein,10110,1.0
0.95,0.5,0.011475409836065644,target,exc_betting,12920,1.0
0.95,0.5,0.011475409836065644,target,exceedance,12920,1.0
0.95,0.5,0.011475409836065644,target,exc_empbernstein,12920,1.0
0.95,0.5,0.011475409836065644,target,exc_betting,16510,1.0
0.95,0.5,0.011475409836065644,target,exceedance,16510,1.0
0.95,0.5,0.011475409836065644,target,exc_empbernstein,16510,1.0
0.95,0.5,0.011475409836065644,target,exc_betting,21098,1.0
0.95,0.5,0.011475409836065644,target,exceedance,21098,1.0
0.95,0.5,0.011475409836065644,target,exc_empbernstein,21098,1.0
0.95,0.5,0.011475409836065644,target,exc_betting,26960,1.0
0.95,0.5,0.011475409836065644,target,exceedance,26960,1.0
0.95,0.5,0.011475409836065644,target,exc_empbernstein,26960,1.0
0.95,0.5,0.011475409836065644,target,exc_betting,34451,1.0
0.95,0.5,0.011475409836065644,target,exceedance,34451,1.0
0.95,0.5,0.011475409836065644,target,exc_empbernstein,34451,1.0
0.95,0.5,0.011475409836065644,target,exc_betting,44024,1.0
0.95,0.5,0.011475409836065644,target,exceedance,44024,1.0
0.95,0.5,0.011475409836065644,target,exc_empbernstein,44024,1.0
0.95,0.5,0.011475409836065644,target,exc_betting,56257,1.0
0.95,0.5,0.011475409836065644,target,exceedance,56257,1.0
0.95,0.5,0.011475409836065644,target,exc_empbernstein,56257,1.0
0.95,0.5,0.011475409836065644,target,exc_betting,71889,1.0
0.95,0.5,0.011475409836065644,target,exceedance,71889,1.0
0.95,0.5,0.011475409836065644,target,exc_empbernstein,71889,1.0
0.95,0.5,0.011475409836065644,target,exc_betting,91865,1.0
0.95,0.5,0.011475409836065644,target,exceedance,91865,1.0
0.95,0.5,0.011475409836065644,target,exc_empbernstein,91865,1.0
0.95,0.5,0.011475409836065644,target,exc_betting,117391,1.0
0.95,0.5,0.011475409836065644,target,exceedance,117391,1.0
0.95,0.5,0.011475409836065644,target,exc_empbernstein,117391,1.0
0.95,0.5,0.011475409836065644,target,exc_betting,150010,1.0
0.95,0.5,0.011475409836065644,target,exceedance,150010,1.0
0.95,0.5,0.011475409836065644,target,exc_empbernstein,150010,1.0
0.95,0.5,0.011475409836065644,target,exc_betting,191692,1.0
0.95,0.5,0.011475409836065644,target,exceedance,191692,1.0
0.95,0.5,0.011475409836065644,target,exc_empbernstein,191692,1.0
0.95,0.5,0.011475409836065644,target,exc_betting,244957,1.0
0.95,0.5,0.011475409836065644,target,exceedance,244957,1.0
0.95,0.5,0.011475409836065644,target,exc_empbernstein,244957,1.0
0.95,0.5,0.011475409836065644,target,exc_betting,313022,1.0
0.95,0.5,0.011475409836065644,target,exceedance,313022,1.0
0.95,0.5,0.011475409836065644,target,exc_empbernstein,313022,1.0
0.95,0.5,0.011475409836065644,target,exc_betting,400000,1.0
0.95,0.5,0.011475409836065644,target,exceedance,400000,1.0
0.95,0.5,0.011475409836065644,target,exc_empbernstein,400000,1.0
0.95,0.5,0.011475409836065644,uniform,exc_betting,200,0.0
0.95,0.5,0.011475409836065644,uniform,exceedance,200,0.0
0.95,0.5,0.011475409836065644,uniform,exc_empbernstein,200,0.0
0.95,0.5,0.011475409836065644,uniform,exc_betting,255,0.0
0.95,0.5,0.011475409836065644,uniform,exceedance,255,0.0
0.95,0.5,0.011475409836065644,uniform,exc_empbernstein,255,0.0
0.95,0.5,0.011475409836065644,uniform,exc_betting,326,0.0
0.95,0.5,0.011475409836065644,uniform,exceedance,326,0.0
0.95,0.5,0.011475409836065644,uniform,exc_empbernstein,326,0.0
0.95,0.5,0.011475409836065644,uniform,exc_betting,417,0.0
0.95,0.5,0.011475409836065644,uniform,exceedance,417,0.0
0.95,0.5,0.011475409836065644,uniform,exc_empbernstein,417,0.0
0.95,0.5,0.011475409836065644,uniform,exc_betting,533,0.0
0.95,0.5,0.011475409836065644,uniform,exceedance,533,0.0
0.95,0.5,0.011475409836065644,uniform,exc_empbernstein,533,0.0
0.95,0.5,0.011475409836065644,uniform,exc_betting,681,0.0
0.95,0.5,0.011475409836065644,uniform,exceedance,681,0.0
0.95,0.5,0.011475409836065644,uniform,exc_empbernstein,681,0.0
0.95,0.5,0.011475409836065644,uniform,exc_betting,870,0.0
0.95,0.5,0.011475409836065644,uniform,exceedance,870,0.0
0.95,0.5,0.011475409836065644,uniform,exc_empbernstein,870,0.0
0.95,0.5,0.011475409836065644,uniform,exc_betting,1112,0.043333333333333335
0.95,0.5,0.011475409836065644,uniform,exceedance,1112,0.0
0.95,0.5,0.011475409836065644,uniform,exc_empbernstein,1112,0.0
0.95,0.5,0.011475409836065644,uniform,exc_betting,1422,0.23666666666666666
0.95,0.5,0.011475409836065644,uniform,exceedance,1422,0.0
0.95,0.5,0.011475409836065644,uniform,exc_empbernstein,1422,0.006666666666666667
0.95,0.5,0.011475409836065644,uniform,exc_betting,1817,0.33666666666666667
0.95,0.5,0.011475409836065644,uniform,exceedance,1817,0.0
0.95,0.5,0.011475409836065644,uniform,exc_empbernstein,1817,0.0033333333333333335
0.95,0.5,0.011475409836065644,uniform,exc_betting,2322,0.5266666666666666
0.95,0.5,0.011475409836065644,uniform,exceedance,2322,0.0
0.95,0.5,0.011475409836065644,uniform,exc_empbernstein,2322,0.03333333333333333
0.95,0.5,0.011475409836065644,uniform,exc_betting,2967,0.6133333333333333
0.95,0.5,0.011475409836065644,uniform,exceedance,2967,0.0
0.95,0.5,0.011475409836065644,uniform,exc_empbernstein,2967,0.09
0.95,0.5,0.011475409836065644,uniform,exc_betting,3791,0.7433333333333333
0.95,0.5,0.011475409836065644,uniform,exceedance,3791,0.02
0.95,0.5,0.011475409836065644,uniform,exc_empbernstein,3791,0.16333333333333333
0.95,0.5,0.011475409836065644,uniform,exc_betting,4845,0.84
0.95,0.5,0.011475409836065644,uniform,exceedance,4845,0.09333333333333334
0.95,0.5,0.011475409836065644,uniform,exc_empbernstein,4845,0.4066666666666667
0.95,0.5,0.011475409836065644,uniform,exc_betting,6191,0.9333333333333333
0.95,0.5,0.011475409836065644,uniform,exceedance,6191,0.24666666666666667
0.95,0.5,0.011475409836065644,uniform,exc_empbernstein,6191,0.67
0.95,0.5,0.011475409836065644,uniform,exc_betting,7912,0.9733333333333334
0.95,0.5,0.011475409836065644,uniform,exceedance,7912,0.5033333333333333
0.95,0.5,0.011475409836065644,uniform,exc_empbernstein,7912,0.87
0.95,0.5,0.011475409836065644,uniform,exc_betting,10110,1.0
0.95,0.5,0.011475409836065644,uniform,exceedance,10110,0.7866666666666666
0.95,0.5,0.011475409836065644,uniform,exc_empbernstein,10110,0.98
0.95,0.5,0.011475409836065644,uniform,exc_betting,12920,1.0
0.95,0.5,0.011475409836065644,uniform,exceedance,12920,0.9633333333333334
0.95,0.5,0.011475409836065644,uniform,exc_empbernstein,12920,0.9966666666666667
0.95,0.5,0.011475409836065644,uniform,exc_betting,16510,1.0
0.95,0.5,0.011475409836065644,uniform,exceedance,16510,0.99
0.95,0.5,0.011475409836065644,uniform,exc_empbernstein,16510,1.0
0.95,0.5,0.011475409836065644,uniform,exc_betting,21098,1.0
0.95,0.5,0.011475409836065644,uniform,exceedance,21098,1.0
0.95,0.5,0.011475409836065644,uniform,exc_empbernstein,21098,1.0
0.95,0.5,0.011475409836065644,uniform,exc_betting,26960,1.0
0.95,0.5,0.011475409836065644,uniform,exceedance,26960,1.0
0.95,0.5,0.011475409836065644,uniform,exc_empbernstein,26960,1.0
0.95,0.5,0.011475409836065644,uniform,exc_betting,34451,1.0
0.95,0.5,0.011475409836065644,uniform,exceedance,34451,1.0
0.95,0.5,0.011475409836065644,uniform,exc_empbernstein,34451,1.0
0.95,0.5,0.011475409836065644,uniform,exc_betting,44024,1.0
0.95,0.5,0.011475409836065644,uniform,exceedance,44024,1.0
0.95,0.5,0.011475409836065644,uniform,exc_empbernstein,44024,1.0
0.95,0.5,0.011475409836065644,uniform,exc_betting,56257,1.0
0.95,0.5,0.011475409836065644,uniform,exceedance,56257,1.0
0.95,0.5,0.011475409836065644,uniform,exc_empbernstein,56257,1.0
0.95,0.5,0.011475409836065644,uniform,exc_betting,71889,1.0
0.95,0.5,0.011475409836065644,uniform,exceedance,71889,1.0
0.95,0.5,0.011475409836065644,uniform,exc_empbernstein,71889,1.0
0.95,0.5,0.011475409836065644,uniform,exc_betting,91865,1.0
0.95,0.5,0.011475409836065644,uniform,exceedance,91865,1.0
0.95,0.5,0.011475409836065644,uniform,exc_empbernstein,91865,1.0
0.95,0.5,0.011475409836065644,uniform,exc_betting,117391,1.0
0.95,0.5,0.011475409836065644,uniform,exceedance,117391,1.0
0.95,0.5,0.011475409836065644,uniform,exc_empbernstein,117391,1.0
0.95,0.5,0.011475409836065644,uniform,exc_betting,150010,1.0
0.95,0.5,0.011475409836065644,uniform,exceedance,150010,1.0
0.95,0.5,0.011475409836065644,uniform,exc_empbernstein,150010,1.0
0.95,0.5,0.011475409836065644,uniform,exc_betting,191692,1.0
0.95,0.5,0.011475409836065644,uniform,exceedance,191692,1.0
0.95,0.5,0.011475409836065644,uniform,exc_empbernstein,191692,1.0
0.95,0.5,0.011475409836065644,uniform,exc_betting,244957,1.0
0.95,0.5,0.011475409836065644,uniform,exceedance,244957,1.0
0.95,0.5,0.011475409836065644,uniform,exc_empbernstein,244957,1.0
0.95,0.5,0.011475409836065644,uniform,exc_betting,313022,1.0
0.95,0.5,0.011475409836065644,uniform,exceedance,313022,1.0
0.95,0.5,0.011475409836065644,uniform,exc_empbernstein,313022,1.0
0.95,0.5,0.011475409836065644,uniform,exc_betting,400000,1.0
0.95,0.5,0.011475409836065644,uniform,exceedance,400000,1.0
0.95,0.5,0.011475409836065644,uniform,exc_empbernstein,400000,1.0
0.95,0.5,0.011475409836065644,tail-aware,exc_betting,200,0.03333333333333333
0.95,0.5,0.011475409836065644,tail-aware,exceedance,200,0.0
0.95,0.5,0.011475409836065644,tail-aware,exc_empbernstein,200,0.0
0.95,0.5,0.011475409836065644,tail-aware,exc_betting,255,0.14
0.95,0.5,0.011475409836065644,tail-aware,exceedance,255,0.0
0.95,0.5,0.011475409836065644,tail-aware,exc_empbernstein,255,0.0
0.95,0.5,0.011475409836065644,tail-aware,exc_betting,326,0.2966666666666667
0.95,0.5,0.011475409836065644,tail-aware,exceedance,326,0.0
0.95,0.5,0.011475409836065644,tail-aware,exc_empbernstein,326,0.016666666666666666
0.95,0.5,0.011475409836065644,tail-aware,exc_betting,417,0.47
0.95,0.5,0.011475409836065644,tail-aware,exceedance,417,0.0
0.95,0.5,0.011475409836065644,tail-aware,exc_empbernstein,417,0.02666666666666667
0.95,0.5,0.011475409836065644,tail-aware,exc_betting,533,0.6566666666666666
0.95,0.5,0.011475409836065644,tail-aware,exceedance,533,0.0033333333333333335
0.95,0.5,0.011475409836065644,tail-aware,exc_empbernstein,533,0.08333333333333333
0.95,0.5,0.011475409836065644,tail-aware,exc_betting,681,0.7433333333333333
0.95,0.5,0.011475409836065644,tail-aware,exceedance,681,0.03
0.95,0.5,0.011475409836065644,tail-aware,exc_empbernstein,681,0.18666666666666668
0.95,0.5,0.011475409836065644,tail-aware,exc_betting,870,0.8966666666666666
0.95,0.5,0.011475409836065644,tail-aware,exceedance,870,0.1
0.95,0.5,0.011475409836065644,tail-aware,exc_empbernstein,870,0.4033333333333333
0.95,0.5,0.011475409836065644,tail-aware,exc_betting,1112,0.9533333333333334
0.95,0.5,0.011475409836065644,tail-aware,exceedance,1112,0.24333333333333335
0.95,0.5,0.011475409836065644,tail-aware,exc_empbernstein,1112,0.6566666666666666
0.95,0.5,0.011475409836065644,tail-aware,exc_betting,1422,0.9833333333333333
0.95,0.5,0.011475409836065644,tail-aware,exceedance,1422,0.5533333333333333
0.95,0.5,0.011475409836065644,tail-aware,exc_empbernstein,1422,0.9066666666666666
0.95,0.5,0.011475409836065644,tail-aware,exc_betting,1817,0.9966666666666667
0.95,0.5,0.011475409836065644,tail-aware,exceedance,1817,0.7866666666666666
0.95,0.5,0.011475409836065644,tail-aware,exc_empbernstein,1817,0.98
0.95,0.5,0.011475409836065644,tail-aware,exc_betting,2322,1.0
0.95,0.5,0.011475409836065644,tail-aware,exceedance,2322,0.9466666666666667
0.95,0.5,0.011475409836065644,tail-aware,exc_empbernstein,2322,1.0
0.95,0.5,0.011475409836065644,tail-aware,exc_betting,2967,1.0
0.95,0.5,0.011475409836065644,tail-aware,exceedance,2967,1.0
0.95,0.5,0.011475409836065644,tail-aware,exc_empbernstein,2967,1.0
0.95,0.5,0.011475409836065644,tail-aware,exc_betting,3791,1.0
0.95,0.5,0.011475409836065644,tail-aware,exceedance,3791,1.0
0.95,0.5,0.011475409836065644,tail-aware,exc_empbernstein,3791,1.0
0.95,0.5,0.011475409836065644,tail-aware,exc_betting,4845,1.0
0.95,0.5,0.011475409836065644,tail-aware,exceedance,4845,1.0
0.95,0.5,0.011475409836065644,tail-aware,exc_empbernstein,4845,1.0
0.95,0.5,0.011475409836065644,tail-aware,exc_betting,6191,1.0
0.95,0.5,0.011475409836065644,tail-aware,exceedance,6191,1.0
0.95,0.5,0.011475409836065644,tail-aware,exc_empbernstein,6191,1.0
0.95,0.5,0.011475409836065644,tail-aware,exc_betting,7912,1.0
0.95,0.5,0.011475409836065644,tail-aware,exceedance,7912,1.0
0.95,0.5,0.011475409836065644,tail-aware,exc_empbernstein,7912,1.0
0.95,0.5,0.011475409836065644,tail-aware,exc_betting,10110,1.0
0.95,0.5,0.011475409836065644,tail-aware,exceedance,10110,1.0
0.95,0.5,0.011475409836065644,tail-aware,exc_empbernstein,10110,1.0
0.95,0.5,0.011475409836065644,tail-aware,exc_betting,12920,1.0
0.95,0.5,0.011475409836065644,tail-aware,exceedance,12920,1.0
0.95,0.5,0.011475409836065644,tail-aware,exc_empbernstein,12920,1.0
0.95,0.5,0.011475409836065644,tail-aware,exc_betting,16510,1.0
0.95,0.5,0.011475409836065644,tail-aware,exceedance,16510,1.0
0.95,0.5,0.011475409836065644,tail-aware,exc_empbernstein,16510,1.0
0.95,0.5,0.011475409836065644,tail-aware,exc_betting,21098,1.0
0.95,0.5,0.011475409836065644,tail-aware,exceedance,21098,1.0
0.95,0.5,0.011475409836065644,tail-aware,exc_empbernstein,21098,1.0
0.95,0.5,0.011475409836065644,tail-aware,exc_betting,26960,1.0
0.95,0.5,0.011475409836065644,tail-aware,exceedance,26960,1.0
0.95,0.5,0.011475409836065644,tail-aware,exc_empbernstein,26960,1.0
0.95,0.5,0.011475409836065644,tail-aware,exc_betting,34451,1.0
0.95,0.5,0.011475409836065644,tail-aware,exceedance,34451,1.0
0.95,0.5,0.011475409836065644,tail-aware,exc_empbernstein,34451,1.0
0.95,0.5,0.011475409836065644,tail-aware,exc_betting,44024,1.0
0.95,0.5,0.011475409836065644,tail-aware,exceedance,44024,1.0
0.95,0.5,0.011475409836065644,tail-aware,exc_empbernstein,44024,1.0
0.95,0.5,0.011475409836065644,tail-aware,exc_betting,56257,1.0
0.95,0.5,0.011475409836065644,tail-aware,exceedance,56257,1.0
0.95,0.5,0.011475409836065644,tail-aware,exc_empbernstein,56257,1.0
0.95,0.5,0.011475409836065644,tail-aware,exc_betting,71889,1.0
0.95,0.5,0.011475409836065644,tail-aware,exceedance,71889,1.0
0.95,0.5,0.011475409836065644,tail-aware,exc_empbernstein,71889,1.0
0.95,0.5,0.011475409836065644,tail-aware,exc_betting,91865,1.0
0.95,0.5,0.011475409836065644,tail-aware,exceedance,91865,1.0
0.95,0.5,0.011475409836065644,tail-aware,exc_empbernstein,91865,1.0
0.95,0.5,0.011475409836065644,tail-aware,exc_betting,117391,1.0
0.95,0.5,0.011475409836065644,tail-aware,exceedance,117391,1.0
0.95,0.5,0.011475409836065644,tail-aware,exc_empbernstein,117391,1.0
0.95,0.5,0.011475409836065644,tail-aware,exc_betting,150010,1.0
0.95,0.5,0.011475409836065644,tail-aware,exceedance,150010,1.0
0.95,0.5,0.011475409836065644,tail-aware,exc_empbernstein,150010,1.0
0.95,0.5,0.011475409836065644,tail-aware,exc_betting,191692,1.0
0.95,0.5,0.011475409836065644,tail-aware,exceedance,191692,1.0
0.95,0.5,0.011475409836065644,tail-aware,exc_empbernstein,191692,1.0
0.95,0.5,0.011475409836065644,tail-aware,exc_betting,244957,1.0
0.95,0.5,0.011475409836065644,tail-aware,exceedance,244957,1.0
0.95,0.5,0.011475409836065644,tail-aware,exc_empbernstein,244957,1.0
0.95,0.5,0.011475409836065644,tail-aware,exc_betting,313022,1.0
0.95,0.5,0.011475409836065644,tail-aware,exceedance,313022,1.0
0.95,0.5,0.011475409836065644,tail-aware,exc_empbernstein,313022,1.0
0.95,0.5,0.011475409836065644,tail-aware,exc_betting,400000,1.0
0.95,0.5,0.011475409836065644,tail-aware,exceedance,400000,1.0
0.95,0.5,0.011475409836065644,tail-aware,exc_empbernstein,400000,1.0
0.95,0.3,0.04360655737704928,target,exc_betting,200,0.016666666666666666
0.95,0.3,0.04360655737704928,target,exceedance,200,0.0
0.95,0.3,0.04360655737704928,target,exc_empbernstein,200,0.0
0.95,0.3,0.04360655737704928,target,exc_betting,255,0.04666666666666667
0.95,0.3,0.04360655737704928,target,exceedance,255,0.0
0.95,0.3,0.04360655737704928,target,exc_empbernstein,255,0.0
0.95,0.3,0.04360655737704928,target,exc_betting,326,0.08333333333333333
0.95,0.3,0.04360655737704928,target,exceedance,326,0.0
0.95,0.3,0.04360655737704928,target,exc_empbernstein,326,0.0033333333333333335
0.95,0.3,0.04360655737704928,target,exc_betting,417,0.11
0.95,0.3,0.04360655737704928,target,exceedance,417,0.0
0.95,0.3,0.04360655737704928,target,exc_empbernstein,417,0.0
0.95,0.3,0.04360655737704928,target,exc_betting,533,0.18333333333333332
0.95,0.3,0.04360655737704928,target,exceedance,533,0.0
0.95,0.3,0.04360655737704928,target,exc_empbernstein,533,0.0033333333333333335
0.95,0.3,0.04360655737704928,target,exc_betting,681,0.24
0.95,0.3,0.04360655737704928,target,exceedance,681,0.0
0.95,0.3,0.04360655737704928,target,exc_empbernstein,681,0.016666666666666666
0.95,0.3,0.04360655737704928,target,exc_betting,870,0.30333333333333334
0.95,0.3,0.04360655737704928,target,exceedance,870,0.006666666666666667
0.95,0.3,0.04360655737704928,target,exc_empbernstein,870,0.04666666666666667
0.95,0.3,0.04360655737704928,target,exc_betting,1112,0.35333333333333333
0.95,0.3,0.04360655737704928,target,exceedance,1112,0.016666666666666666
0.95,0.3,0.04360655737704928,target,exc_empbernstein,1112,0.11333333333333333
0.95,0.3,0.04360655737704928,target,exc_betting,1422,0.43666666666666665
0.95,0.3,0.04360655737704928,target,exceedance,1422,0.03666666666666667
0.95,0.3,0.04360655737704928,target,exc_empbernstein,1422,0.18666666666666668
0.95,0.3,0.04360655737704928,target,exc_betting,1817,0.5766666666666667
0.95,0.3,0.04360655737704928,target,exceedance,1817,0.11666666666666667
0.95,0.3,0.04360655737704928,target,exc_empbernstein,1817,0.3233333333333333
0.95,0.3,0.04360655737704928,target,exc_betting,2322,0.7366666666666667
0.95,0.3,0.04360655737704928,target,exceedance,2322,0.18666666666666668
0.95,0.3,0.04360655737704928,target,exc_empbernstein,2322,0.5166666666666667
0.95,0.3,0.04360655737704928,target,exc_betting,2967,0.8633333333333333
0.95,0.3,0.04360655737704928,target,exceedance,2967,0.37666666666666665
0.95,0.3,0.04360655737704928,target,exc_empbernstein,2967,0.7833333333333333
0.95,0.3,0.04360655737704928,target,exc_betting,3791,0.96
0.95,0.3,0.04360655737704928,target,exceedance,3791,0.5833333333333334
0.95,0.3,0.04360655737704928,target,exc_empbernstein,3791,0.9133333333333333
0.95,0.3,0.04360655737704928,target,exc_betting,4845,0.99
0.95,0.3,0.04360655737704928,target,exceedance,4845,0.82
0.95,0.3,0.04360655737704928,target,exc_empbernstein,4845,0.99
0.95,0.3,0.04360655737704928,target,exc_betting,6191,0.9966666666666667
0.95,0.3,0.04360655737704928,target,exceedance,6191,0.93
0.95,0.3,0.04360655737704928,target,exc_empbernstein,6191,0.9966666666666667
0.95,0.3,0.04360655737704928,target,exc_betting,7912,1.0
0.95,0.3,0.04360655737704928,target,exceedance,7912,0.9933333333333333
0.95,0.3,0.04360655737704928,target,exc_empbernstein,7912,1.0
0.95,0.3,0.04360655737704928,target,exc_betting,10110,1.0
0.95,0.3,0.04360655737704928,target,exceedance,10110,1.0
0.95,0.3,0.04360655737704928,target,exc_empbernstein,10110,1.0
0.95,0.3,0.04360655737704928,target,exc_betting,12920,1.0
0.95,0.3,0.04360655737704928,target,exceedance,12920,1.0
0.95,0.3,0.04360655737704928,target,exc_empbernstein,12920,1.0
0.95,0.3,0.04360655737704928,target,exc_betting,16510,1.0
0.95,0.3,0.04360655737704928,target,exceedance,16510,1.0
0.95,0.3,0.04360655737704928,target,exc_empbernstein,16510,1.0
0.95,0.3,0.04360655737704928,target,exc_betting,21098,1.0
0.95,0.3,0.04360655737704928,target,exceedance,21098,1.0
0.95,0.3,0.04360655737704928,target,exc_empbernstein,21098,1.0
0.95,0.3,0.04360655737704928,target,exc_betting,26960,1.0
0.95,0.3,0.04360655737704928,target,exceedance,26960,1.0
0.95,0.3,0.04360655737704928,target,exc_empbernstein,26960,1.0
0.95,0.3,0.04360655737704928,target,exc_betting,34451,1.0
0.95,0.3,0.04360655737704928,target,exceedance,34451,1.0
0.95,0.3,0.04360655737704928,target,exc_empbernstein,34451,1.0
0.95,0.3,0.04360655737704928,target,exc_betting,44024,1.0
0.95,0.3,0.04360655737704928,target,exceedance,44024,1.0
0.95,0.3,0.04360655737704928,target,exc_empbernstein,44024,1.0
0.95,0.3,0.04360655737704928,target,exc_betting,56257,1.0
0.95,0.3,0.04360655737704928,target,exceedance,56257,1.0
0.95,0.3,0.04360655737704928,target,exc_empbernstein,56257,1.0
0.95,0.3,0.04360655737704928,target,exc_betting,71889,1.0
0.95,0.3,0.04360655737704928,target,exceedance,71889,1.0
0.95,0.3,0.04360655737704928,target,exc_empbernstein,71889,1.0
0.95,0.3,0.04360655737704928,target,exc_betting,91865,1.0
0.95,0.3,0.04360655737704928,target,exceedance,91865,1.0
0.95,0.3,0.04360655737704928,target,exc_empbernstein,91865,1.0
0.95,0.3,0.04360655737704928,target,exc_betting,117391,1.0
0.95,0.3,0.04360655737704928,target,exceedance,117391,1.0
0.95,0.3,0.04360655737704928,target,exc_empbernstein,117391,1.0
0.95,0.3,0.04360655737704928,target,exc_betting,150010,1.0
0.95,0.3,0.04360655737704928,target,exceedance,150010,1.0
0.95,0.3,0.04360655737704928,target,exc_empbernstein,150010,1.0
0.95,0.3,0.04360655737704928,target,exc_betting,191692,1.0
0.95,0.3,0.04360655737704928,target,exceedance,191692,1.0
0.95,0.3,0.04360655737704928,target,exc_empbernstein,191692,1.0
0.95,0.3,0.04360655737704928,target,exc_betting,244957,1.0
0.95,0.3,0.04360655737704928,target,exceedance,244957,1.0
0.95,0.3,0.04360655737704928,target,exc_empbernstein,244957,1.0
0.95,0.3,0.04360655737704928,target,exc_betting,313022,1.0
0.95,0.3,0.04360655737704928,target,exceedance,313022,1.0
0.95,0.3,0.04360655737704928,target,exc_empbernstein,313022,1.0
0.95,0.3,0.04360655737704928,target,exc_betting,400000,1.0
0.95,0.3,0.04360655737704928,target,exceedance,400000,1.0
0.95,0.3,0.04360655737704928,target,exc_empbernstein,400000,1.0
0.95,0.3,0.04360655737704928,uniform,exc_betting,200,0.0
0.95,0.3,0.04360655737704928,uniform,exceedance,200,0.0
0.95,0.3,0.04360655737704928,uniform,exc_empbernstein,200,0.0
0.95,0.3,0.04360655737704928,uniform,exc_betting,255,0.0
0.95,0.3,0.04360655737704928,uniform,exceedance,255,0.0
0.95,0.3,0.04360655737704928,uniform,exc_empbernstein,255,0.0
0.95,0.3,0.04360655737704928,uniform,exc_betting,326,0.0
0.95,0.3,0.04360655737704928,uniform,exceedance,326,0.0
0.95,0.3,0.04360655737704928,uniform,exc_empbernstein,326,0.0
0.95,0.3,0.04360655737704928,uniform,exc_betting,417,0.0
0.95,0.3,0.04360655737704928,uniform,exceedance,417,0.0
0.95,0.3,0.04360655737704928,uniform,exc_empbernstein,417,0.0
0.95,0.3,0.04360655737704928,uniform,exc_betting,533,0.0
0.95,0.3,0.04360655737704928,uniform,exceedance,533,0.0
0.95,0.3,0.04360655737704928,uniform,exc_empbernstein,533,0.0
0.95,0.3,0.04360655737704928,uniform,exc_betting,681,0.0
0.95,0.3,0.04360655737704928,uniform,exceedance,681,0.0
0.95,0.3,0.04360655737704928,uniform,exc_empbernstein,681,0.0
0.95,0.3,0.04360655737704928,uniform,exc_betting,870,0.0
0.95,0.3,0.04360655737704928,uniform,exceedance,870,0.0
0.95,0.3,0.04360655737704928,uniform,exc_empbernstein,870,0.0
0.95,0.3,0.04360655737704928,uniform,exc_betting,1112,0.0033333333333333335
0.95,0.3,0.04360655737704928,uniform,exceedance,1112,0.0
0.95,0.3,0.04360655737704928,uniform,exc_empbernstein,1112,0.0
0.95,0.3,0.04360655737704928,uniform,exc_betting,1422,0.043333333333333335
0.95,0.3,0.04360655737704928,uniform,exceedance,1422,0.0
0.95,0.3,0.04360655737704928,uniform,exc_empbernstein,1422,0.0
0.95,0.3,0.04360655737704928,uniform,exc_betting,1817,0.09666666666666666
0.95,0.3,0.04360655737704928,uniform,exceedance,1817,0.0
0.95,0.3,0.04360655737704928,uniform,exc_empbernstein,1817,0.0
0.95,0.3,0.04360655737704928,uniform,exc_betting,2322,0.14
0.95,0.3,0.04360655737704928,uniform,exceedance,2322,0.0
0.95,0.3,0.04360655737704928,uniform,exc_empbernstein,2322,0.006666666666666667
0.95,0.3,0.04360655737704928,uniform,exc_betting,2967,0.23666666666666666
0.95,0.3,0.04360655737704928,uniform,exceedance,2967,0.0
0.95,0.3,0.04360655737704928,uniform,exc_empbernstein,2967,0.0033333333333333335
0.95,0.3,0.04360655737704928,uniform,exc_betting,3791,0.31
0.95,0.3,0.04360655737704928,uniform,exceedance,3791,0.0
0.95,0.3,0.04360655737704928,uniform,exc_empbernstein,3791,0.02
0.95,0.3,0.04360655737704928,uniform,exc_betting,4845,0.41333333333333333
0.95,0.3,0.04360655737704928,uniform,exceedance,4845,0.0
0.95,0.3,0.04360655737704928,uniform,exc_empbernstein,4845,0.05333333333333334
0.95,0.3,0.04360655737704928,uniform,exc_betting,6191,0.5333333333333333
0.95,0.3,0.04360655737704928,uniform,exceedance,6191,0.0
0.95,0.3,0.04360655737704928,uniform,exc_empbernstein,6191,0.14333333333333334
0.95,0.3,0.04360655737704928,uniform,exc_betting,7912,0.62
0.95,0.3,0.04360655737704928,uniform,exceedance,7912,0.0033333333333333335
0.95,0.3,0.04360655737704928,uniform,exc_empbernstein,7912,0.23
0.95,0.3,0.04360655737704928,uniform,exc_betting,10110,0.75
0.95,0.3,0.04360655737704928,uniform,exceedance,10110,0.03
0.95,0.3,0.04360655737704928,uniform,exc_empbernstein,10110,0.43333333333333335
0.95,0.3,0.04360655737704928,uniform,exc_betting,12920,0.8533333333333334
0.95,0.3,0.04360655737704928,uniform,exceedance,12920,0.09
0.95,0.3,0.04360655737704928,uniform,exc_empbernstein,12920,0.6566666666666666
0.95,0.3,0.04360655737704928,uniform,exc_betting,16510,0.9433333333333334
0.95,0.3,0.04360655737704928,uniform,exceedance,16510,0.22666666666666666
0.95,0.3,0.04360655737704928,uniform,exc_empbernstein,16510,0.8633333333333333
0.95,0.3,0.04360655737704928,uniform,exc_betting,21098,0.9733333333333334
0.95,0.3,0.04360655737704928,uniform,exceedance,21098,0.4866666666666667
0.95,0.3,0.04360655737704928,uniform,exc_empbernstein,21098,0.96
0.95,0.3,0.04360655737704928,uniform,exc_betting,26960,1.0
0.95,0.3,0.04360655737704928,uniform,exceedance,26960,0.7433333333333333
0.95,0.3,0.04360655737704928,uniform,exc_empbernstein,26960,0.9966666666666667
0.95,0.3,0.04360655737704928,uniform,exc_betting,34451,1.0
0.95,0.3,0.04360655737704928,uniform,exceedance,34451,0.94
0.95,0.3,0.04360655737704928,uniform,exc_empbernstein,34451,1.0
0.95,0.3,0.04360655737704928,uniform,exc_betting,44024,1.0
0.95,0.3,0.04360655737704928,uniform,exceedance,44024,0.9966666666666667
0.95,0.3,0.04360655737704928,uniform,exc_empbernstein,44024,1.0
0.95,0.3,0.04360655737704928,uniform,exc_betting,56257,1.0
0.95,0.3,0.04360655737704928,uniform,exceedance,56257,1.0
0.95,0.3,0.04360655737704928,uniform,exc_empbernstein,56257,1.0
0.95,0.3,0.04360655737704928,uniform,exc_betting,71889,1.0
0.95,0.3,0.04360655737704928,uniform,exceedance,71889,1.0
0.95,0.3,0.04360655737704928,uniform,exc_empbernstein,71889,1.0
0.95,0.3,0.04360655737704928,uniform,exc_betting,91865,1.0
0.95,0.3,0.04360655737704928,uniform,exceedance,91865,1.0
0.95,0.3,0.04360655737704928,uniform,exc_empbernstein,91865,1.0
0.95,0.3,0.04360655737704928,uniform,exc_betting,117391,1.0
0.95,0.3,0.04360655737704928,uniform,exceedance,117391,1.0
0.95,0.3,0.04360655737704928,uniform,exc_empbernstein,117391,1.0
0.95,0.3,0.04360655737704928,uniform,exc_betting,150010,1.0
0.95,0.3,0.04360655737704928,uniform,exceedance,150010,1.0
0.95,0.3,0.04360655737704928,uniform,exc_empbernstein,150010,1.0
0.95,0.3,0.04360655737704928,uniform,exc_betting,191692,1.0
0.95,0.3,0.04360655737704928,uniform,exceedance,191692,1.0
0.95,0.3,0.04360655737704928,uniform,exc_empbernstein,191692,1.0
0.95,0.3,0.04360655737704928,uniform,exc_betting,244957,1.0
0.95,0.3,0.04360655737704928,uniform,exceedance,244957,1.0
0.95,0.3,0.04360655737704928,uniform,exc_empbernstein,244957,1.0
0.95,0.3,0.04360655737704928,uniform,exc_betting,313022,1.0
0.95,0.3,0.04360655737704928,uniform,exceedance,313022,1.0
0.95,0.3,0.04360655737704928,uniform,exc_empbernstein,313022,1.0
0.95,0.3,0.04360655737704928,uniform,exc_betting,400000,1.0
0.95,0.3,0.04360655737704928,uniform,exceedance,400000,1.0
0.95,0.3,0.04360655737704928,uniform,exc_empbernstein,400000,1.0
0.95,0.3,0.04360655737704928,tail-aware,exc_betting,200,0.0
0.95,0.3,0.04360655737704928,tail-aware,exceedance,200,0.0
0.95,0.3,0.04360655737704928,tail-aware,exc_empbernstein,200,0.0
0.95,0.3,0.04360655737704928,tail-aware,exc_betting,255,0.0
0.95,0.3,0.04360655737704928,tail-aware,exceedance,255,0.0
0.95,0.3,0.04360655737704928,tail-aware,exc_empbernstein,255,0.0
0.95,0.3,0.04360655737704928,tail-aware,exc_betting,326,0.016666666666666666
0.95,0.3,0.04360655737704928,tail-aware,exceedance,326,0.0
0.95,0.3,0.04360655737704928,tail-aware,exc_empbernstein,326,0.0
0.95,0.3,0.04360655737704928,tail-aware,exc_betting,417,0.04
0.95,0.3,0.04360655737704928,tail-aware,exceedance,417,0.0
0.95,0.3,0.04360655737704928,tail-aware,exc_empbernstein,417,0.0
0.95,0.3,0.04360655737704928,tail-aware,exc_betting,533,0.12333333333333334
0.95,0.3,0.04360655737704928,tail-aware,exceedance,533,0.0
0.95,0.3,0.04360655737704928,tail-aware,exc_empbernstein,533,0.0
0.95,0.3,0.04360655737704928,tail-aware,exc_betting,681,0.18666666666666668
0.95,0.3,0.04360655737704928,tail-aware,exceedance,681,0.0
0.95,0.3,0.04360655737704928,tail-aware,exc_empbernstein,681,0.0033333333333333335
0.95,0.3,0.04360655737704928,tail-aware,exc_betting,870,0.30666666666666664
0.95,0.3,0.04360655737704928,tail-aware,exceedance,870,0.0
0.95,0.3,0.04360655737704928,tail-aware,exc_empbernstein,870,0.013333333333333334
0.95,0.3,0.04360655737704928,tail-aware,exc_betting,1112,0.4766666666666667
0.95,0.3,0.04360655737704928,tail-aware,exceedance,1112,0.0033333333333333335
0.95,0.3,0.04360655737704928,tail-aware,exc_empbernstein,1112,0.03333333333333333
0.95,0.3,0.04360655737704928,tail-aware,exc_betting,1422,0.5933333333333334
0.95,0.3,0.04360655737704928,tail-aware,exceedance,1422,0.0
0.95,0.3,0.04360655737704928,tail-aware,exc_empbernstein,1422,0.08333333333333333
0.95,0.3,0.04360655737704928,tail-aware,exc_betting,1817,0.71
0.95,0.3,0.04360655737704928,tail-aware,exceedance,1817,0.006666666666666667
0.95,0.3,0.04360655737704928,tail-aware,exc_empbernstein,1817,0.22666666666666666
0.95,0.3,0.04360655737704928,tail-aware,exc_betting,2322,0.8366666666666667
0.95,0.3,0.04360655737704928,tail-aware,exceedance,2322,0.016666666666666666
0.95,0.3,0.04360655737704928,tail-aware,exc_empbernstein,2322,0.5266666666666666
0.95,0.3,0.04360655737704928,tail-aware,exc_betting,2967,0.9466666666666667
0.95,0.3,0.04360655737704928,tail-aware,exceedance,2967,0.06333333333333334
0.95,0.3,0.04360655737704928,tail-aware,exc_empbernstein,2967,0.7433333333333333
0.95,0.3,0.04360655737704928,tail-aware,exc_betting,3791,0.97
0.95,0.3,0.04360655737704928,tail-aware,exceedance,3791,0.17666666666666667
0.95,0.3,0.04360655737704928,tail-aware,exc_empbernstein,3791,0.8866666666666667
0.95,0.3,0.04360655737704928,tail-aware,exc_betting,4845,0.9966666666666667
0.95,0.3,0.04360655737704928,tail-aware,exceedance,4845,0.38666666666666666
0.95,0.3,0.04360655737704928,tail-aware,exc_empbernstein,4845,0.9766666666666667
0.95,0.3,0.04360655737704928,tail-aware,exc_betting,6191,1.0
0.95,0.3,0.04360655737704928,tail-aware,exceedance,6191,0.7366666666666667
0.95,0.3,0.04360655737704928,tail-aware,exc_empbernstein,6191,0.9966666666666667
0.95,0.3,0.04360655737704928,tail-aware,exc_betting,7912,1.0
0.95,0.3,0.04360655737704928,tail-aware,exceedance,7912,0.9266666666666666
0.95,0.3,0.04360655737704928,tail-aware,exc_empbernstein,7912,1.0
0.95,0.3,0.04360655737704928,tail-aware,exc_betting,10110,1.0
0.95,0.3,0.04360655737704928,tail-aware,exceedance,10110,1.0
0.95,0.3,0.04360655737704928,tail-aware,exc_empbernstein,10110,1.0
0.95,0.3,0.04360655737704928,tail-aware,exc_betting,12920,1.0
0.95,0.3,0.04360655737704928,tail-aware,exceedance,12920,0.9966666666666667
0.95,0.3,0.04360655737704928,tail-aware,exc_empbernstein,12920,1.0
0.95,0.3,0.04360655737704928,tail-aware,exc_betting,16510,1.0
0.95,0.3,0.04360655737704928,tail-aware,exceedance,16510,1.0
0.95,0.3,0.04360655737704928,tail-aware,exc_empbernstein,16510,1.0
0.95,0.3,0.04360655737704928,tail-aware,exc_betting,21098,1.0
0.95,0.3,0.04360655737704928,tail-aware,exceedance,21098,1.0
0.95,0.3,0.04360655737704928,tail-aware,exc_empbernstein,21098,1.0
0.95,0.3,0.04360655737704928,tail-aware,exc_betting,26960,1.0
0.95,0.3,0.04360655737704928,tail-aware,exceedance,26960,1.0
0.95,0.3,0.04360655737704928,tail-aware,exc_empbernstein,26960,1.0
0.95,0.3,0.04360655737704928,tail-aware,exc_betting,34451,1.0
0.95,0.3,0.04360655737704928,tail-aware,exceedance,34451,1.0
0.95,0.3,0.04360655737704928,tail-aware,exc_empbernstein,34451,1.0
0.95,0.3,0.04360655737704928,tail-aware,exc_betting,44024,1.0
0.95,0.3,0.04360655737704928,tail-aware,exceedance,44024,1.0
0.95,0.3,0.04360655737704928,tail-aware,exc_empbernstein,44024,1.0
0.95,0.3,0.04360655737704928,tail-aware,exc_betting,56257,1.0
0.95,0.3,0.04360655737704928,tail-aware,exceedance,56257,1.0
0.95,0.3,0.04360655737704928,tail-aware,exc_empbernstein,56257,1.0
0.95,0.3,0.04360655737704928,tail-aware,exc_betting,71889,1.0
0.95,0.3,0.04360655737704928,tail-aware,exceedance,71889,1.0
0.95,0.3,0.04360655737704928,tail-aware,exc_empbernstein,71889,1.0
0.95,0.3,0.04360655737704928,tail-aware,exc_betting,91865,1.0
0.95,0.3,0.04360655737704928,tail-aware,exceedance,91865,1.0
0.95,0.3,0.04360655737704928,tail-aware,exc_empbernstein,91865,1.0
0.95,0.3,0.04360655737704928,tail-aware,exc_betting,117391,1.0
0.95,0.3,0.04360655737704928,tail-aware,exceedance,117391,1.0
0.95,0.3,0.04360655737704928,tail-aware,exc_empbernstein,117391,1.0
0.95,0.3,0.04360655737704928,tail-aware,exc_betting,150010,1.0
0.95,0.3,0.04360655737704928,tail-aware,exceedance,150010,1.0
0.95,0.3,0.04360655737704928,tail-aware,exc_empbernstein,150010,1.0
0.95,0.3,0.04360655737704928,tail-aware,exc_betting,191692,1.0
0.95,0.3,0.04360655737704928,tail-aware,exceedance,191692,1.0
0.95,0.3,0.04360655737704928,tail-aware,exc_empbernstein,191692,1.0
0.95,0.3,0.04360655737704928,tail-aware,exc_betting,244957,1.0
0.95,0.3,0.04360655737704928,tail-aware,exceedance,244957,1.0
0.95,0.3,0.04360655737704928,tail-aware,exc_empbernstein,244957,1.0
0.95,0.3,0.04360655737704928,tail-aware,exc_betting,313022,1.0
0.95,0.3,0.04360655737704928,tail-aware,exceedance,313022,1.0
0.95,0.3,0.04360655737704928,tail-aware,exc_empbernstein,313022,1.0
0.95,0.3,0.04360655737704928,tail-aware,exc_betting,400000,1.0
0.95,0.3,0.04360655737704928,tail-aware,exceedance,400000,1.0
0.95,0.3,0.04360655737704928,tail-aware,exc_empbernstein,400000,1.0
0.95,0.2,0.059672131147541094,target,exc_betting,200,0.0033333333333333335
0.95,0.2,0.059672131147541094,target,exceedance,200,0.0
0.95,0.2,0.059672131147541094,target,exc_empbernstein,200,0.0
0.95,0.2,0.059672131147541094,target,exc_betting,255,0.01
0.95,0.2,0.059672131147541094,target,exceedance,255,0.0
0.95,0.2,0.059672131147541094,target,exc_empbernstein,255,0.0
0.95,0.2,0.059672131147541094,target,exc_betting,326,0.016666666666666666
0.95,0.2,0.059672131147541094,target,exceedance,326,0.0
0.95,0.2,0.059672131147541094,target,exc_empbernstein,326,0.0
0.95,0.2,0.059672131147541094,target,exc_betting,417,0.06
0.95,0.2,0.059672131147541094,target,exceedance,417,0.0
0.95,0.2,0.059672131147541094,target,exc_empbernstein,417,0.0
0.95,0.2,0.059672131147541094,target,exc_betting,533,0.056666666666666664
0.95,0.2,0.059672131147541094,target,exceedance,533,0.0
0.95,0.2,0.059672131147541094,target,exc_empbernstein,533,0.0
0.95,0.2,0.059672131147541094,target,exc_betting,681,0.10333333333333333
0.95,0.2,0.059672131147541094,target,exceedance,681,0.0
0.95,0.2,0.059672131147541094,target,exc_empbernstein,681,0.0033333333333333335
0.95,0.2,0.059672131147541094,target,exc_betting,870,0.12666666666666668
0.95,0.2,0.059672131147541094,target,exceedance,870,0.0
0.95,0.2,0.059672131147541094,target,exc_empbernstein,870,0.006666666666666667
0.95,0.2,0.059672131147541094,target,exc_betting,1112,0.09
0.95,0.2,0.059672131147541094,target,exceedance,1112,0.0033333333333333335
0.95,0.2,0.059672131147541094,target,exc_empbernstein,1112,0.02
0.95,0.2,0.059672131147541094,target,exc_betting,1422,0.15
0.95,0.2,0.059672131147541094,target,exceedance,1422,0.0033333333333333335
0.95,0.2,0.059672131147541094,target,exc_empbernstein,1422,0.04
0.95,0.2,0.059672131147541094,target,exc_betting,1817,0.22666666666666666
0.95,0.2,0.059672131147541094,target,exceedance,1817,0.013333333333333334
0.95,0.2,0.059672131147541094,target,exc_empbernstein,1817,0.08333333333333333
0.95,0.2,0.059672131147541094,target,exc_betting,2322,0.23
0.95,0.2,0.059672131147541094,target,exceedance,2322,0.013333333333333334
0.95,0.2,0.059672131147541094,target,exc_empbernstein,2322,0.14333333333333334
0.95,0.2,0.059672131147541094,target,exc_betting,2967,0.41333333333333333
0.95,0.2,0.059672131147541094,target,exceedance,2967,0.05
0.95,0.2,0.059672131147541094,target,exc_empbernstein,2967,0.2733333333333333
0.95,0.2,0.059672131147541094,target,exc_betting,3791,0.47
0.95,0.2,0.059672131147541094,target,exceedance,3791,0.11333333333333333
0.95,0.2,0.059672131147541094,target,exc_empbernstein,3791,0.35333333333333333
0.95,0.2,0.059672131147541094,target,exc_betting,4845,0.6266666666666667
0.95,0.2,0.059672131147541094,target,exceedance,4845,0.16
0.95,0.2,0.059672131147541094,target,exc_empbernstein,4845,0.5733333333333334
0.95,0.2,0.059672131147541094,target,exc_betting,6191,0.7766666666666666
0.95,0.2,0.059672131147541094,target,exceedance,6191,0.31333333333333335
0.95,0.2,0.059672131147541094,target,exc_empbernstein,6191,0.7033333333333334
0.95,0.2,0.059672131147541094,target,exc_betting,7912,0.94
0.95,0.2,0.059672131147541094,target,exceedance,7912,0.48
0.95,0.2,0.059672131147541094,target,exc_empbernstein,7912,0.9233333333333333
0.95,0.2,0.059672131147541094,target,exc_betting,10110,0.9633333333333334
0.95,0.2,0.059672131147541094,target,exceedance,10110,0.75
0.95,0.2,0.059672131147541094,target,exc_empbernstein,10110,0.9666666666666667
0.95,0.2,0.059672131147541094,target,exc_betting,12920,0.99
0.95,0.2,0.059672131147541094,target,exceedance,12920,0.8733333333333333
0.95,0.2,0.059672131147541094,target,exc_empbernstein,12920,0.99
0.95,0.2,0.059672131147541094,target,exc_betting,16510,1.0
0.95,0.2,0.059672131147541094,target,exceedance,16510,0.9866666666666667
0.95,0.2,0.059672131147541094,target,exc_empbernstein,16510,1.0
0.95,0.2,0.059672131147541094,target,exc_betting,21098,1.0
0.95,0.2,0.059672131147541094,target,exceedance,21098,1.0
0.95,0.2,0.059672131147541094,target,exc_empbernstein,21098,1.0
0.95,0.2,0.059672131147541094,target,exc_betting,26960,1.0
0.95,0.2,0.059672131147541094,target,exceedance,26960,1.0
0.95,0.2,0.059672131147541094,target,exc_empbernstein,26960,1.0
0.95,0.2,0.059672131147541094,target,exc_betting,34451,1.0
0.95,0.2,0.059672131147541094,target,exceedance,34451,1.0
0.95,0.2,0.059672131147541094,target,exc_empbernstein,34451,1.0
0.95,0.2,0.059672131147541094,target,exc_betting,44024,1.0
0.95,0.2,0.059672131147541094,target,exceedance,44024,1.0
0.95,0.2,0.059672131147541094,target,exc_empbernstein,44024,1.0
0.95,0.2,0.059672131147541094,target,exc_betting,56257,1.0
0.95,0.2,0.059672131147541094,target,exceedance,56257,1.0
0.95,0.2,0.059672131147541094,target,exc_empbernstein,56257,1.0
0.95,0.2,0.059672131147541094,target,exc_betting,71889,1.0
0.95,0.2,0.059672131147541094,target,exceedance,71889,1.0
0.95,0.2,0.059672131147541094,target,exc_empbernstein,71889,1.0
0.95,0.2,0.059672131147541094,target,exc_betting,91865,1.0
0.95,0.2,0.059672131147541094,target,exceedance,91865,1.0
0.95,0.2,0.059672131147541094,target,exc_empbernstein,91865,1.0
0.95,0.2,0.059672131147541094,target,exc_betting,117391,1.0
0.95,0.2,0.059672131147541094,target,exceedance,117391,1.0
0.95,0.2,0.059672131147541094,target,exc_empbernstein,117391,1.0
0.95,0.2,0.059672131147541094,target,exc_betting,150010,1.0
0.95,0.2,0.059672131147541094,target,exceedance,150010,1.0
0.95,0.2,0.059672131147541094,target,exc_empbernstein,150010,1.0
0.95,0.2,0.059672131147541094,target,exc_betting,191692,1.0
0.95,0.2,0.059672131147541094,target,exceedance,191692,1.0
0.95,0.2,0.059672131147541094,target,exc_empbernstein,191692,1.0
0.95,0.2,0.059672131147541094,target,exc_betting,244957,1.0
0.95,0.2,0.059672131147541094,target,exceedance,244957,1.0
0.95,0.2,0.059672131147541094,target,exc_empbernstein,244957,1.0
0.95,0.2,0.059672131147541094,target,exc_betting,313022,1.0
0.95,0.2,0.059672131147541094,target,exceedance,313022,1.0
0.95,0.2,0.059672131147541094,target,exc_empbernstein,313022,1.0
0.95,0.2,0.059672131147541094,target,exc_betting,400000,1.0
0.95,0.2,0.059672131147541094,target,exceedance,400000,1.0
0.95,0.2,0.059672131147541094,target,exc_empbernstein,400000,1.0
0.95,0.2,0.059672131147541094,uniform,exc_betting,200,0.0
0.95,0.2,0.059672131147541094,uniform,exceedance,200,0.0
0.95,0.2,0.059672131147541094,uniform,exc_empbernstein,200,0.0
0.95,0.2,0.059672131147541094,uniform,exc_betting,255,0.0
0.95,0.2,0.059672131147541094,uniform,exceedance,255,0.0
0.95,0.2,0.059672131147541094,uniform,exc_empbernstein,255,0.0
0.95,0.2,0.059672131147541094,uniform,exc_betting,326,0.0
0.95,0.2,0.059672131147541094,uniform,exceedance,326,0.0
0.95,0.2,0.059672131147541094,uniform,exc_empbernstein,326,0.0
0.95,0.2,0.059672131147541094,uniform,exc_betting,417,0.0
0.95,0.2,0.059672131147541094,uniform,exceedance,417,0.0
0.95,0.2,0.059672131147541094,uniform,exc_empbernstein,417,0.0
0.95,0.2,0.059672131147541094,uniform,exc_betting,533,0.0
0.95,0.2,0.059672131147541094,uniform,exceedance,533,0.0
0.95,0.2,0.059672131147541094,uniform,exc_empbernstein,533,0.0
0.95,0.2,0.059672131147541094,uniform,exc_betting,681,0.0
0.95,0.2,0.059672131147541094,uniform,exceedance,681,0.0
0.95,0.2,0.059672131147541094,uniform,exc_empbernstein,681,0.0
0.95,0.2,0.059672131147541094,uniform,exc_betting,870,0.0
0.95,0.2,0.059672131147541094,uniform,exceedance,870,0.0
0.95,0.2,0.059672131147541094,uniform,exc_empbernstein,870,0.0
0.95,0.2,0.059672131147541094,uniform,exc_betting,1112,0.0
0.95,0.2,0.059672131147541094,uniform,exceedance,1112,0.0
0.95,0.2,0.059672131147541094,uniform,exc_empbernstein,1112,0.0
0.95,0.2,0.059672131147541094,uniform,exc_betting,1422,0.006666666666666667
0.95,0.2,0.059672131147541094,uniform,exceedance,1422,0.0
0.95,0.2,0.059672131147541094,uniform,exc_empbernstein,1422,0.0
0.95,0.2,0.059672131147541094,uniform,exc_betting,1817,0.013333333333333334
0.95,0.2,0.059672131147541094,uniform,exceedance,1817,0.0
0.95,0.2,0.059672131147541094,uniform,exc_empbernstein,1817,0.0
0.95,0.2,0.059672131147541094,uniform,exc_betting,2322,0.09
0.95,0.2,0.059672131147541094,uniform,exceedance,2322,0.0
0.95,0.2,0.059672131147541094,uniform,exc_empbernstein,2322,0.0
0.95,0.2,0.059672131147541094,uniform,exc_betting,2967,0.13666666666666666
0.95,0.2,0.059672131147541094,uniform,exceedance,2967,0.0
0.95,0.2,0.059672131147541094,uniform,exc_empbernstein,2967,0.0033333333333333335
0.95,0.2,0.059672131147541094,uniform,exc_betting,3791,0.19
0.95,0.2,0.059672131147541094,uniform,exceedance,3791,0.0
0.95,0.2,0.059672131147541094,uniform,exc_empbernstein,3791,0.0033333333333333335
0.95,0.2,0.059672131147541094,uniform,exc_betting,4845,0.24666666666666667
0.95,0.2,0.059672131147541094,uniform,exceedance,4845,0.0
0.95,0.2,0.059672131147541094,uniform,exc_empbernstein,4845,0.006666666666666667
0.95,0.2,0.059672131147541094,uniform,exc_betting,6191,0.25333333333333335
0.95,0.2,0.059672131147541094,uniform,exceedance,6191,0.0
0.95,0.2,0.059672131147541094,uniform,exc_empbernstein,6191,0.016666666666666666
0.95,0.2,0.059672131147541094,uniform,exc_betting,7912,0.30333333333333334
0.95,0.2,0.059672131147541094,uniform,exceedance,7912,0.0
0.95,0.2,0.059672131147541094,uniform,exc_empbernstein,7912,0.056666666666666664
0.95,0.2,0.059672131147541094,uniform,exc_betting,10110,0.34
0.95,0.2,0.059672131147541094,uniform,exceedance,10110,0.0
0.95,0.2,0.059672131147541094,uniform,exc_empbernstein,10110,0.08333333333333333
0.95,0.2,0.059672131147541094,uniform,exc_betting,12920,0.45666666666666667
0.95,0.2,0.059672131147541094,uniform,exceedance,12920,0.0
0.95,0.2,0.059672131147541094,uniform,exc_empbernstein,12920,0.22333333333333333
0.95,0.2,0.059672131147541094,uniform,exc_betting,16510,0.5533333333333333
0.95,0.2,0.059672131147541094,uniform,exceedance,16510,0.0033333333333333335
0.95,0.2,0.059672131147541094,uniform,exc_empbernstein,16510,0.31666666666666665
0.95,0.2,0.059672131147541094,uniform,exc_betting,21098,0.7233333333333334
0.95,0.2,0.059672131147541094,uniform,exceedance,21098,0.04
0.95,0.2,0.059672131147541094,uniform,exc_empbernstein,21098,0.55
0.95,0.2,0.059672131147541094,uniform,exc_betting,26960,0.8333333333333334
0.95,0.2,0.059672131147541094,uniform,exceedance,26960,0.08666666666666667
0.95,0.2,0.059672131147541094,uniform,exc_empbernstein,26960,0.7533333333333333
0.95,0.2,0.059672131147541094,uniform,exc_betting,34451,0.9533333333333334
0.95,0.2,0.059672131147541094,uniform,exceedance,34451,0.22333333333333333
0.95,0.2,0.059672131147541094,uniform,exc_empbernstein,34451,0.9266666666666666
0.95,0.2,0.059672131147541094,uniform,exc_betting,44024,0.9766666666666667
0.95,0.2,0.059672131147541094,uniform,exceedance,44024,0.47
0.95,0.2,0.059672131147541094,uniform,exc_empbernstein,44024,0.9733333333333334
0.95,0.2,0.059672131147541094,uniform,exc_betting,56257,0.9933333333333333
0.95,0.2,0.059672131147541094,uniform,exceedance,56257,0.7
0.95,0.2,0.059672131147541094,uniform,exc_empbernstein,56257,0.9933333333333333
0.95,0.2,0.059672131147541094,uniform,exc_betting,71889,1.0
0.95,0.2,0.059672131147541094,uniform,exceedance,71889,0.93
0.95,0.2,0.059672131147541094,uniform,exc_empbernstein,71889,1.0
0.95,0.2,0.059672131147541094,uniform,exc_betting,91865,1.0
0.95,0.2,0.059672131147541094,uniform,exceedance,91865,0.9866666666666667
0.95,0.2,0.059672131147541094,uniform,exc_empbernstein,91865,1.0
0.95,0.2,0.059672131147541094,uniform,exc_betting,117391,1.0
0.95,0.2,0.059672131147541094,uniform,exceedance,117391,1.0
0.95,0.2,0.059672131147541094,uniform,exc_empbernstein,117391,1.0
0.95,0.2,0.059672131147541094,uniform,exc_betting,150010,1.0
0.95,0.2,0.059672131147541094,uniform,exceedance,150010,1.0
0.95,0.2,0.059672131147541094,uniform,exc_empbernstein,150010,1.0
0.95,0.2,0.059672131147541094,uniform,exc_betting,191692,1.0
0.95,0.2,0.059672131147541094,uniform,exceedance,191692,1.0
0.95,0.2,0.059672131147541094,uniform,exc_empbernstein,191692,1.0
0.95,0.2,0.059672131147541094,uniform,exc_betting,244957,1.0
0.95,0.2,0.059672131147541094,uniform,exceedance,244957,1.0
0.95,0.2,0.059672131147541094,uniform,exc_empbernstein,244957,1.0
0.95,0.2,0.059672131147541094,uniform,exc_betting,313022,1.0
0.95,0.2,0.059672131147541094,uniform,exceedance,313022,1.0
0.95,0.2,0.059672131147541094,uniform,exc_empbernstein,313022,1.0
0.95,0.2,0.059672131147541094,uniform,exc_betting,400000,1.0
0.95,0.2,0.059672131147541094,uniform,exceedance,400000,1.0
0.95,0.2,0.059672131147541094,uniform,exc_empbernstein,400000,1.0
0.95,0.2,0.059672131147541094,tail-aware,exc_betting,200,0.0
0.95,0.2,0.059672131147541094,tail-aware,exceedance,200,0.0
0.95,0.2,0.059672131147541094,tail-aware,exc_empbernstein,200,0.0
0.95,0.2,0.059672131147541094,tail-aware,exc_betting,255,0.0
0.95,0.2,0.059672131147541094,tail-aware,exceedance,255,0.0
0.95,0.2,0.059672131147541094,tail-aware,exc_empbernstein,255,0.0
0.95,0.2,0.059672131147541094,tail-aware,exc_betting,326,0.0
0.95,0.2,0.059672131147541094,tail-aware,exceedance,326,0.0
0.95,0.2,0.059672131147541094,tail-aware,exc_empbernstein,326,0.0
0.95,0.2,0.059672131147541094,tail-aware,exc_betting,417,0.0033333333333333335
0.95,0.2,0.059672131147541094,tail-aware,exceedance,417,0.0
0.95,0.2,0.059672131147541094,tail-aware,exc_empbernstein,417,0.0
0.95,0.2,0.059672131147541094,tail-aware,exc_betting,533,0.013333333333333334
0.95,0.2,0.059672131147541094,tail-aware,exceedance,533,0.0
0.95,0.2,0.059672131147541094,tail-aware,exc_empbernstein,533,0.0
0.95,0.2,0.059672131147541094,tail-aware,exc_betting,681,0.03
0.95,0.2,0.059672131147541094,tail-aware,exceedance,681,0.0
0.95,0.2,0.059672131147541094,tail-aware,exc_empbernstein,681,0.0
0.95,0.2,0.059672131147541094,tail-aware,exc_betting,870,0.08666666666666667
0.95,0.2,0.059672131147541094,tail-aware,exceedance,870,0.0
0.95,0.2,0.059672131147541094,tail-aware,exc_empbernstein,870,0.0
0.95,0.2,0.059672131147541094,tail-aware,exc_betting,1112,0.19333333333333333
0.95,0.2,0.059672131147541094,tail-aware,exceedance,1112,0.0
0.95,0.2,0.059672131147541094,tail-aware,exc_empbernstein,1112,0.0
0.95,0.2,0.059672131147541094,tail-aware,exc_betting,1422,0.22
0.95,0.2,0.059672131147541094,tail-aware,exceedance,1422,0.0
0.95,0.2,0.059672131147541094,tail-aware,exc_empbernstein,1422,0.0
0.95,0.2,0.059672131147541094,tail-aware,exc_betting,1817,0.31
0.95,0.2,0.059672131147541094,tail-aware,exceedance,1817,0.0
0.95,0.2,0.059672131147541094,tail-aware,exc_empbernstein,1817,0.016666666666666666
0.95,0.2,0.059672131147541094,tail-aware,exc_betting,2322,0.4166666666666667
0.95,0.2,0.059672131147541094,tail-aware,exceedance,2322,0.0
0.95,0.2,0.059672131147541094,tail-aware,exc_empbernstein,2322,0.03
0.95,0.2,0.059672131147541094,tail-aware,exc_betting,2967,0.53
0.95,0.2,0.059672131147541094,tail-aware,exceedance,2967,0.0
0.95,0.2,0.059672131147541094,tail-aware,exc_empbernstein,2967,0.12
0.95,0.2,0.059672131147541094,tail-aware,exc_betting,3791,0.5933333333333334
0.95,0.2,0.059672131147541094,tail-aware,exceedance,3791,0.0
0.95,0.2,0.059672131147541094,tail-aware,exc_empbernstein,3791,0.30666666666666664
0.95,0.2,0.059672131147541094,tail-aware,exc_betting,4845,0.7733333333333333
0.95,0.2,0.059672131147541094,tail-aware,exceedance,4845,0.0033333333333333335
0.95,0.2,0.059672131147541094,tail-aware,exc_empbernstein,4845,0.5233333333333333
0.95,0.2,0.059672131147541094,tail-aware,exc_betting,6191,0.9033333333333333
0.95,0.2,0.059672131147541094,tail-aware,exceedance,6191,0.013333333333333334
0.95,0.2,0.059672131147541094,tail-aware,exc_empbernstein,6191,0.77
0.95,0.2,0.059672131147541094,tail-aware,exc_betting,7912,0.9566666666666667
0.95,0.2,0.059672131147541094,tail-aware,exceedance,7912,0.04
0.95,0.2,0.059672131147541094,tail-aware,exc_empbernstein,7912,0.9133333333333333
0.95,0.2,0.059672131147541094,tail-aware,exc_betting,10110,0.9966666666666667
0.95,0.2,0.059672131147541094,tail-aware,exceedance,10110,0.19666666666666666
0.95,0.2,0.059672131147541094,tail-aware,exc_empbernstein,10110,0.9833333333333333
0.95,0.2,0.059672131147541094,tail-aware,exc_betting,12920,1.0
0.95,0.2,0.059672131147541094,tail-aware,exceedance,12920,0.44333333333333336
0.95,0.2,0.059672131147541094,tail-aware,exc_empbernstein,12920,0.9966666666666667
0.95,0.2,0.059672131147541094,tail-aware,exc_betting,16510,1.0
0.95,0.2,0.059672131147541094,tail-aware,exceedance,16510,0.82
0.95,0.2,0.059672131147541094,tail-aware,exc_empbernstein,16510,1.0
0.95,0.2,0.059672131147541094,tail-aware,exc_betting,21098,1.0
0.95,0.2,0.059672131147541094,tail-aware,exceedance,21098,0.95
0.95,0.2,0.059672131147541094,tail-aware,exc_empbernstein,21098,1.0
0.95,0.2,0.059672131147541094,tail-aware,exc_betting,26960,1.0
0.95,0.2,0.059672131147541094,tail-aware,exceedance,26960,1.0
0.95,0.2,0.059672131147541094,tail-aware,exc_empbernstein,26960,1.0
0.95,0.2,0.059672131147541094,tail-aware,exc_betting,34451,1.0
0.95,0.2,0.059672131147541094,tail-aware,exceedance,34451,1.0
0.95,0.2,0.059672131147541094,tail-aware,exc_empbernstein,34451,1.0
0.95,0.2,0.059672131147541094,tail-aware,exc_betting,44024,1.0
0.95,0.2,0.059672131147541094,tail-aware,exceedance,44024,1.0
0.95,0.2,0.059672131147541094,tail-aware,exc_empbernstein,44024,1.0
0.95,0.2,0.059672131147541094,tail-aware,exc_betting,56257,1.0
0.95,0.2,0.059672131147541094,tail-aware,exceedance,56257,1.0
0.95,0.2,0.059672131147541094,tail-aware,exc_empbernstein,56257,1.0
0.95,0.2,0.059672131147541094,tail-aware,exc_betting,71889,1.0
0.95,0.2,0.059672131147541094,tail-aware,exceedance,71889,1.0
0.95,0.2,0.059672131147541094,tail-aware,exc_empbernstein,71889,1.0
0.95,0.2,0.059672131147541094,tail-aware,exc_betting,91865,1.0
0.95,0.2,0.059672131147541094,tail-aware,exceedance,91865,1.0
0.95,0.2,0.059672131147541094,tail-aware,exc_empbernstein,91865,1.0
0.95,0.2,0.059672131147541094,tail-aware,exc_betting,117391,1.0
0.95,0.2,0.059672131147541094,tail-aware,exceedance,117391,1.0
0.95,0.2,0.059672131147541094,tail-aware,exc_empbernstein,117391,1.0
0.95,0.2,0.059672131147541094,tail-aware,exc_betting,150010,1.0
0.95,0.2,0.059672131147541094,tail-aware,exceedance,150010,1.0
0.95,0.2,0.059672131147541094,tail-aware,exc_empbernstein,150010,1.0
0.95,0.2,0.059672131147541094,tail-aware,exc_betting,191692,1.0
0.95,0.2,0.059672131147541094,tail-aware,exceedance,191692,1.0
0.95,0.2,0.059672131147541094,tail-aware,exc_empbernstein,191692,1.0
0.95,0.2,0.059672131147541094,tail-aware,exc_betting,244957,1.0
0.95,0.2,0.059672131147541094,tail-aware,exceedance,244957,1.0
0.95,0.2,0.059672131147541094,tail-aware,exc_empbernstein,244957,1.0
0.95,0.2,0.059672131147541094,tail-aware,exc_betting,313022,1.0
0.95,0.2,0.059672131147541094,tail-aware,exceedance,313022,1.0
0.95,0.2,0.059672131147541094,tail-aware,exc_empbernstein,313022,1.0
0.95,0.2,0.059672131147541094,tail-aware,exc_betting,400000,1.0
0.95,0.2,0.059672131147541094,tail-aware,exceedance,400000,1.0
0.95,0.2,0.059672131147541094,tail-aware,exc_empbernstein,400000,1.0
0.95,0.1,0.07573770491803292,target,exc_betting,200,0.0033333333333333335
0.95,0.1,0.07573770491803292,target,exceedance,200,0.0
0.95,0.1,0.07573770491803292,target,exc_empbernstein,200,0.0
0.95,0.1,0.07573770491803292,target,exc_betting,255,0.006666666666666667
0.95,0.1,0.07573770491803292,target,exceedance,255,0.0
0.95,0.1,0.07573770491803292,target,exc_empbernstein,255,0.0
0.95,0.1,0.07573770491803292,target,exc_betting,326,0.016666666666666666
0.95,0.1,0.07573770491803292,target,exceedance,326,0.0
0.95,0.1,0.07573770491803292,target,exc_empbernstein,326,0.0
0.95,0.1,0.07573770491803292,target,exc_betting,417,0.016666666666666666
0.95,0.1,0.07573770491803292,target,exceedance,417,0.0
0.95,0.1,0.07573770491803292,target,exc_empbernstein,417,0.0
0.95,0.1,0.07573770491803292,target,exc_betting,533,0.0033333333333333335
0.95,0.1,0.07573770491803292,target,exceedance,533,0.0
0.95,0.1,0.07573770491803292,target,exc_empbernstein,533,0.0
0.95,0.1,0.07573770491803292,target,exc_betting,681,0.013333333333333334
0.95,0.1,0.07573770491803292,target,exceedance,681,0.0
0.95,0.1,0.07573770491803292,target,exc_empbernstein,681,0.0
0.95,0.1,0.07573770491803292,target,exc_betting,870,0.03
0.95,0.1,0.07573770491803292,target,exceedance,870,0.0
0.95,0.1,0.07573770491803292,target,exc_empbernstein,870,0.0
0.95,0.1,0.07573770491803292,target,exc_betting,1112,0.02666666666666667
0.95,0.1,0.07573770491803292,target,exceedance,1112,0.0
0.95,0.1,0.07573770491803292,target,exc_empbernstein,1112,0.006666666666666667
0.95,0.1,0.07573770491803292,target,exc_betting,1422,0.02666666666666667
0.95,0.1,0.07573770491803292,target,exceedance,1422,0.0
0.95,0.1,0.07573770491803292,target,exc_empbernstein,1422,0.0033333333333333335
0.95,0.1,0.07573770491803292,target,exc_betting,1817,0.04666666666666667
0.95,0.1,0.07573770491803292,target,exceedance,1817,0.0
0.95,0.1,0.07573770491803292,target,exc_empbernstein,1817,0.02
0.95,0.1,0.07573770491803292,target,exc_betting,2322,0.043333333333333335
0.95,0.1,0.07573770491803292,target,exceedance,2322,0.006666666666666667
0.95,0.1,0.07573770491803292,target,exc_empbernstein,2322,0.013333333333333334
0.95,0.1,0.07573770491803292,target,exc_betting,2967,0.043333333333333335
0.95,0.1,0.07573770491803292,target,exceedance,2967,0.0033333333333333335
0.95,0.1,0.07573770491803292,target,exc_empbernstein,2967,0.02
0.95,0.1,0.07573770491803292,target,exc_betting,3791,0.05
0.95,0.1,0.07573770491803292,target,exceedance,3791,0.0
0.95,0.1,0.07573770491803292,target,exc_empbernstein,3791,0.03
0.95,0.1,0.07573770491803292,target,exc_betting,4845,0.1
0.95,0.1,0.07573770491803292,target,exceedance,4845,0.0033333333333333335
0.95,0.1,0.07573770491803292,target,exc_empbernstein,4845,0.06333333333333334
0.95,0.1,0.07573770491803292,target,exc_betting,6191,0.08666666666666667
0.95,0.1,0.07573770491803292,target,exceedance,6191,0.01
0.95,0.1,0.07573770491803292,target,exc_empbernstein,6191,0.08333333333333333
0.95,0.1,0.07573770491803292,target,exc_betting,7912,0.2
0.95,0.1,0.07573770491803292,target,exceedance,7912,0.016666666666666666
0.95,0.1,0.07573770491803292,target,exc_empbernstein,7912,0.19333333333333333
0.95,0.1,0.07573770491803292,target,exc_betting,10110,0.2733333333333333
0.95,0.1,0.07573770491803292,target,exceedance,10110,0.05333333333333334
0.95,0.1,0.07573770491803292,target,exc_empbernstein,10110,0.2866666666666667
0.95,0.1,0.07573770491803292,target,exc_betting,12920,0.33
0.95,0.1,0.07573770491803292,target,exceedance,12920,0.06333333333333334
0.95,0.1,0.07573770491803292,target,exc_empbernstein,12920,0.3466666666666667
0.95,0.1,0.07573770491803292,target,exc_betting,16510,0.45
0.95,0.1,0.07573770491803292,target,exceedance,16510,0.12666666666666668
0.95,0.1,0.07573770491803292,target,exc_empbernstein,16510,0.48333333333333334
0.95,0.1,0.07573770491803292,target,exc_betting,21098,0.65
0.95,0.1,0.07573770491803292,target,exceedance,21098,0.25
0.95,0.1,0.07573770491803292,target,exc_empbernstein,21098,0.6966666666666667
0.95,0.1,0.07573770491803292,target,exc_betting,26960,0.8033333333333333
0.95,0.1,0.07573770491803292,target,exceedance,26960,0.4633333333333333
0.95,0.1,0.07573770491803292,target,exc_empbernstein,26960,0.8466666666666667
0.95,0.1,0.07573770491803292,target,exc_betting,34451,0.9033333333333333
0.95,0.1,0.07573770491803292,target,exceedance,34451,0.64
0.95,0.1,0.07573770491803292,target,exc_empbernstein,34451,0.92
0.95,0.1,0.07573770491803292,target,exc_betting,44024,0.97
0.95,0.1,0.07573770491803292,target,exceedance,44024,0.7966666666666666
0.95,0.1,0.07573770491803292,target,exc_empbernstein,44024,0.9766666666666667
0.95,0.1,0.07573770491803292,target,exc_betting,56257,0.9966666666666667
0.95,0.1,0.07573770491803292,target,exceedance,56257,0.9233333333333333
0.95,0.1,0.07573770491803292,target,exc_empbernstein,56257,0.9966666666666667
0.95,0.1,0.07573770491803292,target,exc_betting,71889,1.0
0.95,0.1,0.07573770491803292,target,exceedance,71889,0.97
0.95,0.1,0.07573770491803292,target,exc_empbernstein,71889,1.0
0.95,0.1,0.07573770491803292,target,exc_betting,91865,1.0
0.95,0.1,0.07573770491803292,target,exceedance,91865,1.0
0.95,0.1,0.07573770491803292,target,exc_empbernstein,91865,1.0
0.95,0.1,0.07573770491803292,target,exc_betting,117391,1.0
0.95,0.1,0.07573770491803292,target,exceedance,117391,1.0
0.95,0.1,0.07573770491803292,target,exc_empbernstein,117391,1.0
0.95,0.1,0.07573770491803292,target,exc_betting,150010,1.0
0.95,0.1,0.07573770491803292,target,exceedance,150010,1.0
0.95,0.1,0.07573770491803292,target,exc_empbernstein,150010,1.0
0.95,0.1,0.07573770491803292,target,exc_betting,191692,1.0
0.95,0.1,0.07573770491803292,target,exceedance,191692,1.0
0.95,0.1,0.07573770491803292,target,exc_empbernstein,191692,1.0
0.95,0.1,0.07573770491803292,target,exc_betting,244957,1.0
0.95,0.1,0.07573770491803292,target,exceedance,244957,1.0
0.95,0.1,0.07573770491803292,target,exc_empbernstein,244957,1.0
0.95,0.1,0.07573770491803292,target,exc_betting,313022,1.0
0.95,0.1,0.07573770491803292,target,exceedance,313022,1.0
0.95,0.1,0.07573770491803292,target,exc_empbernstein,313022,1.0
0.95,0.1,0.07573770491803292,target,exc_betting,400000,1.0
0.95,0.1,0.07573770491803292,target,exceedance,400000,1.0
0.95,0.1,0.07573770491803292,target,exc_empbernstein,400000,1.0
0.95,0.1,0.07573770491803292,uniform,exc_betting,200,0.0
0.95,0.1,0.07573770491803292,uniform,exceedance,200,0.0
0.95,0.1,0.07573770491803292,uniform,exc_empbernstein,200,0.0
0.95,0.1,0.07573770491803292,uniform,exc_betting,255,0.0
0.95,0.1,0.07573770491803292,uniform,exceedance,255,0.0
0.95,0.1,0.07573770491803292,uniform,exc_empbernstein,255,0.0
0.95,0.1,0.07573770491803292,uniform,exc_betting,326,0.0
0.95,0.1,0.07573770491803292,uniform,exceedance,326,0.0
0.95,0.1,0.07573770491803292,uniform,exc_empbernstein,326,0.0
0.95,0.1,0.07573770491803292,uniform,exc_betting,417,0.0
0.95,0.1,0.07573770491803292,uniform,exceedance,417,0.0
0.95,0.1,0.07573770491803292,uniform,exc_empbernstein,417,0.0
0.95,0.1,0.07573770491803292,uniform,exc_betting,533,0.0
0.95,0.1,0.07573770491803292,uniform,exceedance,533,0.0
0.95,0.1,0.07573770491803292,uniform,exc_empbernstein,533,0.0
0.95,0.1,0.07573770491803292,uniform,exc_betting,681,0.0
0.95,0.1,0.07573770491803292,uniform,exceedance,681,0.0
0.95,0.1,0.07573770491803292,uniform,exc_empbernstein,681,0.0
0.95,0.1,0.07573770491803292,uniform,exc_betting,870,0.0
0.95,0.1,0.07573770491803292,uniform,exceedance,870,0.0
0.95,0.1,0.07573770491803292,uniform,exc_empbernstein,870,0.0
0.95,0.1,0.07573770491803292,uniform,exc_betting,1112,0.0
0.95,0.1,0.07573770491803292,uniform,exceedance,1112,0.0
0.95,0.1,0.07573770491803292,uniform,exc_empbernstein,1112,0.0
0.95,0.1,0.07573770491803292,uniform,exc_betting,1422,0.0
0.95,0.1,0.07573770491803292,uniform,exceedance,1422,0.0
0.95,0.1,0.07573770491803292,uniform,exc_empbernstein,1422,0.0
0.95,0.1,0.07573770491803292,uniform,exc_betting,1817,0.006666666666666667
0.95,0.1,0.07573770491803292,uniform,exceedance,1817,0.0
0.95,0.1,0.07573770491803292,uniform,exc_empbernstein,1817,0.0
0.95,0.1,0.07573770491803292,uniform,exc_betting,2322,0.02666666666666667
0.95,0.1,0.07573770491803292,uniform,exceedance,2322,0.0
0.95,0.1,0.07573770491803292,uniform,exc_empbernstein,2322,0.0
0.95,0.1,0.07573770491803292,uniform,exc_betting,2967,0.023333333333333334
0.95,0.1,0.07573770491803292,uniform,exceedance,2967,0.0
0.95,0.1,0.07573770491803292,uniform,exc_empbernstein,2967,0.0
0.95,0.1,0.07573770491803292,uniform,exc_betting,3791,0.04
0.95,0.1,0.07573770491803292,uniform,exceedance,3791,0.0
0.95,0.1,0.07573770491803292,uniform,exc_empbernstein,3791,0.0
0.95,0.1,0.07573770491803292,uniform,exc_betting,4845,0.02666666666666667
0.95,0.1,0.07573770491803292,uniform,exceedance,4845,0.0
0.95,0.1,0.07573770491803292,uniform,exc_empbernstein,4845,0.0
0.95,0.1,0.07573770491803292,uniform,exc_betting,6191,0.07666666666666666
0.95,0.1,0.07573770491803292,uniform,exceedance,6191,0.0
0.95,0.1,0.07573770491803292,uniform,exc_empbernstein,6191,0.01
0.95,0.1,0.07573770491803292,uniform,exc_betting,7912,0.06666666666666667
0.95,0.1,0.07573770491803292,uniform,exceedance,7912,0.0
0.95,0.1,0.07573770491803292,uniform,exc_empbernstein,7912,0.0
0.95,0.1,0.07573770491803292,uniform,exc_betting,10110,0.08333333333333333
0.95,0.1,0.07573770491803292,uniform,exceedance,10110,0.0
0.95,0.1,0.07573770491803292,uniform,exc_empbernstein,10110,0.016666666666666666
0.95,0.1,0.07573770491803292,uniform,exc_betting,12920,0.08
0.95,0.1,0.07573770491803292,uniform,exceedance,12920,0.0
0.95,0.1,0.07573770491803292,uniform,exc_empbernstein,12920,0.016666666666666666
0.95,0.1,0.07573770491803292,uniform,exc_betting,16510,0.08
0.95,0.1,0.07573770491803292,uniform,exceedance,16510,0.0
0.95,0.1,0.07573770491803292,uniform,exc_empbernstein,16510,0.03
0.95,0.1,0.07573770491803292,uniform,exc_betting,21098,0.11666666666666667
0.95,0.1,0.07573770491803292,uniform,exceedance,21098,0.0
0.95,0.1,0.07573770491803292,uniform,exc_empbernstein,21098,0.06
0.95,0.1,0.07573770491803292,uniform,exc_betting,26960,0.21666666666666667
0.95,0.1,0.07573770491803292,uniform,exceedance,26960,0.0
0.95,0.1,0.07573770491803292,uniform,exc_empbernstein,26960,0.15
0.95,0.1,0.07573770491803292,uniform,exc_betting,34451,0.31
0.95,0.1,0.07573770491803292,uniform,exceedance,34451,0.0
0.95,0.1,0.07573770491803292,uniform,exc_empbernstein,34451,0.20666666666666667
0.95,0.1,0.07573770491803292,uniform,exc_betting,44024,0.3333333333333333
0.95,0.1,0.07573770491803292,uniform,exceedance,44024,0.0
0.95,0.1,0.07573770491803292,uniform,exc_empbernstein,44024,0.2866666666666667
0.95,0.1,0.07573770491803292,uniform,exc_betting,56257,0.48333333333333334
0.95,0.1,0.07573770491803292,uniform,exceedance,56257,0.0033333333333333335
0.95,0.1,0.07573770491803292,uniform,exc_empbernstein,56257,0.4266666666666667
0.95,0.1,0.07573770491803292,uniform,exc_betting,71889,0.71
0.95,0.1,0.07573770491803292,uniform,exceedance,71889,0.016666666666666666
0.95,0.1,0.07573770491803292,uniform,exc_empbernstein,71889,0.6833333333333333
0.95,0.1,0.07573770491803292,uniform,exc_betting,91865,0.8266666666666667
0.95,0.1,0.07573770491803292,uniform,exceedance,91865,0.04666666666666667
0.95,0.1,0.07573770491803292,uniform,exc_empbernstein,91865,0.82
0.95,0.1,0.07573770491803292,uniform,exc_betting,117391,0.91
0.95,0.1,0.07573770491803292,uniform,exceedance,117391,0.13
0.95,0.1,0.07573770491803292,uniform,exc_empbernstein,117391,0.91
0.95,0.1,0.07573770491803292,uniform,exc_betting,150010,0.9666666666666667
0.95,0.1,0.07573770491803292,uniform,exceedance,150010,0.27
0.95,0.1,0.07573770491803292,uniform,exc_empbernstein,150010,0.9733333333333334
0.95,0.1,0.07573770491803292,uniform,exc_betting,191692,0.9966666666666667
0.95,0.1,0.07573770491803292,uniform,exceedance,191692,0.54
0.95,0.1,0.07573770491803292,uniform,exc_empbernstein,191692,0.9966666666666667
0.95,0.1,0.07573770491803292,uniform,exc_betting,244957,1.0
0.95,0.1,0.07573770491803292,uniform,exceedance,244957,0.8
0.95,0.1,0.07573770491803292,uniform,exc_empbernstein,244957,1.0
0.95,0.1,0.07573770491803292,uniform,exc_betting,313022,1.0
0.95,0.1,0.07573770491803292,uniform,exceedance,313022,0.9433333333333334
0.95,0.1,0.07573770491803292,uniform,exc_empbernstein,313022,1.0
0.95,0.1,0.07573770491803292,uniform,exc_betting,400000,1.0
0.95,0.1,0.07573770491803292,uniform,exceedance,400000,0.99
0.95,0.1,0.07573770491803292,uniform,exc_empbernstein,400000,1.0
0.95,0.1,0.07573770491803292,tail-aware,exc_betting,200,0.0
0.95,0.1,0.07573770491803292,tail-aware,exceedance,200,0.0
0.95,0.1,0.07573770491803292,tail-aware,exc_empbernstein,200,0.0
0.95,0.1,0.07573770491803292,tail-aware,exc_betting,255,0.0
0.95,0.1,0.07573770491803292,tail-aware,exceedance,255,0.0
0.95,0.1,0.07573770491803292,tail-aware,exc_empbernstein,255,0.0
0.95,0.1,0.07573770491803292,tail-aware,exc_betting,326,0.0
0.95,0.1,0.07573770491803292,tail-aware,exceedance,326,0.0
0.95,0.1,0.07573770491803292,tail-aware,exc_empbernstein,326,0.0
0.95,0.1,0.07573770491803292,tail-aware,exc_betting,417,0.0
0.95,0.1,0.07573770491803292,tail-aware,exceedance,417,0.0
0.95,0.1,0.07573770491803292,tail-aware,exc_empbernstein,417,0.0
0.95,0.1,0.07573770491803292,tail-aware,exc_betting,533,0.0
0.95,0.1,0.07573770491803292,tail-aware,exceedance,533,0.0
0.95,0.1,0.07573770491803292,tail-aware,exc_empbernstein,533,0.0
0.95,0.1,0.07573770491803292,tail-aware,exc_betting,681,0.0033333333333333335
0.95,0.1,0.07573770491803292,tail-aware,exceedance,681,0.0
0.95,0.1,0.07573770491803292,tail-aware,exc_empbernstein,681,0.0
0.95,0.1,0.07573770491803292,tail-aware,exc_betting,870,0.02
0.95,0.1,0.07573770491803292,tail-aware,exceedance,870,0.0
0.95,0.1,0.07573770491803292,tail-aware,exc_empbernstein,870,0.0
0.95,0.1,0.07573770491803292,tail-aware,exc_betting,1112,0.02666666666666667
0.95,0.1,0.07573770491803292,tail-aware,exceedance,1112,0.0
0.95,0.1,0.07573770491803292,tail-aware,exc_empbernstein,1112,0.0
0.95,0.1,0.07573770491803292,tail-aware,exc_betting,1422,0.03333333333333333
0.95,0.1,0.07573770491803292,tail-aware,exceedance,1422,0.0
0.95,0.1,0.07573770491803292,tail-aware,exc_empbernstein,1422,0.0
0.95,0.1,0.07573770491803292,tail-aware,exc_betting,1817,0.05333333333333334
0.95,0.1,0.07573770491803292,tail-aware,exceedance,1817,0.0
0.95,0.1,0.07573770491803292,tail-aware,exc_empbernstein,1817,0.0
0.95,0.1,0.07573770491803292,tail-aware,exc_betting,2322,0.08666666666666667
0.95,0.1,0.07573770491803292,tail-aware,exceedance,2322,0.0
0.95,0.1,0.07573770491803292,tail-aware,exc_empbernstein,2322,0.0
0.95,0.1,0.07573770491803292,tail-aware,exc_betting,2967,0.08
0.95,0.1,0.07573770491803292,tail-aware,exceedance,2967,0.0
0.95,0.1,0.07573770491803292,tail-aware,exc_empbernstein,2967,0.01
0.95,0.1,0.07573770491803292,tail-aware,exc_betting,3791,0.1
0.95,0.1,0.07573770491803292,tail-aware,exceedance,3791,0.0
0.95,0.1,0.07573770491803292,tail-aware,exc_empbernstein,3791,0.0033333333333333335
0.95,0.1,0.07573770491803292,tail-aware,exc_betting,4845,0.17666666666666667
0.95,0.1,0.07573770491803292,tail-aware,exceedance,4845,0.0
0.95,0.1,0.07573770491803292,tail-aware,exc_empbernstein,4845,0.03
0.95,0.1,0.07573770491803292,tail-aware,exc_betting,6191,0.20333333333333334
0.95,0.1,0.07573770491803292,tail-aware,exceedance,6191,0.0
0.95,0.1,0.07573770491803292,tail-aware,exc_empbernstein,6191,0.05
0.95,0.1,0.07573770491803292,tail-aware,exc_betting,7912,0.2733333333333333
0.95,0.1,0.07573770491803292,tail-aware,exceedance,7912,0.0
0.95,0.1,0.07573770491803292,tail-aware,exc_empbernstein,7912,0.09666666666666666
0.95,0.1,0.07573770491803292,tail-aware,exc_betting,10110,0.32666666666666666
0.95,0.1,0.07573770491803292,tail-aware,exceedance,10110,0.0
0.95,0.1,0.07573770491803292,tail-aware,exc_empbernstein,10110,0.2
0.95,0.1,0.07573770491803292,tail-aware,exc_betting,12920,0.49
0.95,0.1,0.07573770491803292,tail-aware,exceedance,12920,0.0
0.95,0.1,0.07573770491803292,tail-aware,exc_empbernstein,12920,0.3233333333333333
0.95,0.1,0.07573770491803292,tail-aware,exc_betting,16510,0.6266666666666667
0.95,0.1,0.07573770491803292,tail-aware,exceedance,16510,0.0
0.95,0.1,0.07573770491803292,tail-aware,exc_empbernstein,16510,0.4866666666666667
0.95,0.1,0.07573770491803292,tail-aware,exc_betting,21098,0.79
0.95,0.1,0.07573770491803292,tail-aware,exceedance,21098,0.0
0.95,0.1,0.07573770491803292,tail-aware,exc_empbernstein,21098,0.7
0.95,0.1,0.07573770491803292,tail-aware,exc_betting,26960,0.89
0.95,0.1,0.07573770491803292,tail-aware,exceedance,26960,0.01
0.95,0.1,0.07573770491803292,tail-aware,exc_empbernstein,26960,0.8766666666666667
0.95,0.1,0.07573770491803292,tail-aware,exc_betting,34451,0.9733333333333334
0.95,0.1,0.07573770491803292,tail-aware,exceedance,34451,0.03333333333333333
0.95,0.1,0.07573770491803292,tail-aware,exc_empbernstein,34451,0.9733333333333334
0.95,0.1,0.07573770491803292,tail-aware,exc_betting,44024,0.9966666666666667
0.95,0.1,0.07573770491803292,tail-aware,exceedance,44024,0.18666666666666668
0.95,0.1,0.07573770491803292,tail-aware,exc_empbernstein,44024,0.9966666666666667
0.95,0.1,0.07573770491803292,tail-aware,exc_betting,56257,1.0
0.95,0.1,0.07573770491803292,tail-aware,exceedance,56257,0.4
0.95,0.1,0.07573770491803292,tail-aware,exc_empbernstein,56257,1.0
0.95,0.1,0.07573770491803292,tail-aware,exc_betting,71889,1.0
0.95,0.1,0.07573770491803292,tail-aware,exceedance,71889,0.7166666666666667
0.95,0.1,0.07573770491803292,tail-aware,exc_empbernstein,71889,1.0
0.95,0.1,0.07573770491803292,tail-aware,exc_betting,91865,1.0
0.95,0.1,0.07573770491803292,tail-aware,exceedance,91865,0.9733333333333334
0.95,0.1,0.07573770491803292,tail-aware,exc_empbernstein,91865,1.0
0.95,0.1,0.07573770491803292,tail-aware,exc_betting,117391,1.0
0.95,0.1,0.07573770491803292,tail-aware,exceedance,117391,0.9966666666666667
0.95,0.1,0.07573770491803292,tail-aware,exc_empbernstein,117391,1.0
0.95,0.1,0.07573770491803292,tail-aware,exc_betting,150010,1.0
0.95,0.1,0.07573770491803292,tail-aware,exceedance,150010,1.0
0.95,0.1,0.07573770491803292,tail-aware,exc_empbernstein,150010,1.0
0.95,0.1,0.07573770491803292,tail-aware,exc_betting,191692,1.0
0.95,0.1,0.07573770491803292,tail-aware,exceedance,191692,1.0
0.95,0.1,0.07573770491803292,tail-aware,exc_empbernstein,191692,1.0
0.95,0.1,0.07573770491803292,tail-aware,exc_betting,244957,1.0
0.95,0.1,0.07573770491803292,tail-aware,exceedance,244957,1.0
0.95,0.1,0.07573770491803292,tail-aware,exc_empbernstein,244957,1.0
0.95,0.1,0.07573770491803292,tail-aware,exc_betting,313022,1.0
0.95,0.1,0.07573770491803292,tail-aware,exceedance,313022,1.0
0.95,0.1,0.07573770491803292,tail-aware,exc_empbernstein,313022,1.0
0.95,0.1,0.07573770491803292,tail-aware,exc_betting,400000,1.0
0.95,0.1,0.07573770491803292,tail-aware,exceedance,400000,1.0
0.95,0.1,0.07573770491803292,tail-aware,exc_empbernstein,400000,1.0
