p,rel_margin,beta,logging,method,n,cert_rate
0.9,0.5,0.04953439833025607,on-policy,exc_betting,200,0.5033333333333333
0.9,0.5,0.04953439833025607,on-policy,exceedance,200,0.0
0.9,0.5,0.04953439833025607,on-policy,exc_empbernstein,200,0.023333333333333334
0.9,0.5,0.04953439833025607,on-policy,exc_betting,255,0.7533333333333333
0.9,0.5,0.04953439833025607,on-policy,exceedance,255,0.01
0.9,0.5,0.04953439833025607,on-policy,exc_empbernstein,255,0.08333333333333333
0.9,0.5,0.04953439833025607,on-policy,exc_betting,326,0.8833333333333333
0.9,0.5,0.04953439833025607,on-policy,exceedance,326,0.03666666666666667
0.9,0.5,0.04953439833025607,on-policy,exc_empbernstein,326,0.31666666666666665
0.9,0.5,0.04953439833025607,on-policy,exc_betting,417,0.94
0.9,0.5,0.04953439833025607,on-policy,exceedance,417,0.15666666666666668
0.9,0.5,0.04953439833025607,on-policy,exc_empbernstein,417,0.6333333333333333
0.9,0.5,0.04953439833025607,on-policy,exc_betting,533,0.97
0.9,0.5,0.04953439833025607,on-policy,exceedance,533,0.39666666666666667
0.9,0.5,0.04953439833025607,on-policy,exc_empbernstein,533,0.85
0.9,0.5,0.04953439833025607,on-policy,exc_betting,681,0.9966666666666667
0.9,0.5,0.04953439833025607,on-policy,exceedance,681,0.6366666666666667
0.9,0.5,0.04953439833025607,on-policy,exc_empbernstein,681,0.97
0.9,0.5,0.04953439833025607,on-policy,exc_betting,870,1.0
0.9,0.5,0.04953439833025607,on-policy,exceedance,870,0.89
0.9,0.5,0.04953439833025607,on-policy,exc_empbernstein,870,0.9933333333333333
0.9,0.5,0.04953439833025607,on-policy,exc_betting,1112,1.0
0.9,0.5,0.04953439833025607,on-policy,exceedance,1112,0.99
0.9,0.5,0.04953439833025607,on-policy,exc_empbernstein,1112,1.0
0.9,0.5,0.04953439833025607,on-policy,exc_betting,1422,1.0
0.9,0.5,0.04953439833025607,on-policy,exceedance,1422,0.9966666666666667
0.9,0.5,0.04953439833025607,on-policy,exc_empbernstein,1422,1.0
0.9,0.5,0.04953439833025607,on-policy,exc_betting,1817,1.0
0.9,0.5,0.04953439833025607,on-policy,exceedance,1817,1.0
0.9,0.5,0.04953439833025607,on-policy,exc_empbernstein,1817,1.0
0.9,0.5,0.04953439833025607,on-policy,exc_betting,2322,1.0
0.9,0.5,0.04953439833025607,on-policy,exceedance,2322,1.0
0.9,0.5,0.04953439833025607,on-policy,exc_empbernstein,2322,1.0
0.9,0.5,0.04953439833025607,on-policy,exc_betting,2967,1.0
0.9,0.5,0.04953439833025607,on-policy,exceedance,2967,1.0
0.9,0.5,0.04953439833025607,on-policy,exc_empbernstein,2967,1.0
0.9,0.5,0.04953439833025607,on-policy,exc_betting,3791,1.0
0.9,0.5,0.04953439833025607,on-policy,exceedance,3791,1.0
0.9,0.5,0.04953439833025607,on-policy,exc_empbernstein,3791,1.0
0.9,0.5,0.04953439833025607,on-policy,exc_betting,4845,1.0
0.9,0.5,0.04953439833025607,on-policy,exceedance,4845,1.0
0.9,0.5,0.04953439833025607,on-policy,exc_empbernstein,4845,1.0
0.9,0.5,0.04953439833025607,on-policy,exc_betting,6191,1.0
0.9,0.5,0.04953439833025607,on-policy,exceedance,6191,1.0
0.9,0.5,0.04953439833025607,on-policy,exc_empbernstein,6191,1.0
0.9,0.5,0.04953439833025607,on-policy,exc_betting,7912,1.0
0.9,0.5,0.04953439833025607,on-policy,exceedance,7912,1.0
0.9,0.5,0.04953439833025607,on-policy,exc_empbernstein,7912,1.0
0.9,0.5,0.04953439833025607,on-policy,exc_betting,10110,1.0
0.9,0.5,0.04953439833025607,on-policy,exceedance,10110,1.0
0.9,0.5,0.04953439833025607,on-policy,exc_empbernstein,10110,1.0
0.9,0.5,0.04953439833025607,on-policy,exc_betting,12920,1.0
0.9,0.5,0.04953439833025607,on-policy,exceedance,12920,1.0
0.9,0.5,0.04953439833025607,on-policy,exc_empbernstein,12920,1.0
0.9,0.5,0.04953439833025607,on-policy,exc_betting,16510,1.0
0.9,0.5,0.04953439833025607,on-policy,exceedance,16510,1.0
0.9,0.5,0.04953439833025607,on-policy,exc_empbernstein,16510,1.0
0.9,0.5,0.04953439833025607,on-policy,exc_betting,21098,1.0
0.9,0.5,0.04953439833025607,on-policy,exceedance,21098,1.0
0.9,0.5,0.04953439833025607,on-policy,exc_empbernstein,21098,1.0
0.9,0.5,0.04953439833025607,on-policy,exc_betting,26960,1.0
0.9,0.5,0.04953439833025607,on-policy,exceedance,26960,1.0
0.9,0.5,0.04953439833025607,on-policy,exc_empbernstein,26960,1.0
0.9,0.5,0.04953439833025607,on-policy,exc_betting,34451,1.0
0.9,0.5,0.04953439833025607,on-policy,exceedance,34451,1.0
0.9,0.5,0.04953439833025607,on-policy,exc_empbernstein,34451,1.0
0.9,0.5,0.04953439833025607,on-policy,exc_betting,44024,1.0
0.9,0.5,0.04953439833025607,on-policy,exceedance,44024,1.0
0.9,0.5,0.04953439833025607,on-policy,exc_empbernstein,44024,1.0
0.9,0.5,0.04953439833025607,on-policy,exc_betting,56257,1.0
0.9,0.5,0.04953439833025607,on-policy,exceedance,56257,1.0
0.9,0.5,0.04953439833025607,on-policy,exc_empbernstein,56257,1.0
0.9,0.5,0.04953439833025607,on-policy,exc_betting,71889,1.0
0.9,0.5,0.04953439833025607,on-policy,exceedance,71889,1.0
0.9,0.5,0.04953439833025607,on-policy,exc_empbernstein,71889,1.0
0.9,0.5,0.04953439833025607,on-policy,exc_betting,91865,1.0
0.9,0.5,0.04953439833025607,on-policy,exceedance,91865,1.0
0.9,0.5,0.04953439833025607,on-policy,exc_empbernstein,91865,1.0
0.9,0.5,0.04953439833025607,on-policy,exc_betting,117391,1.0
0.9,0.5,0.04953439833025607,on-policy,exceedance,117391,1.0
0.9,0.5,0.04953439833025607,on-policy,exc_empbernstein,117391,1.0
0.9,0.5,0.04953439833025607,on-policy,exc_betting,150010,1.0
0.9,0.5,0.04953439833025607,on-policy,exceedance,150010,1.0
0.9,0.5,0.04953439833025607,on-policy,exc_empbernstein,150010,1.0
0.9,0.5,0.04953439833025607,on-policy,exc_betting,191692,1.0
0.9,0.5,0.04953439833025607,on-policy,exceedance,191692,1.0
0.9,0.5,0.04953439833025607,on-policy,exc_empbernstein,191692,1.0
0.9,0.5,0.04953439833025607,on-policy,exc_betting,244957,1.0
0.9,0.5,0.04953439833025607,on-policy,exceedance,244957,1.0
0.9,0.5,0.04953439833025607,on-policy,exc_empbernstein,244957,1.0
0.9,0.5,0.04953439833025607,on-policy,exc_betting,313022,1.0
0.9,0.5,0.04953439833025607,on-policy,exceedance,313022,1.0
0.9,0.5,0.04953439833025607,on-policy,exc_empbernstein,313022,1.0
0.9,0.5,0.04953439833025607,on-policy,exc_betting,400000,1.0
0.9,0.5,0.04953439833025607,on-policy,exceedance,400000,1.0
0.9,0.5,0.04953439833025607,on-policy,exc_empbernstein,400000,1.0
0.9,0.5,0.04953439833025607,uniform,exc_betting,200,0.0
0.9,0.5,0.04953439833025607,uniform,exceedance,200,0.0
0.9,0.5,0.04953439833025607,uniform,exc_empbernstein,200,0.0
0.9,0.5,0.04953439833025607,uniform,exc_betting,255,0.0
0.9,0.5,0.04953439833025607,uniform,exceedance,255,0.0
0.9,0.5,0.04953439833025607,uniform,exc_empbernstein,255,0.0
0.9,0.5,0.04953439833025607,uniform,exc_betting,326,0.0
0.9,0.5,0.04953439833025607,uniform,exceedance,326,0.0
0.9,0.5,0.04953439833025607,uniform,exc_empbernstein,326,0.0
0.9,0.5,0.04953439833025607,uniform,exc_betting,417,0.0
0.9,0.5,0.04953439833025607,uniform,exceedance,417,0.0
0.9,0.5,0.04953439833025607,uniform,exc_empbernstein,417,0.0
0.9,0.5,0.04953439833025607,uniform,exc_betting,533,0.05333333333333334
0.9,0.5,0.04953439833025607,uniform,exceedance,533,0.0
0.9,0.5,0.04953439833025607,uniform,exc_empbernstein,533,0.0
0.9,0.5,0.04953439833025607,uniform,exc_betting,681,0.77
0.9,0.5,0.04953439833025607,uniform,exceedance,681,0.0
0.9,0.5,0.04953439833025607,uniform,exc_empbernstein,681,0.0
0.9,0.5,0.04953439833025607,uniform,exc_betting,870,0.9933333333333333
0.9,0.5,0.04953439833025607,uniform,exceedance,870,0.0
0.9,0.5,0.04953439833025607,uniform,exc_empbernstein,870,0.06
0.9,0.5,0.04953439833025607,uniform,exc_betting,1112,1.0
0.9,0.5,0.04953439833025607,uniform,exceedance,1112,0.0
0.9,0.5,0.04953439833025607,uniform,exc_empbernstein,1112,0.7266666666666667
0.9,0.5,0.04953439833025607,uniform,exc_betting,1422,1.0
0.9,0.5,0.04953439833025607,uniform,exceedance,1422,0.0
0.9,0.5,0.04953439833025607,uniform,exc_empbernstein,1422,0.9533333333333334
0.9,0.5,0.04953439833025607,uniform,exc_betting,1817,1.0
0.9,0.5,0.04953439833025607,uniform,exceedance,1817,0.0
0.9,0.5,0.04953439833025607,uniform,exc_empbernstein,1817,1.0
0.9,0.5,0.04953439833025607,uniform,exc_betting,2322,1.0
0.9,0.5,0.04953439833025607,uniform,exceedance,2322,0.043333333333333335
0.9,0.5,0.04953439833025607,uniform,exc_empbernstein,2322,1.0
0.9,0.5,0.04953439833025607,uniform,exc_betting,2967,1.0
0.9,0.5,0.04953439833025607,uniform,exceedance,2967,0.8366666666666667
0.9,0.5,0.04953439833025607,uniform,exc_empbernstein,2967,1.0
0.9,0.5,0.04953439833025607,uniform,exc_betting,3791,1.0
0.9,0.5,0.04953439833025607,uniform,exceedance,3791,1.0
0.9,0.5,0.04953439833025607,uniform,exc_empbernstein,3791,1.0
0.9,0.5,0.04953439833025607,uniform,exc_betting,4845,1.0
0.9,0.5,0.04953439833025607,uniform,exceedance,4845,1.0
0.9,0.5,0.04953439833025607,uniform,exc_empbernstein,4845,1.0
0.9,0.5,0.04953439833025607,uniform,exc_betting,6191,1.0
0.9,0.5,0.04953439833025607,uniform,exceedance,6191,1.0
0.9,0.5,0.04953439833025607,uniform,exc_empbernstein,6191,1.0
0.9,0.5,0.04953439833025607,uniform,exc_betting,7912,1.0
0.9,0.5,0.04953439833025607,uniform,exceedance,7912,1.0
0.9,0.5,0.04953439833025607,uniform,exc_empbernstein,7912,1.0
0.9,0.5,0.04953439833025607,uniform,exc_betting,10110,1.0
0.9,0.5,0.04953439833025607,uniform,exceedance,10110,1.0
0.9,0.5,0.04953439833025607,uniform,exc_empbernstein,10110,1.0
0.9,0.5,0.04953439833025607,uniform,exc_betting,12920,1.0
0.9,0.5,0.04953439833025607,uniform,exceedance,12920,1.0
0.9,0.5,0.04953439833025607,uniform,exc_empbernstein,12920,1.0
0.9,0.5,0.04953439833025607,uniform,exc_betting,16510,1.0
0.9,0.5,0.04953439833025607,uniform,exceedance,16510,1.0
0.9,0.5,0.04953439833025607,uniform,exc_empbernstein,16510,1.0
0.9,0.5,0.04953439833025607,uniform,exc_betting,21098,1.0
0.9,0.5,0.04953439833025607,uniform,exceedance,21098,1.0
0.9,0.5,0.04953439833025607,uniform,exc_empbernstein,21098,1.0
0.9,0.5,0.04953439833025607,uniform,exc_betting,26960,1.0
0.9,0.5,0.04953439833025607,uniform,exceedance,26960,1.0
0.9,0.5,0.04953439833025607,uniform,exc_empbernstein,26960,1.0
0.9,0.5,0.04953439833025607,uniform,exc_betting,34451,1.0
0.9,0.5,0.04953439833025607,uniform,exceedance,34451,1.0
0.9,0.5,0.04953439833025607,uniform,exc_empbernstein,34451,1.0
0.9,0.5,0.04953439833025607,uniform,exc_betting,44024,1.0
0.9,0.5,0.04953439833025607,uniform,exceedance,44024,1.0
0.9,0.5,0.04953439833025607,uniform,exc_empbernstein,44024,1.0
0.9,0.5,0.04953439833025607,uniform,exc_betting,56257,1.0
0.9,0.5,0.04953439833025607,uniform,exceedance,56257,1.0
0.9,0.5,0.04953439833025607,uniform,exc_empbernstein,56257,1.0
0.9,0.5,0.04953439833025607,uniform,exc_betting,71889,1.0
0.9,0.5,0.04953439833025607,uniform,exceedance,71889,1.0
0.9,0.5,0.04953439833025607,uniform,exc_empbernstein,71889,1.0
0.9,0.5,0.04953439833025607,uniform,exc_betting,91865,1.0
0.9,0.5,0.04953439833025607,uniform,exceedance,91865,1.0
0.9,0.5,0.04953439833025607,uniform,exc_empbernstein,91865,1.0
0.9,0.5,0.04953439833025607,uniform,exc_betting,117391,1.0
0.9,0.5,0.04953439833025607,uniform,exceedance,117391,1.0
0.9,0.5,0.04953439833025607,uniform,exc_empbernstein,117391,1.0
0.9,0.5,0.04953439833025607,uniform,exc_betting,150010,1.0
0.9,0.5,0.04953439833025607,uniform,exceedance,150010,1.0
0.9,0.5,0.04953439833025607,uniform,exc_empbernstein,150010,1.0
0.9,0.5,0.04953439833025607,uniform,exc_betting,191692,1.0
0.9,0.5,0.04953439833025607,uniform,exceedance,191692,1.0
0.9,0.5,0.04953439833025607,uniform,exc_empbernstein,191692,1.0
0.9,0.5,0.04953439833025607,uniform,exc_betting,244957,1.0
0.9,0.5,0.04953439833025607,uniform,exceedance,244957,1.0
0.9,0.5,0.04953439833025607,uniform,exc_empbernstein,244957,1.0
0.9,0.5,0.04953439833025607,uniform,exc_betting,313022,1.0
0.9,0.5,0.04953439833025607,uniform,exceedance,313022,1.0
0.9,0.5,0.04953439833025607,uniform,exc_empbernstein,313022,1.0
0.9,0.5,0.04953439833025607,uniform,exc_betting,400000,1.0
0.9,0.5,0.04953439833025607,uniform,exceedance,400000,1.0
0.9,0.5,0.04953439833025607,uniform,exc_empbernstein,400000,1.0
0.9,0.5,0.04953439833025607,tail-aware,exc_betting,200,0.0
0.9,0.5,0.04953439833025607,tail-aware,exceedance,200,0.0
0.9,0.5,0.04953439833025607,tail-aware,exc_empbernstein,200,0.0
0.9,0.5,0.04953439833025607,tail-aware,exc_betting,255,0.0
0.9,0.5,0.04953439833025607,tail-aware,exceedance,255,0.0
0.9,0.5,0.04953439833025607,tail-aware,exc_empbernstein,255,0.0
0.9,0.5,0.04953439833025607,tail-aware,exc_betting,326,0.12
0.9,0.5,0.04953439833025607,tail-aware,exceedance,326,0.0
0.9,0.5,0.04953439833025607,tail-aware,exc_empbernstein,326,0.0
0.9,0.5,0.04953439833025607,tail-aware,exc_betting,417,0.9533333333333334
0.9,0.5,0.04953439833025607,tail-aware,exceedance,417,0.0
0.9,0.5,0.04953439833025607,tail-aware,exc_empbernstein,417,0.0
0.9,0.5,0.04953439833025607,tail-aware,exc_betting,533,1.0
0.9,0.5,0.04953439833025607,tail-aware,exceedance,533,0.0
0.9,0.5,0.04953439833025607,tail-aware,exc_empbernstein,533,0.62
0.9,0.5,0.04953439833025607,tail-aware,exc_betting,681,1.0
0.9,0.5,0.04953439833025607,tail-aware,exceedance,681,0.0
0.9,0.5,0.04953439833025607,tail-aware,exc_empbernstein,681,0.95
0.9,0.5,0.04953439833025607,tail-aware,exc_betting,870,1.0
0.9,0.5,0.04953439833025607,tail-aware,exceedance,870,0.0
0.9,0.5,0.04953439833025607,tail-aware,exc_empbernstein,870,1.0
0.9,0.5,0.04953439833025607,tail-aware,exc_betting,1112,1.0
0.9,0.5,0.04953439833025607,tail-aware,exceedance,1112,0.0
0.9,0.5,0.04953439833025607,tail-aware,exc_empbernstein,1112,1.0
0.9,0.5,0.04953439833025607,tail-aware,exc_betting,1422,1.0
0.9,0.5,0.04953439833025607,tail-aware,exceedance,1422,0.2866666666666667
0.9,0.5,0.04953439833025607,tail-aware,exc_empbernstein,1422,1.0
0.9,0.5,0.04953439833025607,tail-aware,exc_betting,1817,1.0
0.9,0.5,0.04953439833025607,tail-aware,exceedance,1817,0.9866666666666667
0.9,0.5,0.04953439833025607,tail-aware,exc_empbernstein,1817,1.0
0.9,0.5,0.04953439833025607,tail-aware,exc_betting,2322,1.0
0.9,0.5,0.04953439833025607,tail-aware,exceedance,2322,1.0
0.9,0.5,0.04953439833025607,tail-aware,exc_empbernstein,2322,1.0
0.9,0.5,0.04953439833025607,tail-aware,exc_betting,2967,1.0
0.9,0.5,0.04953439833025607,tail-aware,exceedance,2967,1.0
0.9,0.5,0.04953439833025607,tail-aware,exc_empbernstein,2967,1.0
0.9,0.5,0.04953439833025607,tail-aware,exc_betting,3791,1.0
0.9,0.5,0.04953439833025607,tail-aware,exceedance,3791,1.0
0.9,0.5,0.04953439833025607,tail-aware,exc_empbernstein,3791,1.0
0.9,0.5,0.04953439833025607,tail-aware,exc_betting,4845,1.0
0.9,0.5,0.04953439833025607,tail-aware,exceedance,4845,1.0
0.9,0.5,0.04953439833025607,tail-aware,exc_empbernstein,4845,1.0
0.9,0.5,0.04953439833025607,tail-aware,exc_betting,6191,1.0
0.9,0.5,0.04953439833025607,tail-aware,exceedance,6191,1.0
0.9,0.5,0.04953439833025607,tail-aware,exc_empbernstein,6191,1.0
0.9,0.5,0.04953439833025607,tail-aware,exc_betting,7912,1.0
0.9,0.5,0.04953439833025607,tail-aware,exceedance,7912,1.0
0.9,0.5,0.04953439833025607,tail-aware,exc_empbernstein,7912,1.0
0.9,0.5,0.04953439833025607,tail-aware,exc_betting,10110,1.0
0.9,0.5,0.04953439833025607,tail-aware,exceedance,10110,1.0
0.9,0.5,0.04953439833025607,tail-aware,exc_empbernstein,10110,1.0
0.9,0.5,0.04953439833025607,tail-aware,exc_betting,12920,1.0
0.9,0.5,0.04953439833025607,tail-aware,exceedance,12920,1.0
0.9,0.5,0.04953439833025607,tail-aware,exc_empbernstein,12920,1.0
0.9,0.5,0.04953439833025607,tail-aware,exc_betting,16510,1.0
0.9,0.5,0.04953439833025607,tail-aware,exceedance,16510,1.0
0.9,0.5,0.04953439833025607,tail-aware,exc_empbernstein,16510,1.0
0.9,0.5,0.04953439833025607,tail-aware,exc_betting,21098,1.0
0.9,0.5,0.04953439833025607,tail-aware,exceedance,21098,1.0
0.9,0.5,0.04953439833025607,tail-aware,exc_empbernstein,21098,1.0
0.9,0.5,0.04953439833025607,tail-aware,exc_betting,26960,1.0
0.9,0.5,0.04953439833025607,tail-aware,exceedance,26960,1.0
0.9,0.5,0.04953439833025607,tail-aware,exc_empbernstein,26960,1.0
0.9,0.5,0.04953439833025607,tail-aware,exc_betting,34451,1.0
0.9,0.5,0.04953439833025607,tail-aware,exceedance,34451,1.0
0.9,0.5,0.04953439833025607,tail-aware,exc_empbernstein,34451,1.0
0.9,0.5,0.04953439833025607,tail-aware,exc_betting,44024,1.0
0.9,0.5,0.04953439833025607,tail-aware,exceedance,44024,1.0
0.9,0.5,0.04953439833025607,tail-aware,exc_empbernstein,44024,1.0
0.9,0.5,0.04953439833025607,tail-aware,exc_betting,56257,1.0
0.9,0.5,0.04953439833025607,tail-aware,exceedance,56257,1.0
0.9,0.5,0.04953439833025607,tail-aware,exc_empbernstein,56257,1.0
0.9,0.5,0.04953439833025607,tail-aware,exc_betting,71889,1.0
0.9,0.5,0.04953439833025607,tail-aware,exceedance,71889,1.0
0.9,0.5,0.04953439833025607,tail-aware,exc_empbernstein,71889,1.0
0.9,0.5,0.04953439833025607,tail-aware,exc_betting,91865,1.0
0.9,0.5,0.04953439833025607,tail-aware,exceedance,91865,1.0
0.9,0.5,0.04953439833025607,tail-aware,exc_empbernstein,91865,1.0
0.9,0.5,0.04953439833025607,tail-aware,exc_betting,117391,1.0
0.9,0.5,0.04953439833025607,tail-aware,exceedance,117391,1.0
0.9,0.5,0.04953439833025607,tail-aware,exc_empbernstein,117391,1.0
0.9,0.5,0.04953439833025607,tail-aware,exc_betting,150010,1.0
0.9,0.5,0.04953439833025607,tail-aware,exceedance,150010,1.0
0.9,0.5,0.04953439833025607,tail-aware,exc_empbernstein,150010,1.0
0.9,0.5,0.04953439833025607,tail-aware,exc_betting,191692,1.0
0.9,0.5,0.04953439833025607,tail-aware,exceedance,191692,1.0
0.9,0.5,0.04953439833025607,tail-aware,exc_empbernstein,191692,1.0
0.9,0.5,0.04953439833025607,tail-aware,exc_betting,244957,1.0
0.9,0.5,0.04953439833025607,tail-aware,exceedance,244957,1.0
0.9,0.5,0.04953439833025607,tail-aware,exc_empbernstein,244957,1.0
0.9,0.5,0.04953439833025607,tail-aware,exc_betting,313022,1.0
0.9,0.5,0.04953439833025607,tail-aware,exceedance,313022,1.0
0.9,0.5,0.04953439833025607,tail-aware,exc_empbernstein,313022,1.0
0.9,0.5,0.04953439833025607,tail-aware,exc_betting,400000,1.0
0.9,0.5,0.04953439833025607,tail-aware,exceedance,400000,1.0
0.9,0.5,0.04953439833025607,tail-aware,exc_empbernstein,400000,1.0
0.9,0.2,0.0802665168178534,on-policy,exc_betting,200,0.05333333333333334
0.9,0.2,0.0802665168178534,on-policy,exceedance,200,0.0
0.9,0.2,0.0802665168178534,on-policy,exc_empbernstein,200,0.0
0.9,0.2,0.0802665168178534,on-policy,exc_betting,255,0.06
0.9,0.2,0.0802665168178534,on-policy,exceedance,255,0.0
0.9,0.2,0.0802665168178534,on-policy,exc_empbernstein,255,0.0
0.9,0.2,0.0802665168178534,on-policy,exc_betting,326,0.09666666666666666
0.9,0.2,0.0802665168178534,on-policy,exceedance,326,0.0
0.9,0.2,0.0802665168178534,on-policy,exc_empbernstein,326,0.0033333333333333335
0.9,0.2,0.0802665168178534,on-policy,exc_betting,417,0.08666666666666667
0.9,0.2,0.0802665168178534,on-policy,exceedance,417,0.0
0.9,0.2,0.0802665168178534,on-policy,exc_empbernstein,417,0.0033333333333333335
0.9,0.2,0.0802665168178534,on-policy,exc_betting,533,0.15
0.9,0.2,0.0802665168178534,on-policy,exceedance,533,0.0
0.9,0.2,0.0802665168178534,on-policy,exc_empbernstein,533,0.02
0.9,0.2,0.0802665168178534,on-policy,exc_betting,681,0.13
0.9,0.2,0.0802665168178534,on-policy,exceedance,681,0.0
0.9,0.2,0.0802665168178534,on-policy,exc_empbernstein,681,0.03666666666666667
0.9,0.2,0.0802665168178534,on-policy,exc_betting,870,0.21333333333333335
0.9,0.2,0.0802665168178534,on-policy,exceedance,870,0.0
0.9,0.2,0.0802665168178534,on-policy,exc_empbernstein,870,0.05333333333333334
0.9,0.2,0.0802665168178534,on-policy,exc_betting,1112,0.33666666666666667
0.9,0.2,0.0802665168178534,on-policy,exceedance,1112,0.013333333333333334
0.9,0.2,0.0802665168178534,on-policy,exc_empbernstein,1112,0.15333333333333332
0.9,0.2,0.0802665168178534,on-policy,exc_betting,1422,0.4166666666666667
0.9,0.2,0.0802665168178534,on-policy,exceedance,1422,0.016666666666666666
0.9,0.2,0.0802665168178534,on-policy,exc_empbernstein,1422,0.24666666666666667
0.9,0.2,0.0802665168178534,on-policy,exc_betting,1817,0.59
0.9,0.2,0.0802665168178534,on-policy,exceedance,1817,0.05333333333333334
0.9,0.2,0.0802665168178534,on-policy,exc_empbernstein,1817,0.42333333333333334
0.9,0.2,0.0802665168178534,on-policy,exc_betting,2322,0.7366666666666667
0.9,0.2,0.0802665168178534,on-policy,exceedance,2322,0.13666666666666666
0.9,0.2,0.0802665168178534,on-policy,exc_empbernstein,2322,0.6666666666666666
0.9,0.2,0.0802665168178534,on-policy,exc_betting,2967,0.8566666666666667
0.9,0.2,0.0802665168178534,on-policy,exceedance,2967,0.2833333333333333
0.9,0.2,0.0802665168178534,on-policy,exc_empbernstein,2967,0.81
0.9,0.2,0.0802665168178534,on-policy,exc_betting,3791,0.9666666666666667
0.9,0.2,0.0802665168178534,on-policy,exceedance,3791,0.45666666666666667
0.9,0.2,0.0802665168178534,on-policy,exc_empbernstein,3791,0.9466666666666667
0.9,0.2,0.0802665168178534,on-policy,exc_betting,4845,0.98
0.9,0.2,0.0802665168178534,on-policy,exceedance,4845,0.6966666666666667
0.9,0.2,0.0802665168178534,on-policy,exc_empbernstein,4845,0.9733333333333334
0.9,0.2,0.0802665168178534,on-policy,exc_betting,6191,1.0
0.9,0.2,0.0802665168178534,on-policy,exceedance,6191,0.8766666666666667
0.9,0.2,0.0802665168178534,on-policy,exc_empbernstein,6191,1.0
0.9,0.2,0.0802665168178534,on-policy,exc_betting,7912,1.0
0.9,0.2,0.0802665168178534,on-policy,exceedance,7912,0.9933333333333333
0.9,0.2,0.0802665168178534,on-policy,exc_empbernstein,7912,1.0
0.9,0.2,0.0802665168178534,on-policy,exc_betting,10110,1.0
0.9,0.2,0.0802665168178534,on-policy,exceedance,10110,1.0
0.9,0.2,0.0802665168178534,on-policy,exc_empbernstein,10110,1.0
0.9,0.2,0.0802665168178534,on-policy,exc_betting,12920,1.0
0.9,0.2,0.0802665168178534,on-policy,exceedance,12920,1.0
0.9,0.2,0.0802665168178534,on-policy,exc_empbernstein,12920,1.0
0.9,0.2,0.0802665168178534,on-policy,exc_betting,16510,1.0
0.9,0.2,0.0802665168178534,on-policy,exceedance,16510,1.0
0.9,0.2,0.0802665168178534,on-policy,exc_empbernstein,16510,1.0
0.9,0.2,0.0802665168178534,on-policy,exc_betting,21098,1.0
0.9,0.2,0.0802665168178534,on-policy,exceedance,21098,1.0
0.9,0.2,0.0802665168178534,on-policy,exc_empbernstein,21098,1.0
0.9,0.2,0.0802665168178534,on-policy,exc_betting,26960,1.0
0.9,0.2,0.0802665168178534,on-policy,exceedance,26960,1.0
0.9,0.2,0.0802665168178534,on-policy,exc_empbernstein,26960,1.0
0.9,0.2,0.0802665168178534,on-policy,exc_betting,34451,1.0
0.9,0.2,0.0802665168178534,on-policy,exceedance,34451,1.0
0.9,0.2,0.0802665168178534,on-policy,exc_empbernstein,34451,1.0
0.9,0.2,0.0802665168178534,on-policy,exc_betting,44024,1.0
0.9,0.2,0.0802665168178534,on-policy,exceedance,44024,1.0
0.9,0.2,0.0802665168178534,on-policy,exc_empbernstein,44024,1.0
0.9,0.2,0.0802665168178534,on-policy,exc_betting,56257,1.0
0.9,0.2,0.0802665168178534,on-policy,exceedance,56257,1.0
0.9,0.2,0.0802665168178534,on-policy,exc_empbernstein,56257,1.0
0.9,0.2,0.0802665168178534,on-policy,exc_betting,71889,1.0
0.9,0.2,0.0802665168178534,on-policy,exceedance,71889,1.0
0.9,0.2,0.0802665168178534,on-policy,exc_empbernstein,71889,1.0
0.9,0.2,0.0802665168178534,on-policy,exc_betting,91865,1.0
0.9,0.2,0.0802665168178534,on-policy,exceedance,91865,1.0
0.9,0.2,0.0802665168178534,on-policy,exc_empbernstein,91865,1.0
0.9,0.2,0.0802665168178534,on-policy,exc_betting,117391,1.0
0.9,0.2,0.0802665168178534,on-policy,exceedance,117391,1.0
0.9,0.2,0.0802665168178534,on-policy,exc_empbernstein,117391,1.0
0.9,0.2,0.0802665168178534,on-policy,exc_betting,150010,1.0
0.9,0.2,0.0802665168178534,on-policy,exceedance,150010,1.0
0.9,0.2,0.0802665168178534,on-policy,exc_empbernstein,150010,1.0
0.9,0.2,0.0802665168178534,on-policy,exc_betting,191692,1.0
0.9,0.2,0.0802665168178534,on-policy,exceedance,191692,1.0
0.9,0.2,0.0802665168178534,on-policy,exc_empbernstein,191692,1.0
0.9,0.2,0.0802665168178534,on-policy,exc_betting,244957,1.0
0.9,0.2,0.0802665168178534,on-policy,exceedance,244957,1.0
0.9,0.2,0.0802665168178534,on-policy,exc_empbernstein,244957,1.0
0.9,0.2,0.0802665168178534,on-policy,exc_betting,313022,1.0
0.9,0.2,0.0802665168178534,on-policy,exceedance,313022,1.0
0.9,0.2,0.0802665168178534,on-policy,exc_empbernstein,313022,1.0
0.9,0.2,0.0802665168178534,on-policy,exc_betting,400000,1.0
0.9,0.2,0.0802665168178534,on-policy,exceedance,400000,1.0
0.9,0.2,0.0802665168178534,on-policy,exc_empbernstein,400000,1.0
0.9,0.2,0.0802665168178534,uniform,exc_betting,200,0.0
0.9,0.2,0.0802665168178534,uniform,exceedance,200,0.0
0.9,0.2,0.0802665168178534,uniform,exc_empbernstein,200,0.0
0.9,0.2,0.0802665168178534,uniform,exc_betting,255,0.0
0.9,0.2,0.0802665168178534,uniform,exceedance,255,0.0
0.9,0.2,0.0802665168178534,uniform,exc_empbernstein,255,0.0
0.9,0.2,0.0802665168178534,uniform,exc_betting,326,0.0
0.9,0.2,0.0802665168178534,uniform,exceedance,326,0.0
0.9,0.2,0.0802665168178534,uniform,exc_empbernstein,326,0.0
0.9,0.2,0.0802665168178534,uniform,exc_betting,417,0.0
0.9,0.2,0.0802665168178534,uniform,exceedance,417,0.0
0.9,0.2,0.0802665168178534,uniform,exc_empbernstein,417,0.0
0.9,0.2,0.0802665168178534,uniform,exc_betting,533,0.0
0.9,0.2,0.0802665168178534,uniform,exceedance,533,0.0
0.9,0.2,0.0802665168178534,uniform,exc_empbernstein,533,0.0
0.9,0.2,0.0802665168178534,uniform,exc_betting,681,0.0
0.9,0.2,0.0802665168178534,uniform,exceedance,681,0.0
0.9,0.2,0.0802665168178534,uniform,exc_empbernstein,681,0.0
0.9,0.2,0.0802665168178534,uniform,exc_betting,870,0.0
0.9,0.2,0.0802665168178534,uniform,exceedance,870,0.0
0.9,0.2,0.0802665168178534,uniform,exc_empbernstein,870,0.0
0.9,0.2,0.0802665168178534,uniform,exc_betting,1112,0.07666666666666666
0.9,0.2,0.0802665168178534,uniform,exceedance,1112,0.0
0.9,0.2,0.0802665168178534,uniform,exc_empbernstein,1112,0.0
0.9,0.2,0.0802665168178534,uniform,exc_betting,1422,0.35333333333333333
0.9,0.2,0.0802665168178534,uniform,exceedance,1422,0.0
0.9,0.2,0.0802665168178534,uniform,exc_empbernstein,1422,0.0
0.9,0.2,0.0802665168178534,uniform,exc_betting,1817,0.6533333333333333
0.9,0.2,0.0802665168178534,uniform,exceedance,1817,0.0
0.9,0.2,0.0802665168178534,uniform,exc_empbernstein,1817,0.006666666666666667
0.9,0.2,0.0802665168178534,uniform,exc_betting,2322,0.8733333333333333
0.9,0.2,0.0802665168178534,uniform,exceedance,2322,0.0
0.9,0.2,0.0802665168178534,uniform,exc_empbernstein,2322,0.04666666666666667
0.9,0.2,0.0802665168178534,uniform,exc_betting,2967,0.9733333333333334
0.9,0.2,0.0802665168178534,uniform,exceedance,2967,0.0
0.9,0.2,0.0802665168178534,uniform,exc_empbernstein,2967,0.29333333333333333
0.9,0.2,0.0802665168178534,uniform,exc_betting,3791,1.0
0.9,0.2,0.0802665168178534,uniform,exceedance,3791,0.0
0.9,0.2,0.0802665168178534,uniform,exc_empbernstein,3791,0.68
0.9,0.2,0.0802665168178534,uniform,exc_betting,4845,1.0
0.9,0.2,0.0802665168178534,uniform,exceedance,4845,0.0
0.9,0.2,0.0802665168178534,uniform,exc_empbernstein,4845,0.9466666666666667
0.9,0.2,0.0802665168178534,uniform,exc_betting,6191,1.0
0.9,0.2,0.0802665168178534,uniform,exceedance,6191,0.0
0.9,0.2,0.0802665168178534,uniform,exc_empbernstein,6191,0.9966666666666667
0.9,0.2,0.0802665168178534,uniform,exc_betting,7912,1.0
0.9,0.2,0.0802665168178534,uniform,exceedance,7912,0.0
0.9,0.2,0.0802665168178534,uniform,exc_empbernstein,7912,1.0
0.9,0.2,0.0802665168178534,uniform,exc_betting,10110,1.0
0.9,0.2,0.0802665168178534,uniform,exceedance,10110,0.0
0.9,0.2,0.0802665168178534,uniform,exc_empbernstein,10110,1.0
0.9,0.2,0.0802665168178534,uniform,exc_betting,12920,1.0
0.9,0.2,0.0802665168178534,uniform,exceedance,12920,0.06
0.9,0.2,0.0802665168178534,uniform,exc_empbernstein,12920,1.0
0.9,0.2,0.0802665168178534,uniform,exc_betting,16510,1.0
0.9,0.2,0.0802665168178534,uniform,exceedance,16510,0.54
0.9,0.2,0.0802665168178534,uniform,exc_empbernstein,16510,1.0
0.9,0.2,0.0802665168178534,uniform,exc_betting,21098,1.0
0.9,0.2,0.0802665168178534,uniform,exceedance,21098,0.96
0.9,0.2,0.0802665168178534,uniform,exc_empbernstein,21098,1.0
0.9,0.2,0.0802665168178534,uniform,exc_betting,26960,1.0
0.9,0.2,0.0802665168178534,uniform,exceedance,26960,1.0
0.9,0.2,0.0802665168178534,uniform,exc_empbernstein,26960,1.0
0.9,0.2,0.0802665168178534,uniform,exc_betting,34451,1.0
0.9,0.2,0.0802665168178534,uniform,exceedance,34451,1.0
0.9,0.2,0.0802665168178534,uniform,exc_empbernstein,34451,1.0
0.9,0.2,0.0802665168178534,uniform,exc_betting,44024,1.0
0.9,0.2,0.0802665168178534,uniform,exceedance,44024,1.0
0.9,0.2,0.0802665168178534,uniform,exc_empbernstein,44024,1.0
0.9,0.2,0.0802665168178534,uniform,exc_betting,56257,1.0
0.9,0.2,0.0802665168178534,uniform,exceedance,56257,1.0
0.9,0.2,0.0802665168178534,uniform,exc_empbernstein,56257,1.0
0.9,0.2,0.0802665168178534,uniform,exc_betting,71889,1.0
0.9,0.2,0.0802665168178534,uniform,exceedance,71889,1.0
0.9,0.2,0.0802665168178534,uniform,exc_empbernstein,71889,1.0
0.9,0.2,0.0802665168178534,uniform,exc_betting,91865,1.0
0.9,0.2,0.0802665168178534,uniform,exceedance,91865,1.0
0.9,0.2,0.0802665168178534,uniform,exc_empbernstein,91865,1.0
0.9,0.2,0.0802665168178534,uniform,exc_betting,117391,1.0
0.9,0.2,0.0802665168178534,uniform,exceedance,117391,1.0
0.9,0.2,0.0802665168178534,uniform,exc_empbernstein,117391,1.0
0.9,0.2,0.0802665168178534,uniform,exc_betting,150010,1.0
0.9,0.2,0.0802665168178534,uniform,exceedance,150010,1.0
0.9,0.2,0.0802665168178534,uniform,exc_empbernstein,150010,1.0
0.9,0.2,0.0802665168178534,uniform,exc_betting,191692,1.0
0.9,0.2,0.0802665168178534,uniform,exceedance,191692,1.0
0.9,0.2,0.0802665168178534,uniform,exc_empbernstein,191692,1.0
0.9,0.2,0.0802665168178534,uniform,exc_betting,244957,1.0
0.9,0.2,0.0802665168178534,uniform,exceedance,244957,1.0
0.9,0.2,0.0802665168178534,uniform,exc_empbernstein,244957,1.0
0.9,0.2,0.0802665168178534,uniform,exc_betting,313022,1.0
0.9,0.2,0.0802665168178534,uniform,exceedance,313022,1.0
0.9,0.2,0.0802665168178534,uniform,exc_empbernstein,313022,1.0
0.9,0.2,0.0802665168178534,uniform,exc_betting,400000,1.0
0.9,0.2,0.0802665168178534,uniform,exceedance,400000,1.0
0.9,0.2,0.0802665168178534,uniform,exc_empbernstein,400000,1.0
0.9,0.2,0.0802665168178534,tail-aware,exc_betting,200,0.0
0.9,0.2,0.0802665168178534,tail-aware,exceedance,200,0.0
0.9,0.2,0.0802665168178534,tail-aware,exc_empbernstein,200,0.0
0.9,0.2,0.0802665168178534,tail-aware,exc_betting,255,0.0
0.9,0.2,0.0802665168178534,tail-aware,exceedance,255,0.0
0.9,0.2,0.0802665168178534,tail-aware,exc_empbernstein,255,0.0
0.9,0.2,0.0802665168178534,tail-aware,exc_betting,326,0.0
0.9,0.2,0.0802665168178534,tail-aware,exceedance,326,0.0
0.9,0.2,0.0802665168178534,tail-aware,exc_empbernstein,326,0.0
0.9,0.2,0.0802665168178534,tail-aware,exc_betting,417,0.0
0.9,0.2,0.0802665168178534,tail-aware,exceedance,417,0.0
0.9,0.2,0.0802665168178534,tail-aware,exc_empbernstein,417,0.0
0.9,0.2,0.0802665168178534,tail-aware,exc_betting,533,0.0
0.9,0.2,0.0802665168178534,tail-aware,exceedance,533,0.0
0.9,0.2,0.0802665168178534,tail-aware,exc_empbernstein,533,0.0
0.9,0.2,0.0802665168178534,tail-aware,exc_betting,681,0.0
0.9,0.2,0.0802665168178534,tail-aware,exceedance,681,0.0
0.9,0.2,0.0802665168178534,tail-aware,exc_empbernstein,681,0.0
0.9,0.2,0.0802665168178534,tail-aware,exc_betting,870,0.01
0.9,0.2,0.0802665168178534,tail-aware,exceedance,870,0.0
0.9,0.2,0.0802665168178534,tail-aware,exc_empbernstein,870,0.0
0.9,0.2,0.0802665168178534,tail-aware,exc_betting,1112,0.43666666666666665
0.9,0.2,0.0802665168178534,tail-aware,exceedance,1112,0.0
0.9,0.2,0.0802665168178534,tail-aware,exc_empbernstein,1112,0.0
0.9,0.2,0.0802665168178534,tail-aware,exc_betting,1422,0.91
0.9,0.2,0.0802665168178534,tail-aware,exceedance,1422,0.0
0.9,0.2,0.0802665168178534,tail-aware,exc_empbernstein,1422,0.0
0.9,0.2,0.0802665168178534,tail-aware,exc_betting,1817,1.0
0.9,0.2,0.0802665168178534,tail-aware,exceedance,1817,0.0
0.9,0.2,0.0802665168178534,tail-aware,exc_empbernstein,1817,0.2866666666666667
0.9,0.2,0.0802665168178534,tail-aware,exc_betting,2322,1.0
0.9,0.2,0.0802665168178534,tail-aware,exceedance,2322,0.0
0.9,0.2,0.0802665168178534,tail-aware,exc_empbernstein,2322,0.84
0.9,0.2,0.0802665168178534,tail-aware,exc_betting,2967,1.0
0.9,0.2,0.0802665168178534,tail-aware,exceedance,2967,0.0
0.9,0.2,0.0802665168178534,tail-aware,exc_empbernstein,2967,0.9966666666666667
0.9,0.2,0.0802665168178534,tail-aware,exc_betting,3791,1.0
0.9,0.2,0.0802665168178534,tail-aware,exceedance,3791,0.0
0.9,0.2,0.0802665168178534,tail-aware,exc_empbernstein,3791,1.0
0.9,0.2,0.0802665168178534,tail-aware,exc_betting,4845,1.0
0.9,0.2,0.0802665168178534,tail-aware,exceedance,4845,0.0
0.9,0.2,0.0802665168178534,tail-aware,exc_empbernstein,4845,1.0
0.9,0.2,0.0802665168178534,tail-aware,exc_betting,6191,1.0
0.9,0.2,0.0802665168178534,tail-aware,exceedance,6191,0.0
0.9,0.2,0.0802665168178534,tail-aware,exc_empbernstein,6191,1.0
0.9,0.2,0.0802665168178534,tail-aware,exc_betting,7912,1.0
0.9,0.2,0.0802665168178534,tail-aware,exceedance,7912,0.0
0.9,0.2,0.0802665168178534,tail-aware,exc_empbernstein,7912,1.0
0.9,0.2,0.0802665168178534,tail-aware,exc_betting,10110,1.0
0.9,0.2,0.0802665168178534,tail-aware,exceedance,10110,0.0033333333333333335
0.9,0.2,0.0802665168178534,tail-aware,exc_empbernstein,10110,1.0
0.9,0.2,0.0802665168178534,tail-aware,exc_betting,12920,1.0
0.9,0.2,0.0802665168178534,tail-aware,exceedance,12920,0.5433333333333333
0.9,0.2,0.0802665168178534,tail-aware,exc_empbernstein,12920,1.0
0.9,0.2,0.0802665168178534,tail-aware,exc_betting,16510,1.0
0.9,0.2,0.0802665168178534,tail-aware,exceedance,16510,1.0
0.9,0.2,0.0802665168178534,tail-aware,exc_empbernstein,16510,1.0
0.9,0.2,0.0802665168178534,tail-aware,exc_betting,21098,1.0
0.9,0.2,0.0802665168178534,tail-aware,exceedance,21098,1.0
0.9,0.2,0.0802665168178534,tail-aware,exc_empbernstein,21098,1.0
0.9,0.2,0.0802665168178534,tail-aware,exc_betting,26960,1.0
0.9,0.2,0.0802665168178534,tail-aware,exceedance,26960,1.0
0.9,0.2,0.0802665168178534,tail-aware,exc_empbernstein,26960,1.0
0.9,0.2,0.0802665168178534,tail-aware,exc_betting,34451,1.0
0.9,0.2,0.0802665168178534,tail-aware,exceedance,34451,1.0
0.9,0.2,0.0802665168178534,tail-aware,exc_empbernstein,34451,1.0
0.9,0.2,0.0802665168178534,tail-aware,exc_betting,44024,1.0
0.9,0.2,0.0802665168178534,tail-aware,exceedance,44024,1.0
0.9,0.2,0.0802665168178534,tail-aware,exc_empbernstein,44024,1.0
0.9,0.2,0.0802665168178534,tail-aware,exc_betting,56257,1.0
0.9,0.2,0.0802665168178534,tail-aware,exceedance,56257,1.0
0.9,0.2,0.0802665168178534,tail-aware,exc_empbernstein,56257,1.0
0.9,0.2,0.0802665168178534,tail-aware,exc_betting,71889,1.0
0.9,0.2,0.0802665168178534,tail-aware,exceedance,71889,1.0
0.9,0.2,0.0802665168178534,tail-aware,exc_empbernstein,71889,1.0
0.9,0.2,0.0802665168178534,tail-aware,exc_betting,91865,1.0
0.9,0.2,0.0802665168178534,tail-aware,exceedance,91865,1.0
0.9,0.2,0.0802665168178534,tail-aware,exc_empbernstein,91865,1.0
0.9,0.2,0.0802665168178534,tail-aware,exc_betting,117391,1.0
0.9,0.2,0.0802665168178534,tail-aware,exceedance,117391,1.0
0.9,0.2,0.0802665168178534,tail-aware,exc_empbernstein,117391,1.0
0.9,0.2,0.0802665168178534,tail-aware,exc_betting,150010,1.0
0.9,0.2,0.0802665168178534,tail-aware,exceedance,150010,1.0
0.9,0.2,0.0802665168178534,tail-aware,exc_empbernstein,150010,1.0
0.9,0.2,0.0802665168178534,tail-aware,exc_betting,191692,1.0
0.9,0.2,0.0802665168178534,tail-aware,exceedance,191692,1.0
0.9,0.2,0.0802665168178534,tail-aware,exc_empbernstein,191692,1.0
0.9,0.2,0.0802665168178534,tail-aware,exc_betting,244957,1.0
0.9,0.2,0.0802665168178534,tail-aware,exceedance,244957,1.0
0.9,0.2,0.0802665168178534,tail-aware,exc_empbernstein,244957,1.0
0.9,0.2,0.0802665168178534,tail-aware,exc_betting,313022,1.0
0.9,0.2,0.0802665168178534,tail-aware,exceedance,313022,1.0
0.9,0.2,0.0802665168178534,tail-aware,exc_empbernstein,313022,1.0
0.9,0.2,0.0802665168178534,tail-aware,exc_betting,400000,1.0
0.9,0.2,0.0802665168178534,tail-aware,exceedance,400000,1.0
0.9,0.2,0.0802665168178534,tail-aware,exc_empbernstein,400000,1.0
0.9,0.1,0.09051055631371917,on-policy,exc_betting,200,0.01
0.9,0.1,0.09051055631371917,on-policy,exceedance,200,0.0
0.9,0.1,0.09051055631371917,on-policy,exc_empbernstein,200,0.0
0.9,0.1,0.09051055631371917,on-policy,exc_betting,255,0.02
0.9,0.1,0.09051055631371917,on-policy,exceedance,255,0.0
0.9,0.1,0.09051055631371917,on-policy,exc_empbernstein,255,0.0
0.9,0.1,0.09051055631371917,on-policy,exc_betting,326,0.02666666666666667
0.9,0.1,0.09051055631371917,on-policy,exceedance,326,0.0
0.9,0.1,0.09051055631371917,on-policy,exc_empbernstein,326,0.0
0.9,0.1,0.09051055631371917,on-policy,exc_betting,417,0.023333333333333334
0.9,0.1,0.09051055631371917,on-policy,exceedance,417,0.0
0.9,0.1,0.09051055631371917,on-policy,exc_empbernstein,417,0.0
0.9,0.1,0.09051055631371917,on-policy,exc_betting,533,0.03
0.9,0.1,0.09051055631371917,on-policy,exceedance,533,0.0
0.9,0.1,0.09051055631371917,on-policy,exc_empbernstein,533,0.0
0.9,0.1,0.09051055631371917,on-policy,exc_betting,681,0.02666666666666667
0.9,0.1,0.09051055631371917,on-policy,exceedance,681,0.0
0.9,0.1,0.09051055631371917,on-policy,exc_empbernstein,681,0.0
0.9,0.1,0.09051055631371917,on-policy,exc_betting,870,0.043333333333333335
0.9,0.1,0.09051055631371917,on-policy,exceedance,870,0.0
0.9,0.1,0.09051055631371917,on-policy,exc_empbernstein,870,0.01
0.9,0.1,0.09051055631371917,on-policy,exc_betting,1112,0.03
0.9,0.1,0.09051055631371917,on-policy,exceedance,1112,0.0
0.9,0.1,0.09051055631371917,on-policy,exc_empbernstein,1112,0.006666666666666667
0.9,0.1,0.09051055631371917,on-policy,exc_betting,1422,0.06
0.9,0.1,0.09051055631371917,on-policy,exceedance,1422,0.0
0.9,0.1,0.09051055631371917,on-policy,exc_empbernstein,1422,0.013333333333333334
0.9,0.1,0.09051055631371917,on-policy,exc_betting,1817,0.06666666666666667
0.9,0.1,0.09051055631371917,on-policy,exceedance,1817,0.0
0.9,0.1,0.09051055631371917,on-policy,exc_empbernstein,1817,0.04
0.9,0.1,0.09051055631371917,on-policy,exc_betting,2322,0.13
0.9,0.1,0.09051055631371917,on-policy,exceedance,2322,0.0033333333333333335
0.9,0.1,0.09051055631371917,on-policy,exc_empbernstein,2322,0.09
0.9,0.1,0.09051055631371917,on-policy,exc_betting,2967,0.14
0.9,0.1,0.09051055631371917,on-policy,exceedance,2967,0.01
0.9,0.1,0.09051055631371917,on-policy,exc_empbernstein,2967,0.08333333333333333
0.9,0.1,0.09051055631371917,on-policy,exc_betting,3791,0.23333333333333334
0.9,0.1,0.09051055631371917,on-policy,exceedance,3791,0.013333333333333334
0.9,0.1,0.09051055631371917,on-policy,exc_empbernstein,3791,0.17666666666666667
0.9,0.1,0.09051055631371917,on-policy,exc_betting,4845,0.29333333333333333
0.9,0.1,0.09051055631371917,on-policy,exceedance,4845,0.023333333333333334
0.9,0.1,0.09051055631371917,on-policy,exc_empbernstein,4845,0.2633333333333333
0.9,0.1,0.09051055631371917,on-policy,exc_betting,6191,0.42
0.9,0.1,0.09051055631371917,on-policy,exceedance,6191,0.05
0.9,0.1,0.09051055631371917,on-policy,exc_empbernstein,6191,0.4033333333333333
0.9,0.1,0.09051055631371917,on-policy,exc_betting,7912,0.5366666666666666
0.9,0.1,0.09051055631371917,on-policy,exceedance,7912,0.08333333333333333
0.9,0.1,0.09051055631371917,on-policy,exc_empbernstein,7912,0.5433333333333333
0.9,0.1,0.09051055631371917,on-policy,exc_betting,10110,0.7366666666666667
0.9,0.1,0.09051055631371917,on-policy,exceedance,10110,0.19
0.9,0.1,0.09051055631371917,on-policy,exc_empbernstein,10110,0.76
0.9,0.1,0.09051055631371917,on-policy,exc_betting,12920,0.91
0.9,0.1,0.09051055631371917,on-policy,exceedance,12920,0.3566666666666667
0.9,0.1,0.09051055631371917,on-policy,exc_empbernstein,12920,0.9233333333333333
0.9,0.1,0.09051055631371917,on-policy,exc_betting,16510,0.9166666666666666
0.9,0.1,0.09051055631371917,on-policy,exceedance,16510,0.56
0.9,0.1,0.09051055631371917,on-policy,exc_empbernstein,16510,0.9433333333333334
0.9,0.1,0.09051055631371917,on-policy,exc_betting,21098,0.99
0.9,0.1,0.09051055631371917,on-policy,exceedance,21098,0.75
0.9,0.1,0.09051055631371917,on-policy,exc_empbernstein,21098,0.9966666666666667
0.9,0.1,0.09051055631371917,on-policy,exc_betting,26960,1.0
0.9,0.1,0.09051055631371917,on-policy,exceedance,26960,0.95
0.9,0.1,0.09051055631371917,on-policy,exc_empbernstein,26960,1.0
0.9,0.1,0.09051055631371917,on-policy,exc_betting,34451,1.0
0.9,0.1,0.09051055631371917,on-policy,exceedance,34451,0.9933333333333333
0.9,0.1,0.09051055631371917,on-policy,exc_empbernstein,34451,1.0
0.9,0.1,0.09051055631371917,on-policy,exc_betting,44024,1.0
0.9,0.1,0.09051055631371917,on-policy,exceedance,44024,1.0
0.9,0.1,0.09051055631371917,on-policy,exc_empbernstein,44024,1.0
0.9,0.1,0.09051055631371917,on-policy,exc_betting,56257,1.0
0.9,0.1,0.09051055631371917,on-policy,exceedance,56257,1.0
0.9,0.1,0.09051055631371917,on-policy,exc_empbernstein,56257,1.0
0.9,0.1,0.09051055631371917,on-policy,exc_betting,71889,1.0
0.9,0.1,0.09051055631371917,on-policy,exceedance,71889,1.0
0.9,0.1,0.09051055631371917,on-policy,exc_empbernstein,71889,1.0
0.9,0.1,0.09051055631371917,on-policy,exc_betting,91865,1.0
0.9,0.1,0.09051055631371917,on-policy,exceedance,91865,1.0
0.9,0.1,0.09051055631371917,on-policy,exc_empbernstein,91865,1.0
0.9,0.1,0.09051055631371917,on-policy,exc_betting,117391,1.0
0.9,0.1,0.09051055631371917,on-policy,exceedance,117391,1.0
0.9,0.1,0.09051055631371917,on-policy,exc_empbernstein,117391,1.0
0.9,0.1,0.09051055631371917,on-policy,exc_betting,150010,1.0
0.9,0.1,0.09051055631371917,on-policy,exceedance,150010,1.0
0.9,0.1,0.09051055631371917,on-policy,exc_empbernstein,150010,1.0
0.9,0.1,0.09051055631371917,on-policy,exc_betting,191692,1.0
0.9,0.1,0.09051055631371917,on-policy,exceedance,191692,1.0
0.9,0.1,0.09051055631371917,on-policy,exc_empbernstein,191692,1.0
0.9,0.1,0.09051055631371917,on-policy,exc_betting,244957,1.0
0.9,0.1,0.09051055631371917,on-policy,exceedance,244957,1.0
0.9,0.1,0.09051055631371917,on-policy,exc_empbernstein,244957,1.0
0.9,0.1,0.09051055631371917,on-policy,exc_betting,313022,1.0
0.9,0.1,0.09051055631371917,on-policy,exceedance,313022,1.0
0.9,0.1,0.09051055631371917,on-policy,exc_empbernstein,313022,1.0
0.9,0.1,0.09051055631371917,on-policy,exc_betting,400000,1.0
0.9,0.1,0.09051055631371917,on-policy,exceedance,400000,1.0
0.9,0.1,0.09051055631371917,on-policy,exc_empbernstein,400000,1.0
0.9,0.1,0.09051055631371917,uniform,exc_betting,200,0.0
0.9,0.1,0.09051055631371917,uniform,exceedance,200,0.0
0.9,0.1,0.09051055631371917,uniform,exc_empbernstein,200,0.0
0.9,0.1,0.09051055631371917,uniform,exc_betting,255,0.0
0.9,0.1,0.09051055631371917,uniform,exceedance,255,0.0
0.9,0.1,0.09051055631371917,uniform,exc_empbernstein,255,0.0
0.9,0.1,0.09051055631371917,uniform,exc_betting,326,0.0
0.9,0.1,0.09051055631371917,uniform,exceedance,326,0.0
0.9,0.1,0.09051055631371917,uniform,exc_empbernstein,326,0.0
0.9,0.1,0.09051055631371917,uniform,exc_betting,417,0.0
0.9,0.1,0.09051055631371917,uniform,exceedance,417,0.0
0.9,0.1,0.09051055631371917,uniform,exc_empbernstein,417,0.0
0.9,0.1,0.09051055631371917,uniform,exc_betting,533,0.0
0.9,0.1,0.09051055631371917,uniform,exceedance,533,0.0
0.9,0.1,0.09051055631371917,uniform,exc_empbernstein,533,0.0
0.9,0.1,0.09051055631371917,uniform,exc_betting,681,0.0
0.9,0.1,0.09051055631371917,uniform,exceedance,681,0.0
0.9,0.1,0.09051055631371917,uniform,exc_empbernstein,681,0.0
0.9,0.1,0.09051055631371917,uniform,exc_betting,870,0.0
0.9,0.1,0.09051055631371917,uniform,exceedance,870,0.0
0.9,0.1,0.09051055631371917,uniform,exc_empbernstein,870,0.0
0.9,0.1,0.09051055631371917,uniform,exc_betting,1112,0.0
0.9,0.1,0.09051055631371917,uniform,exceedance,1112,0.0
0.9,0.1,0.09051055631371917,uniform,exc_empbernstein,1112,0.0
0.9,0.1,0.09051055631371917,uniform,exc_betting,1422,0.02666666666666667
0.9,0.1,0.09051055631371917,uniform,exceedance,1422,0.0
0.9,0.1,0.09051055631371917,uniform,exc_empbernstein,1422,0.0
0.9,0.1,0.09051055631371917,uniform,exc_betting,1817,0.04666666666666667
0.9,0.1,0.09051055631371917,uniform,exceedance,1817,0.0
0.9,0.1,0.09051055631371917,uniform,exc_empbernstein,1817,0.0
0.9,0.1,0.09051055631371917,uniform,exc_betting,2322,0.10666666666666667
0.9,0.1,0.09051055631371917,uniform,exceedance,2322,0.0
0.9,0.1,0.09051055631371917,uniform,exc_empbernstein,2322,0.0
0.9,0.1,0.09051055631371917,uniform,exc_betting,2967,0.27666666666666667
0.9,0.1,0.09051055631371917,uniform,exceedance,2967,0.0
0.9,0.1,0.09051055631371917,uniform,exc_empbernstein,2967,0.0
0.9,0.1,0.09051055631371917,uniform,exc_betting,3791,0.45666666666666667
0.9,0.1,0.09051055631371917,uniform,exceedance,3791,0.0
0.9,0.1,0.09051055631371917,uniform,exc_empbernstein,3791,0.006666666666666667
0.9,0.1,0.09051055631371917,uniform,exc_betting,4845,0.6366666666666667
0.9,0.1,0.09051055631371917,uniform,exceedance,4845,0.0
0.9,0.1,0.09051055631371917,uniform,exc_empbernstein,4845,0.03666666666666667
0.9,0.1,0.09051055631371917,uniform,exc_betting,6191,0.78
0.9,0.1,0.09051055631371917,uniform,exceedance,6191,0.0
0.9,0.1,0.09051055631371917,uniform,exc_empbernstein,6191,0.12333333333333334
0.9,0.1,0.09051055631371917,uniform,exc_betting,7912,0.9066666666666666
0.9,0.1,0.09051055631371917,uniform,exceedance,7912,0.0
0.9,0.1,0.09051055631371917,uniform,exc_empbernstein,7912,0.37666666666666665
0.9,0.1,0.09051055631371917,uniform,exc_betting,10110,0.96
0.9,0.1,0.09051055631371917,uniform,exceedance,10110,0.0
0.9,0.1,0.09051055631371917,uniform,exc_empbernstein,10110,0.6766666666666666
0.9,0.1,0.09051055631371917,uniform,exc_betting,12920,0.98
0.9,0.1,0.09051055631371917,uniform,exceedance,12920,0.0
0.9,0.1,0.09051055631371917,uniform,exc_empbernstein,12920,0.8833333333333333
0.9,0.1,0.09051055631371917,uniform,exc_betting,16510,0.9966666666666667
0.9,0.1,0.09051055631371917,uniform,exceedance,16510,0.0
0.9,0.1,0.09051055631371917,uniform,exc_empbernstein,16510,0.9766666666666667
0.9,0.1,0.09051055631371917,uniform,exc_betting,21098,1.0
0.9,0.1,0.09051055631371917,uniform,exceedance,21098,0.0
0.9,0.1,0.09051055631371917,uniform,exc_empbernstein,21098,1.0
0.9,0.1,0.09051055631371917,uniform,exc_betting,26960,1.0
0.9,0.1,0.09051055631371917,uniform,exceedance,26960,0.0
0.9,0.1,0.09051055631371917,uniform,exc_empbernstein,26960,1.0
0.9,0.1,0.09051055631371917,uniform,exc_betting,34451,1.0
0.9,0.1,0.09051055631371917,uniform,exceedance,34451,0.0
0.9,0.1,0.09051055631371917,uniform,exc_empbernstein,34451,1.0
0.9,0.1,0.09051055631371917,uniform,exc_betting,44024,1.0
0.9,0.1,0.09051055631371917,uniform,exceedance,44024,0.013333333333333334
0.9,0.1,0.09051055631371917,uniform,exc_empbernstein,44024,1.0
0.9,0.1,0.09051055631371917,uniform,exc_betting,56257,1.0
0.9,0.1,0.09051055631371917,uniform,exceedance,56257,0.19666666666666666
0.9,0.1,0.09051055631371917,uniform,exc_empbernstein,56257,1.0
0.9,0.1,0.09051055631371917,uniform,exc_betting,71889,1.0
0.9,0.1,0.09051055631371917,uniform,exceedance,71889,0.8
0.9,0.1,0.09051055631371917,uniform,exc_empbernstein,71889,1.0
0.9,0.1,0.09051055631371917,uniform,exc_betting,91865,1.0
0.9,0.1,0.09051055631371917,uniform,exceedance,91865,0.99
0.9,0.1,0.09051055631371917,uniform,exc_empbernstein,91865,1.0
0.9,0.1,0.09051055631371917,uniform,exc_betting,117391,1.0
0.9,0.1,0.09051055631371917,uniform,exceedance,117391,1.0
0.9,0.1,0.09051055631371917,uniform,exc_empbernstein,117391,1.0
0.9,0.1,0.09051055631371917,uniform,exc_betting,150010,1.0
0.9,0.1,0.09051055631371917,uniform,exceedance,150010,1.0
0.9,0.1,0.09051055631371917,uniform,exc_empbernstein,150010,1.0
0.9,0.1,0.09051055631371917,uniform,exc_betting,191692,1.0
0.9,0.1,0.09051055631371917,uniform,exceedance,191692,1.0
0.9,0.1,0.09051055631371917,uniform,exc_empbernstein,191692,1.0
0.9,0.1,0.09051055631371917,uniform,exc_betting,244957,1.0
0.9,0.1,0.09051055631371917,uniform,exceedance,244957,1.0
0.9,0.1,0.09051055631371917,uniform,exc_empbernstein,244957,1.0
0.9,0.1,0.09051055631371917,uniform,exc_betting,313022,1.0
0.9,0.1,0.09051055631371917,uniform,exceedance,313022,1.0
0.9,0.1,0.09051055631371917,uniform,exc_empbernstein,313022,1.0
0.9,0.1,0.09051055631371917,uniform,exc_betting,400000,1.0
0.9,0.1,0.09051055631371917,uniform,exceedance,400000,1.0
0.9,0.1,0.09051055631371917,uniform,exc_empbernstein,400000,1.0
0.9,0.1,0.09051055631371917,tail-aware,exc_betting,200,0.0
0.9,0.1,0.09051055631371917,tail-aware,exceedance,200,0.0
0.9,0.1,0.09051055631371917,tail-aware,exc_empbernstein,200,0.0
0.9,0.1,0.09051055631371917,tail-aware,exc_betting,255,0.0
0.9,0.1,0.09051055631371917,tail-aware,exceedance,255,0.0
0.9,0.1,0.09051055631371917,tail-aware,exc_empbernstein,255,0.0
0.9,0.1,0.09051055631371917,tail-aware,exc_betting,326,0.0
0.9,0.1,0.09051055631371917,tail-aware,exceedance,326,0.0
0.9,0.1,0.09051055631371917,tail-aware,exc_empbernstein,326,0.0
0.9,0.1,0.09051055631371917,tail-aware,exc_betting,417,0.0
0.9,0.1,0.09051055631371917,tail-aware,exceedance,417,0.0
0.9,0.1,0.09051055631371917,tail-aware,exc_empbernstein,417,0.0
0.9,0.1,0.09051055631371917,tail-aware,exc_betting,533,0.0
0.9,0.1,0.09051055631371917,tail-aware,exceedance,533,0.0
0.9,0.1,0.09051055631371917,tail-aware,exc_empbernstein,533,0.0
0.9,0.1,0.09051055631371917,tail-aware,exc_betting,681,0.0
0.9,0.1,0.09051055631371917,tail-aware,exceedance,681,0.0
0.9,0.1,0.09051055631371917,tail-aware,exc_empbernstein,681,0.0
0.9,0.1,0.09051055631371917,tail-aware,exc_betting,870,0.0
0.9,0.1,0.09051055631371917,tail-aware,exceedance,870,0.0
0.9,0.1,0.09051055631371917,tail-aware,exc_empbernstein,870,0.0
0.9,0.1,0.09051055631371917,tail-aware,exc_betting,1112,0.0
0.9,0.1,0.09051055631371917,tail-aware,exceedance,1112,0.0
0.9,0.1,0.09051055631371917,tail-aware,exc_empbernstein,1112,0.0
0.9,0.1,0.09051055631371917,tail-aware,exc_betting,1422,0.0
0.9,0.1,0.09051055631371917,tail-aware,exceedance,1422,0.0
0.9,0.1,0.09051055631371917,tail-aware,exc_empbernstein,1422,0.0
0.9,0.1,0.09051055631371917,tail-aware,exc_betting,1817,0.06666666666666667
0.9,0.1,0.09051055631371917,tail-aware,exceedance,1817,0.0
0.9,0.1,0.09051055631371917,tail-aware,exc_empbernstein,1817,0.0
0.9,0.1,0.09051055631371917,tail-aware,exc_betting,2322,0.31
0.9,0.1,0.09051055631371917,tail-aware,exceedance,2322,0.0
0.9,0.1,0.09051055631371917,tail-aware,exc_empbernstein,2322,0.0
0.9,0.1,0.09051055631371917,tail-aware,exc_betting,2967,0.7866666666666666
0.9,0.1,0.09051055631371917,tail-aware,exceedance,2967,0.0
0.9,0.1,0.09051055631371917,tail-aware,exc_empbernstein,2967,0.0
0.9,0.1,0.09051055631371917,tail-aware,exc_betting,3791,0.97
0.9,0.1,0.09051055631371917,tail-aware,exceedance,3791,0.0
0.9,0.1,0.09051055631371917,tail-aware,exc_empbernstein,3791,0.09333333333333334
0.9,0.1,0.09051055631371917,tail-aware,exc_betting,4845,0.99
0.9,0.1,0.09051055631371917,tail-aware,exceedance,4845,0.0
0.9,0.1,0.09051055631371917,tail-aware,exc_empbernstein,4845,0.49333333333333335
0.9,0.1,0.09051055631371917,tail-aware,exc_betting,6191,1.0
0.9,0.1,0.09051055631371917,tail-aware,exceedance,6191,0.0
0.9,0.1,0.09051055631371917,tail-aware,exc_empbernstein,6191,0.8833333333333333
0.9,0.1,0.09051055631371917,tail-aware,exc_betting,7912,1.0
0.9,0.1,0.09051055631371917,tail-aware,exceedance,7912,0.0
0.9,0.1,0.09051055631371917,tail-aware,exc_empbernstein,7912,0.9933333333333333
0.9,0.1,0.09051055631371917,tail-aware,exc_betting,10110,1.0
0.9,0.1,0.09051055631371917,tail-aware,exceedance,10110,0.0
0.9,0.1,0.09051055631371917,tail-aware,exc_empbernstein,10110,1.0
0.9,0.1,0.09051055631371917,tail-aware,exc_betting,12920,1.0
0.9,0.1,0.09051055631371917,tail-aware,exceedance,12920,0.0
0.9,0.1,0.09051055631371917,tail-aware,exc_empbernstein,12920,1.0
0.9,0.1,0.09051055631371917,tail-aware,exc_betting,16510,1.0
0.9,0.1,0.09051055631371917,tail-aware,exceedance,16510,0.0
0.9,0.1,0.09051055631371917,tail-aware,exc_empbernstein,16510,1.0
0.9,0.1,0.09051055631371917,tail-aware,exc_betting,21098,1.0
0.9,0.1,0.09051055631371917,tail-aware,exceedance,21098,0.0
0.9,0.1,0.09051055631371917,tail-aware,exc_empbernstein,21098,1.0
0.9,0.1,0.09051055631371917,tail-aware,exc_betting,26960,1.0
0.9,0.1,0.09051055631371917,tail-aware,exceedance,26960,0.0
0.9,0.1,0.09051055631371917,tail-aware,exc_empbernstein,26960,1.0
0.9,0.1,0.09051055631371917,tail-aware,exc_betting,34451,1.0
0.9,0.1,0.09051055631371917,tail-aware,exceedance,34451,0.0
0.9,0.1,0.09051055631371917,tail-aware,exc_empbernstein,34451,1.0
0.9,0.1,0.09051055631371917,tail-aware,exc_betting,44024,1.0
0.9,0.1,0.09051055631371917,tail-aware,exceedance,44024,0.0033333333333333335
0.9,0.1,0.09051055631371917,tail-aware,exc_empbernstein,44024,1.0
0.9,0.1,0.09051055631371917,tail-aware,exc_betting,56257,1.0
0.9,0.1,0.09051055631371917,tail-aware,exceedance,56257,0.6666666666666666
0.9,0.1,0.09051055631371917,tail-aware,exc_empbernstein,56257,1.0
0.9,0.1,0.09051055631371917,tail-aware,exc_betting,71889,1.0
0.9,0.1,0.09051055631371917,tail-aware,exceedance,71889,1.0
0.9,0.1,0.09051055631371917,tail-aware,exc_empbernstein,71889,1.0
0.9,0.1,0.09051055631371917,tail-aware,exc_betting,91865,1.0
0.9,0.1,0.09051055631371917,tail-aware,exceedance,91865,1.0
0.9,0.1,0.09051055631371917,tail-aware,exc_empbernstein,91865,1.0
0.9,0.1,0.09051055631371917,tail-aware,exc_betting,117391,1.0
0.9,0.1,0.09051055631371917,tail-aware,exceedance,117391,1.0
0.9,0.1,0.09051055631371917,tail-aware,exc_empbernstein,117391,1.0
0.9,0.1,0.09051055631371917,tail-aware,exc_betting,150010,1.0
0.9,0.1,0.09051055631371917,tail-aware,exceedance,150010,1.0
0.9,0.1,0.09051055631371917,tail-aware,exc_empbernstein,150010,1.0
0.9,0.1,0.09051055631371917,tail-aware,exc_betting,191692,1.0
0.9,0.1,0.09051055631371917,tail-aware,exceedance,191692,1.0
0.9,0.1,0.09051055631371917,tail-aware,exc_empbernstein,191692,1.0
0.9,0.1,0.09051055631371917,tail-aware,exc_betting,244957,1.0
0.9,0.1,0.09051055631371917,tail-aware,exceedance,244957,1.0
0.9,0.1,0.09051055631371917,tail-aware,exc_empbernstein,244957,1.0
0.9,0.1,0.09051055631371917,tail-aware,exc_betting,313022,1.0
0.9,0.1,0.09051055631371917,tail-aware,exceedance,313022,1.0
0.9,0.1,0.09051055631371917,tail-aware,exc_empbernstein,313022,1.0
0.9,0.1,0.09051055631371917,tail-aware,exc_betting,400000,1.0
0.9,0.1,0.09051055631371917,tail-aware,exceedance,400000,1.0
0.9,0.1,0.09051055631371917,tail-aware,exc_empbernstein,400000,1.0
0.95,0.5,0.02580166029136488,on-policy,exc_betting,200,0.05
0.95,0.5,0.02580166029136488,on-policy,exceedance,200,0.0
0.95,0.5,0.02580166029136488,on-policy,exc_empbernstein,200,0.0
0.95,0.5,0.02580166029136488,on-policy,exc_betting,255,0.16666666666666666
0.95,0.5,0.02580166029136488,on-policy,exceedance,255,0.0
0.95,0.5,0.02580166029136488,on-policy,exc_empbernstein,255,0.0
0.95,0.5,0.02580166029136488,on-policy,exc_betting,326,0.36333333333333334
0.95,0.5,0.02580166029136488,on-policy,exceedance,326,0.0
0.95,0.5,0.02580166029136488,on-policy,exc_empbernstein,326,0.006666666666666667
0.95,0.5,0.02580166029136488,on-policy,exc_betting,417,0.6566666666666666
0.95,0.5,0.02580166029136488,on-policy,exceedance,417,0.0
0.95,0.5,0.02580166029136488,on-policy,exc_empbernstein,417,0.023333333333333334
0.95,0.5,0.02580166029136488,on-policy,exc_betting,533,0.8566666666666667
0.95,0.5,0.02580166029136488,on-policy,exceedance,533,0.0
0.95,0.5,0.02580166029136488,on-policy,exc_empbernstein,533,0.08333333333333333
0.95,0.5,0.02580166029136488,on-policy,exc_betting,681,0.9566666666666667
0.95,0.5,0.02580166029136488,on-policy,exceedance,681,0.02666666666666667
0.95,0.5,0.02580166029136488,on-policy,exc_empbernstein,681,0.46
0.95,0.5,0.02580166029136488,on-policy,exc_betting,870,0.9866666666666667
0.95,0.5,0.02580166029136488,on-policy,exceedance,870,0.12666666666666668
0.95,0.5,0.02580166029136488,on-policy,exc_empbernstein,870,0.7
0.95,0.5,0.02580166029136488,on-policy,exc_betting,1112,1.0
0.95,0.5,0.02580166029136488,on-policy,exceedance,1112,0.36666666666666664
0.95,0.5,0.02580166029136488,on-policy,exc_empbernstein,1112,0.93
0.95,0.5,0.02580166029136488,on-policy,exc_betting,1422,1.0
0.95,0.5,0.02580166029136488,on-policy,exceedance,1422,0.7466666666666667
0.95,0.5,0.02580166029136488,on-policy,exc_empbernstein,1422,1.0
0.95,0.5,0.02580166029136488,on-policy,exc_betting,1817,1.0
0.95,0.5,0.02580166029136488,on-policy,exceedance,1817,0.9366666666666666
0.95,0.5,0.02580166029136488,on-policy,exc_empbernstein,1817,1.0
0.95,0.5,0.02580166029136488,on-policy,exc_betting,2322,1.0
0.95,0.5,0.02580166029136488,on-policy,exceedance,2322,0.9933333333333333
0.95,0.5,0.02580166029136488,on-policy,exc_empbernstein,2322,1.0
0.95,0.5,0.02580166029136488,on-policy,exc_betting,2967,1.0
0.95,0.5,0.02580166029136488,on-policy,exceedance,2967,1.0
0.95,0.5,0.02580166029136488,on-policy,exc_empbernstein,2967,1.0
0.95,0.5,0.02580166029136488,on-policy,exc_betting,3791,1.0
0.95,0.5,0.02580166029136488,on-policy,exceedance,3791,1.0
0.95,0.5,0.02580166029136488,on-policy,exc_empbernstein,3791,1.0
0.95,0.5,0.02580166029136488,on-policy,exc_betting,4845,1.0
0.95,0.5,0.02580166029136488,on-policy,exceedance,4845,1.0
0.95,0.5,0.02580166029136488,on-policy,exc_empbernstein,4845,1.0
0.95,0.5,0.02580166029136488,on-policy,exc_betting,6191,1.0
0.95,0.5,0.02580166029136488,on-policy,exceedance,6191,1.0
0.95,0.5,0.02580166029136488,on-policy,exc_empbernstein,6191,1.0
0.95,0.5,0.02580166029136488,on-policy,exc_betting,7912,1.0
0.95,0.5,0.02580166029136488,on-policy,exceedance,7912,1.0
0.95,0.5,0.02580166029136488,on-policy,exc_empbernstein,7912,1.0
0.95,0.5,0.02580166029136488,on-policy,exc_betting,10110,1.0
0.95,0.5,0.02580166029136488,on-policy,exceedance,10110,1.0
0.95,0.5,0.02580166029136488,on-policy,exc_empbernstein,10110,1.0
0.95,0.5,0.02580166029136488,on-policy,exc_betting,12920,1.0
0.95,0.5,0.02580166029136488,on-policy,exceedance,12920,1.0
0.95,0.5,0.02580166029136488,on-policy,exc_empbernstein,12920,1.0
0.95,0.5,0.02580166029136488,on-policy,exc_betting,16510,1.0
0.95,0.5,0.02580166029136488,on-policy,exceedance,16510,1.0
0.95,0.5,0.02580166029136488,on-policy,exc_empbernstein,16510,1.0
0.95,0.5,0.02580166029136488,on-policy,exc_betting,21098,1.0
0.95,0.5,0.02580166029136488,on-policy,exceedance,21098,1.0
0.95,0.5,0.02580166029136488,on-policy,exc_empbernstein,21098,1.0
0.95,0.5,0.02580166029136488,on-policy,exc_betting,26960,1.0
0.95,0.5,0.02580166029136488,on-policy,exceedance,26960,1.0
0.95,0.5,0.02580166029136488,on-policy,exc_empbernstein,26960,1.0
0.95,0.5,0.02580166029136488,on-policy,exc_betting,34451,1.0
0.95,0.5,0.02580166029136488,on-policy,exceedance,34451,1.0
0.95,0.5,0.02580166029136488,on-policy,exc_empbernstein,34451,1.0
0.95,0.5,0.02580166029136488,on-policy,exc_betting,44024,1.0
0.95,0.5,0.02580166029136488,on-policy,exceedance,44024,1.0
0.95,0.5,0.02580166029136488,on-policy,exc_empbernstein,44024,1.0
0.95,0.5,0.02580166029136488,on-policy,exc_betting,56257,1.0
0.95,0.5,0.02580166029136488,on-policy,exceedance,56257,1.0
0.95,0.5,0.02580166029136488,on-policy,exc_empbernstein,56257,1.0
0.95,0.5,0.02580166029136488,on-policy,exc_betting,71889,1.0
0.95,0.5,0.02580166029136488,on-policy,exceedance,71889,1.0
0.95,0.5,0.02580166029136488,on-policy,exc_empbernstein,71889,1.0
0.95,0.5,0.02580166029136488,on-policy,exc_betting,91865,1.0
0.95,0.5,0.02580166029136488,on-policy,exceedance,91865,1.0
0.95,0.5,0.02580166029136488,on-policy,exc_empbernstein,91865,1.0
0.95,0.5,0.02580166029136488,on-policy,exc_betting,117391,1.0
0.95,0.5,0.02580166029136488,on-policy,exceedance,117391,1.0
0.95,0.5,0.02580166029136488,on-policy,exc_empbernstein,117391,1.0
0.95,0.5,0.02580166029136488,on-policy,exc_betting,150010,1.0
0.95,0.5,0.02580166029136488,on-policy,exceedance,150010,1.0
0.95,0.5,0.02580166029136488,on-policy,exc_empbernstein,150010,1.0
0.95,0.5,0.02580166029136488,on-policy,exc_betting,191692,1.0
0.95,0.5,0.02580166029136488,on-policy,exceedance,191692,1.0
0.95,0.5,0.02580166029136488,on-policy,exc_empbernstein,191692,1.0
0.95,0.5,0.02580166029136488,on-policy,exc_betting,244957,1.0
0.95,0.5,0.02580166029136488,on-policy,exceedance,244957,1.0
0.95,0.5,0.02580166029136488,on-policy,exc_empbernstein,244957,1.0
0.95,0.5,0.02580166029136488,on-policy,exc_betting,313022,1.0
0.95,0.5,0.02580166029136488,on-policy,exceedance,313022,1.0
0.95,0.5,0.02580166029136488,on-policy,exc_empbernstein,313022,1.0
0.95,0.5,0.02580166029136488,on-policy,exc_betting,400000,1.0
0.95,0.5,0.02580166029136488,on-policy,exceedance,400000,1.0
0.95,0.5,0.02580166029136488,on-policy,exc_empbernstein,400000,1.0
0.95,0.5,0.02580166029136488,uniform,exc_betting,200,0.0
0.95,0.5,0.02580166029136488,uniform,exceedance,200,0.0
0.95,0.5,0.02580166029136488,uniform,exc_empbernstein,200,0.0
0.95,0.5,0.02580166029136488,uniform,exc_betting,255,0.0
0.95,0.5,0.02580166029136488,uniform,exceedance,255,0.0
0.95,0.5,0.02580166029136488,uniform,exc_empbernstein,255,0.0
0.95,0.5,0.02580166029136488,uniform,exc_betting,326,0.0
0.95,0.5,0.02580166029136488,uniform,exceedance,326,0.0
0.95,0.5,0.02580166029136488,uniform,exc_empbernstein,326,0.0
0.95,0.5,0.02580166029136488,uniform,exc_betting,417,0.0
0.95,0.5,0.02580166029136488,uniform,exceedance,417,0.0
0.95,0.5,0.02580166029136488,uniform,exc_empbernstein,417,0.0
0.95,0.5,0.02580166029136488,uniform,exc_betting,533,0.0
0.95,0.5,0.02580166029136488,uniform,exceedance,533,0.0
0.95,0.5,0.02580166029136488,uniform,exc_empbernstein,533,0.0
0.95,0.5,0.02580166029136488,uniform,exc_betting,681,0.0
0.95,0.5,0.02580166029136488,uniform,exceedance,681,0.0
0.95,0.5,0.02580166029136488,uniform,exc_empbernstein,681,0.0
0.95,0.5,0.02580166029136488,uniform,exc_betting,870,0.0
0.95,0.5,0.02580166029136488,uniform,exceedance,870,0.0
0.95,0.5,0.02580166029136488,uniform,exc_empbernstein,870,0.0
0.95,0.5,0.02580166029136488,uniform,exc_betting,1112,0.02666666666666667
0.95,0.5,0.02580166029136488,uniform,exceedance,1112,0.0
0.95,0.5,0.02580166029136488,uniform,exc_empbernstein,1112,0.0
0.95,0.5,0.02580166029136488,uniform,exc_betting,1422,0.95
0.95,0.5,0.02580166029136488,uniform,exceedance,1422,0.0
0.95,0.5,0.02580166029136488,uniform,exc_empbernstein,1422,0.0
0.95,0.5,0.02580166029136488,uniform,exc_betting,1817,1.0
0.95,0.5,0.02580166029136488,uniform,exceedance,1817,0.0
0.95,0.5,0.02580166029136488,uniform,exc_empbernstein,1817,0.19666666666666666
0.95,0.5,0.02580166029136488,uniform,exc_betting,2322,1.0
0.95,0.5,0.02580166029136488,uniform,exceedance,2322,0.0
0.95,0.5,0.02580166029136488,uniform,exc_empbernstein,2322,0.94
0.95,0.5,0.02580166029136488,uniform,exc_betting,2967,1.0
0.95,0.5,0.02580166029136488,uniform,exceedance,2967,0.0
0.95,0.5,0.02580166029136488,uniform,exc_empbernstein,2967,1.0
0.95,0.5,0.02580166029136488,uniform,exc_betting,3791,1.0
0.95,0.5,0.02580166029136488,uniform,exceedance,3791,0.0
0.95,0.5,0.02580166029136488,uniform,exc_empbernstein,3791,1.0
0.95,0.5,0.02580166029136488,uniform,exc_betting,4845,1.0
0.95,0.5,0.02580166029136488,uniform,exceedance,4845,0.023333333333333334
0.95,0.5,0.02580166029136488,uniform,exc_empbernstein,4845,1.0
0.95,0.5,0.02580166029136488,uniform,exc_betting,6191,1.0
0.95,0.5,0.02580166029136488,uniform,exceedance,6191,0.9466666666666667
0.95,0.5,0.02580166029136488,uniform,exc_empbernstein,6191,1.0
0.95,0.5,0.02580166029136488,uniform,exc_betting,7912,1.0
0.95,0.5,0.02580166029136488,uniform,exceedance,7912,1.0
0.95,0.5,0.02580166029136488,uniform,exc_empbernstein,7912,1.0
0.95,0.5,0.02580166029136488,uniform,exc_betting,10110,1.0
0.95,0.5,0.02580166029136488,uniform,exceedance,10110,1.0
0.95,0.5,0.02580166029136488,uniform,exc_empbernstein,10110,1.0
0.95,0.5,0.02580166029136488,uniform,exc_betting,12920,1.0
0.95,0.5,0.02580166029136488,uniform,exceedance,12920,1.0
0.95,0.5,0.02580166029136488,uniform,exc_empbernstein,12920,1.0
0.95,0.5,0.02580166029136488,uniform,exc_betting,16510,1.0
0.95,0.5,0.02580166029136488,uniform,exceedance,16510,1.0
0.95,0.5,0.02580166029136488,uniform,exc_empbernstein,16510,1.0
0.95,0.5,0.02580166029136488,uniform,exc_betting,21098,1.0
0.95,0.5,0.02580166029136488,uniform,exceedance,21098,1.0
0.95,0.5,0.02580166029136488,uniform,exc_empbernstein,21098,1.0
0.95,0.5,0.02580166029136488,uniform,exc_betting,26960,1.0
0.95,0.5,0.02580166029136488,uniform,exceedance,26960,1.0
0.95,0.5,0.02580166029136488,uniform,exc_empbernstein,26960,1.0
0.95,0.5,0.02580166029136488,uniform,exc_betting,34451,1.0
0.95,0.5,0.02580166029136488,uniform,exceedance,34451,1.0
0.95,0.5,0.02580166029136488,uniform,exc_empbernstein,34451,1.0
0.95,0.5,0.02580166029136488,uniform,exc_betting,44024,1.0
0.95,0.5,0.02580166029136488,uniform,exceedance,44024,1.0
0.95,0.5,0.02580166029136488,uniform,exc_empbernstein,44024,1.0
0.95,0.5,0.02580166029136488,uniform,exc_betting,56257,1.0
0.95,0.5,0.02580166029136488,uniform,exceedance,56257,1.0
0.95,0.5,0.02580166029136488,uniform,exc_empbernstein,56257,1.0
0.95,0.5,0.02580166029136488,uniform,exc_betting,71889,1.0
0.95,0.5,0.02580166029136488,uniform,exceedance,71889,1.0
0.95,0.5,0.02580166029136488,uniform,exc_empbernstein,71889,1.0
0.95,0.5,0.02580166029136488,uniform,exc_betting,91865,1.0
0.95,0.5,0.02580166029136488,uniform,exceedance,91865,1.0
0.95,0.5,0.02580166029136488,uniform,exc_empbernstein,91865,1.0
0.95,0.5,0.02580166029136488,uniform,exc_betting,117391,1.0
0.95,0.5,0.02580166029136488,uniform,exceedance,117391,1.0
0.95,0.5,0.02580166029136488,uniform,exc_empbernstein,117391,1.0
0.95,0.5,0.02580166029136488,uniform,exc_betting,150010,1.0
0.95,0.5,0.02580166029136488,uniform,exceedance,150010,1.0
0.95,0.5,0.02580166029136488,uniform,exc_empbernstein,150010,1.0
0.95,0.5,0.02580166029136488,uniform,exc_betting,191692,1.0
0.95,0.5,0.02580166029136488,uniform,exceedance,191692,1.0
0.95,0.5,0.02580166029136488,uniform,exc_empbernstein,191692,1.0
0.95,0.5,0.02580166029136488,uniform,exc_betting,244957,1.0
0.95,0.5,0.02580166029136488,uniform,exceedance,244957,1.0
0.95,0.5,0.02580166029136488,uniform,exc_empbernstein,244957,1.0
0.95,0.5,0.02580166029136488,uniform,exc_betting,313022,1.0
0.95,0.5,0.02580166029136488,uniform,exceedance,313022,1.0
0.95,0.5,0.02580166029136488,uniform,exc_empbernstein,313022,1.0
0.95,0.5,0.02580166029136488,uniform,exc_betting,400000,1.0
0.95,0.5,0.02580166029136488,uniform,exceedance,400000,1.0
0.95,0.5,0.02580166029136488,uniform,exc_empbernstein,400000,1.0
0.95,0.5,0.02580166029136488,tail-aware,exc_betting,200,0.0
0.95,0.5,0.02580166029136488,tail-aware,exceedance,200,0.0
0.95,0.5,0.02580166029136488,tail-aware,exc_empbernstein,200,0.0
0.95,0.5,0.02580166029136488,tail-aware,exc_betting,255,0.0
0.95,0.5,0.02580166029136488,tail-aware,exceedance,255,0.0
0.95,0.5,0.02580166029136488,tail-aware,exc_empbernstein,255,0.0
0.95,0.5,0.02580166029136488,tail-aware,exc_betting,326,0.0
0.95,0.5,0.02580166029136488,tail-aware,exceedance,326,0.0
0.95,0.5,0.02580166029136488,tail-aware,exc_empbernstein,326,0.0
0.95,0.5,0.02580166029136488,tail-aware,exc_betting,417,0.0
0.95,0.5,0.02580166029136488,tail-aware,exceedance,417,0.0
0.95,0.5,0.02580166029136488,tail-aware,exc_empbernstein,417,0.0
0.95,0.5,0.02580166029136488,tail-aware,exc_betting,533,0.8866666666666667
0.95,0.5,0.02580166029136488,tail-aware,exceedance,533,0.0
0.95,0.5,0.02580166029136488,tail-aware,exc_empbernstein,533,0.0
0.95,0.5,0.02580166029136488,tail-aware,exc_betting,681,1.0
0.95,0.5,0.02580166029136488,tail-aware,exceedance,681,0.0
0.95,0.5,0.02580166029136488,tail-aware,exc_empbernstein,681,0.04
0.95,0.5,0.02580166029136488,tail-aware,exc_betting,870,1.0
0.95,0.5,0.02580166029136488,tail-aware,exceedance,870,0.0
0.95,0.5,0.02580166029136488,tail-aware,exc_empbernstein,870,0.95
0.95,0.5,0.02580166029136488,tail-aware,exc_betting,1112,1.0
0.95,0.5,0.02580166029136488,tail-aware,exceedance,1112,0.0
0.95,0.5,0.02580166029136488,tail-aware,exc_empbernstein,1112,1.0
0.95,0.5,0.02580166029136488,tail-aware,exc_betting,1422,1.0
0.95,0.5,0.02580166029136488,tail-aware,exceedance,1422,0.0
0.95,0.5,0.02580166029136488,tail-aware,exc_empbernstein,1422,1.0
0.95,0.5,0.02580166029136488,tail-aware,exc_betting,1817,1.0
0.95,0.5,0.02580166029136488,tail-aware,exceedance,1817,0.0
0.95,0.5,0.02580166029136488,tail-aware,exc_empbernstein,1817,1.0
0.95,0.5,0.02580166029136488,tail-aware,exc_betting,2322,1.0
0.95,0.5,0.02580166029136488,tail-aware,exceedance,2322,0.8766666666666667
0.95,0.5,0.02580166029136488,tail-aware,exc_empbernstein,2322,1.0
0.95,0.5,0.02580166029136488,tail-aware,exc_betting,2967,1.0
0.95,0.5,0.02580166029136488,tail-aware,exceedance,2967,1.0
0.95,0.5,0.02580166029136488,tail-aware,exc_empbernstein,2967,1.0
0.95,0.5,0.02580166029136488,tail-aware,exc_betting,3791,1.0
0.95,0.5,0.02580166029136488,tail-aware,exceedance,3791,1.0
0.95,0.5,0.02580166029136488,tail-aware,exc_empbernstein,3791,1.0
0.95,0.5,0.02580166029136488,tail-aware,exc_betting,4845,1.0
0.95,0.5,0.02580166029136488,tail-aware,exceedance,4845,1.0
0.95,0.5,0.02580166029136488,tail-aware,exc_empbernstein,4845,1.0
0.95,0.5,0.02580166029136488,tail-aware,exc_betting,6191,1.0
0.95,0.5,0.02580166029136488,tail-aware,exceedance,6191,1.0
0.95,0.5,0.02580166029136488,tail-aware,exc_empbernstein,6191,1.0
0.95,0.5,0.02580166029136488,tail-aware,exc_betting,7912,1.0
0.95,0.5,0.02580166029136488,tail-aware,exceedance,7912,1.0
0.95,0.5,0.02580166029136488,tail-aware,exc_empbernstein,7912,1.0
0.95,0.5,0.02580166029136488,tail-aware,exc_betting,10110,1.0
0.95,0.5,0.02580166029136488,tail-aware,exceedance,10110,1.0
0.95,0.5,0.02580166029136488,tail-aware,exc_empbernstein,10110,1.0
0.95,0.5,0.02580166029136488,tail-aware,exc_betting,12920,1.0
0.95,0.5,0.02580166029136488,tail-aware,exceedance,12920,1.0
0.95,0.5,0.02580166029136488,tail-aware,exc_empbernstein,12920,1.0
0.95,0.5,0.02580166029136488,tail-aware,exc_betting,16510,1.0
0.95,0.5,0.02580166029136488,tail-aware,exceedance,16510,1.0
0.95,0.5,0.02580166029136488,tail-aware,exc_empbernstein,16510,1.0
0.95,0.5,0.02580166029136488,tail-aware,exc_betting,21098,1.0
0.95,0.5,0.02580166029136488,tail-aware,exceedance,21098,1.0
0.95,0.5,0.02580166029136488,tail-aware,exc_empbernstein,21098,1.0
0.95,0.5,0.02580166029136488,tail-aware,exc_betting,26960,1.0
0.95,0.5,0.02580166029136488,tail-aware,exceedance,26960,1.0
0.95,0.5,0.02580166029136488,tail-aware,exc_empbernstein,26960,1.0
0.95,0.5,0.02580166029136488,tail-aware,exc_betting,34451,1.0
0.95,0.5,0.02580166029136488,tail-aware,exceedance,34451,1.0
0.95,0.5,0.02580166029136488,tail-aware,exc_empbernstein,34451,1.0
0.95,0.5,0.02580166029136488,tail-aware,exc_betting,44024,1.0
0.95,0.5,0.02580166029136488,tail-aware,exceedance,44024,1.0
0.95,0.5,0.02580166029136488,tail-aware,exc_empbernstein,44024,1.0
0.95,0.5,0.02580166029136488,tail-aware,exc_betting,56257,1.0
0.95,0.5,0.02580166029136488,tail-aware,exceedance,56257,1.0
0.95,0.5,0.02580166029136488,tail-aware,exc_empbernstein,56257,1.0
0.95,0.5,0.02580166029136488,tail-aware,exc_betting,71889,1.0
0.95,0.5,0.02580166029136488,tail-aware,exceedance,71889,1.0
0.95,0.5,0.02580166029136488,tail-aware,exc_empbernstein,71889,1.0
0.95,0.5,0.02580166029136488,tail-aware,exc_betting,91865,1.0
0.95,0.5,0.02580166029136488,tail-aware,exceedance,91865,1.0
0.95,0.5,0.02580166029136488,tail-aware,exc_empbernstein,91865,1.0
0.95,0.5,0.02580166029136488,tail-aware,exc_betting,117391,1.0
0.95,0.5,0.02580166029136488,tail-aware,exceedance,117391,1.0
0.95,0.5,0.02580166029136488,tail-aware,exc_empbernstein,117391,1.0
0.95,0.5,0.02580166029136488,tail-aware,exc_betting,150010,1.0
0.95,0.5,0.02580166029136488,tail-aware,exceedance,150010,1.0
0.95,0.5,0.02580166029136488,tail-aware,exc_empbernstein,150010,1.0
0.95,0.5,0.02580166029136488,tail-aware,exc_betting,191692,1.0
0.95,0.5,0.02580166029136488,tail-aware,exceedance,191692,1.0
0.95,0.5,0.02580166029136488,tail-aware,exc_empbernstein,191692,1.0
0.95,0.5,0.02580166029136488,tail-aware,exc_betting,244957,1.0
0.95,0.5,0.02580166029136488,tail-aware,exceedance,244957,1.0
0.95,0.5,0.02580166029136488,tail-aware,exc_empbernstein,244957,1.0
0.95,0.5,0.02580166029136488,tail-aware,exc_betting,313022,1.0
0.95,0.5,0.02580166029136488,tail-aware,exceedance,313022,1.0
0.95,0.5,0.02580166029136488,tail-aware,exc_empbernstein,313022,1.0
0.95,0.5,0.02580166029136488,tail-aware,exc_betting,400000,1.0
0.95,0.5,0.02580166029136488,tail-aware,exceedance,400000,1.0
0.95,0.5,0.02580166029136488,tail-aware,exc_empbernstein,400000,1.0
0.95,0.2,0.041380320664116586,on-policy,exc_betting,200,0.0
0.95,0.2,0.041380320664116586,on-policy,exceedance,200,0.0
0.95,0.2,0.041380320664116586,on-policy,exc_empbernstein,200,0.0
0.95,0.2,0.041380320664116586,on-policy,exc_betting,255,0.0
0.95,0.2,0.041380320664116586,on-policy,exceedance,255,0.0
0.95,0.2,0.041380320664116586,on-policy,exc_empbernstein,255,0.0
0.95,0.2,0.041380320664116586,on-policy,exc_betting,326,0.03333333333333333
0.95,0.2,0.041380320664116586,on-policy,exceedance,326,0.0
0.95,0.2,0.041380320664116586,on-policy,exc_empbernstein,326,0.0
0.95,0.2,0.041380320664116586,on-policy,exc_betting,417,0.043333333333333335
0.95,0.2,0.041380320664116586,on-policy,exceedance,417,0.0
0.95,0.2,0.041380320664116586,on-policy,exc_empbernstein,417,0.0
0.95,0.2,0.041380320664116586,on-policy,exc_betting,533,0.1
0.95,0.2,0.041380320664116586,on-policy,exceedance,533,0.0
0.95,0.2,0.041380320664116586,on-policy,exc_empbernstein,533,0.0
0.95,0.2,0.041380320664116586,on-policy,exc_betting,681,0.13
0.95,0.2,0.041380320664116586,on-policy,exceedance,681,0.0
0.95,0.2,0.041380320664116586,on-policy,exc_empbernstein,681,0.0033333333333333335
0.95,0.2,0.041380320664116586,on-policy,exc_betting,870,0.15
0.95,0.2,0.041380320664116586,on-policy,exceedance,870,0.0
0.95,0.2,0.041380320664116586,on-policy,exc_empbernstein,870,0.01
0.95,0.2,0.041380320664116586,on-policy,exc_betting,1112,0.21
0.95,0.2,0.041380320664116586,on-policy,exceedance,1112,0.0
0.95,0.2,0.041380320664116586,on-policy,exc_empbernstein,1112,0.03666666666666667
0.95,0.2,0.041380320664116586,on-policy,exc_betting,1422,0.26
0.95,0.2,0.041380320664116586,on-policy,exceedance,1422,0.0
0.95,0.2,0.041380320664116586,on-policy,exc_empbernstein,1422,0.03
0.95,0.2,0.041380320664116586,on-policy,exc_betting,1817,0.29333333333333333
0.95,0.2,0.041380320664116586,on-policy,exceedance,1817,0.006666666666666667
0.95,0.2,0.041380320664116586,on-policy,exc_empbernstein,1817,0.07
0.95,0.2,0.041380320664116586,on-policy,exc_betting,2322,0.39
0.95,0.2,0.041380320664116586,on-policy,exceedance,2322,0.0033333333333333335
0.95,0.2,0.041380320664116586,on-policy,exc_empbernstein,2322,0.15666666666666668
0.95,0.2,0.041380320664116586,on-policy,exc_betting,2967,0.5733333333333334
0.95,0.2,0.041380320664116586,on-policy,exceedance,2967,0.016666666666666666
0.95,0.2,0.041380320664116586,on-policy,exc_empbernstein,2967,0.34
0.95,0.2,0.041380320664116586,on-policy,exc_betting,3791,0.6966666666666667
0.95,0.2,0.041380320664116586,on-policy,exceedance,3791,0.05
0.95,0.2,0.041380320664116586,on-policy,exc_empbernstein,3791,0.56
0.95,0.2,0.041380320664116586,on-policy,exc_betting,4845,0.85
0.95,0.2,0.041380320664116586,on-policy,exceedance,4845,0.15333333333333332
0.95,0.2,0.041380320664116586,on-policy,exc_empbernstein,4845,0.7933333333333333
0.95,0.2,0.041380320664116586,on-policy,exc_betting,6191,0.8966666666666666
0.95,0.2,0.041380320664116586,on-policy,exceedance,6191,0.29
0.95,0.2,0.041380320664116586,on-policy,exc_empbernstein,6191,0.85
0.95,0.2,0.041380320664116586,on-policy,exc_betting,7912,0.9733333333333334
0.95,0.2,0.041380320664116586,on-policy,exceedance,7912,0.49333333333333335
0.95,0.2,0.041380320664116586,on-policy,exc_empbernstein,7912,0.9633333333333334
0.95,0.2,0.041380320664116586,on-policy,exc_betting,10110,0.99
0.95,0.2,0.041380320664116586,on-policy,exceedance,10110,0.81
0.95,0.2,0.041380320664116586,on-policy,exc_empbernstein,10110,0.9866666666666667
0.95,0.2,0.041380320664116586,on-policy,exc_betting,12920,1.0
0.95,0.2,0.041380320664116586,on-policy,exceedance,12920,0.9466666666666667
0.95,0.2,0.041380320664116586,on-policy,exc_empbernstein,12920,1.0
0.95,0.2,0.041380320664116586,on-policy,exc_betting,16510,1.0
0.95,0.2,0.041380320664116586,on-policy,exceedance,16510,0.9933333333333333
0.95,0.2,0.041380320664116586,on-policy,exc_empbernstein,16510,1.0
0.95,0.2,0.041380320664116586,on-policy,exc_betting,21098,1.0
0.95,0.2,0.041380320664116586,on-policy,exceedance,21098,1.0
0.95,0.2,0.041380320664116586,on-policy,exc_empbernstein,21098,1.0
0.95,0.2,0.041380320664116586,on-policy,exc_betting,26960,1.0
0.95,0.2,0.041380320664116586,on-policy,exceedance,26960,1.0
0.95,0.2,0.041380320664116586,on-policy,exc_empbernstein,26960,1.0
0.95,0.2,0.041380320664116586,on-policy,exc_betting,34451,1.0
0.95,0.2,0.041380320664116586,on-policy,exceedance,34451,1.0
0.95,0.2,0.041380320664116586,on-policy,exc_empbernstein,34451,1.0
0.95,0.2,0.041380320664116586,on-policy,exc_betting,44024,1.0
0.95,0.2,0.041380320664116586,on-policy,exceedance,44024,1.0
0.95,0.2,0.041380320664116586,on-policy,exc_empbernstein,44024,1.0
0.95,0.2,0.041380320664116586,on-policy,exc_betting,56257,1.0
0.95,0.2,0.041380320664116586,on-policy,exceedance,56257,1.0
0.95,0.2,0.041380320664116586,on-policy,exc_empbernstein,56257,1.0
0.95,0.2,0.041380320664116586,on-policy,exc_betting,71889,1.0
0.95,0.2,0.041380320664116586,on-policy,exceedance,71889,1.0
0.95,0.2,0.041380320664116586,on-policy,exc_empbernstein,71889,1.0
0.95,0.2,0.041380320664116586,on-policy,exc_betting,91865,1.0
0.95,0.2,0.041380320664116586,on-policy,exceedance,91865,1.0
0.95,0.2,0.041380320664116586,on-policy,exc_empbernstein,91865,1.0
0.95,0.2,0.041380320664116586,on-policy,exc_betting,117391,1.0
0.95,0.2,0.041380320664116586,on-policy,exceedance,117391,1.0
0.95,0.2,0.041380320664116586,on-policy,exc_empbernstein,117391,1.0
0.95,0.2,0.041380320664116586,on-policy,exc_betting,150010,1.0
0.95,0.2,0.041380320664116586,on-policy,exceedance,150010,1.0
0.95,0.2,0.041380320664116586,on-policy,exc_empbernstein,150010,1.0
0.95,0.2,0.041380320664116586,on-policy,exc_betting,191692,1.0
0.95,0.2,0.041380320664116586,on-policy,exceedance,191692,1.0
0.95,0.2,0.041380320664116586,on-policy,exc_empbernstein,191692,1.0
0.95,0.2,0.041380320664116586,on-policy,exc_betting,244957,1.0
0.95,0.2,0.041380320664116586,on-policy,exceedance,244957,1.0
0.95,0.2,0.041380320664116586,on-policy,exc_empbernstein,244957,1.0
0.95,0.2,0.041380320664116586,on-policy,exc_betting,313022,1.0
0.95,0.2,0.041380320664116586,on-policy,exceedance,313022,1.0
0.95,0.2,0.041380320664116586,on-policy,exc_empbernstein,313022,1.0
0.95,0.2,0.041380320664116586,on-policy,exc_betting,400000,1.0
0.95,0.2,0.041380320664116586,on-policy,exceedance,400000,1.0
0.95,0.2,0.041380320664116586,on-policy,exc_empbernstein,400000,1.0
0.95,0.2,0.041380320664116586,uniform,exc_betting,200,0.0
0.95,0.2,0.041380320664116586,uniform,exceedance,200,0.0
0.95,0.2,0.041380320664116586,uniform,exc_empbernstein,200,0.0
0.95,0.2,0.041380320664116586,uniform,exc_betting,255,0.0
0.95,0.2,0.041380320664116586,uniform,exceedance,255,0.0
0.95,0.2,0.041380320664116586,uniform,exc_empbernstein,255,0.0
0.95,0.2,0.041380320664116586,uniform,exc_betting,326,0.0
0.95,0.2,0.041380320664116586,uniform,exceedance,326,0.0
0.95,0.2,0.041380320664116586,uniform,exc_empbernstein,326,0.0
0.95,0.2,0.041380320664116586,uniform,exc_betting,417,0.0
0.95,0.2,0.041380320664116586,uniform,exceedance,417,0.0
0.95,0.2,0.041380320664116586,uniform,exc_empbernstein,417,0.0
0.95,0.2,0.041380320664116586,uniform,exc_betting,533,0.0
0.95,0.2,0.041380320664116586,uniform,exceedance,533,0.0
0.95,0.2,0.041380320664116586,uniform,exc_empbernstein,533,0.0
0.95,0.2,0.041380320664116586,uniform,exc_betting,681,0.0
0.95,0.2,0.041380320664116586,uniform,exceedance,681,0.0
0.95,0.2,0.041380320664116586,uniform,exc_empbernstein,681,0.0
0.95,0.2,0.041380320664116586,uniform,exc_betting,870,0.0
0.95,0.2,0.041380320664116586,uniform,exceedance,870,0.0
0.95,0.2,0.041380320664116586,uniform,exc_empbernstein,870,0.0
0.95,0.2,0.041380320664116586,uniform,exc_betting,1112,0.0
0.95,0.2,0.041380320664116586,uniform,exceedance,1112,0.0
0.95,0.2,0.041380320664116586,uniform,exc_empbernstein,1112,0.0
0.95,0.2,0.041380320664116586,uniform,exc_betting,1422,0.0
0.95,0.2,0.041380320664116586,uniform,exceedance,1422,0.0
0.95,0.2,0.041380320664116586,uniform,exc_empbernstein,1422,0.0
0.95,0.2,0.041380320664116586,uniform,exc_betting,1817,0.0
0.95,0.2,0.041380320664116586,uniform,exceedance,1817,0.0
0.95,0.2,0.041380320664116586,uniform,exc_empbernstein,1817,0.0
0.95,0.2,0.041380320664116586,uniform,exc_betting,2322,0.04
0.95,0.2,0.041380320664116586,uniform,exceedance,2322,0.0
0.95,0.2,0.041380320664116586,uniform,exc_empbernstein,2322,0.0
0.95,0.2,0.041380320664116586,uniform,exc_betting,2967,0.42
0.95,0.2,0.041380320664116586,uniform,exceedance,2967,0.0
0.95,0.2,0.041380320664116586,uniform,exc_empbernstein,2967,0.0
0.95,0.2,0.041380320664116586,uniform,exc_betting,3791,0.9066666666666666
0.95,0.2,0.041380320664116586,uniform,exceedance,3791,0.0
0.95,0.2,0.041380320664116586,uniform,exc_empbernstein,3791,0.0033333333333333335
0.95,0.2,0.041380320664116586,uniform,exc_betting,4845,0.9966666666666667
0.95,0.2,0.041380320664116586,uniform,exceedance,4845,0.0
0.95,0.2,0.041380320664116586,uniform,exc_empbernstein,4845,0.09666666666666666
0.95,0.2,0.041380320664116586,uniform,exc_betting,6191,1.0
0.95,0.2,0.041380320664116586,uniform,exceedance,6191,0.0
0.95,0.2,0.041380320664116586,uniform,exc_empbernstein,6191,0.6466666666666666
0.95,0.2,0.041380320664116586,uniform,exc_betting,7912,1.0
0.95,0.2,0.041380320664116586,uniform,exceedance,7912,0.0
0.95,0.2,0.041380320664116586,uniform,exc_empbernstein,7912,0.98
0.95,0.2,0.041380320664116586,uniform,exc_betting,10110,1.0
0.95,0.2,0.041380320664116586,uniform,exceedance,10110,0.0
0.95,0.2,0.041380320664116586,uniform,exc_empbernstein,10110,1.0
0.95,0.2,0.041380320664116586,uniform,exc_betting,12920,1.0
0.95,0.2,0.041380320664116586,uniform,exceedance,12920,0.0
0.95,0.2,0.041380320664116586,uniform,exc_empbernstein,12920,1.0
0.95,0.2,0.041380320664116586,uniform,exc_betting,16510,1.0
0.95,0.2,0.041380320664116586,uniform,exceedance,16510,0.0
0.95,0.2,0.041380320664116586,uniform,exc_empbernstein,16510,1.0
0.95,0.2,0.041380320664116586,uniform,exc_betting,21098,1.0
0.95,0.2,0.041380320664116586,uniform,exceedance,21098,0.0
0.95,0.2,0.041380320664116586,uniform,exc_empbernstein,21098,1.0
0.95,0.2,0.041380320664116586,uniform,exc_betting,26960,1.0
0.95,0.2,0.041380320664116586,uniform,exceedance,26960,0.006666666666666667
0.95,0.2,0.041380320664116586,uniform,exc_empbernstein,26960,1.0
0.95,0.2,0.041380320664116586,uniform,exc_betting,34451,1.0
0.95,0.2,0.041380320664116586,uniform,exceedance,34451,0.4533333333333333
0.95,0.2,0.041380320664116586,uniform,exc_empbernstein,34451,1.0
0.95,0.2,0.041380320664116586,uniform,exc_betting,44024,1.0
0.95,0.2,0.041380320664116586,uniform,exceedance,44024,1.0
0.95,0.2,0.041380320664116586,uniform,exc_empbernstein,44024,1.0
0.95,0.2,0.041380320664116586,uniform,exc_betting,56257,1.0
0.95,0.2,0.041380320664116586,uniform,exceedance,56257,1.0
0.95,0.2,0.041380320664116586,uniform,exc_empbernstein,56257,1.0
0.95,0.2,0.041380320664116586,uniform,exc_betting,71889,1.0
0.95,0.2,0.041380320664116586,uniform,exceedance,71889,1.0
0.95,0.2,0.041380320664116586,uniform,exc_empbernstein,71889,1.0
0.95,0.2,0.041380320664116586,uniform,exc_betting,91865,1.0
0.95,0.2,0.041380320664116586,uniform,exceedance,91865,1.0
0.95,0.2,0.041380320664116586,uniform,exc_empbernstein,91865,1.0
0.95,0.2,0.041380320664116586,uniform,exc_betting,117391,1.0
0.95,0.2,0.041380320664116586,uniform,exceedance,117391,1.0
0.95,0.2,0.041380320664116586,uniform,exc_empbernstein,117391,1.0
0.95,0.2,0.041380320664116586,uniform,exc_betting,150010,1.0
0.95,0.2,0.041380320664116586,uniform,exceedance,150010,1.0
0.95,0.2,0.041380320664116586,uniform,exc_empbernstein,150010,1.0
0.95,0.2,0.041380320664116586,uniform,exc_betting,191692,1.0
0.95,0.2,0.041380320664116586,uniform,exceedance,191692,1.0
0.95,0.2,0.041380320664116586,uniform,exc_empbernstein,191692,1.0
0.95,0.2,0.041380320664116586,uniform,exc_betting,244957,1.0
0.95,0.2,0.041380320664116586,uniform,exceedance,244957,1.0
0.95,0.2,0.041380320664116586,uniform,exc_empbernstein,244957,1.0
0.95,0.2,0.041380320664116586,uniform,exc_betting,313022,1.0
0.95,0.2,0.041380320664116586,uniform,exceedance,313022,1.0
0.95,0.2,0.041380320664116586,uniform,exc_empbernstein,313022,1.0
0.95,0.2,0.041380320664116586,uniform,exc_betting,400000,1.0
0.95,0.2,0.041380320664116586,uniform,exceedance,400000,1.0
0.95,0.2,0.041380320664116586,uniform,exc_empbernstein,400000,1.0
0.95,0.2,0.041380320664116586,tail-aware,exc_betting,200,0.0
0.95,0.2,0.041380320664116586,tail-aware,exceedance,200,0.0
0.95,0.2,0.041380320664116586,tail-aware,exc_empbernstein,200,0.0
0.95,0.2,0.041380320664116586,tail-aware,exc_betting,255,0.0
0.95,0.2,0.041380320664116586,tail-aware,exceedance,255,0.0
0.95,0.2,0.041380320664116586,tail-aware,exc_empbernstein,255,0.0
0.95,0.2,0.041380320664116586,tail-aware,exc_betting,326,0.0
0.95,0.2,0.041380320664116586,tail-aware,exceedance,326,0.0
0.95,0.2,0.041380320664116586,tail-aware,exc_empbernstein,326,0.0
0.95,0.2,0.041380320664116586,tail-aware,exc_betting,417,0.0
0.95,0.2,0.041380320664116586,tail-aware,exceedance,417,0.0
0.95,0.2,0.041380320664116586,tail-aware,exc_empbernstein,417,0.0
0.95,0.2,0.041380320664116586,tail-aware,exc_betting,533,0.0
0.95,0.2,0.041380320664116586,tail-aware,exceedance,533,0.0
0.95,0.2,0.041380320664116586,tail-aware,exc_empbernstein,533,0.0
0.95,0.2,0.041380320664116586,tail-aware,exc_betting,681,0.0
0.95,0.2,0.041380320664116586,tail-aware,exceedance,681,0.0
0.95,0.2,0.041380320664116586,tail-aware,exc_empbernstein,681,0.0
0.95,0.2,0.041380320664116586,tail-aware,exc_betting,870,0.0
0.95,0.2,0.041380320664116586,tail-aware,exceedance,870,0.0
0.95,0.2,0.041380320664116586,tail-aware,exc_empbernstein,870,0.0
0.95,0.2,0.041380320664116586,tail-aware,exc_betting,1112,0.0033333333333333335
0.95,0.2,0.041380320664116586,tail-aware,exceedance,1112,0.0
0.95,0.2,0.041380320664116586,tail-aware,exc_empbernstein,1112,0.0
0.95,0.2,0.041380320664116586,tail-aware,exc_betting,1422,0.25
0.95,0.2,0.041380320664116586,tail-aware,exceedance,1422,0.0
0.95,0.2,0.041380320664116586,tail-aware,exc_empbernstein,1422,0.0
0.95,0.2,0.041380320664116586,tail-aware,exc_betting,1817,0.9266666666666666
0.95,0.2,0.041380320664116586,tail-aware,exceedance,1817,0.0
0.95,0.2,0.041380320664116586,tail-aware,exc_empbernstein,1817,0.0
0.95,0.2,0.041380320664116586,tail-aware,exc_betting,2322,1.0
0.95,0.2,0.041380320664116586,tail-aware,exceedance,2322,0.0
0.95,0.2,0.041380320664116586,tail-aware,exc_empbernstein,2322,0.09666666666666666
0.95,0.2,0.041380320664116586,tail-aware,exc_betting,2967,1.0
0.95,0.2,0.041380320664116586,tail-aware,exceedance,2967,0.0
0.95,0.2,0.041380320664116586,tail-aware,exc_empbernstein,2967,0.8666666666666667
0.95,0.2,0.041380320664116586,tail-aware,exc_betting,3791,1.0
0.95,0.2,0.041380320664116586,tail-aware,exceedance,3791,0.0
0.95,0.2,0.041380320664116586,tail-aware,exc_empbernstein,3791,0.9966666666666667
0.95,0.2,0.041380320664116586,tail-aware,exc_betting,4845,1.0
0.95,0.2,0.041380320664116586,tail-aware,exceedance,4845,0.0
0.95,0.2,0.041380320664116586,tail-aware,exc_empbernstein,4845,1.0
0.95,0.2,0.041380320664116586,tail-aware,exc_betting,6191,1.0
0.95,0.2,0.041380320664116586,tail-aware,exceedance,6191,0.0
0.95,0.2,0.041380320664116586,tail-aware,exc_empbernstein,6191,1.0
0.95,0.2,0.041380320664116586,tail-aware,exc_betting,7912,1.0
0.95,0.2,0.041380320664116586,tail-aware,exceedance,7912,0.0
0.95,0.2,0.041380320664116586,tail-aware,exc_empbernstein,7912,1.0
0.95,0.2,0.041380320664116586,tail-aware,exc_betting,10110,1.0
0.95,0.2,0.041380320664116586,tail-aware,exceedance,10110,0.0
0.95,0.2,0.041380320664116586,tail-aware,exc_empbernstein,10110,1.0
0.95,0.2,0.041380320664116586,tail-aware,exc_betting,12920,1.0
0.95,0.2,0.041380320664116586,tail-aware,exceedance,12920,0.0
0.95,0.2,0.041380320664116586,tail-aware,exc_empbernstein,12920,1.0
0.95,0.2,0.041380320664116586,tail-aware,exc_betting,16510,1.0
0.95,0.2,0.041380320664116586,tail-aware,exceedance,16510,0.29
0.95,0.2,0.041380320664116586,tail-aware,exc_empbernstein,16510,1.0
0.95,0.2,0.041380320664116586,tail-aware,exc_betting,21098,1.0
0.95,0.2,0.041380320664116586,tail-aware,exceedance,21098,1.0
0.95,0.2,0.041380320664116586,tail-aware,exc_empbernstein,21098,1.0
0.95,0.2,0.041380320664116586,tail-aware,exc_betting,26960,1.0
0.95,0.2,0.041380320664116586,tail-aware,exceedance,26960,1.0
0.95,0.2,0.041380320664116586,tail-aware,exc_empbernstein,26960,1.0
0.95,0.2,0.041380320664116586,tail-aware,exc_betting,34451,1.0
0.95,0.2,0.041380320664116586,tail-aware,exceedance,34451,1.0
0.95,0.2,0.041380320664116586,tail-aware,exc_empbernstein,34451,1.0
0.95,0.2,0.041380320664116586,tail-aware,exc_betting,44024,1.0
0.95,0.2,0.041380320664116586,tail-aware,exceedance,44024,1.0
0.95,0.2,0.041380320664116586,tail-aware,exc_empbernstein,44024,1.0
0.95,0.2,0.041380320664116586,tail-aware,exc_betting,56257,1.0
0.95,0.2,0.041380320664116586,tail-aware,exceedance,56257,1.0
0.95,0.2,0.041380320664116586,tail-aware,exc_empbernstein,56257,1.0
0.95,0.2,0.041380320664116586,tail-aware,exc_betting,71889,1.0
0.95,0.2,0.041380320664116586,tail-aware,exceedance,71889,1.0
0.95,0.2,0.041380320664116586,tail-aware,exc_empbernstein,71889,1.0
0.95,0.2,0.041380320664116586,tail-aware,exc_betting,91865,1.0
0.95,0.2,0.041380320664116586,tail-aware,exceedance,91865,1.0
0.95,0.2,0.041380320664116586,tail-aware,exc_empbernstein,91865,1.0
0.95,0.2,0.041380320664116586,tail-aware,exc_betting,117391,1.0
0.95,0.2,0.041380320664116586,tail-aware,exceedance,117391,1.0
0.95,0.2,0.041380320664116586,tail-aware,exc_empbernstein,117391,1.0
0.95,0.2,0.041380320664116586,tail-aware,exc_betting,150010,1.0
0.95,0.2,0.041380320664116586,tail-aware,exceedance,150010,1.0
0.95,0.2,0.041380320664116586,tail-aware,exc_empbernstein,150010,1.0
0.95,0.2,0.041380320664116586,tail-aware,exc_betting,191692,1.0
0.95,0.2,0.041380320664116586,tail-aware,exceedance,191692,1.0
0.95,0.2,0.041380320664116586,tail-aware,exc_empbernstein,191692,1.0
0.95,0.2,0.041380320664116586,tail-aware,exc_betting,244957,1.0
0.95,0.2,0.041380320664116586,tail-aware,exceedance,244957,1.0
0.95,0.2,0.041380320664116586,tail-aware,exc_empbernstein,244957,1.0
0.95,0.2,0.041380320664116586,tail-aware,exc_betting,313022,1.0
0.95,0.2,0.041380320664116586,tail-aware,exceedance,313022,1.0
0.95,0.2,0.041380320664116586,tail-aware,exc_empbernstein,313022,1.0
0.95,0.2,0.041380320664116586,tail-aware,exc_betting,400000,1.0
0.95,0.2,0.041380320664116586,tail-aware,exceedance,400000,1.0
0.95,0.2,0.041380320664116586,tail-aware,exc_empbernstein,400000,1.0
0.95,0.1,0.04657320745503382,on-policy,exc_betting,200,0.0
0.95,0.1,0.04657320745503382,on-policy,exceedance,200,0.0
0.95,0.1,0.04657320745503382,on-policy,exc_empbernstein,200,0.0
0.95,0.1,0.04657320745503382,on-policy,exc_betting,255,0.0033333333333333335
0.95,0.1,0.04657320745503382,on-policy,exceedance,255,0.0
0.95,0.1,0.04657320745503382,on-policy,exc_empbernstein,255,0.0
0.95,0.1,0.04657320745503382,on-policy,exc_betting,326,0.01
0.95,0.1,0.04657320745503382,on-policy,exceedance,326,0.0
0.95,0.1,0.04657320745503382,on-policy,exc_empbernstein,326,0.0
0.95,0.1,0.04657320745503382,on-policy,exc_betting,417,0.023333333333333334
0.95,0.1,0.04657320745503382,on-policy,exceedance,417,0.0
0.95,0.1,0.04657320745503382,on-policy,exc_empbernstein,417,0.0
0.95,0.1,0.04657320745503382,on-policy,exc_betting,533,0.02666666666666667
0.95,0.1,0.04657320745503382,on-policy,exceedance,533,0.0
0.95,0.1,0.04657320745503382,on-policy,exc_empbernstein,533,0.0
0.95,0.1,0.04657320745503382,on-policy,exc_betting,681,0.04
0.95,0.1,0.04657320745503382,on-policy,exceedance,681,0.0
0.95,0.1,0.04657320745503382,on-policy,exc_empbernstein,681,0.0
0.95,0.1,0.04657320745503382,on-policy,exc_betting,870,0.023333333333333334
0.95,0.1,0.04657320745503382,on-policy,exceedance,870,0.0
0.95,0.1,0.04657320745503382,on-policy,exc_empbernstein,870,0.0
0.95,0.1,0.04657320745503382,on-policy,exc_betting,1112,0.023333333333333334
0.95,0.1,0.04657320745503382,on-policy,exceedance,1112,0.0
0.95,0.1,0.04657320745503382,on-policy,exc_empbernstein,1112,0.0033333333333333335
0.95,0.1,0.04657320745503382,on-policy,exc_betting,1422,0.03333333333333333
0.95,0.1,0.04657320745503382,on-policy,exceedance,1422,0.0
0.95,0.1,0.04657320745503382,on-policy,exc_empbernstein,1422,0.0033333333333333335
0.95,0.1,0.04657320745503382,on-policy,exc_betting,1817,0.05
0.95,0.1,0.04657320745503382,on-policy,exceedance,1817,0.0
0.95,0.1,0.04657320745503382,on-policy,exc_empbernstein,1817,0.01
0.95,0.1,0.04657320745503382,on-policy,exc_betting,2322,0.043333333333333335
0.95,0.1,0.04657320745503382,on-policy,exceedance,2322,0.0
0.95,0.1,0.04657320745503382,on-policy,exc_empbernstein,2322,0.013333333333333334
0.95,0.1,0.04657320745503382,on-policy,exc_betting,2967,0.06
0.95,0.1,0.04657320745503382,on-policy,exceedance,2967,0.0
0.95,0.1,0.04657320745503382,on-policy,exc_empbernstein,2967,0.016666666666666666
0.95,0.1,0.04657320745503382,on-policy,exc_betting,3791,0.09333333333333334
0.95,0.1,0.04657320745503382,on-policy,exceedance,3791,0.0
0.95,0.1,0.04657320745503382,on-policy,exc_empbernstein,3791,0.03666666666666667
0.95,0.1,0.04657320745503382,on-policy,exc_betting,4845,0.14
0.95,0.1,0.04657320745503382,on-policy,exceedance,4845,0.0
0.95,0.1,0.04657320745503382,on-policy,exc_empbernstein,4845,0.07
0.95,0.1,0.04657320745503382,on-policy,exc_betting,6191,0.17333333333333334
0.95,0.1,0.04657320745503382,on-policy,exceedance,6191,0.0033333333333333335
0.95,0.1,0.04657320745503382,on-policy,exc_empbernstein,6191,0.12666666666666668
0.95,0.1,0.04657320745503382,on-policy,exc_betting,7912,0.26
0.95,0.1,0.04657320745503382,on-policy,exceedance,7912,0.006666666666666667
0.95,0.1,0.04657320745503382,on-policy,exc_empbernstein,7912,0.21666666666666667
0.95,0.1,0.04657320745503382,on-policy,exc_betting,10110,0.36666666666666664
0.95,0.1,0.04657320745503382,on-policy,exceedance,10110,0.03666666666666667
0.95,0.1,0.04657320745503382,on-policy,exc_empbernstein,10110,0.3333333333333333
0.95,0.1,0.04657320745503382,on-policy,exc_betting,12920,0.47333333333333333
0.95,0.1,0.04657320745503382,on-policy,exceedance,12920,0.04666666666666667
0.95,0.1,0.04657320745503382,on-policy,exc_empbernstein,12920,0.46
0.95,0.1,0.04657320745503382,on-policy,exc_betting,16510,0.6933333333333334
0.95,0.1,0.04657320745503382,on-policy,exceedance,16510,0.11
0.95,0.1,0.04657320745503382,on-policy,exc_empbernstein,16510,0.7
0.95,0.1,0.04657320745503382,on-policy,exc_betting,21098,0.8366666666666667
0.95,0.1,0.04657320745503382,on-policy,exceedance,21098,0.22
0.95,0.1,0.04657320745503382,on-policy,exc_empbernstein,21098,0.85
0.95,0.1,0.04657320745503382,on-policy,exc_betting,26960,0.9
0.95,0.1,0.04657320745503382,on-policy,exceedance,26960,0.4066666666666667
0.95,0.1,0.04657320745503382,on-policy,exc_empbernstein,26960,0.91
0.95,0.1,0.04657320745503382,on-policy,exc_betting,34451,0.96
0.95,0.1,0.04657320745503382,on-policy,exceedance,34451,0.6266666666666667
0.95,0.1,0.04657320745503382,on-policy,exc_empbernstein,34451,0.9666666666666667
0.95,0.1,0.04657320745503382,on-policy,exc_betting,44024,0.9966666666666667
0.95,0.1,0.04657320745503382,on-policy,exceedance,44024,0.8533333333333334
0.95,0.1,0.04657320745503382,on-policy,exc_empbernstein,44024,1.0
0.95,0.1,0.04657320745503382,on-policy,exc_betting,56257,1.0
0.95,0.1,0.04657320745503382,on-policy,exceedance,56257,0.95
0.95,0.1,0.04657320745503382,on-policy,exc_empbernstein,56257,1.0
0.95,0.1,0.04657320745503382,on-policy,exc_betting,71889,1.0
0.95,0.1,0.04657320745503382,on-policy,exceedance,71889,0.9933333333333333
0.95,0.1,0.04657320745503382,on-policy,exc_empbernstein,71889,1.0
0.95,0.1,0.04657320745503382,on-policy,exc_betting,91865,1.0
0.95,0.1,0.04657320745503382,on-policy,exceedance,91865,1.0
0.95,0.1,0.04657320745503382,on-policy,exc_empbernstein,91865,1.0
0.95,0.1,0.04657320745503382,on-policy,exc_betting,117391,1.0
0.95,0.1,0.04657320745503382,on-policy,exceedance,117391,1.0
0.95,0.1,0.04657320745503382,on-policy,exc_empbernstein,117391,1.0
0.95,0.1,0.04657320745503382,on-policy,exc_betting,150010,1.0
0.95,0.1,0.04657320745503382,on-policy,exceedance,150010,1.0
0.95,0.1,0.04657320745503382,on-policy,exc_empbernstein,150010,1.0
0.95,0.1,0.04657320745503382,on-policy,exc_betting,191692,1.0
0.95,0.1,0.04657320745503382,on-policy,exceedance,191692,1.0
0.95,0.1,0.04657320745503382,on-policy,exc_empbernstein,191692,1.0
0.95,0.1,0.04657320745503382,on-policy,exc_betting,244957,1.0
0.95,0.1,0.04657320745503382,on-policy,exceedance,244957,1.0
0.95,0.1,0.04657320745503382,on-policy,exc_empbernstein,244957,1.0
0.95,0.1,0.04657320745503382,on-policy,exc_betting,313022,1.0
0.95,0.1,0.04657320745503382,on-policy,exceedance,313022,1.0
0.95,0.1,0.04657320745503382,on-policy,exc_empbernstein,313022,1.0
0.95,0.1,0.04657320745503382,on-policy,exc_betting,400000,1.0
0.95,0.1,0.04657320745503382,on-policy,exceedance,400000,1.0
0.95,0.1,0.04657320745503382,on-policy,exc_empbernstein,400000,1.0
0.95,0.1,0.04657320745503382,uniform,exc_betting,200,0.0
0.95,0.1,0.04657320745503382,uniform,exceedance,200,0.0
0.95,0.1,0.04657320745503382,uniform,exc_empbernstein,200,0.0
0.95,0.1,0.04657320745503382,uniform,exc_betting,255,0.0
0.95,0.1,0.04657320745503382,uniform,exceedance,255,0.0
0.95,0.1,0.04657320745503382,uniform,exc_empbernstein,255,0.0
0.95,0.1,0.04657320745503382,uniform,exc_betting,326,0.0
0.95,0.1,0.04657320745503382,uniform,exceedance,326,0.0
0.95,0.1,0.04657320745503382,uniform,exc_empbernstein,326,0.0
0.95,0.1,0.04657320745503382,uniform,exc_betting,417,0.0
0.95,0.1,0.04657320745503382,uniform,exceedance,417,0.0
0.95,0.1,0.04657320745503382,uniform,exc_empbernstein,417,0.0
0.95,0.1,0.04657320745503382,uniform,exc_betting,533,0.0
0.95,0.1,0.04657320745503382,uniform,exceedance,533,0.0
0.95,0.1,0.04657320745503382,uniform,exc_empbernstein,533,0.0
0.95,0.1,0.04657320745503382,uniform,exc_betting,681,0.0
0.95,0.1,0.04657320745503382,uniform,exceedance,681,0.0
0.95,0.1,0.04657320745503382,uniform,exc_empbernstein,681,0.0
0.95,0.1,0.04657320745503382,uniform,exc_betting,870,0.0
0.95,0.1,0.04657320745503382,uniform,exceedance,870,0.0
0.95,0.1,0.04657320745503382,uniform,exc_empbernstein,870,0.0
0.95,0.1,0.04657320745503382,uniform,exc_betting,1112,0.0
0.95,0.1,0.04657320745503382,uniform,exceedance,1112,0.0
0.95,0.1,0.04657320745503382,uniform,exc_empbernstein,1112,0.0
0.95,0.1,0.04657320745503382,uniform,exc_betting,1422,0.0
0.95,0.1,0.04657320745503382,uniform,exceedance,1422,0.0
0.95,0.1,0.04657320745503382,uniform,exc_empbernstein,1422,0.0
0.95,0.1,0.04657320745503382,uniform,exc_betting,1817,0.0
0.95,0.1,0.04657320745503382,uniform,exceedance,1817,0.0
0.95,0.1,0.04657320745503382,uniform,exc_empbernstein,1817,0.0
0.95,0.1,0.04657320745503382,uniform,exc_betting,2322,0.0
0.95,0.1,0.04657320745503382,uniform,exceedance,2322,0.0
0.95,0.1,0.04657320745503382,uniform,exc_empbernstein,2322,0.0
0.95,0.1,0.04657320745503382,uniform,exc_betting,2967,0.0
0.95,0.1,0.04657320745503382,uniform,exceedance,2967,0.0
0.95,0.1,0.04657320745503382,uniform,exc_empbernstein,2967,0.0
0.95,0.1,0.04657320745503382,uniform,exc_betting,3791,0.016666666666666666
0.95,0.1,0.04657320745503382,uniform,exceedance,3791,0.0
0.95,0.1,0.04657320745503382,uniform,exc_empbernstein,3791,0.0
0.95,0.1,0.04657320745503382,uniform,exc_betting,4845,0.09666666666666666
0.95,0.1,0.04657320745503382,uniform,exceedance,4845,0.0
0.95,0.1,0.04657320745503382,uniform,exc_empbernstein,4845,0.0
0.95,0.1,0.04657320745503382,uniform,exc_betting,6191,0.32666666666666666
0.95,0.1,0.04657320745503382,uniform,exceedance,6191,0.0
0.95,0.1,0.04657320745503382,uniform,exc_empbernstein,6191,0.0
0.95,0.1,0.04657320745503382,uniform,exc_betting,7912,0.7233333333333334
0.95,0.1,0.04657320745503382,uniform,exceedance,7912,0.0
0.95,0.1,0.04657320745503382,uniform,exc_empbernstein,7912,0.0033333333333333335
0.95,0.1,0.04657320745503382,uniform,exc_betting,10110,0.91
0.95,0.1,0.04657320745503382,uniform,exceedance,10110,0.0
0.95,0.1,0.04657320745503382,uniform,exc_empbernstein,10110,0.04666666666666667
0.95,0.1,0.04657320745503382,uniform,exc_betting,12920,0.9833333333333333
0.95,0.1,0.04657320745503382,uniform,exceedance,12920,0.0
0.95,0.1,0.04657320745503382,uniform,exc_empbernstein,12920,0.31666666666666665
0.95,0.1,0.04657320745503382,uniform,exc_betting,16510,1.0
0.95,0.1,0.04657320745503382,uniform,exceedance,16510,0.0
0.95,0.1,0.04657320745503382,uniform,exc_empbernstein,16510,0.7566666666666667
0.95,0.1,0.04657320745503382,uniform,exc_betting,21098,1.0
0.95,0.1,0.04657320745503382,uniform,exceedance,21098,0.0
0.95,0.1,0.04657320745503382,uniform,exc_empbernstein,21098,0.9733333333333334
0.95,0.1,0.04657320745503382,uniform,exc_betting,26960,1.0
0.95,0.1,0.04657320745503382,uniform,exceedance,26960,0.0
0.95,0.1,0.04657320745503382,uniform,exc_empbernstein,26960,1.0
0.95,0.1,0.04657320745503382,uniform,exc_betting,34451,1.0
0.95,0.1,0.04657320745503382,uniform,exceedance,34451,0.0
0.95,0.1,0.04657320745503382,uniform,exc_empbernstein,34451,1.0
0.95,0.1,0.04657320745503382,uniform,exc_betting,44024,1.0
0.95,0.1,0.04657320745503382,uniform,exceedance,44024,0.0
0.95,0.1,0.04657320745503382,uniform,exc_empbernstein,44024,1.0
0.95,0.1,0.04657320745503382,uniform,exc_betting,56257,1.0
0.95,0.1,0.04657320745503382,uniform,exceedance,56257,0.0
0.95,0.1,0.04657320745503382,uniform,exc_empbernstein,56257,1.0
0.95,0.1,0.04657320745503382,uniform,exc_betting,71889,1.0
0.95,0.1,0.04657320745503382,uniform,exceedance,71889,0.0
0.95,0.1,0.04657320745503382,uniform,exc_empbernstein,71889,1.0
0.95,0.1,0.04657320745503382,uniform,exc_betting,91865,1.0
0.95,0.1,0.04657320745503382,uniform,exceedance,91865,0.0
0.95,0.1,0.04657320745503382,uniform,exc_empbernstein,91865,1.0
0.95,0.1,0.04657320745503382,uniform,exc_betting,117391,1.0
0.95,0.1,0.04657320745503382,uniform,exceedance,117391,0.09333333333333334
0.95,0.1,0.04657320745503382,uniform,exc_empbernstein,117391,1.0
0.95,0.1,0.04657320745503382,uniform,exc_betting,150010,1.0
0.95,0.1,0.04657320745503382,uniform,exceedance,150010,0.83
0.95,0.1,0.04657320745503382,uniform,exc_empbernstein,150010,1.0
0.95,0.1,0.04657320745503382,uniform,exc_betting,191692,1.0
0.95,0.1,0.04657320745503382,uniform,exceedance,191692,1.0
0.95,0.1,0.04657320745503382,uniform,exc_empbernstein,191692,1.0
0.95,0.1,0.04657320745503382,uniform,exc_betting,244957,1.0
0.95,0.1,0.04657320745503382,uniform,exceedance,244957,1.0
0.95,0.1,0.04657320745503382,uniform,exc_empbernstein,244957,1.0
0.95,0.1,0.04657320745503382,uniform,exc_betting,313022,1.0
0.95,0.1,0.04657320745503382,uniform,exceedance,313022,1.0
0.95,0.1,0.04657320745503382,uniform,exc_empbernstein,313022,1.0
0.95,0.1,0.04657320745503382,uniform,exc_betting,400000,1.0
0.95,0.1,0.04657320745503382,uniform,exceedance,400000,1.0
0.95,0.1,0.04657320745503382,uniform,exc_empbernstein,400000,1.0
0.95,0.1,0.04657320745503382,tail-aware,exc_betting,200,0.0
0.95,0.1,0.04657320745503382,tail-aware,exceedance,200,0.0
0.95,0.1,0.04657320745503382,tail-aware,exc_empbernstein,200,0.0
0.95,0.1,0.04657320745503382,tail-aware,exc_betting,255,0.0
0.95,0.1,0.04657320745503382,tail-aware,exceedance,255,0.0
0.95,0.1,0.04657320745503382,tail-aware,exc_empbernstein,255,0.0
0.95,0.1,0.04657320745503382,tail-aware,exc_betting,326,0.0
0.95,0.1,0.04657320745503382,tail-aware,exceedance,326,0.0
0.95,0.1,0.04657320745503382,tail-aware,exc_empbernstein,326,0.0
0.95,0.1,0.04657320745503382,tail-aware,exc_betting,417,0.0
0.95,0.1,0.04657320745503382,tail-aware,exceedance,417,0.0
0.95,0.1,0.04657320745503382,tail-aware,exc_empbernstein,417,0.0
0.95,0.1,0.04657320745503382,tail-aware,exc_betting,533,0.0
0.95,0.1,0.04657320745503382,tail-aware,exceedance,533,0.0
0.95,0.1,0.04657320745503382,tail-aware,exc_empbernstein,533,0.0
0.95,0.1,0.04657320745503382,tail-aware,exc_betting,681,0.0
0.95,0.1,0.04657320745503382,tail-aware,exceedance,681,0.0
0.95,0.1,0.04657320745503382,tail-aware,exc_empbernstein,681,0.0
0.95,0.1,0.04657320745503382,tail-aware,exc_betting,870,0.0
0.95,0.1,0.04657320745503382,tail-aware,exceedance,870,0.0
0.95,0.1,0.04657320745503382,tail-aware,exc_empbernstein,870,0.0
0.95,0.1,0.04657320745503382,tail-aware,exc_betting,1112,0.0
0.95,0.1,0.04657320745503382,tail-aware,exceedance,1112,0.0
0.95,0.1,0.04657320745503382,tail-aware,exc_empbernstein,1112,0.0
0.95,0.1,0.04657320745503382,tail-aware,exc_betting,1422,0.0
0.95,0.1,0.04657320745503382,tail-aware,exceedance,1422,0.0
0.95,0.1,0.04657320745503382,tail-aware,exc_empbernstein,1422,0.0
0.95,0.1,0.04657320745503382,tail-aware,exc_betting,1817,0.0
0.95,0.1,0.04657320745503382,tail-aware,exceedance,1817,0.0
0.95,0.1,0.04657320745503382,tail-aware,exc_empbernstein,1817,0.0
0.95,0.1,0.04657320745503382,tail-aware,exc_betting,2322,0.013333333333333334
0.95,0.1,0.04657320745503382,tail-aware,exceedance,2322,0.0
0.95,0.1,0.04657320745503382,tail-aware,exc_empbernstein,2322,0.0
0.95,0.1,0.04657320745503382,tail-aware,exc_betting,2967,0.27666666666666667
0.95,0.1,0.04657320745503382,tail-aware,exceedance,2967,0.0
0.95,0.1,0.04657320745503382,tail-aware,exc_empbernstein,2967,0.0
0.95,0.1,0.04657320745503382,tail-aware,exc_betting,3791,0.7666666666666667
0.95,0.1,0.04657320745503382,tail-aware,exceedance,3791,0.0
0.95,0.1,0.04657320745503382,tail-aware,exc_empbernstein,3791,0.0
0.95,0.1,0.04657320745503382,tail-aware,exc_betting,4845,0.9633333333333334
0.95,0.1,0.04657320745503382,tail-aware,exceedance,4845,0.0
0.95,0.1,0.04657320745503382,tail-aware,exc_empbernstein,4845,0.04
0.95,0.1,0.04657320745503382,tail-aware,exc_betting,6191,1.0
0.95,0.1,0.04657320745503382,tail-aware,exceedance,6191,0.0
0.95,0.1,0.04657320745503382,tail-aware,exc_empbernstein,6191,0.4633333333333333
0.95,0.1,0.04657320745503382,tail-aware,exc_betting,7912,1.0
0.95,0.1,0.04657320745503382,tail-aware,exceedance,7912,0.0
0.95,0.1,0.04657320745503382,tail-aware,exc_empbernstein,7912,0.91
0.95,0.1,0.04657320745503382,tail-aware,exc_betting,10110,1.0
0.95,0.1,0.04657320745503382,tail-aware,exceedance,10110,0.0
0.95,0.1,0.04657320745503382,tail-aware,exc_empbernstein,10110,1.0
0.95,0.1,0.04657320745503382,tail-aware,exc_betting,12920,1.0
0.95,0.1,0.04657320745503382,tail-aware,exceedance,12920,0.0
0.95,0.1,0.04657320745503382,tail-aware,exc_empbernstein,12920,1.0
0.95,0.1,0.04657320745503382,tail-aware,exc_betting,16510,1.0
0.95,0.1,0.04657320745503382,tail-aware,exceedance,16510,0.0
0.95,0.1,0.04657320745503382,tail-aware,exc_empbernstein,16510,1.0
0.95,0.1,0.04657320745503382,tail-aware,exc_betting,21098,1.0
0.95,0.1,0.04657320745503382,tail-aware,exceedance,21098,0.0
0.95,0.1,0.04657320745503382,tail-aware,exc_empbernstein,21098,1.0
0.95,0.1,0.04657320745503382,tail-aware,exc_betting,26960,1.0
0.95,0.1,0.04657320745503382,tail-aware,exceedance,26960,0.0
0.95,0.1,0.04657320745503382,tail-aware,exc_empbernstein,26960,1.0
0.95,0.1,0.04657320745503382,tail-aware,exc_betting,34451,1.0
0.95,0.1,0.04657320745503382,tail-aware,exceedance,34451,0.0
0.95,0.1,0.04657320745503382,tail-aware,exc_empbernstein,34451,1.0
0.95,0.1,0.04657320745503382,tail-aware,exc_betting,44024,1.0
0.95,0.1,0.04657320745503382,tail-aware,exceedance,44024,0.0
0.95,0.1,0.04657320745503382,tail-aware,exc_empbernstein,44024,1.0
0.95,0.1,0.04657320745503382,tail-aware,exc_betting,56257,1.0
0.95,0.1,0.04657320745503382,tail-aware,exceedance,56257,0.0
0.95,0.1,0.04657320745503382,tail-aware,exc_empbernstein,56257,1.0
0.95,0.1,0.04657320745503382,tail-aware,exc_betting,71889,1.0
0.95,0.1,0.04657320745503382,tail-aware,exceedance,71889,0.4666666666666667
0.95,0.1,0.04657320745503382,tail-aware,exc_empbernstein,71889,1.0
0.95,0.1,0.04657320745503382,tail-aware,exc_betting,91865,1.0
0.95,0.1,0.04657320745503382,tail-aware,exceedance,91865,1.0
0.95,0.1,0.04657320745503382,tail-aware,exc_empbernstein,91865,1.0
0.95,0.1,0.04657320745503382,tail-aware,exc_betting,117391,1.0
0.95,0.1,0.04657320745503382,tail-aware,exceedance,117391,1.0
0.95,0.1,0.04657320745503382,tail-aware,exc_empbernstein,117391,1.0
0.95,0.1,0.04657320745503382,tail-aware,exc_betting,150010,1.0
0.95,0.1,0.04657320745503382,tail-aware,exceedance,150010,1.0
0.95,0.1,0.04657320745503382,tail-aware,exc_empbernstein,150010,1.0
0.95,0.1,0.04657320745503382,tail-aware,exc_betting,191692,1.0
0.95,0.1,0.04657320745503382,tail-aware,exceedance,191692,1.0
0.95,0.1,0.04657320745503382,tail-aware,exc_empbernstein,191692,1.0
0.95,0.1,0.04657320745503382,tail-aware,exc_betting,244957,1.0
0.95,0.1,0.04657320745503382,tail-aware,exceedance,244957,1.0
0.95,0.1,0.04657320745503382,tail-aware,exc_empbernstein,244957,1.0
0.95,0.1,0.04657320745503382,tail-aware,exc_betting,313022,1.0
0.95,0.1,0.04657320745503382,tail-aware,exceedance,313022,1.0
0.95,0.1,0.04657320745503382,tail-aware,exc_empbernstein,313022,1.0
0.95,0.1,0.04657320745503382,tail-aware,exc_betting,400000,1.0
0.95,0.1,0.04657320745503382,tail-aware,exceedance,400000,1.0
0.95,0.1,0.04657320745503382,tail-aware,exc_empbernstein,400000,1.0
